                                       1                                        2                                        3                                        4                                        5                                        6                                        7                                        8                                        9                                       10                                       11                                       12                                       13                                       14                                       15                                       16                                       17                                       18                                       19                                       20                                       21                                       22                                       23                                       24                                       25                                       26                                       27                                       28                                       29                                       30                                       31                                       32                                       33                                       34                                       35                                       36                                       37                                       38                                       39                                       40                                       41                                       42                                       43                                       44                                       45                                       46                                       47                                       48                                       49 
                            model_number                                num_zones                             initial_mass                                initial_z                                 star_age                                time_step                                     Teff                            photosphere_L                            photosphere_r                               center_eta                                center_h1                               center_he3                               center_he4                               center_c12                               center_n14                               center_o16                              center_ne20                                star_mass                                star_mdot                             star_mass_h1                            star_mass_he3                            star_mass_he4                            star_mass_c12                            star_mass_n14                            star_mass_o16                           star_mass_ne20                             he_core_mass                             co_core_mass                             fe_core_mass                   neutron_rich_core_mass                             dynamic_time                             kh_timescale                            nuc_timescale                           power_nuc_burn                             power_h_burn                            power_he_burn                                power_neu                                burn_min1                                burn_min2                             time_seconds                           version_number                                 compiler                                    build                         MESA_SDK_version                             math_backend                                     date                                     msun                                     rsun                                     lsun 
                                    1600                                      849                  1.2000000000000000E+001                  2.0000000000000000E-002                  1.7895273808661256E+007                  4.0365003005006113E+000                  8.0912368436968551E+004                  2.2538770111103429E+004                  7.6399134756170406E-001                 -1.9720135564629624E+000                  0.0000000000000000E+000                  1.0000027009154329E-099                  4.9233713082638278E-017                  3.4380684226206931E-001                  1.0602987926436828E-020                  6.3162365258555175E-001                  2.0436103828216520E-002                  3.4253740083028967E+000                 -9.9999999999999991E-005                  1.0007304491681105E-002                  2.3657130978853633E-010                  1.4635104943615280E+000                  6.7857591282351370E-001                  1.6000421676162828E-002                  1.1962690147702719E+000                  4.6954979095494412E-002                  3.4253740083028967E+000                  1.9098646395948700E+000                  0.0000000000000000E+000                  0.0000000000000000E+000                  3.6110684225604300E+003                  1.6046423507536110E+004                  1.5197697085589562E+006                  2.1223343803300482E+004                  8.0193557231418531E+000                  1.9358512828633866E+004                  5.8695238910134753E+002                  5.0000000000000000E+001                  1.0000000000000000E+003                  5.6473189274420850E+014                                "027d9db"                               "gfortran"                                 "13.3.0"                   "x86_64-linux-25.12.1"                                 "CRMATH"                               "20260324"                  1.9884098706980504E+033                  6.9570000000000000E+010                  3.8280000000000003E+033 

                                       1                                        2                                        3                                        4                                        5                                        6                                        7                                        8                                        9                                       10                                       11                                       12                                       13                                       14                                       15                                       16                                       17                                       18                                       19                                       20 
                                    zone                                     mass                                     logR                                     logT                                   logRho                                     logP                        x_mass_fraction_H                       y_mass_fraction_He                   z_mass_fraction_metals                                   radius                                 v_div_cs                                       pp                                      cno                                tri_alpha                               luminosity                                     logL                            log_rel_E_err                            zbar_div_abar                                dvdt_drag                        FdotV_drag_energy 
                                       1                  3.4253740083028967E+000                 -1.1691155991578317E-001                  4.9161581547893700E+000                 -7.8882273640948259E+000                  5.3422201834651615E+000                  3.4419746798170398E-001                  6.3633716657474915E-001                  1.9465365443546823E-002                  7.6399134756170406E-001                  6.6485185985808646E-006                  4.5867419718579078E-028                  0.0000000000000000E+000                  0.0000000000000000E+000                  2.2538770111103429E+004                  4.3529302139046706E+000                 -2.0490868910684920E+001                  6.7209873642865992E-001                  0.0000000000000000E+000                  8.3681813687103116E-006 
                                       2                  3.4253740082994710E+000                 -1.1703280558784633E-001                  4.9303081059958771E+000                 -7.8493743448706317E+000                  5.3971459821802474E+000                  3.4419746798170398E-001                  6.3633716657474915E-001                  1.9465365443546823E-002                  7.6377808739099740E-001                  6.5891298231678129E-006                  5.0160424857107724E-028                  0.0000000000000000E+000                  0.0000000000000000E+000                  2.2538765139911866E+004                  4.3529301181158901E+000                 -1.9892560282720105E+001                  6.7209873642865992E-001                 -2.5639138862884614E-007                  8.3782823081601575E-006 
                                       3                  3.4253740082963255E+000                 -1.1713470127209553E-001                  4.9423860494735825E+000                 -7.8163422837632188E+000                  5.4439730285829055E+000                  3.4419746798170398E-001                  6.3633716657474915E-001                  1.9465365443546823E-002                  7.6359890813609443E-001                  6.4838383998333937E-006                  5.4124849643699359E-028                  0.0000000000000000E+000                  0.0000000000000000E+000                  2.2538789522315354E+004                  4.3529305879347771E+000                 -1.9917659176974460E+001                  6.7209873642865992E-001                 -2.5653258259106380E-007                  8.3871722291339556E-006 
                                       4                  3.4253740082931801E+000                 -1.1722919833696560E-001                  4.9513258511260849E+000                 -7.7913817848070908E+000                  5.4788748422076887E+000                  3.4419746798170398E-001                  6.3633716657474915E-001                  1.9465365443546823E-002                  7.6343277660827691E-001                  6.3919621939559414E-006                  5.7327088517687189E-028                  0.0000000000000000E+000                  0.0000000000000000E+000                  2.2538866215976766E+004                  4.3529320657238681E+000                 -1.9462657573345624E+001                  6.7209873642865992E-001                 -2.5666344265546905E-007                  8.3940188950051229E-006 
                                       5                  3.4253740082911790E+000                 -1.1728596826790347E-001                  4.9578575556294808E+000                 -7.7735066540606361E+000                  5.5042087375440980E+000                  3.4419746798170398E-001                  6.3633716657474915E-001                  1.9465365443546823E-002                  7.6333298903260882E-001                  6.3388804504420915E-006                  5.9736116640805585E-028                  0.0000000000000000E+000                  0.0000000000000000E+000                  2.2538913514626940E+004                  4.3529329771060565E+000                 -2.0156199703248014E+001                  6.7209873642865992E-001                 -2.5674201814013744E-007                  8.3990548242413809E-006 
                                       6                  3.4253740082891784E+000                 -1.1734046997969635E-001                  4.9670846939628435E+000                 -7.7490033240042440E+000                  5.5396543531485882E+000                  3.4419746798170398E-001                  6.3633716657474915E-001                  1.9465365443546823E-002                  7.6323720070018675E-001                  6.2877414754784421E-006                  6.3203784438583101E-028                  0.0000000000000000E+000                  0.0000000000000000E+000                  2.2538855461081668E+004                  4.3529318584910524E+000                 -2.0200118181274441E+001                  6.7209873642865992E-001                 -2.5681742693673937E-007                  8.4061861243336583E-006 
                                       7                  3.4253740082851776E+000                 -1.1744354968635017E-001                  4.9782118281124523E+000                 -7.7184728313028312E+000                  5.5828589477333619E+000                  3.4419746798170398E-001                  6.3633716657474915E-001                  1.9465365443546823E-002                  7.6305606800310810E-001                  6.1944082078136820E-006                  6.7807406541734374E-028                  0.0000000000000000E+000                  0.0000000000000000E+000                  2.2538747130851592E+004                  4.3529297711031507E+000                 -1.9754160431622140E+001                  6.7209873642865992E-001                 -2.5695997899253311E-007                  8.4152021664183885E-006 
                                       8                  3.4253740082811759E+000                 -1.1753969796743471E-001                  4.9883412630938517E+000                 -7.6906998200046885E+000                  5.6221849617191308E+000                  3.4419746798170398E-001                  6.3633716657474915E-001                  1.9465365443546823E-002                  7.6288715402498386E-001                  6.1126478010840416E-006                  7.2285883301568237E-028                  0.0000000000000000E+000                  0.0000000000000000E+000                  2.2538758910328863E+004                  4.3529299980794161E+000                 -1.9638324963713952E+001                  6.7209873642865992E-001                 -2.5709288129018989E-007                  8.4236386469398507E-006 
                                       9                  3.4253740082771755E+000                 -1.1762994815471241E-001                  5.0000750857005292E+000                 -7.6593390906258962E+000                  5.6673737649101188E+000                  3.4419746798170398E-001                  6.3633716657474915E-001                  1.9465365443546823E-002                  7.6272863588119588E-001                  6.0376216651459503E-006                  7.7699483430632848E-028                  0.0000000000000000E+000                  0.0000000000000000E+000                  2.2538774137208853E+004                  4.3529302914827817E+000                 -1.9687751729292899E+001                  6.7209873642865992E-001                 -2.5721759284870665E-007                  8.4335134350197523E-006 
                                      10                  3.4253740082710489E+000                 -1.1775860858135742E-001                  5.0087862112231534E+000                 -7.6345497966347242E+000                  5.7016138684745856E+000                  3.4419746798170398E-001                  6.3633716657474915E-001                  1.9465365443546823E-002                  7.6250270978449475E-001                  5.9371994676887466E-006                  8.2264150479780893E-028                  0.0000000000000000E+000                  0.0000000000000000E+000                  2.2538818143413617E+004                  4.3529311394274446E+000                 -1.9786740821021539E+001                  6.7209873642865992E-001                 -2.5739423345883002E-007                  8.4412549452581074E-006 
                                      11                  3.4253740082687778E+000                 -1.1780367385491841E-001                  5.0163098407995852E+000                 -7.6146705946860802E+000                  5.7304899793252551E+000                  3.4419746798170398E-001                  6.3633716657474915E-001                  1.9465365443546823E-002                  7.6242359155512263E-001                  5.9029904757509340E-006                  8.6117704527143970E-028                  0.0000000000000000E+000                  0.0000000000000000E+000                  2.2538783009004215E+004                  4.3529304624313427E+000                 -1.9928539691091615E+001                  6.7209873642865992E-001                 -2.5745375850266084E-007                  8.4470110684128545E-006 
                                      12                  3.4253740082634372E+000                 -1.1790498804224364E-001                  5.0252162985953079E+000                 -7.5902435227392600E+000                  5.7650832974080251E+000                  3.4419746798170398E-001                  6.3633716657474915E-001                  1.9465365443546823E-002                  7.6224575066480182E-001                  5.8259117012984525E-006                  9.1100933469572183E-028                  0.0000000000000000E+000                  0.0000000000000000E+000                  2.2538623138580064E+004                  4.3529273819150056E+000                 -1.9407935931707662E+001                  6.7209873642865992E-001                 -2.5756973230925869E-007                  8.4533343607922360E-006 
                                      13                  3.4253740082589763E+000                 -1.1798502211643531E-001                  5.0342197913471383E+000                 -7.5661926317548245E+000                  5.7997653825390802E+000                  3.4419746798170398E-001                  6.3633716657474915E-001                  1.9465365443546823E-002                  7.6210529294629870E-001                  5.7672008926691534E-006                  9.6289087017982420E-028                  0.0000000000000000E+000                  0.0000000000000000E+000                  2.2538492467354456E+004                  4.3529248640168898E+000                 -1.9689642260928956E+001                  6.7209873642865992E-001                 -2.5764649880504328E-007                  8.4585974350214298E-006 
                                      14                  3.4253740082528026E+000                 -1.1808990316992010E-001                  5.0414573350836527E+000                 -7.5461679440202216E+000                  5.8279593615511400E+000                  3.4419746798170398E-001                  6.3633716657474915E-001                  1.9465365443546823E-002                  7.6192126860659593E-001                  5.6927957139738608E-006                  1.0083344796905038E-027                  0.0000000000000000E+000                  0.0000000000000000E+000                  2.2538251574101061E+004                  4.3529202222170928E+000                 -2.0186919787362097E+001                  6.7209873642865992E-001                 -2.5773009396755492E-007                  8.4624750054667411E-006 
                                      15                  3.4253740082496922E+000                 -1.1814038333017400E-001                  5.0464704807413128E+000                 -7.5327327724843851E+000                  5.8472929774291753E+000                  3.4419746798170398E-001                  6.3633716657474915E-001                  1.9465365443546823E-002                  7.6183271193797131E-001                  5.6579862937913101E-006                  1.0400201329215740E-027                  0.0000000000000000E+000                  0.0000000000000000E+000                  2.2538105095792056E+004                  4.3529173996854587E+000                 -2.0001650130245235E+001                  6.7209873642865992E-001                 -2.5776461976097226E-007                  8.4647524342660072E-006 
                                      16                  3.4253740082460813E+000                 -1.1819722262132615E-001                  5.0521094760232303E+000                 -7.5176841220113451E+000                  5.8690130716475784E+000                  3.4419746798170398E-001                  6.3633716657474915E-001                  1.9465365443546823E-002                  7.6173301185053210E-001                  5.6186256031520828E-006                  1.0766948237373724E-027                  0.0000000000000000E+000                  0.0000000000000000E+000                  2.2537884578576970E+004                  4.3529131504427747E+000                 -1.9766792928777054E+001                  6.7209873642865992E-001                 -2.5779945447870525E-007                  8.4670563788711647E-006 
                                      17                  3.4253740082417803E+000                 -1.1826265460948490E-001                  5.0573673864465301E+000                 -7.5035522597883269E+000                  5.8893117551964016E+000                  3.4419746798170398E-001                  6.3633716657474915E-001                  1.9465365443546823E-002                  7.6161825572759401E-001                  5.5742625713983545E-006                  1.1123119809662863E-027                  0.0000000000000000E+000                  0.0000000000000000E+000                  2.2537629249442587E+004                  4.3529082303420497E+000                 -2.0272837908210793E+001                  6.7209873642865992E-001                 -2.5783477832163317E-007                  8.4690129854270254E-006 
                                      18                  3.4253740082383257E+000                 -1.1831354518024140E-001                  5.0618866529717161E+000                 -7.4915258840001817E+000                  5.9067061516578221E+000                  3.4419746798170398E-001                  6.3633716657474915E-001                  1.9465365443546823E-002                  7.6152901462843681E-001                  5.5403434525721561E-006                  1.1435491331926388E-027                  0.0000000000000000E+000                  0.0000000000000000E+000                  2.2537412475177563E+004                  4.3529040531360605E+000                 -1.9801920569419877E+001                  6.7209873642865992E-001                 -2.5785902924900458E-007                  8.4705100520949796E-006 
                                      19                  3.4253740082348418E+000                 -1.1836346861852641E-001                  5.0681304866304977E+000                 -7.4752934812179408E+000                  5.9305694355818073E+000                  3.4419746798170398E-001                  6.3633716657474915E-001                  1.9465365443546823E-002                  7.6144147964173414E-001                  5.5069800294533247E-006                  1.1871066924077279E-027                  0.0000000000000000E+000                  0.0000000000000000E+000                  2.2537090734451282E+004                  4.3528978531688027E+000                 -2.0161268104947109E+001                  6.7209873642865992E-001                 -2.5788035601096701E-007                  8.4722939643482600E-006 
                                      20                  3.4253740082283479E+000                 -1.1845317582759080E-001                  5.0755323744438599E+000                 -7.4557475292214770E+000                  5.9589975301666698E+000                  3.4419746798170398E-001                  6.3633716657474915E-001                  1.9465365443546823E-002                  7.6128421368818699E-001                  5.4480456290928640E-006                  1.2417632553885547E-027                  0.0000000000000000E+000                  0.0000000000000000E+000                  2.2536447182318163E+004                  4.3528854516066815E+000                 -2.0105362287935954E+001                  6.7209873642865992E-001                 -2.5791333382918965E-007                  8.4741811383201845E-006 
                                      21                  3.4253740082222293E+000                 -1.1853403570268578E-001                  5.0809849154716709E+000                 -7.4412873510740676E+000                  5.9799686739240849E+000                  3.4419746798170398E-001                  6.3633716657474915E-001                  1.9465365443546823E-002                  7.6114248585426292E-001                  5.3968866336388501E-006                  1.2838116748569103E-027                  0.0000000000000000E+000                  0.0000000000000000E+000                  2.2535936472663187E+004                  4.3528756097315897E+000                 -1.9909472224116804E+001                  6.7209873642865992E-001                 -2.5793779891053760E-007                  8.4753907656258604E-006 
                                      22                  3.4253740082185073E+000                 -1.1858162496247514E-001                  5.0849651895872459E+000                 -7.4309303983803856E+000                  5.9951906262690473E+000                  3.4419746798170398E-001                  6.3633716657474915E-001                  1.9465365443546823E-002                  7.6105908570875458E-001                  5.3671268760913003E-006                  1.3148008375990550E-027                  0.0000000000000000E+000                  0.0000000000000000E+000                  2.2535581259355811E+004                  4.3528687642918502E+000                 -1.9848542427800577E+001                  6.7209873642865992E-001                 -2.5795014993373520E-007                  8.4761510385606459E-006 
                                      23                  3.4253740082147859E+000                 -1.1862810785071684E-001                  5.0894558341573539E+000                 -7.4193779006036600E+000                  6.0123076290830477E+000                  3.4419746798170398E-001                  6.3633716657474915E-001                  1.9465365443546823E-002                  7.6097763330078028E-001                  5.3379871645088728E-006                  1.3502506296990149E-027                  0.0000000000000000E+000                  0.0000000000000000E+000                  2.2535141331554380E+004                  4.3528602861399319E+000                 -1.9802072523191974E+001                  6.7209873642865992E-001                 -2.5796093692594431E-007                  8.4769110675069337E-006 
                                      24                  3.4253740082098241E+000                 -1.1868848041548680E-001                  5.0971755822149127E+000                 -7.4000921664622545E+000                  6.0414858189746674E+000                  3.4419746798170398E-001                  6.3633716657474915E-001                  1.9465365443546823E-002                  7.6087185489410381E-001                  5.2999453178345526E-006                  1.4115731302102377E-027                  0.0000000000000000E+000                  0.0000000000000000E+000                  2.2534416781803600E+004                  4.3528463224814526E+000                 -2.0285251182669402E+001                  6.7209873642865992E-001                 -2.5797327941654445E-007                  8.4779932551553769E-006 
                                      25                  3.4253740081991797E+000                 -1.1881243681643422E-001                  5.1064202946788626E+000                 -7.3764594771444809E+000                  6.0766734247044063E+000                  3.4419746798170398E-001                  6.3633716657474915E-001                  1.9465365443546823E-002                  7.6065471771591575E-001                  5.2236603022976150E-006                  1.4905280961233041E-027                  0.0000000000000000E+000                  0.0000000000000000E+000                  2.2532815721647483E+004                  4.3528154649580300E+000                 -2.0278400490243133E+001                  6.7209873642865992E-001                 -2.5799386845913431E-007                  8.4791119344074332E-006 
                                      26                  3.4253740081895772E+000                 -1.1891842589324238E-001                  5.1132451157292298E+000                 -7.3590826573590080E+000                  6.1026260373618317E+000                  3.4419746798170398E-001                  6.3633716657474915E-001                  1.9465365443546823E-002                  7.6046910344330421E-001                  5.1612640299025228E-006                  1.5513867180239453E-027                  0.0000000000000000E+000                  0.0000000000000000E+000                  2.2531487565212246E+004                  4.3527898654937518E+000                 -1.9768208387250173E+001                  6.7209873642865992E-001                 -2.5800731970646802E-007                  8.4797877406015252E-006 
                                      27                  3.4253740081831752E+000                 -1.1898635468861696E-001                  5.1184648252424259E+000                 -7.3461161210185759E+000                  6.1223383537429203E+000                  3.4419746798170398E-001                  6.3633716657474915E-001                  1.9465365443546823E-002                  7.6035016637977282E-001                  5.1216991048436174E-006                  1.5984127891599807E-027                  0.0000000000000000E+000                  0.0000000000000000E+000                  2.2530495301159928E+004                  4.3527707391803867E+000                 -1.9757809608703543E+001                  6.7209873642865992E-001                 -2.5801443146124782E-007                  8.4802221110887106E-006 
                                      28                  3.4253740081767736E+000                 -1.1905231583756824E-001                  5.1234609331479364E+000                 -7.3338171444726550E+000                  6.1411616419318369E+000                  3.4419746798170398E-001                  6.3633716657474915E-001                  1.9465365443546823E-002                  7.6023469228518714E-001                  5.0833599573685481E-006                  1.6443345218907714E-027                  0.0000000000000000E+000                  0.0000000000000000E+000                  2.2529384088978899E+004                  4.3527493190911599E+000                 -1.9806356059402319E+001                  6.7209873642865992E-001                 -2.5802053595519806E-007                  8.4805990787435747E-006 
                                      29                  3.4253740081704023E+000                 -1.1911615665478172E-001                  5.1290762112380026E+000                 -7.3202498159169327E+000                  6.1622125210329068E+000                  3.4419746798170398E-001                  6.3633716657474915E-001                  1.9465365443546823E-002                  7.6012294682443737E-001                  5.0464420575071805E-006                  1.6965240671659744E-027                  0.0000000000000000E+000                  0.0000000000000000E+000                  2.2528188841057839E+004                  4.3527262779221401E+000                 -2.0173644001332448E+001                  6.7209873642865992E-001                 -2.5802590088189449E-007                  8.4809903737098385E-006 
                                      30                  3.4253740081618265E+000                 -1.1919948947121589E-001                  5.1397515070541786E+000                 -7.2958353567915921E+000                  6.2016618771324241E+000                  3.4419746798170398E-001                  6.3633716657474915E-001                  1.9465365443546823E-002                  7.5997710774093707E-001                  4.9976205606550108E-006                  1.7946473505814579E-027                  0.0000000000000000E+000                  0.0000000000000000E+000                  2.2526430962566457E+004                  4.3526923885260080E+000                 -2.0076654414614080E+001                  6.7209873642865992E-001                 -2.5803244099941470E-007                  8.4816543102124402E-006 
                                      31                  3.4253740081403863E+000                 -1.1939662381104470E-001                  5.1499899271018963E+000                 -7.2708899691695530E+000                  6.2401729485711934E+000                  3.4419746798170398E-001                  6.3633716657474915E-001                  1.9465365443546823E-002                  7.5963221828387195E-001                  4.8868762757415962E-006                  1.9007691941621299E-027                  0.0000000000000000E+000                  0.0000000000000000E+000                  2.2521926049402027E+004                  4.3526055281357499E+000                 -1.9428507158735655E+001                  6.7209873642865992E-001                 -2.5804610022695829E-007                  8.4823532042646465E-006 
                                      32                  3.4253740081298312E+000                 -1.1948834862338409E-001                  5.1563802663758551E+000                 -7.2561951153316508E+000                  6.2638514623064570E+000                  3.4419746798170398E-001                  6.3633716657474915E-001                  1.9465365443546823E-002                  7.5947179772123496E-001                  4.8376537733525158E-006                  1.9661976662950032E-027                  0.0000000000000000E+000                  0.0000000000000000E+000                  2.2519542419849578E+004                  4.3525595617320034E+000                 -1.9420376561975086E+001                  6.7209873642865992E-001                 -2.5805370329662310E-007                  8.4828837752994023E-006 
                                      33                  3.4253740081192769E+000                 -1.1957707702505875E-001                  5.1634128608178154E+000                 -7.2404546590388890E+000                  6.2897427043245910E+000                  3.4419746798170398E-001                  6.3633716657474915E-001                  1.9465365443546823E-002                  7.5931664991647640E-001                  4.7894154763075958E-006                  2.0387822071741794E-027                  0.0000000000000000E+000                  0.0000000000000000E+000                  2.2516931344656146E+004                  4.3525092036353392E+000                 -1.9425610770959238E+001                  6.7209873642865992E-001                 -2.5806224097649367E-007                  8.4835802693989981E-006 
                                      34                  3.4253740081054125E+000                 -1.1968955126441397E-001                  5.1709392628719115E+000                 -7.2237472307333972E+000                  6.3174123334623706E+000                  3.4419746798170398E-001                  6.3633716657474915E-001                  1.9465365443546823E-002                  7.5912002640830323E-001                  4.7290883047106523E-006                  2.1187598073099236E-027                  0.0000000000000000E+000                  0.0000000000000000E+000                  2.2513463270720957E+004                  4.3524423081355899E+000                 -1.9543245194397862E+001                  6.7209873642865992E-001                 -2.5807489083786354E-007                  8.4844679567969801E-006 
                                      35                  3.4253740080915485E+000                 -1.1979786332464121E-001                  5.1799804163264245E+000                 -7.2045377666054717E+000                  6.3503235108650982E+000                  3.4419746798170398E-001                  6.3633716657474915E-001                  1.9465365443546823E-002                  7.5893072719929655E-001                  4.6716104441027219E-006                  2.2145997886098623E-027                  0.0000000000000000E+000                  0.0000000000000000E+000                  2.2509832173052349E+004                  4.3523722570356602E+000                 -2.1396577087169540E+001                  6.7209873642865992E-001                 -2.5808924347266684E-007                  8.4857948158999052E-006 
                                      36                  3.4253740080700825E+000                 -1.1995846037689235E-001                  5.1876135474623073E+000                 -7.1878425892024387E+000                  6.3783298375129815E+000                  3.4419746798170398E-001                  6.3633716657474915E-001                  1.9465365443546823E-002                  7.5865013531930314E-001                  4.5891024272690018E-006                  2.3014102192808391E-027                  0.0000000000000000E+000                  0.0000000000000000E+000                  2.2504342036231788E+004                  4.3522663199089759E+000                 -1.9770729828753378E+001                  6.7209873642865992E-001                 -2.5811524944253444E-007                  8.4871194250654334E-006 
                                      37                  3.4253740080593493E+000                 -1.2003579416958469E-001                  5.1924961079163916E+000                 -7.1776536179538502E+000                  6.3960575341933215E+000                  3.4419746798170398E-001                  6.3633716657474915E-001                  1.9465365443546823E-002                  7.5851505630841498E-001                  4.5504713249935057E-006                  2.3560540165529232E-027                  0.0000000000000000E+000                  0.0000000000000000E+000                  2.2501654151747396E+004                  4.3522144453367044E+000                 -2.0935071622220619E+001                  6.7209873642865992E-001                 -2.5812953140689545E-007                  8.4880891998569504E-006 
                                      38                  3.4253740080486161E+000                 -1.2011137466082022E-001                  5.1992290081848926E+000                 -7.1641484749916842E+000                  6.4203035051673263E+000                  3.4419746798170398E-001                  6.3633716657474915E-001                  1.9465365443546823E-002                  7.5838306303023417E-001                  4.5122966811781693E-006                  2.4304874823360363E-027                  0.0000000000000000E+000                  0.0000000000000000E+000                  2.2498726340964233E+004                  4.3521579332781375E+000                 -2.0604200071961255E+001                  6.7209873642865992E-001                 -2.5814474274873700E-007                  8.4896076752665104E-006 
                                      39                  3.4253740080285566E+000                 -1.2024840884062631E-001                  5.2062871969282307E+000                 -7.1496561916369545E+000                  6.4458798577016294E+000                  3.4419746798170398E-001                  6.3633716657474915E-001                  1.9465365443546823E-002                  7.5814380600235665E-001                  4.4447988989861897E-006                  2.5129795024070816E-027                  0.0000000000000000E+000                  0.0000000000000000E+000                  2.2493381346151480E+004                  4.3520547462134171E+000                 -1.9857764933581461E+001                  6.7209873642865992E-001                 -2.5817570804069972E-007                  8.4913978563781125E-006 
                                      40                  3.4253740080142596E+000                 -1.2034294851202966E-001                  5.2146745084333084E+000                 -7.1335804265291802E+000                  6.4758561116088922E+000                  3.4419746798170398E-001                  6.3633716657474915E-001                  1.9465365443546823E-002                  7.5797878694598919E-001                  4.3990843236424702E-006                  2.6077647314748010E-027                  0.0000000000000000E+000                  0.0000000000000000E+000                  2.2489564282472707E+004                  4.3519810414049136E+000                 -2.0099159089265235E+001                  6.7209873642865992E-001                 -2.5819917783831571E-007                  8.4938356067156637E-006 
                                      41                  3.4253740079856647E+000                 -1.2052533122919316E-001                  5.2224309860538831E+000                 -7.1178761033580660E+000                  6.5039418861692457E+000                  3.4419746798170398E-001                  6.3633716657474915E-001                  1.9465365443546823E-002                  7.5766053927532784E-001                  4.3139541512423005E-006                  2.7038114804836128E-027                  0.0000000000000000E+000                  0.0000000000000000E+000                  2.2482283070382113E+004                  4.3518404116355676E+000                 -1.9874986976239583E+001                  6.7209873642865992E-001                 -2.5824982243443501E-007                  8.4963578117205888E-006 
                                      42                  3.4253740079713673E+000                 -1.2061336615676614E-001                  5.2273850843047205E+000                 -7.1083084898811721E+000                  6.5217189978316519E+000                  3.4419746798170398E-001                  6.3633716657474915E-001                  1.9465365443546823E-002                  7.5750697105476061E-001                  4.2745916887889917E-006                  2.7640525408644749E-027                  0.0000000000000000E+000                  0.0000000000000000E+000                  2.2478926102648427E+004                  4.3517755596179200E+000                 -1.9740488813543070E+001                  6.7209873642865992E-001                 -2.5827585253960260E-007                  8.4980853838810693E-006 
                                      43                  3.4253740079570694E+000                 -1.2069953469056247E-001                  5.2345150203319788E+000                 -7.0951195167521952E+000                  6.5471100966396776E+000                  3.4419746798170398E-001                  6.3633716657474915E-001                  1.9465365443546823E-002                  7.5735668871699802E-001                  4.2358267708125770E-006                  2.8493017289621863E-027                  0.0000000000000000E+000                  0.0000000000000000E+000                  2.2475355001515185E+004                  4.3517065602042200E+000                 -1.9617136648638766E+001                  6.7209873642865992E-001                 -2.5830233256021459E-007                  8.5007384848960813E-006 
                                      44                  3.4253740079284749E+000                 -1.2086686320432539E-001                  5.2454705199817244E+000                 -7.0749771034248790E+000                  6.5861498652264414E+000                  3.4419746798170398E-001                  6.3633716657474915E-001                  1.9465365443546823E-002                  7.5706494437243488E-001                  4.1621014623135334E-006                  2.9845976759150532E-027                  0.0000000000000000E+000                  0.0000000000000000E+000                  2.2468290468147781E+004                  4.3515700297625131E+000                 -2.0712884420237778E+001                  6.7209873642865992E-001                 -2.5835648190494161E-007                  8.5051682985590497E-006 
                                      45                  3.4253740078861394E+000                 -1.2110370372173561E-001                  5.2543865056550567E+000                 -7.0574014508033267E+000                  6.6184208010628396E+000                  3.4419746798170398E-001                  6.3633716657474915E-001                  1.9465365443546823E-002                  7.5665219500932113E-001                  4.0657669223597249E-006                  3.1078915461352332E-027                  0.0000000000000000E+000                  0.0000000000000000E+000                  2.2459591390472549E+004                  4.3514018508356225E+000                 -1.9538559674026267E+001                  6.7209873642865992E-001                 -2.5843692945391041E-007                  8.5090785977500644E-006 
                                      46                  3.4253740078649715E+000                 -1.2121756510168906E-001                  5.2600346881359252E+000                 -7.0467927317400649E+000                  6.6386959099334479E+000                  3.4419746798170398E-001                  6.3633716657474915E-001                  1.9465365443546823E-002                  7.5645384533190030E-001                  4.0220464984508863E-006                  3.1847641581069674E-027                  0.0000000000000000E+000                  0.0000000000000000E+000                  2.2455789707859018E+004                  4.3513283326000174E+000                 -1.9441515366714736E+001                  6.7209873642865992E-001                 -2.5847527244000029E-007                  8.5115633630734125E-006 
                                      47                  3.4253740078438040E+000                 -1.2132876523725768E-001                  5.2675727286532812E+000                 -7.0330924768637368E+000                  6.6656234387416982E+000                  3.4419746798170398E-001                  6.3633716657474915E-001                  1.9465365443546823E-002                  7.5626018180290755E-001                  3.9794937252311076E-006                  3.2868589786787926E-027                  0.0000000000000000E+000                  0.0000000000000000E+000                  2.2451806413048394E+004                  4.3512512889321302E+000                 -1.9541232645606812E+001                  6.7209873642865992E-001                 -2.5851239668977912E-007                  8.5148833938344797E-006 
                                      48                  3.4253740078056616E+000                 -1.2152311762222884E-001                  5.2758852622169021E+000                 -7.0171385811123459E+000                  6.6956663758123565E+000                  3.4419746798170398E-001                  6.3633716657474915E-001                  1.9465365443546823E-002                  7.5592182132843611E-001                  3.9087219975377274E-006                  3.4098804998474573E-027                  0.0000000000000000E+000                  0.0000000000000000E+000                  2.2445371114936785E+004                  4.3511267904833497E+000                 -1.9885882214778992E+001                  6.7209873642865992E-001                 -2.5857608843981871E-007                  8.5186086565340908E-006 
                                      49                  3.4253740077732697E+000                 -1.2168241141607002E-001                  5.2816521710080213E+000                 -7.0058451342035584E+000                  6.7166131321854694E+000                  3.4419746798170398E-001                  6.3633716657474915E-001                  1.9465365443546823E-002                  7.5564460948400691E-001                  3.8548646502288247E-006                  3.4997387046147385E-027                  0.0000000000000000E+000                  0.0000000000000000E+000                  2.2440957958135783E+004                  4.3510413921140820E+000                 -1.9856079488632982E+001                  6.7209873642865992E-001                 -2.5862549902696663E-007                  8.5211484524155150E-006 
                                      50                  3.4253740077535917E+000                 -1.2177678009570897E-001                  5.2879290321753194E+000                 -6.9941689766981217E+000                  6.7392191874544807E+000                  3.4419746798170398E-001                  6.3633716657474915E-001                  1.9465365443546823E-002                  7.5548043185764757E-001                  3.8236692322021670E-006                  3.5951327872251335E-027                  0.0000000000000000E+000                  0.0000000000000000E+000                  2.2438330813897941E+004                  4.3509905466449057E+000                 -1.9760702766383627E+001                  6.7209873642865992E-001                 -2.5865318531167389E-007                  8.5237279616311059E-006 
                                      51                  3.4253740077142361E+000                 -1.2196068745538735E-001                  5.2957483870671878E+000                 -6.9788437406496682E+000                  6.7676856929094757E+000                  3.4419746798170398E-001                  6.3633716657474915E-001                  1.9465365443546823E-002                  7.5516058206940695E-001                  3.7650253612816066E-006                  3.7242976342203437E-027                  0.0000000000000000E+000                  0.0000000000000000E+000                  2.2433426395312141E+004                  4.3508956111188777E+000                 -1.9746823038501280E+001                  6.7209873642865992E-001                 -2.5870378628082994E-007                  8.5268292388689836E-006 
                                      52                  3.4253740076748800E+000                 -1.2213844022054114E-001                  5.3059739118007281E+000                 -6.9594070535797030E+000                  6.8047592642727022E+000                  3.4419746798170398E-001                  6.3633716657474915E-001                  1.9465365443546823E-002                  7.5485156498308437E-001                  3.7113127719146997E-006                  4.8115609229976611E-027                  0.0000000000000000E+000                  0.0000000000000000E+000                  2.2429596640495314E+004                  4.3508214635793010E+000                 -1.9533011241462546E+001                  6.7209873642865992E-001                 -2.5874729510147819E-007                  8.5301267200500599E-006 
                                      53                  3.4253740076038577E+000                 -1.2244569024852398E-001                  5.3145488867337232E+000                 -6.9406824352212606E+000                  6.8367081287767624E+000                  3.4419746798170398E-001                  6.3633716657474915E-001                  1.9465365443546823E-002                  7.5431771951086102E-001                  3.6271908095373884E-006                  7.2340963199006116E-027                  0.0000000000000000E+000                  0.0000000000000000E+000                  2.2424089691100064E+004                  4.3507148218317839E+000                 -1.9623428239125300E+001                  6.7209873642865992E-001                 -2.5880382926089280E-007                  8.5326455381325912E-006 
                                      54                  3.4253740075721915E+000                 -1.2257710049492634E-001                  5.3204648698327581E+000                 -6.9284439947450025E+000                  6.8585391835714447E+000                  3.4419746798170398E-001                  6.3633716657474915E-001                  1.9465365443546823E-002                  7.5408951011324332E-001                  3.5941901212199049E-006                  9.5556166448638232E-027                  0.0000000000000000E+000                  0.0000000000000000E+000                  2.2422007977042736E+004                  4.3506745027415770E+000                 -1.9806481346934611E+001                  6.7209873642865992E-001                 -2.5882370469821257E-007                  8.5339797507157559E-006 
                                      55                  3.4253740075293071E+000                 -1.2275030194218195E-001                  5.3300560747959080E+000                 -6.9089114808121987E+000                  6.8938644156966502E+000                  3.4419746798170398E-001                  6.3633716657474915E-001                  1.9465365443546823E-002                  7.5378883082953407E-001                  3.5508444528110415E-006                  1.4956611415427233E-026                  0.0000000000000000E+000                  0.0000000000000000E+000                  2.2419246588806953E+004                  4.3506210137976877E+000                 -1.9799536211541099E+001                  6.7209873642865992E-001                 -2.5884429723143066E-007                  8.5353781793863683E-006 
                                      56                  3.4253740074435379E+000                 -1.2308204844332470E-001                  5.3381833945342034E+000                 -6.8896663575075152E+000                  6.9247035456613713E+000                  3.4419746798170398E-001                  6.3633716657474915E-001                  1.9465365443546823E-002                  7.5321325059049316E-001                  3.4765479977659402E-006                  2.1946383826167469E-026                  0.0000000000000000E+000                  0.0000000000000000E+000                  2.2416215837217696E+004                  4.3505622996182405E+000                 -2.1046207245036364E+001                  6.7209873642865992E-001                 -2.5886611698919285E-007                  8.5361477448105460E-006 
                                      57                  3.4253740074084797E+000                 -1.2321198026650652E-001                  5.3426878961683153E+000                 -6.8794258770196137E+000                  6.9416641855054459E+000                  3.4419746798170398E-001                  6.3633716657474915E-001                  1.9465365443546823E-002                  7.5298793864975744E-001                  3.4501781516129364E-006                  2.7091019925751220E-026                  0.0000000000000000E+000                  0.0000000000000000E+000                  2.2415756718288467E+004                  4.3505534045013787E+000                 -2.0717813630768852E+001                  6.7209873642865992E-001                 -2.5886763602543956E-007                  8.5361262204901290E-006 
                                      58                  3.4253740073734207E+000                 -1.2333899686414686E-001                  5.3491603118262443E+000                 -6.8649989270332625E+000                  6.9659519944308288E+000                  3.4419746798170398E-001                  6.3633716657474915E-001                  1.9465365443546823E-002                  7.5276774708540894E-001                  3.4242206423398545E-006                  3.6597342748956263E-026                  0.0000000000000000E+000                  0.0000000000000000E+000                  2.2414915784326684E+004                  4.3505371115055835E+000                 -2.0108852554614348E+001                  6.7209873642865992E-001                 -2.5886546424077107E-007                  8.5355864191883844E-006 
                                      59                  3.4253740073033034E+000                 -1.2358504670145667E-001                  5.3571735681539439E+000                 -6.8459249557353239E+000                  6.9964238536024119E+000                  3.4419746798170398E-001                  6.3633716657474915E-001                  1.9465365443546823E-002                  7.5234138678951623E-001                  3.3766523504251868E-006                  5.3156507009013320E-026                  0.0000000000000000E+000                  0.0000000000000000E+000                  2.2413799557627066E+004                  4.3505154838014395E+000                 -2.0512430833235054E+001                  6.7209873642865992E-001                 -2.5885126556306939E-007                  8.5342576492056915E-006 
                                      60                  3.4253740072331866E+000                 -1.2382091631437381E-001                  5.3675895390196322E+000                 -6.8216546308612358E+000                  7.0358865509032142E+000                  3.4419746798170398E-001                  6.3633716657474915E-001                  1.9465365443546823E-002                  7.5193289370668293E-001                  3.3338859117971467E-006                  8.5978154719272366E-026                  0.0000000000000000E+000                  0.0000000000000000E+000                  2.2414743768172822E+004                  4.3505337786376934E+000                 -1.9453060245426229E+001                  6.7209873642865992E-001                 -2.5882516465848815E-007                  8.5303764204139595E-006 
                                      61                  3.4253740071068655E+000                 -1.2422364383926901E-001                  5.3789751564870967E+000                 -6.7923137563932183E+000                  7.0799250539366190E+000                  3.4419746798170398E-001                  6.3633716657474915E-001                  1.9465365443546823E-002                  7.5123593870814731E-001                  3.2670631637707093E-006                  1.4579031117073758E-025                  0.0000000000000000E+000                  0.0000000000000000E+000                  2.2421887994138888E+004                  4.3506721787725313E+000                 -2.0180857159172891E+001                  6.7209873642865992E-001                 -2.5873352969940694E-007                  8.5228356615242122E-006 
                                      62                  3.4253740069927239E+000                 -1.2456464428839437E-001                  5.3871725450109693E+000                 -6.7701844926423691E+000                  7.1119506750522703E+000                  3.4419746798170398E-001                  6.3633716657474915E-001                  1.9465365443546823E-002                  7.5064631286974703E-001                  3.2176464657609492E-006                  2.1317409361784136E-025                  0.0000000000000000E+000                  0.0000000000000000E+000                  2.2432663349636598E+004                  4.3508808388698030E+000                 -1.9949650234749559E+001                  6.7209873642865992E-001                 -2.5859634590538714E-007                  8.5143722709993207E-006 
                                      63                  3.4253740069166292E+000                 -1.2478110080920876E-001                  5.3956084453455491E+000                 -6.7483725430251420E+000                  7.1446143116536271E+000                  3.4419746798170398E-001                  6.3633716657474915E-001                  1.9465365443546823E-002                  7.5027227679197483E-001                  3.1872412330429553E-006                  3.1376798611177461E-025                  0.0000000000000000E+000                  0.0000000000000000E+000                  2.2440960930005862E+004                  4.3510414496279681E+000                 -2.0511541952522041E+001                  6.7209873642865992E-001                 -2.5847660941720439E-007                  8.5018437065489955E-006 
                                      64                  3.4253740067841099E+000                 -1.2514031044962495E-001                  5.4046608500869775E+000                 -6.7231059837716067E+000                  7.1802439766978177E+000                  3.4419746798170403E-001                  6.3633716657474915E-001                  1.9465365443546823E-002                  7.4965197508092185E-001                  3.1389672866854975E-006                  4.7590888793486477E-025                  0.0000000000000000E+000                  0.0000000000000000E+000                  2.2456832734427509E+004                  4.3513485042425817E+000                 -1.9951058215505043E+001                  6.7209873642865992E-001                 -2.5821572757485088E-007                  8.4844846806263006E-006 
                                      65                  3.4253740066712606E+000                 -1.2542956153663176E-001                  5.4142929650067675E+000                 -6.6967633656542098E+000                  7.2179912729131397E+000                  3.4419746798170398E-001                  6.3633716657474915E-001                  1.9465365443546823E-002                  7.4915285417550792E-001                  3.1024626237611298E-006                  7.3833540001995403E-025                  0.0000000000000000E+000                  0.0000000000000000E+000                  2.2470646774025729E+004                  4.3516155729241541E+000                 -2.0064451550656091E+001                  6.7209873642865992E-001                 -2.5794884664853575E-007                  8.4605446075409731E-006 
                                      66                  3.4253740065019858E+000                 -1.2583888952092356E-001                  5.4217323586762562E+000                 -6.6721960431339555E+000                  7.2484427401008897E+000                  3.4419746798170398E-001                  6.3633716657474915E-001                  1.9465365443546823E-002                  7.4844710087787047E-001                  3.0583735846224186E-006                  1.0445415355438065E-024                  0.0000000000000000E+000                  0.0000000000000000E+000                  2.2491121578025559E+004                  4.3520111131947328E+000                 -1.9778485436807678E+001                  6.7209873642865992E-001                 -2.5748686240227623E-007                  8.4381636469597523E-006 
                                      67                  3.4253740064260283E+000                 -1.2601281282630009E-001                  5.4270698428492068E+000                 -6.6540447704408665E+000                  7.2704542498199469E+000                  3.4419746798170398E-001                  6.3633716657474915E-001                  1.9465365443546823E-002                  7.4814742787416399E-001                  3.0437514974408655E-006                  1.3399623174991328E-024                  0.0000000000000000E+000                  0.0000000000000000E+000                  2.2499972448124816E+004                  4.3521819863053759E+000                 -1.9411236330206489E+001                  6.7209873642865992E-001                 -2.5726680528557507E-007                  8.4200779551728420E-006 
                                      68                  3.4253740063140059E+000                 -1.2625917426695554E-001                  5.4329326430645670E+000                 -6.6317560311668755E+000                  7.2953649106075469E+000                  3.4419746798170398E-001                  6.3633716657474915E-001                  1.9465365443546823E-002                  7.4772314799544215E-001                  3.0268661471982336E-006                  1.7693598432237562E-024                  0.0000000000000000E+000                  0.0000000000000000E+000                  2.2511896014192371E+004                  4.3524120740242722E+000                 -1.9769362058226751E+001                  6.7209873642865992E-001                 -2.5693486521949189E-007                  8.3983306431890095E-006 
                                      69                  3.4253740062019831E+000                 -1.2649359994532572E-001                  5.4383761224867149E+000                 -6.6095638097176224E+000                  7.3189734654749383E+000                  3.4419746798170398E-001                  6.3633716657474915E-001                  1.9465365443546823E-002                  7.4731964711351739E-001                  3.0154085930185777E-006                  2.2961065079923663E-024                  0.0000000000000000E+000                  0.0000000000000000E+000                  2.2523347467204454E+004                  4.3526329367342589E+000                 -2.1084937063984206E+001                  6.7209873642865992E-001                 -2.5660233726386968E-007                  8.3767389393527093E-006 
                                      70                  3.4253740060899611E+000                 -1.2671669978219194E-001                  5.4456708718014966E+000                 -6.5790849982103348E+000                  7.3508730103658797E+000                  3.4419746798170398E-001                  6.3633716657474915E-001                  1.9465365443546823E-002                  7.4693584284866132E-001                  3.0067899022629620E-006                  3.2567109165660627E-024                  0.0000000000000000E+000                  0.0000000000000000E+000                  2.2533829130410060E+004                  4.3528349968240034E+000                 -1.9977957291120816E+001                  6.7209873642865992E-001                 -2.5627430327877458E-007                  8.3465886148257981E-006 
                                      71                  3.4253740058799087E+000                 -1.2710750690065359E-001                  5.4539431993531711E+000                 -6.5408683588653425E+000                  7.3882763195912817E+000                  3.4419746798170398E-001                  6.3633716657474915E-001                  1.9465365443546823E-002                  7.4626400252625746E-001                  2.9967611874551495E-006                  4.8720301680040519E-024                  0.0000000000000000E+000                  0.0000000000000000E+000                  2.2552057782123549E+004                  4.3531861755996779E+000                 -2.0095018984311206E+001                  6.7209873642865992E-001                 -2.5567826673929997E-007                  8.3099872775209375E-006 
                                      72                  3.4253740056823867E+000                 -1.2744489319452329E-001                  5.4624598736691734E+000                 -6.5007489736651820E+000                  7.4271363691421000E+000                  3.4419746798170398E-001                  6.3633716657474904E-001                  1.9465365443547045E-002                  7.4568448451906644E-001                  2.9924663631697846E-006                  7.3729593972779642E-024                  0.0000000000000000E+000                  0.0000000000000000E+000                  2.2567873486794095E+004                  4.3534906385433914E+000                 -2.0537697568060306E+001                  6.7209873642865980E-001                 -2.5515064026216961E-007                  8.2716006596683654E-006 
                                      73                  3.4253740054190231E+000                 -1.2785610885173956E-001                  5.4705700683906748E+000                 -6.4604549068825534E+000                  7.4649532129507303E+000                  3.4419746798170398E-001                  6.3633716657474915E-001                  1.9465365443546823E-002                  7.4497876058545776E-001                  2.9900802434124538E-006                  1.0969710111696914E-023                  0.0000000000000000E+000                  0.0000000000000000E+000                  2.2586928651646831E+004                  4.3538571799984140E+000                 -1.9476292939942766E+001                  6.7209873642865992E-001                 -2.5449690863163317E-007                  8.2337500560132509E-006 
                                      74                  3.4253740051943402E+000                 -1.2817665347200977E-001                  5.4763495177838575E+000                 -6.4312233016629206E+000                  7.4921618156003715E+000                  3.4419746798170398E-001                  6.3633716657474915E-001                  1.9465365443546823E-002                  7.4442910858886069E-001                  2.9905699822883719E-006                  1.4559801937236584E-023                  0.0000000000000000E+000                  0.0000000000000000E+000                  2.2602046549013292E+004                  4.3541477650192082E+000                 -1.9698234970088105E+001                  6.7209873642865992E-001                 -2.5398339607890068E-007                  8.2065313481761573E-006 
                                      75                  3.4253740050417583E+000                 -1.2838053407859271E-001                  5.4803696022720496E+000                 -6.4109514535585310E+000                  7.5111096500707815E+000                  3.4419746798170398E-001                  6.3633716657474915E-001                  1.9465365443546823E-002                  7.4407971654124805E-001                  2.9910349066996619E-006                  1.7716121586384068E-023                  0.0000000000000000E+000                  0.0000000000000000E+000                  2.2611494063421869E+004                  4.3543292594732810E+000                 -2.0580037140938135E+001                  6.7209873642865992E-001                 -2.5365591210390638E-007                  8.1877253100477584E-006 
                                      76                  3.4253740049178210E+000                 -1.2853878570560218E-001                  5.4855355239051891E+000                 -6.3854359776611460E+000                  7.5353195625642391E+000                  3.4419746798170403E-001                  6.3633716657474915E-001                  1.9465365443546823E-002                  7.4380863233545647E-001                  2.9908140175105158E-006                  2.2752534285385641E-023                  0.0000000000000000E+000                  0.0000000000000000E+000                  2.2618477848735722E+004                  4.3544633749423154E+000                 -2.0597383421068351E+001                  6.7209873642865992E-001                 -2.5340145253105441E-007                  8.1640565061888272E-006 
                                      77                  3.4253740046709691E+000                 -1.2883646504069568E-001                  5.4908908964183780E+000                 -6.3579301302196365E+000                  7.5608552971973779E+000                  3.4419746798170398E-001                  6.3633716657474915E-001                  1.9465365443546823E-002                  7.4329897678443069E-001                  2.9907211715202157E-006                  2.9537194296672281E-023                  0.0000000000000000E+000                  0.0000000000000000E+000                  2.2631604177878409E+004                  4.3547153387938220E+000                 -2.0368567154274192E+001                  6.7209873642865992E-001                 -2.5292232646529265E-007                  8.1388502544958085E-006 
                                      78                  3.4253740045048007E+000                 -1.2902486639413308E-001                  5.4970582161894104E+000                 -6.3273015710154930E+000                  7.5899621271581026E+000                  3.4419746798170398E-001                  6.3633716657474915E-001                  1.9465365443546823E-002                  7.4297659607642652E-001                  2.9906554206317202E-006                  3.9754893117921314E-023                  0.0000000000000000E+000                  0.0000000000000000E+000                  2.2639808107963257E+004                  4.3548727415089079E+000                 -1.9943147626947269E+001                  6.7209873642865992E-001                 -2.5261935496808707E-007                  8.1108210120090411E-006 
                                      79                  3.4253740041704694E+000                 -1.2937878076512757E-001                  5.5048893734533575E+000                 -6.2873543515917758E+000                  7.6274337709571620E+000                  3.4419746798170398E-001                  6.3633716657474915E-001                  1.9465365443546823E-002                  7.4237137774338824E-001                  2.9897466488640847E-006                  5.8020121874585820E-023                  0.0000000000000000E+000                  0.0000000000000000E+000                  2.2654733604123081E+004                  4.3551589596981852E+000                 -1.9982850142336339E+001                  6.7209873642865992E-001                 -2.5205083305980184E-007                  8.0747068006253696E-006 
                                      80                  3.4253740038113141E+000                 -1.2972640431707524E-001                  5.5110365328842263E+000                 -6.2554148804840777E+000                  7.6571744784702513E+000                  3.4419746798170392E-001                  6.3633716657474915E-001                  1.9465365443546934E-002                  7.4177739708892632E-001                  2.9902750666683191E-006                  7.8072682218628255E-023                  0.0000000000000000E+000                  0.0000000000000000E+000                  2.2669872316975794E+004                  4.3554490740661285E+000                 -2.0126508239610214E+001                  6.7209873642865980E-001                 -2.5149456746272090E-007                  8.0461349492985016E-006 
                                      81                  3.4253740035777454E+000                 -1.2993684917039375E-001                  5.5164262757139788E+000                 -6.2280778379126298E+000                  7.6830713767971579E+000                  3.4419746798170398E-001                  6.3633716657474915E-001                  1.9465365443546823E-002                  7.4141804317842486E-001                  2.9902460247141592E-006                  1.0103600270895434E-022                  0.0000000000000000E+000                  0.0000000000000000E+000                  2.2678830757642427E+004                  4.3556206600712315E+000                 -1.9946427385873147E+001                  6.7209873642865992E-001                 -2.5115935636432981E-007                  8.0218402828502062E-006 
                                      82                  3.4253740032621454E+000                 -1.3020429812660433E-001                  5.5242047268942871E+000                 -6.1890700722271843E+000                  7.7203884957636975E+000                  3.4419746798170398E-001                  6.3633716657474915E-001                  1.9465365443546823E-002                  7.4096160072697648E-001                  2.9888146737950622E-006                  1.4621582105188560E-022                  0.0000000000000000E+000                  0.0000000000000000E+000                  2.2689576509051276E+004                  4.3558263900454230E+000                 -1.9852501395178482E+001                  6.7209873642865992E-001                 -2.5073506419338288E-007                  7.9874444636196817E-006 
                                      83                  3.4253740027286184E+000                 -1.3061855967927022E-001                  5.5311710493138220E+000                 -6.1527005205809013E+000                  7.7545101349333017E+000                  3.4419746798170398E-001                  6.3633716657474915E-001                  1.9465365443546823E-002                  7.4025515483365256E-001                  2.9873359730000264E-006                  2.0396152261204528E-022                  0.0000000000000000E+000                  0.0000000000000000E+000                  2.2706615941002376E+004                  4.3561524143756261E+000                 -1.9686629252187760E+001                  6.7209873642865992E-001                 -2.5008194923570698E-007                  7.9556931040195998E-006 
                                      84                  3.4253740024224251E+000                 -1.3083768649824690E-001                  5.5361473343391197E+000                 -6.1274015831266455E+000                  7.7786836863925020E+000                  3.4419746798170398E-001                  6.3633716657474915E-001                  1.9465365443546823E-002                  7.3988174727536749E-001                  2.9866935234090454E-006                  2.5808238460651876E-022                  0.0000000000000000E+000                  0.0000000000000000E+000                  2.2715734837655746E+004                  4.3563267904914778E+000                 -2.0790457947892882E+001                  6.7209873642865992E-001                 -2.4973896676543489E-007                  7.9337697546626596E-006 
                                      85                  3.4253740020937844E+000                 -1.3105990695527162E-001                  5.5411678652058933E+000                 -6.1019338917710710E+000                  7.8031095281521381E+000                  3.4419746798170398E-001                  6.3633716657474915E-001                  1.9465365443546823E-002                  7.3950326030509028E-001                  2.9850799581830442E-006                  3.2697254054816448E-022                  0.0000000000000000E+000                  0.0000000000000000E+000                  2.2724606862541124E+004                  4.3564963786308191E+000                 -1.9893360027793282E+001                  6.7209873642865992E-001                 -2.4939279820816891E-007                  7.9118162398151510E-006 
                                      86                  3.4253740017454359E+000                 -1.3128237890197642E-001                  5.5470707571515483E+000                 -6.0723316435740706E+000                  7.8317602972346636E+000                  3.4419746798170398E-001                  6.3633716657474904E-001                  1.9465365443547045E-002                  7.3912453894036678E-001                  2.9829384472174898E-006                  4.3110712579680851E-022                  0.0000000000000000E+000                  0.0000000000000000E+000                  2.2733308192112629E+004                  4.3566626396421189E+000                 -1.9681780373161068E+001                  6.7209873642865980E-001                 -2.4904791579957388E-007                  7.8864389009736013E-006 
                                      87                  3.4253740012513449E+000                 -1.3157766478838684E-001                  5.5542255174228714E+000                 -6.0364204423930090E+000                  7.8666077068774740E+000                  3.4419746798170398E-001                  6.3633716657474915E-001                  1.9465365443546823E-002                  7.3862216354037391E-001                  2.9794457782536432E-006                  6.0198187816966390E-022                  0.0000000000000000E+000                  0.0000000000000000E+000                  2.2744654130117990E+004                  4.3568793370541554E+000                 -1.9983778259602545E+001                  6.7209873642865992E-001                 -2.4859268685388325E-007                  7.8558432848150313E-006 
                                      88                  3.4253740006459785E+000                 -1.3191146515796218E-001                  5.5593608355835036E+000                 -6.0100031044911750E+000                  7.8919754199830843E+000                  3.4419746798170403E-001                  6.3633716657474915E-001                  1.9465365443546823E-002                  7.3805467388721202E-001                  2.9759909658090720E-006                  7.6544437657886030E-022                  0.0000000000000000E+000                  0.0000000000000000E+000                  2.2757859373664163E+004                  4.3571314094837286E+000                 -2.0175627143876028E+001                  6.7209873642865992E-001                 -2.4808161869582224E-007                  7.8334344282015822E-006 
                                      89                  3.4253740003962649E+000                 -1.3204123940636678E-001                  5.5636782972103136E+000                 -5.9886447534962546E+000                  7.9129763147106082E+000                  3.4419746798170398E-001                  6.3633716657474915E-001                  1.9465365443546823E-002                  7.3783416410498470E-001                  2.9743545107383936E-006                  9.3439086154805747E-022                  0.0000000000000000E+000                  0.0000000000000000E+000                  2.2762889665275132E+004                  4.3572273933128187E+000                 -1.9727053267904040E+001                  6.7209873642865992E-001                 -2.4788402042587302E-007                  7.8154343005257848E-006 
                                      90                  3.4253739999002013E+000                 -1.3228698669870170E-001                  5.5680092189555852E+000                 -5.9667129617966346E+000                  7.9343116565440885E+000                  3.4419746798170398E-001                  6.3633716657474915E-001                  1.9465365443546823E-002                  7.3741677575512254E-001                  2.9706181411933235E-006                  1.1420740015216099E-021                  0.0000000000000000E+000                  0.0000000000000000E+000                  2.2772179541577359E+004                  4.3574045992396737E+000                 -1.9631942772651335E+001                  6.7209873642865992E-001                 -2.4751136057367004E-007                  7.7969976430914271E-006 
                                      91                  3.4253739996025629E+000                 -1.3242736093857019E-001                  5.5726975055515959E+000                 -5.9436420430467249E+000                  7.9571528593787546E+000                  3.4419746798170398E-001                  6.3633716657474915E-001                  1.9465365443546823E-002                  7.3717846374255802E-001                  2.9683273107438103E-006                  1.4162075258622427E-021                  0.0000000000000000E+000                  0.0000000000000000E+000                  2.2777442703511264E+004                  4.3575049628467806E+000                 -2.1109554047242199E+001                  6.7209873642865992E-001                 -2.4729944966793292E-007                  7.7777075184523982E-006 
                                      92                  3.4253739990072871E+000                 -1.3269395895173733E-001                  5.5790071905286389E+000                 -5.9122983373465905E+000                  7.9881028612506535E+000                  3.4419746798170398E-001                  6.3633716657474915E-001                  1.9465365443546823E-002                  7.3672607483869434E-001                  2.9632230881146516E-006                  1.8912549695682816E-021                  0.0000000000000000E+000                  0.0000000000000000E+000                  2.2787151450059409E+004                  4.3576900387898094E+000                 -2.0354632112815082E+001                  6.7209873642865992E-001                 -2.4689877225617512E-007                  7.7515977745921288E-006 
                                      93                  3.4253739983183928E+000                 -1.3298155193031297E-001                  5.5854929129699329E+000                 -5.8800995166081904E+000                  8.0199993177955147E+000                  3.4419746798170398E-001                  6.3633716657474915E-001                  1.9465365443546823E-002                  7.3623837094827971E-001                  2.9577025088624314E-006                  2.5430981851623922E-021                  0.0000000000000000E+000                  0.0000000000000000E+000                  2.2797736555851647E+004                  4.3578917307679914E+000                 -1.9736804334966322E+001                  6.7209873642865992E-001                 -2.4646921641480032E-007                  7.7248971495976445E-006 
                                      94                  3.4253739975882853E+000                 -1.3326512880135929E-001                  5.5904728284775720E+000                 -5.8551347497861359E+000                  8.0446686336750393E+000                  3.4419746798170398E-001                  6.3633716657474915E-001                  1.9465365443546823E-002                  7.3575779374877592E-001                  2.9522154036186715E-006                  3.1916703539318729E-021                  0.0000000000000000E+000                  0.0000000000000000E+000                  2.2808292108415881E+004                  4.3580927663963163E+000                 -1.9786731646034102E+001                  6.7209873642865992E-001                 -2.4604833526161026E-007                  7.7042510677626894E-006 
                                      95                  3.4253739971502206E+000                 -1.3342601694265896E-001                  5.5958334307844719E+000                 -5.8291063419692737E+000                  8.0708809167660434E+000                  3.4419746798170398E-001                  6.3633716657474915E-001                  1.9465365443546823E-002                  7.3548527640154637E-001                  2.9486471010563710E-006                  4.0648202231102423E-021                  0.0000000000000000E+000                  0.0000000000000000E+000                  2.2814105860178537E+004                  4.3582034523942363E+000                 -2.0257142934074825E+001                  6.7209873642865992E-001                 -2.4581073042554184E-007                  7.6828500018032421E-006 
                                      96                  3.4253739962740912E+000                 -1.3372956133478817E-001                  5.6038650022308794E+000                 -5.7900195648111410E+000                  8.1103041667966238E+000                  3.4419746798170398E-001                  6.3633716657474915E-001                  1.9465365443546823E-002                  7.3497139828669689E-001                  2.9407949411223260E-006                  5.8324267474864676E-021                  0.0000000000000000E+000                  0.0000000000000000E+000                  2.2824612202352389E+004                  4.3584034074633271E+000                 -1.9839298633042155E+001                  6.7209873642865992E-001                 -2.4536456549945267E-007                  7.6508145590598442E-006 
                                      97                  3.4253739950240703E+000                 -1.3412632755762863E-001                  5.6121350206499621E+000                 -5.7492642015561870E+000                  8.1512870068908825E+000                  3.4419746798170398E-001                  6.3633716657474915E-001                  1.9465365443546823E-002                  7.3430024387013182E-001                  2.9306179218438278E-006                  8.4533946157640070E-021                  0.0000000000000000E+000                  0.0000000000000000E+000                  2.2838611540358586E+004                  4.3586696977047312E+000                 -2.0181161574490705E+001                  6.7209873642865992E-001                 -2.4478548562435285E-007                  7.6174964393154874E-006 
                                      98                  3.4253739938582322E+000                 -1.3446408295637929E-001                  5.6194623374543884E+000                 -5.7134116463516653E+000                  8.1875899333364028E+000                  3.4419746798170398E-001                  6.3633716657474915E-001                  1.9465365443546823E-002                  7.3372939283357452E-001                  2.9217526983387648E-006                  1.1719715866085185E-020                  0.0000000000000000E+000                  0.0000000000000000E+000                  2.2850600968381405E+004                  4.3588976264548709E+000                 -1.9751880645730761E+001                  6.7209873642865992E-001                 -2.4429623362242350E-007                  7.5883103223916297E-006 
                                      99                  3.4253739926923945E+000                 -1.3477577371662561E-001                  5.6270190964063378E+000                 -5.6768164829161911E+000                  8.2249495022184043E+000                  3.4419746798170398E-001                  6.3633716657474915E-001                  1.9465365443546823E-002                  7.3320298820664187E-001                  2.9127748184725535E-006                  1.6376255138024216E-020                  0.0000000000000000E+000                  0.0000000000000000E+000                  2.2861365176776202E+004                  4.3591021609253193E+000                 -1.9871018396024354E+001                  6.7209873642865992E-001                 -2.4384767657443185E-007                  7.5586445953656006E-006 
                                     100                  3.4253739912537564E+000                 -1.3513013083292680E-001                  5.6329147758296685E+000                 -5.6476966902152164E+000                  8.2544713769684162E+000                  3.4419746798170398E-001                  6.3633716657474915E-001                  1.9465365443546823E-002                  7.3260498445680045E-001                  2.9024627531902161E-006                  2.1266008942480373E-020                  0.0000000000000000E+000                  0.0000000000000000E+000                  2.2873706839332877E+004                  4.3593365506765416E+000                 -2.0868708966828102E+001                  6.7209873642865992E-001                 -2.4334106704597733E-007                  7.5350306006145062E-006 
                                     101                  3.4253739904770795E+000                 -1.3530936078335468E-001                  5.6378388308208347E+000                 -5.6240454883674937E+000                  8.2788321502104747E+000                  3.4419746798170398E-001                  6.3633716657474915E-001                  1.9465365443546823E-002                  7.3230270646336615E-001                  2.8970120339021442E-006                  2.6392577074385882E-020                  0.0000000000000000E+000                  0.0000000000000000E+000                  2.2879864401907547E+004                  4.3594534462714316E+000                 -2.0644077830654751E+001                  6.7209873642865992E-001                 -2.4308626328007519E-007                  7.5159688238782154E-006 
                                     102                  3.4253739893120638E+000                 -1.3556433832214163E-001                  5.6433859289022363E+000                 -5.5972106700187929E+000                  8.3064313257134685E+000                  3.4419746798170398E-001                  6.3633716657474915E-001                  1.9465365443546823E-002                  7.3187289225279561E-001                  2.8886458993757806E-006                  3.3651561528850661E-020                  0.0000000000000000E+000                  0.0000000000000000E+000                  2.2888333042918977E+004                  4.3596141641632338E+000                 -2.0229117483569713E+001                  6.7209873642865992E-001                 -2.4272533917635674E-007                  7.4943534556808578E-006 
                                     103                  3.4253739881470491E+000                 -1.3580444804341346E-001                  5.6503183271772492E+000                 -5.5642551731770435E+000                  8.3406926240709716E+000                  3.4419746798170398E-001                  6.3633716657474915E-001                  1.9465365443546823E-002                  7.3146837127843023E-001                  2.8804449381306537E-006                  4.5478774484153560E-020                  0.0000000000000000E+000                  0.0000000000000000E+000                  2.2896167221559703E+004                  4.3597627882856971E+000                 -2.0182126013084101E+001                  6.7209873642865992E-001                 -2.4238719727404685E-007                  7.4679205526305806E-006 
                                     104                  3.4253739862126569E+000                 -1.3617477277253007E-001                  5.6578201317557708E+000                 -5.5280139476885708E+000                  8.3781804223221865E+000                  3.4419746798170398E-001                  6.3633716657474915E-001                  1.9465365443546823E-002                  7.3084491097685200E-001                  2.8674598750177893E-006                  6.2997466284803874E-020                  0.0000000000000000E+000                  0.0000000000000000E+000                  2.2908157489243848E+004                  4.3599901601438606E+000                 -1.9677428215038617E+001                  6.7209873642865992E-001                 -2.4186891752186713E-007                  7.4388272498418380E-006 
                                     105                  3.4253739844760842E+000                 -1.3648132561049495E-001                  5.6663751355168168E+000                 -5.4876890637795466E+000                  8.4205032070805110E+000                  3.4419746798170398E-001                  6.3633716657474915E-001                  1.9465365443546823E-002                  7.3032921589503519E-001                  2.8563489960507736E-006                  9.0976297314760480E-020                  0.0000000000000000E+000                  0.0000000000000000E+000                  2.2917919037617816E+004                  4.3601751808560429E+000                 -2.0042016647464656E+001                  6.7209873642865992E-001                 -2.4144309071590511E-007                  7.4066502913114167E-006 
                                     106                  3.4253739816817976E+000                 -1.3693203257333120E-001                  5.6743201991696353E+000                 -5.4492584215605593E+000                  8.4604715348846380E+000                  3.4419746798170392E-001                  6.3633716657474915E-001                  1.9465365443546934E-002                  7.2957167986000526E-001                  2.8396393999906573E-006                  1.2805695590100200E-019                  0.0000000000000000E+000                  0.0000000000000000E+000                  2.2932177486359225E+004                  4.3604452943902761E+000                 -1.9591726657165275E+001                  6.7209873642865980E-001                 -2.4082227915194910E-007                  7.3758782446505241E-006 
                                     107                  3.4253739797917651E+000                 -1.3721177457037667E-001                  5.6788125897584605E+000                 -5.4276691570843569E+000                  8.4830442001878623E+000                  3.4419746798170398E-001                  6.3633716657474915E-001                  1.9465365443546823E-002                  7.2910189235288392E-001                  2.8295074263925399E-006                  1.5520456777821392E-019                  0.0000000000000000E+000                  0.0000000000000000E+000                  2.2941241616014966E+004                  4.3606169189005479E+000                 -1.9467715956760269E+001                  6.7209873642865992E-001                 -2.4044047315246002E-007                  7.3586355570873099E-006 
                                     108                  3.4253739788467490E+000                 -1.3734505242485850E-001                  5.6831471220802641E+000                 -5.4074169592404964E+000                  8.5045270939062938E+000                  3.4419746798170392E-001                  6.3633716657474915E-001                  1.9465365443546934E-002                  7.2887817726769599E-001                  2.8243145072991924E-006                  1.8650107076513020E-019                  0.0000000000000000E+000                  0.0000000000000000E+000                  2.2945331967182385E+004                  4.3606943453373921E+000                 -1.9378951795889758E+001                  6.7209873642865980E-001                 -2.4025954010117584E-007                  7.3425714064455779E-006 
                                     109                  3.4253739769567164E+000                 -1.3759980453785742E-001                  5.6906019555586385E+000                 -5.3728606576373403E+000                  8.5413845858602020E+000                  3.4419746798170398E-001                  6.3633716657474915E-001                  1.9465365443546823E-002                  7.2845075114478608E-001                  2.8136996518942923E-006                  2.5534539043906299E-019                  0.0000000000000000E+000                  0.0000000000000000E+000                  2.2952710022652922E+004                  4.3608339699778655E+000                 -1.9988287941121332E+001                  6.7209873642865992E-001                 -2.3991540497506086E-007                  7.3152122123130851E-006 
                                     110                  3.4253739736559909E+000                 -1.3801161877787754E-001                  5.6985935381009725E+000                 -5.3352424920113179E+000                  8.5813258111472699E+000                  3.4419746798170398E-001                  6.3633716657474915E-001                  1.9465365443546823E-002                  7.2776033434059872E-001                  2.7965593077306971E-006                  3.5751677320771475E-019                  0.0000000000000000E+000                  0.0000000000000000E+000                  2.2964771777191556E+004                  4.3610621337775060E+000                 -2.0134625563171657E+001                  6.7209873642865992E-001                 -2.3936391981327823E-007                  7.2853081223815637E-006 
                                     111                  3.4253739708346056E+000                 -1.3833524184260873E-001                  5.7037207223014459E+000                 -5.3111026835484658E+000                  8.6070088274061689E+000                  3.4419746798170398E-001                  6.3633716657474915E-001                  1.9465365443546823E-002                  7.2721823143530429E-001                  2.7832986165738485E-006                  4.4331501273953314E-019                  0.0000000000000000E+000                  0.0000000000000000E+000                  2.2974513665236325E+004                  4.3612463268159409E+000                 -2.1170710393163198E+001                  6.7209873642865992E-001                 -2.3893489534056919E-007                  7.2660960910045664E-006 
                                     112                  3.4253739694239127E+000                 -1.3848855701643317E-001                  5.7086486794607172E+000                 -5.2886432276014341E+000                  8.6312907752038086E+000                  3.4419746798170398E-001                  6.3633716657474915E-001                  1.9465365443546823E-002                  7.2696155326710465E-001                  2.7766826873159763E-006                  5.4385983750782499E-019                  0.0000000000000000E+000                  0.0000000000000000E+000                  2.2978916028345928E+004                  4.3613295381028641E+000                 -1.9886111126723883E+001                  6.7209873642865992E-001                 -2.3873299386877435E-007                  7.2483546572103006E-006 
                                     113                  3.4253739666025274E+000                 -1.3878018086351562E-001                  5.7150705784306357E+000                 -5.2592282154409196E+000                  8.6630715967601191E+000                  3.4419746798170398E-001                  6.3633716657474915E-001                  1.9465365443546823E-002                  7.2647357063774443E-001                  2.7635484975277612E-006                  7.0945872413614007E-019                  0.0000000000000000E+000                  0.0000000000000000E+000                  2.2986945840053992E+004                  4.3614812725775050E+000                 -2.0466265244155039E+001                  6.7209873642865992E-001                 -2.3835127434870933E-007                  7.2250457253753085E-006 
                                     114                  3.4253739635308578E+000                 -1.3907748674291243E-001                  5.7213245754857649E+000                 -5.2307404508860413E+000                  8.6939801654043034E+000                  3.4419746798170398E-001                  6.3633716657474915E-001                  1.9465365443546823E-002                  7.2597641729816398E-001                  2.7501051872024409E-006                  9.1783443062537099E-019                  0.0000000000000000E+000                  0.0000000000000000E+000                  2.2995176320164948E+004                  4.3616367439635937E+000                 -2.0192109962743778E+001                  6.7209873642865992E-001                 -2.3796527921089366E-007                  7.2024522395443611E-006 
                                     115                  3.4253739604591886E+000                 -1.3935647130895704E-001                  5.7286468199581284E+000                 -5.1980187934633504E+000                  8.7298463920905043E+000                  3.4419746798170398E-001                  6.3633716657474915E-001                  1.9465365443546823E-002                  7.2551021018543693E-001                  2.7370759947291729E-006                  1.2374852979958872E-018                  0.0000000000000000E+000                  0.0000000000000000E+000                  2.3002641191900977E+004                  4.3617777051137914E+000                 -1.9874272565857840E+001                  6.7209873642865992E-001                 -2.3760596538692068E-007                  7.1765598859025671E-006 
                                     116                  3.4253739558516840E+000                 -1.3974547318498243E-001                  5.7373589525599185E+000                 -5.1592059390333134E+000                  8.7725289659852219E+000                  3.4419746798170398E-001                  6.3633716657474915E-001                  1.9465365443546823E-002                  7.2486065444266157E-001                  2.7183876243357652E-006                  1.7623250675509046E-018                  0.0000000000000000E+000                  0.0000000000000000E+000                  2.3012751322326385E+004                  4.3619685444693124E+000                 -1.9353337786419431E+001                  6.7209873642865992E-001                 -2.3710956146577461E-007                  7.1457461251535048E-006 
                                     117                  3.4253739504902434E+000                 -1.4016058078116600E-001                  5.7434785518033245E+000                 -5.1316093760040404E+000                  8.8027713854910168E+000                  3.4419746798170398E-001                  6.3633716657474915E-001                  1.9465365443546823E-002                  7.2416814873218538E-001                  2.6985848464571468E-006                  2.2583622678122737E-018                  0.0000000000000000E+000                  0.0000000000000000E+000                  2.3023850959604952E+004                  4.3621779652812611E+000                 -1.9615696058651189E+001                  6.7209873642865992E-001                 -2.3658570311695540E-007                  7.1236545458920348E-006 
                                     118                  3.4253739482004728E+000                 -1.4032728532976094E-001                  5.7487493342381892E+000                 -5.1087618430011430E+000                  8.8282759690385628E+000                  3.4419746798170398E-001                  6.3633716657474915E-001                  1.9465365443546823E-002                  7.2389022911161405E-001                  2.6904109168835679E-006                  2.7881997613040741E-018                  0.0000000000000000E+000                  0.0000000000000000E+000                  2.3028156025643642E+004                  4.3622591633246328E+000                 -2.0259826906468867E+001                  6.7209873642865992E-001                 -2.3637700663027666E-007                  7.1055113085569453E-006 
                                     119                  3.4253739436209316E+000                 -1.4064413640356055E-001                  5.7566739395221926E+000                 -5.0745849007701844E+000                  8.8665617690165988E+000                  3.4419746798170398E-001                  6.3633716657474915E-001                  1.9465365443546823E-002                  7.2336228837900785E-001                  2.6741695596983541E-006                  3.8213539405158607E-018                  0.0000000000000000E+000                  0.0000000000000000E+000                  2.3035780942739482E+004                  4.3624029399823776E+000                 -1.9723080174619803E+001                  6.7209873642865992E-001                 -2.3598290629902585E-007                  7.0782695682459777E-006 
                                     120                  3.4253739371332492E+000                 -1.4106009016977553E-001                  5.7636902570924011E+000                 -5.0440208674598965E+000                  8.9007028244948216E+000                  3.4419746798170398E-001                  6.3633716657474915E-001                  1.9465365443546823E-002                  7.2266980611771092E-001                  2.6529496853430553E-006                  5.0486890714319604E-018                  0.0000000000000000E+000                  0.0000000000000000E+000                  2.3046044634911555E+004                  4.3625963986786038E+000                 -2.0058897611824033E+001                  6.7209873642865992E-001                 -2.3547053505279340E-007                  7.0536813416028392E-006 
                                     121                  3.4253739329353361E+000                 -1.4131152530744015E-001                  5.7686701634518931E+000                 -5.0227238171581714E+000                  8.9247092091665259E+000                  3.4419746798170398E-001                  6.3633716657474915E-001                  1.9465365443546823E-002                  7.2225153694575672E-001                  2.6400578413834444E-006                  6.1422317765117914E-018                  0.0000000000000000E+000                  0.0000000000000000E+000                  2.3052252388880621E+004                  4.3627133658328869E+000                 -2.0359055451660435E+001                  6.7209873642865992E-001                 -2.3516351310546019E-007                  7.0365570173963597E-006 
                                     122                  3.4253739291190524E+000                 -1.4152951722328305E-001                  5.7748642480431327E+000                 -4.9967869638407958E+000                  8.9542407425105690E+000                  3.4419746798170398E-001                  6.3633716657474915E-001                  1.9465365443546823E-002                  7.2188909741435692E-001                  2.6285188548257579E-006                  7.8221087564908532E-018                  0.0000000000000000E+000                  0.0000000000000000E+000                  2.3057309913239347E+004                  4.3628086369575829E+000                 -2.0694426128751658E+001                  6.7209873642865992E-001                 -2.3489893092126671E-007                  7.0157231369921997E-006 
                                     123                  3.4253739224702069E+000                 -1.4188800446813327E-001                  5.7831807272673759E+000                 -4.9621143222837505E+000                  8.9938373201801713E+000                  3.4419746798170398E-001                  6.3633716657474915E-001                  1.9465365443546823E-002                  7.2129346181264509E-001                  2.6092027413070533E-006                  1.0802582790591206E-017                  0.0000000000000000E+000                  0.0000000000000000E+000                  2.3065339011419710E+004                  4.3629598421962639E+000                 -2.0329859920151385E+001                  6.7209873642865992E-001                 -2.3446699099356721E-007                  6.9877117110795506E-006 
                                     124                  3.4253739139725230E+000                 -1.4231216407932445E-001                  5.7903205251071830E+000                 -4.9321743750651041E+000                  9.0279846741772651E+000                  3.4419746798170398E-001                  6.3633716657474915E-001                  1.9465365443546823E-002                  7.2058934464395008E-001                  2.5864670931864558E-006                  1.4239798366712766E-017                  0.0000000000000000E+000                  0.0000000000000000E+000                  2.3075045512597499E+004                  4.3631425662895182E+000                 -2.0182774621395787E+001                  6.7209873642865992E-001                 -2.3396090849427601E-007                  6.9632918676571495E-006 
                                     125                  3.4253739083074008E+000                 -1.4257672840748384E-001                  5.7949897155580121E+000                 -4.9128700057855585E+000                  9.0501546424696819E+000                  3.4419746798170398E-001                  6.3633716657474915E-001                  1.9465365443546823E-002                  7.2015050835272854E-001                  2.5722751216818477E-006                  1.7037610324268058E-017                  0.0000000000000000E+000                  0.0000000000000000E+000                  2.3081105017605973E+004                  4.3632565970123203E+000                 -1.9732235692643176E+001                  6.7209873642865992E-001                 -2.3364793909448350E-007                  6.9475190588357787E-006 
                                     126                  3.4253739041867983E+000                 -1.4276108207415150E-001                  5.8006530589760876E+000                 -4.8900387094545490E+000                  9.0766777617411591E+000                  3.4419746798170398E-001                  6.3633716657474915E-001                  1.9465365443546823E-002                  7.1984487653346318E-001                  2.5621481213166950E-006                  2.1135924554646869E-017                  0.0000000000000000E+000                  0.0000000000000000E+000                  2.3085055072916100E+004                  4.3633309149640507E+000                 -1.9539957612733520E+001                  6.7209873642865992E-001                 -2.3343106350670791E-007                  6.9288987396587041E-006 
                                     127                  3.4253738959455933E+000                 -1.4311155351992388E-001                  5.8080510675869688E+000                 -4.8601553095871131E+000                  9.1113904697375645E+000                  3.4419746798170398E-001                  6.3633716657474915E-001                  1.9465365443546823E-002                  7.1926420301195026E-001                  2.5426846870043621E-006                  2.7982051390908191E-017                  0.0000000000000000E+000                  0.0000000000000000E+000                  2.3092306853205500E+004                  4.3634673198195122E+000                 -1.9656702375661563E+001                  6.7209873642865992E-001                 -2.3302147118946893E-007                  6.9043354560676025E-006 
                                     128                  3.4253738868802674E+000                 -1.4347232215991865E-001                  5.8155904234415248E+000                 -4.8300167109645660E+000                  9.1465856294552790E+000                  3.4419746798170398E-001                  6.3633716657474915E-001                  1.9465365443546823E-002                  7.1866695798450497E-001                  2.5227063874680526E-006                  3.7169450517898033E-017                  0.0000000000000000E+000                  0.0000000000000000E+000                  2.3099789239535676E+004                  4.3636080174452081E+000                 -1.9602276558267683E+001                  6.7209873642865992E-001                 -2.3260352290075500E-007                  6.8794276629592236E-006 
                                     129                  3.4253738769908209E+000                 -1.4384042744065784E-001                  5.8229103577976522E+000                 -4.8010078550039221E+000                  9.1806135173670196E+000                  3.4419746798170398E-001                  6.3633716657474915E-001                  1.9465365443546823E-002                  7.1805807845315206E-001                  2.5022624519361235E-006                  4.8877579857828859E-017                  0.0000000000000000E+000                  0.0000000000000000E+000                  2.3107294524663648E+004                  4.3637490998801649E+000                 -2.0347048518960321E+001                  6.7209873642865992E-001                 -2.3218082269103841E-007                  6.8552983076570385E-006 
                                     130                  3.4253738671013751E+000                 -1.4418559750137330E-001                  5.8280559023037295E+000                 -4.7805905796110189E+000                  9.2045655846197327E+000                  3.4419746798170398E-001                  6.3633716657474915E-001                  1.9465365443546823E-002                  7.1748760451770643E-001                  2.4831804431075500E-006                  5.9212678038634587E-017                  0.0000000000000000E+000                  0.0000000000000000E+000                  2.3114404860503470E+004                  4.3638827158953761E+000                 -1.9637639697261214E+001                  6.7209873642865992E-001                 -2.3178772472123875E-007                  6.8381684331136915E-006 
                                     131                  3.4253738621566518E+000                 -1.4435054704058248E-001                  5.8330222639035103E+000                 -4.7614680310618702E+000                  9.2272990423000483E+000                  3.4419746798170398E-001                  6.3633716657474915E-001                  1.9465365443546823E-002                  7.1721514704381661E-001                  2.4739826697033923E-006                  7.1119227672834791E-017                  0.0000000000000000E+000                  0.0000000000000000E+000                  2.3117670019754591E+004                  4.3639440603473103E+000                 -1.9694988357058730E+001                  6.7209873642865992E-001                 -2.3160091137733561E-007                  6.8221505629076107E-006 
                                     132                  3.4253738522672053E+000                 -1.4466676041543358E-001                  5.8392697519931582E+000                 -4.7373522750671082E+000                  9.2559505466428504E+000                  3.4419746798170398E-001                  6.3633716657474915E-001                  1.9465365443546823E-002                  7.1669312687848385E-001                  2.4561972816134387E-006                  8.9495701384099720E-017                  0.0000000000000000E+000                  0.0000000000000000E+000                  2.3123679586531765E+004                  4.3640569429394871E+000                 -1.9628068106515506E+001                  6.7209873642865992E-001                 -2.3124458130870838E-007                  6.8017625852594690E-006 
                                     133                  3.4253738423777587E+000                 -1.4496653061940692E-001                  5.8444037234748869E+000                 -4.7176117520470200E+000                  9.2794534539496745E+000                  3.4419746798170392E-001                  6.3633716657474915E-001                  1.9465365443546934E-002                  7.1619860271700242E-001                  2.4394842479272057E-006                  1.0801001435037846E-016                  0.0000000000000000E+000                  0.0000000000000000E+000                  2.3129509407183265E+004                  4.3641664211833842E+000                 -1.9646299634021290E+001                  6.7209873642865980E-001                 -2.3090880264363497E-007                  6.7849452802176146E-006 
                                     134                  3.4253738350869942E+000                 -1.4517808210230554E-001                  5.8485882634027693E+000                 -4.7017130130600977E+000                  9.2984858288060295E+000                  3.4419746798170398E-001                  6.3633716657474915E-001                  1.9465365443546823E-002                  7.1584981638275624E-001                  2.4276922652374007E-006                  1.2578904884792783E-016                  0.0000000000000000E+000                  0.0000000000000000E+000                  2.3133559440092311E+004                  4.3642424605379810E+000                 -2.0150595572847731E+001                  6.7209873642865992E-001                 -2.3067295396905207E-007                  6.7713492088052849E-006 
                                     135                  3.4253738277962285E+000                 -1.4538232220724570E-001                  5.8546152454745375E+000                 -4.6792533612069800E+000                  9.3256057997043218E+000                  3.4419746798170403E-001                  6.3633716657474915E-001                  1.9465365443546823E-002                  7.1551324552039863E-001                  2.4162139772165571E-006                  1.5639463358536102E-016                  0.0000000000000000E+000                  0.0000000000000000E+000                  2.3137250936147138E+004                  4.3643117567684531E+000                 -2.1502363786101892E+001                  6.7209873642865992E-001                 -2.3044610282024267E-007                  6.7520914571206301E-006 
                                     136                  3.4253738132146991E+000                 -1.4577100978930685E-001                  5.8639561611193791E+000                 -4.6446794039949264E+000                  9.3674939231919190E+000                  3.4419746798170398E-001                  6.3633716657474915E-001                  1.9465365443546823E-002                  7.1487315749435099E-001                  2.3943311556854789E-006                  2.1871407979920863E-016                  0.0000000000000000E+000                  0.0000000000000000E+000                  2.3143964846965391E+004                  4.3644377609967986E+000                 -2.0140868409574050E+001                  6.7209873642865992E-001                 -2.3001663005487079E-007                  6.7221710592257325E-006 
                                     137                  3.4253737913424045E+000                 -1.4631115570492761E-001                  5.8741229636381220E+000                 -4.6069716306257513E+000                  9.4131630143334579E+000                  3.4419746798170398E-001                  6.3633716657474915E-001                  1.9465365443546823E-002                  7.1398459959853555E-001                  2.3643774338061106E-006                  3.1443834536479688E-016                  0.0000000000000000E+000                  0.0000000000000000E+000                  2.3153428102979487E+004                  4.3646153018760199E+000                 -2.0012153294277805E+001                  6.7209873642865992E-001                 -2.2942456913867195E-007                  6.6890790427964863E-006 
                                     138                  3.4253737694701099E+000                 -1.4680815879077533E-001                  5.8818841625165801E+000                 -4.5782239784271397E+000                  9.4480168986087953E+000                  3.4419746798170398E-001                  6.3633716657474915E-001                  1.9465365443546823E-002                  7.1316798875896115E-001                  2.3373694150847185E-006                  4.1418018169814367E-016                  0.0000000000000000E+000                  0.0000000000000000E+000                  2.3162426886727182E+004                  4.3647840614584785E+000                 -2.0039487591321375E+001                  6.7209873642865992E-001                 -2.2888442467330506E-007                  6.6635252614942021E-006 
                                     139                  3.4253737548885801E+000                 -1.4711913866115209E-001                  5.8877511249852335E+000                 -4.5569005236057993E+000                  9.4740888478181056E+000                  3.4419746798170398E-001                  6.3633716657474915E-001                  1.9465365443546823E-002                  7.1265750218143942E-001                  2.3205835501612472E-006                  5.0915867977527277E-016                  0.0000000000000000E+000                  0.0000000000000000E+000                  2.3167944718340990E+004                  4.3648875082364889E+000                 -2.0062922927862594E+001                  6.7209873642865992E-001                 -2.2854850426231998E-007                  6.6444541068942862E-006 
                                     140                  3.4253737403070499E+000                 -1.4741584057899643E-001                  5.8933216291611066E+000                 -4.5367978266976792E+000                  9.4987492967243163E+000                  3.4419746798170398E-001                  6.3633716657474915E-001                  1.9465365443546823E-002                  7.1217079409593831E-001                  2.3045671744336856E-006                  6.1878923333767491E-016                  0.0000000000000000E+000                  0.0000000000000000E+000                  2.3172991627747244E+004                  4.3649821047244881E+000                 -1.9971409506640839E+001                  6.7209873642865992E-001                 -2.2822937581635459E-007                  6.6263339354767563E-006 
                                     141                  3.4253737257255197E+000                 -1.4769969031233476E-001                  5.9018734698040074E+000                 -4.5067886065093070E+000                  9.5360199755186574E+000                  3.4419746798170398E-001                  6.3633716657474915E-001                  1.9465365443546823E-002                  7.1170547977225007E-001                  2.2891995282799825E-006                  8.3203050623266729E-016                  0.0000000000000000E+000                  0.0000000000000000E+000                  2.3177500709579599E+004                  4.3650666030443839E+000                 -2.1537357131553001E+001                  6.7209873642865992E-001                 -2.2792524673513896E-007                  6.5991277516279280E-006 
                                     142                  3.4253736930893859E+000                 -1.4829438282052540E-001                  5.9125795706339819E+000                 -4.4687467332186648E+000                  9.5830259691127733E+000                  3.4419746798170403E-001                  6.3633716657474915E-001                  1.9465365443546823E-002                  7.1073158697595862E-001                  2.2573194208416819E-006                  1.2040463550081576E-015                  0.0000000000000000E+000                  0.0000000000000000E+000                  2.3186776800821444E+004                  4.3652403814578529E+000                 -1.9611653877330099E+001                  6.7209873642865992E-001                 -2.2729164055026006E-007                  6.5640248479298950E-006 
                                     143                  3.4253736604532521E+000                 -1.4884135235104018E-001                  5.9210461358342261E+000                 -4.4386963160194153E+000                  9.6201871229493712E+000                  3.4419746798170398E-001                  6.3633716657474915E-001                  1.9465365443546823E-002                  7.0983702386750680E-001                  2.2287984512573660E-006                  1.6098598173170317E-015                  0.0000000000000000E+000                  0.0000000000000000E+000                  2.3195809638448307E+004                  4.3654095359569025E+000                 -2.0835325253846452E+001                  6.7209873642865992E-001                 -2.2671298015469308E-007                  6.5358997267596679E-006 
                                     144                  3.4253736365331018E+000                 -1.4921663755034173E-001                  5.9277634309396259E+000                 -4.4152285376263087E+000                  9.6494125333562746E+000                  3.4419746798170398E-001                  6.3633716657474915E-001                  1.9465365443546823E-002                  7.0922390011078340E-001                  2.2094748108163522E-006                  2.0231474664854742E-015                  0.0000000000000000E+000                  0.0000000000000000E+000                  2.3201871993744571E+004                  4.3655230264320668E+000                 -2.0241224921284410E+001                  6.7209873642865992E-001                 -2.2631814712057803E-007                  6.5137505230019960E-006 
                                     145                  3.4253736126129515E+000                 -1.4957308151374488E-001                  5.9340992694245376E+000                 -4.3932357442500747E+000                  9.6768818943532064E+000                  3.4419746798170398E-001                  6.3633716657474915E-001                  1.9465365443546823E-002                  7.0864204868156755E-001                  2.1912359419972201E-006                  2.5067514523758133E-015                  0.0000000000000000E+000                  0.0000000000000000E+000                  2.3207407420345044E+004                  4.3656266266288082E+000                 -2.0357499872312388E+001                  6.7209873642865992E-001                 -2.2594471834162470E-007                  6.4927988343946628E-006 
                                     146                  3.4253735886928003E+000                 -1.4991274012895303E-001                  5.9430636898427993E+000                 -4.3629053196105767E+000                  9.7151942760248229E+000                  3.4419746798170398E-001                  6.3633716657474915E-001                  1.9465365443546823E-002                  7.0808804146288817E-001                  2.1739073177526000E-006                  3.3837867393958969E-015                  0.0000000000000000E+000                  0.0000000000000000E+000                  2.3212347972633735E+004                  4.3657190723811166E+000                 -2.0085896070626138E+001                  6.7209873642865992E-001                 -2.2559021699907850E-007                  6.4636621495032310E-006 
                                     147                  3.4253735408524992E+000                 -1.5054837086648831E-001                  5.9512194115653214E+000                 -4.3345508019923074E+000                  9.7505976271424615E+000                  3.4419746798170398E-001                  6.3633716657474915E-001                  1.9465365443546823E-002                  7.0705244618273833E-001                  2.1420841001761283E-006                  4.4470404942935503E-015                  0.0000000000000000E+000                  0.0000000000000000E+000                  2.3221901092660224E+004                  4.3658977709690996E+000                 -2.0048903659027761E+001                  6.7209873642865992E-001                 -2.2493009417595311E-007                  6.4358758067570105E-006 
                                     148                  3.4253735169323489E+000                 -1.5084706186286614E-001                  5.9563919055147148E+000                 -4.3169922278720119E+000                  9.7727511400708238E+000                  3.4419746798170398E-001                  6.3633716657474915E-001                  1.9465365443546823E-002                  7.0656632996241342E-001                  2.1274490417579997E-006                  5.2795664890175011E-015                  0.0000000000000000E+000                  0.0000000000000000E+000                  2.3226561325291554E+004                  4.3659849175921570E+000                 -1.9533494950776753E+001                  6.7209873642865992E-001                 -2.2462118987518809E-007                  6.4185525399797161E-006 
                                     149                  3.4253734930121986E+000                 -1.5113449891832773E-001                  5.9624984277930180E+000                 -4.2965049266979669E+000                  9.7987341589977568E+000                  3.4419746798170398E-001                  6.3633716657474915E-001                  1.9465365443546823E-002                  7.0609884497200504E-001                  2.1133685714891501E-006                  6.4570404450105759E-015                  0.0000000000000000E+000                  0.0000000000000000E+000                  2.3230679190304443E+004                  4.3660619073589686E+000                 -1.9811055051882388E+001                  6.7209873642865992E-001                 -2.2432467225815732E-007                  6.3981855725953741E-006 
                                     150                  3.4253734577793020E+000                 -1.5153933407904338E-001                  5.9715396101870528E+000                 -4.2665184483456073E+000                  9.8369590861337919E+000                  3.4419746798170398E-001                  6.3633716657474915E-001                  1.9465365443546823E-002                  7.0544094932525658E-001                  2.0936833400943096E-006                  8.6802615093920621E-015                  0.0000000000000000E+000                  0.0000000000000000E+000                  2.3236189998721864E+004                  4.3661649189773319E+000                 -1.9686225415113906E+001                  6.7209873642865992E-001                 -2.2390824416674840E-007                  6.3680416382907139E-006 
                                     151                  3.4253733996450237E+000                 -1.5216496931419926E-001                  5.9818019185636837E+000                 -4.2322352814495430E+000                  9.8805281605180753E+000                  3.4419746798170398E-001                  6.3633716657474915E-001                  1.9465365443546823E-002                  7.0442543799253177E-001                  2.0638751449261859E-006                  1.2127177747006817E-014                  0.0000000000000000E+000                  0.0000000000000000E+000                  2.3244816585578701E+004                  4.3663261237096700E+000                 -2.0871482877139496E+001                  6.7209873642865992E-001                 -2.2326727370730284E-007                  6.3329612390341870E-006 
                                     152                  3.4253733415107455E+000                 -1.5274552966595467E-001                  5.9888831363952644E+000                 -4.2084158141634118E+000                  9.9107123754980861E+000                  3.4419746798170398E-001                  6.3633716657474915E-001                  1.9465365443546823E-002                  7.0348439851096056E-001                  2.0370415124496554E-006                  1.5261400194735852E-014                  0.0000000000000000E+000                  0.0000000000000000E+000                  2.3253423627745935E+004                  4.3664869035991574E+000                 -2.0436173690377135E+001                  6.7209873642865992E-001                 -2.2267490297363096E-007                  6.3081841118260601E-006 
                                     153                  3.4253733124436061E+000                 -1.5302113167508691E-001                  5.9956484509825030E+000                 -4.1864201032395174E+000                  9.9390038172145285E+000                  3.4419746798170398E-001                  6.3633716657474915E-001                  1.9465365443546823E-002                  7.0303811098872449E-001                  2.0244392206149260E-006                  1.8958561800667252E-014                  0.0000000000000000E+000                  0.0000000000000000E+000                  2.3257297706599205E+004                  4.3665592521254348E+000                 -2.0698980982731165E+001                  6.7209873642865992E-001                 -2.2239436920600261E-007                  6.2851296431621749E-006 
                                     154                  3.4253732543093278E+000                 -1.5354656552155660E-001                  6.0040284101836621E+000                 -4.1589209339732269E+000                  9.9742322509659314E+000                  3.4419746798170398E-001                  6.3633716657474915E-001                  1.9465365443546823E-002                  7.0218805034115672E-001                  2.0006272653510423E-006                  2.4785935218029757E-014                  3.2550087658797673E-041                  0.0000000000000000E+000                  2.3264285306828027E+004                  4.3666897152802706E+000                 -1.9692813783602997E+001                  6.7209873642865992E-001                 -2.2186063064729745E-007                  6.2558652720530352E-006 
                                     155                  3.4253731961750495E+000                 -1.5404150199330738E-001                  6.0098980892754499E+000                 -4.1395251302587299E+000                  9.9990060937617535E+000                  3.4419746798170398E-001                  6.3633716657474915E-001                  1.9465365443546823E-002                  7.0138826924191566E-001                  1.9787849472386928E-006                  2.9888943542755160E-014                  6.2311513779650267E-041                  0.0000000000000000E+000                  2.3271365077924209E+004                  4.3668218593684482E+000                 -2.0047037034669010E+001                  6.7209873642865992E-001                 -2.2135894425507489E-007                  6.2349342763201789E-006 
                                     156                  3.4253731671079102E+000                 -1.5427876067574309E-001                  6.0155487699888797E+000                 -4.1213564630563289E+000                  1.0022492588238643E+001                  3.4419746798170398E-001                  6.3633716657474915E-001                  1.9465365443546823E-002                  7.0100519965172348E-001                  1.9684210095992359E-006                  3.5727232518257339E-014                  1.1599131615095192E-040                  0.0000000000000000E+000                  2.3274611701679110E+004                  4.3668824442301881E+000                 -1.9831686309346175E+001                  6.7209873642865992E-001                 -2.2111876133640201E-007                  6.2151872610563282E-006 
                                     157                  3.4253731089736319E+000                 -1.5473492724004764E-001                  6.0217140679650596E+000                 -4.1012400192296097E+000                  1.0048330904207633E+001                  3.4419746798170398E-001                  6.3633716657474915E-001                  1.9465365443546823E-002                  7.0026927675675454E-001                  1.9487061921118652E-006                  4.3403781945632013E-014                  2.2797856008953057E-040                  0.0000000000000000E+000                  2.3280674927143009E+004                  4.3669955667375149E+000                 -2.0087669420480626E+001                  6.7209873642865992E-001                 -2.2065751470147984E-007                  6.1930508509543811E-006 
                                     158                  3.4253730659922490E+000                 -1.5505779430130504E-001                  6.0292015135006070E+000                 -4.0773984593089896E+000                  1.0079284771447989E+001                  3.4419746798170398E-001                  6.3633716657474915E-001                  1.9465365443546823E-002                  6.9974886981779016E-001                  1.9349538575655007E-006                  5.4847825394783554E-014                  5.1516455464823498E-040                  0.0000000000000000E+000                  2.3284892056376841E+004                  4.3670742289799991E+000                 -1.9571076052613915E+001                  6.7209873642865992E-001                 -2.2033145000449929E-007                  6.1665611263398747E-006 
                                     159                  3.4253729800294836E+000                 -1.5567101396397984E-001                  6.0361237601881239E+000                 -4.0547582295154969E+000                  1.0108336756077765E+001                  3.4419746798170398E-001                  6.3633716657474915E-001                  1.9465365443546823E-002                  6.9876152831583382E-001                  1.9093442315989202E-006                  6.8123470504762316E-014                  1.0918582538893520E-039                  0.0000000000000000E+000                  2.3293029743947409E+004                  4.3672259812569028E+000                 -2.0577614063889744E+001                  6.7209873642865992E-001                 -2.1971306205290773E-007                  6.1410069894524825E-006 
                                     160                  3.4253729370481012E+000                 -1.5596296085003877E-001                  6.0412819527872381E+000                 -4.0382576550786338E+000                  1.0129717358661546E+001                  3.4419746798170403E-001                  6.3633716657474915E-001                  1.9465365443546823E-002                  6.9829195592196625E-001                  1.8974098922802874E-006                  7.9948820081214152E-014                  1.9046706921395297E-039                  0.0000000000000000E+000                  2.3297000249041539E+004                  4.3673000043239485E+000                 -2.0155483654852237E+001                  6.7209873642865992E-001                 -2.1941906971410314E-007                  6.1222329438478116E-006 
                                     161                  3.4253728797395904E+000                 -1.5633857617641220E-001                  6.0468933138819265E+000                 -4.0202652343233165E+000                  1.0153007430165379E+001                  3.4419746798170398E-001                  6.3633716657474915E-001                  1.9465365443546823E-002                  6.9768827390572941E-001                  1.8821834475054385E-006                  9.5109498173982692E-014                  3.4811423653557358E-039                  0.0000000000000000E+000                  2.3301822124901439E+004                  4.3673898827362843E+000                 -1.9583830655864219E+001                  6.7209873642865992E-001                 -2.1904123494241819E-007                  6.1015624323244334E-006 
                                     162                  3.4253728224310804E+000                 -1.5669986643455089E-001                  6.0548935858275152E+000                 -3.9950975824696293E+000                  1.0185861097461208E+001                  3.4419746798170398E-001                  6.3633716657474915E-001                  1.9465365443546823E-002                  6.9710810729465011E-001                  1.8677023333386061E-006                  1.2156320668417993E-013                  8.1808439114459089E-039                  0.0000000000000000E+000                  2.3306242428277761E+004                  4.3674722596119961E+000                 -2.0303246764852826E+001                  6.7209873642865992E-001                 -2.1867826856233018E-007                  6.0723584293127859E-006 
                                     163                  3.4253727078140601E+000                 -1.5738422984829895E-001                  6.0634735065886627E+000                 -3.9675422743223652E+000                  1.0221506238397403E+001                  3.4419746798170398E-001                  6.3633716657474915E-001                  1.9465365443546823E-002                  6.9601046591885474E-001                  1.8408525510423148E-006                  1.5815314273652708E-013                  2.0367660078434396E-038                  0.0000000000000000E+000                  2.3314707351869605E+004                  4.3676299685245521E+000                 -1.9628953173619571E+001                  6.7209873642865992E-001                 -2.1799205760323188E-007                  6.0398533287994310E-006 
                                     164                  3.4253726218512943E+000                 -1.5786789520871980E-001                  6.0703814282541302E+000                 -3.9456209291627267E+000                  1.0250013526888301E+001                  3.4419746798170398E-001                  6.3633716657474915E-001                  1.9465365443546823E-002                  6.9523576399686771E-001                  1.8223822794360503E-006                  1.9515491740137119E-013                  4.2250991872927960E-038                  0.0000000000000000E+000                  2.3320919749143792E+004                  4.3677456744789582E+000                 -1.9819620106316631E+001                  6.7209873642865992E-001                 -2.1750822957147113E-007                  6.0136861401257215E-006 
                                     165                  3.4253725358885294E+000                 -1.5832925654671173E-001                  6.0758237248732661E+000                 -3.9282973678393458E+000                  1.0272511675678706E+001                  3.4419746798170398E-001                  6.3633716657474915E-001                  1.9465365443546823E-002                  6.9449759069926276E-001                  1.8050540900041183E-006                  2.3019088040229619E-013                  7.4892271784574329E-038                  0.0000000000000000E+000                  2.3326711179694135E+004                  4.3678535121673114E+000                 -1.9548834566384208E+001                  6.7209873642865992E-001                 -2.1704767237675740E-007                  5.9927806818531444E-006 
                                     166                  3.4253724785800195E+000                 -1.5862557794174628E-001                  6.0800168725005292E+000                 -3.9150776634819344E+000                  1.0289753067482083E+001                  3.4419746798170403E-001                  6.3633716657474915E-001                  1.9465365443546823E-002                  6.9402389298462064E-001                  1.7940759037112693E-006                  2.6124338136253452E-013                  1.1619337497629638E-037                  0.0000000000000000E+000                  2.3330374758747144E+004                  4.3679217149767240E+000                 -1.9647249018558618E+001                  6.7209873642865992E-001                 -2.1675238885169222E-007                  5.9767142513150260E-006 
                                     167                  3.4253724212715086E+000                 -1.5891359606668320E-001                  6.0865192564659978E+000                 -3.8949382392359881E+000                  1.0316226742660152E+001                  3.4419746798170398E-001                  6.3633716657474915E-001                  1.9465365443546823E-002                  6.9356377847554329E-001                  1.7834563294675353E-006                  3.1741332498843725E-013                  2.2880503228359787E-037                  0.0000000000000000E+000                  2.3333632572619539E+004                  4.3679823548861991E+000                 -1.9777412748276543E+001                  6.7209873642865992E-001                 -2.1646578644811473E-007                  5.9520579250540889E-006 
                                     168                  3.4253722939785232E+000                 -1.5952625180843782E-001                  6.0948762068180313E+000                 -3.8687670050911431E+000                  1.0350461304851608E+001                  3.4419746798170398E-001                  6.3633716657474915E-001                  1.9465365443546823E-002                  6.9258606340649054E-001                  1.7612157094459310E-006                  4.0748779530929286E-013                  5.4442831538277364E-037                  0.0000000000000000E+000                  2.3340461448277718E+004                  4.3681094379329863E+000                 -1.9662998172666523E+001                  6.7209873642865992E-001                 -2.1585753331081620E-007                  5.9195669036209683E-006 
                                     169                  3.4253721666855377E+000                 -1.6010545787372113E-001                  6.1010710837540740E+000                 -3.8492800267318952E+000                  1.0375902437344019E+001                  3.4419746798170398E-001                  6.3633716657474915E-001                  1.9465365443546823E-002                  6.9166299695481692E-001                  1.7407496173002243E-006                  4.9007283855944284E-013                  1.0318954755984591E-036                  0.0000000000000000E+000                  2.3347398182639387E+004                  4.3682384901320672E+000                 -2.0503395811294030E+001                  6.7209873642865992E-001                 -2.1528423663831783E-007                  5.8950545840247843E-006 
                                     170                  3.4253720924312954E+000                 -1.6042951233622144E-001                  6.1065511242152599E+000                 -3.8323945717779719E+000                  1.0398150245718387E+001                  3.4419746798170398E-001                  6.3633716657474915E-001                  1.9465365443546823E-002                  6.9114709613252112E-001                  1.7294536239205973E-006                  5.7616864307897808E-013                  1.8109074828835543E-036                  0.0000000000000000E+000                  2.3351121113031750E+004                  4.3683077363588740E+000                 -2.0083927500885594E+001                  6.7209873642865992E-001                 -2.1496421171237704E-007                  5.8736456117806971E-006 
                                     171                  3.4253719810499326E+000                 -1.6089833978886062E-001                  6.1127943631625845E+000                 -3.8131095519552800E+000                  1.0423531604888762E+001                  3.4419746798170398E-001                  6.3633716657474915E-001                  1.9465365443546823E-002                  6.9040139497366271E-001                  1.7132771508393257E-006                  6.9244361227576023E-013                  3.4280187152756734E-036                  0.0000000000000000E+000                  2.3356234168698506E+004                  4.3684028208207195E+000                 -1.9712042075363890E+001                  6.7209873642865992E-001                 -2.1450213315463061E-007                  5.8489291032791137E-006 
                                     172                  3.4253718696685698E+000                 -1.6134822954581191E-001                  6.1197132104107839E+000                 -3.7919641090450047E+000                  1.0451494109476609E+001                  3.4419746798170403E-001                  6.3633716657474915E-001                  1.9465365443546823E-002                  6.8968657195568539E-001                  1.6979891089663428E-006                  8.4775667805343718E-013                  6.9261659335408838E-036                  0.0000000000000000E+000                  2.3361093651967709E+004                  4.3684931704564880E+000                 -2.0280501459185530E+001                  6.7209873642865992E-001                 -2.1405967397791021E-007                  5.8215305052518120E-006 
                                     173                  3.4253717211600865E+000                 -1.6192159850550006E-001                  6.1271456969062950E+000                 -3.7692331497030791E+000                  1.0481544051049605E+001                  3.4419746798170398E-001                  6.3633716657474915E-001                  1.9465365443546823E-002                  6.8877662728835543E-001                  1.6788193004779263E-006                  1.0526357393444025E-012                  1.4686974317377163E-035                  0.0000000000000000E+000                  2.3367201154070313E+004                  4.3686066971532131E+000                 -1.9505531435805800E+001                  6.7209873642865992E-001                 -2.1349703968678663E-007                  5.7916813522271032E-006 
                                     174                  3.4253715726516036E+000                 -1.6246783744555077E-001                  6.1351433083482805E+000                 -3.7450531957123432E+000                  1.0513674579597463E+001                  3.4419746798170398E-001                  6.3633716657474915E-001                  1.9465365443546823E-002                  6.8791085504931937E-001                  1.6608824994670919E-006                  1.3263860157636757E-012                  3.2806042792484967E-035                  0.0000000000000000E+000                  2.3372941775618609E+004                  4.3687133771981337E+000                 -1.9781929521121139E+001                  6.7209873642865992E-001                 -2.1296217796243338E-007                  5.7594982416744470E-006 
                                     175                  3.4253713817121247E+000                 -1.6313490067058195E-001                  6.1435334906347272E+000                 -3.7196781867369006E+000                  1.0547388286206855E+001                  3.4419746798170398E-001                  6.3633716657474915E-001                  1.9465365443546823E-002                  6.8685505577019668E-001                  1.6393931431833760E-006                  1.6883502326124276E-012                  7.5848624854581885E-035                  0.0000000000000000E+000                  2.3379844725770126E+004                  4.3688416225244886E+000                 -1.9732009431773260E+001                  6.7209873642865992E-001                 -2.1231035357762283E-007                  5.7251951213089250E-006 
                                     176                  3.4253711907726463E+000                 -1.6376693501094425E-001                  6.1494118203862440E+000                 -3.7017841079216800E+000                  1.0571093581865803E+001                  3.4419746798170398E-001                  6.3633716657474915E-001                  1.9465365443546823E-002                  6.8585619378582141E-001                  1.6195296161763783E-006                  1.9983595649623565E-012                  1.3607259776887099E-034                  0.0000000000000000E+000                  2.3386749643304185E+004                  4.3689698665262293E+000                 -2.0084204426538978E+001                  6.7209873642865992E-001                 -2.1169389157588409E-007                  5.7006641178441722E-006 
                                     177                  3.4253710965506459E+000                 -1.6406719806535097E-001                  6.1550353460545022E+000                 -3.6851185038742518E+000                  1.0593440068168247E+001                  3.4419746798170398E-001                  6.3633716657474915E-001                  1.9465365443546823E-002                  6.8538216956947007E-001                  1.6102090243090505E-006                  2.3442780136056899E-012                  2.3720687121844137E-034                  0.0000000000000000E+000                  2.3389841400802343E+004                  4.3690272770041121E+000                 -1.9498999237762156E+001                  6.7209873642865992E-001                 -2.1140134936931311E-007                  5.6776086802082750E-006 
                                     178                  3.4253709081066441E+000                 -1.6464687495624961E-001                  6.1638669887642035E+000                 -3.6590152346028280E+000                  1.0628483901930560E+001                  3.4419746798170392E-001                  6.3633716657474915E-001                  1.9465365443546934E-002                  6.8446796229694573E-001                  1.5923733630019783E-006                  3.0084333902485623E-012                  5.6509635658700042E-034                  0.0000000000000000E+000                  2.3395187515341728E+004                  4.3691265304665112E+000                 -1.9609111803000467E+001                  6.7209873642865980E-001                 -2.1083717777904580E-007                  5.6410057973762296E-006 
                                     179                  3.4253706254406429E+000                 -1.6546964287608726E-001                  6.1736411667633933E+000                 -3.6299516552415563E+000                  1.0667395471744642E+001                  3.4419746798170398E-001                  6.3633716657474926E-001                  1.9465365443546823E-002                  6.8317246997102632E-001                  1.5676875758150761E-006                  3.9601846292093857E-012                  1.4679904234058340E-033                  0.0000000000000000E+000                  2.3403037169086881E+004                  4.3692722223751819E+000                 -1.9412317814482854E+001                  6.7209873642865992E-001                 -2.1003770364953141E-007                  5.5995301869308413E-006 
                                     180                  3.4253703427746411E+000                 -1.6624340708349386E-001                  6.1812021022872372E+000                 -3.6073802323833428E+000                  1.0697561067068682E+001                  3.4419746798170386E-001                  6.3633716657474926E-001                  1.9465365443546823E-002                  6.8195637397793185E-001                  1.5451566136808903E-006                  4.8938749735852696E-012                  3.0586156352007087E-033                  0.0000000000000000E+000                  2.3410880228502301E+004                  4.3694177430940870E+000                 -2.0123045783205299E+001                  6.7209873642865992E-001                 -2.0928716248744802E-007                  5.5667977890511152E-006 
                                     181                  3.4253701543306398E+000                 -1.6673527070632088E-001                  6.1869598772013399E+000                 -3.5904131751546768E+000                  1.0720370740525127E+001                  3.4419746798170386E-001                  6.3633716657474926E-001                  1.9465365443546823E-002                  6.8118445613946577E-001                  1.5311161514451807E-006                  5.7432126388807919E-012                  5.3322134461903158E-033                  0.0000000000000000E+000                  2.3415756776881317E+004                  4.3695081983646267E+000                 -1.9622517272754887E+001                  6.7209873642865992E-001                 -2.0881071093187130E-007                  5.5419085724569239E-006 
                                     182                  3.4253699658866386E+000                 -1.6720987029365261E-001                  6.1929220758124917E+000                 -3.5729453925378851E+000                  1.0743915943345186E+001                  3.4419746798170386E-001                  6.3633716657474926E-001                  1.9465365443546823E-002                  6.8044046031857952E-001                  1.5177321183690901E-006                  6.7726938350465339E-012                  9.4558271548069715E-033                  0.0000000000000000E+000                  2.3420149144304251E+004                  4.3695896564213186E+000                 -1.9721032774649395E+001                  6.7209873642865992E-001                 -2.0835147332780244E-007                  5.5160141738706659E-006 
                                     183                  3.4253697457497831E+000                 -1.6774429126846002E-001                  6.1994716360294584E+000                 -3.5538161733785500E+000                  1.0769737311291093E+001                  3.4419746798170386E-001                  6.3633716657474926E-001                  1.9465365443546823E-002                  6.7960365943481438E-001                  1.5028840074594725E-006                  8.1106897943836786E-012                  1.7689110020663928E-032                  0.0000000000000000E+000                  2.3424974170255071E+004                  4.3696791206816137E+000                 -2.0193166739752218E+001                  6.7209873642865992E-001                 -2.0783491266203977E-007                  5.4873300835636893E-006 
                                     184                  3.4253694939200727E+000                 -1.6833157908961977E-001                  6.2077345065523284E+000                 -3.5299464328479497E+000                  1.0802120900734193E+001                  3.4419746798170386E-001                  6.3633716657474926E-001                  1.9465365443546823E-002                  6.7868526597693146E-001                  1.4868198462314857E-006                  1.0165270852264387E-011                  3.8794205193372042E-032                  0.0000000000000000E+000                  2.3430048740737788E+004                  4.3697731920460212E+000                 -1.9391047273219144E+001                  6.7209873642865992E-001                 -2.0726787990979821E-007                  5.4510456720437286E-006 
                                     185                  3.4253691161755069E+000                 -1.6916951352476856E-001                  6.2161491566423930E+000                 -3.5053960262176593E+000                  1.0835276333877603E+001                  3.4419746798170386E-001                  6.3633716657474926E-001                  1.9465365443546823E-002                  6.7737706265382269E-001                  1.4644133505789170E-006                  1.2785192031545252E-011                  8.5949725809858525E-032                  0.0000000000000000E+000                  2.3437478843262688E+004                  4.3699108930394344E+000                 -1.9541132499360348E+001                  6.7209873642865992E-001                 -2.0645982080364357E-007                  5.4131142424117695E-006 
                                     186                  3.4253688041579053E+000                 -1.6982699551063027E-001                  6.2219008282965635E+000                 -3.4886320593649662E+000                  1.0857926700457815E+001                  3.4419746798170386E-001                  6.3633716657474926E-001                  1.9465365443546823E-002                  6.7635235180573205E-001                  1.4472840821896098E-006                  1.4943893462961028E-011                  1.4762659110329300E-031                  0.0000000000000000E+000                  2.3443776632266286E+004                  4.3700275748561292E+000                 -2.1029910172389467E+001                  6.7209873642865992E-001                 -2.0582619189391396E-007                  5.3868521801957110E-006 
                                     187                  3.4253686167891537E+000                 -1.7020823360306814E-001                  6.2281367971997543E+000                 -3.4708921506177450E+000                  1.0882166535514147E+001                  3.4419746798170386E-001                  6.3633716657474926E-001                  1.9465365443546823E-002                  6.7575888781052507E-001                  1.4374659366396057E-006                  1.7669223196425393E-011                  2.6443892918233458E-031                  0.0000000000000000E+000                  2.3447136318784444E+004                  4.3700898083775703E+000                 -1.9367608830245295E+001                  6.7209873642865992E-001                 -2.0545881077330708E-007                  5.3587267066468453E-006 
                                     188                  3.4253682420516509E+000                 -1.7094301824131752E-001                  6.2359568575321429E+000                 -3.4484400185206563E+000                  1.0912714374704327E+001                  3.4419746798170386E-001                  6.3633716657474926E-001                  1.9465365443546823E-002                  6.7461653518881037E-001                  1.4188113964300748E-006                  2.1790154490982799E-011                  5.4750791500188909E-031                  0.0000000000000000E+000                  2.3453376088623980E+004                  4.3702053677813613E+000                 -2.1176837184577781E+001                  6.7209873642865992E-001                 -2.0475065223094209E-007                  5.3226096243192821E-006 
                                     189                  3.4253678673141477E+000                 -1.7164425068832323E-001                  6.2433229332091731E+000                 -3.4273684312931447E+000                  1.0941432929534940E+001                  3.4419746798170386E-001                  6.3633716657474926E-001                  1.9465365443546823E-002                  6.7352814628690771E-001                  1.4014250200805234E-006                  2.6517815183285147E-011                  1.0824249843805879E-030                  0.0000000000000000E+000                  2.3459794557525831E+004                  4.3703242045858381E+000                 -1.9313767141620502E+001                  6.7209873642865992E-001                 -2.0407414536660801E-007                  5.2881583899843787E-006 
                                     190                  3.4253674925766449E+000                 -1.7231544627733802E-001                  6.2520140891348728E+000                 -3.4028346780244818E+000                  1.0975079168961246E+001                  3.4419746798170386E-001                  6.3633716657474926E-001                  1.9465365443546823E-002                  6.7248802262296925E-001                  1.3850793235373490E-006                  3.3367799244988906E-011                  2.4060307347099948E-030                  0.0000000000000000E+000                  2.3465768227708319E+004                  4.3704347768137239E+000                 -1.9334847740780752E+001                  6.7209873642865992E-001                 -2.0342546195891582E-007                  5.2473032558357693E-006 
                                     191                  3.4253669296263873E+000                 -1.7327374750721569E-001                  6.2600781630738673E+000                 -3.3796574169219644E+000                  1.1006599473952511E+001                  3.4419746798170386E-001                  6.3633716657474926E-001                  1.9465365443546823E-002                  6.7100576659416666E-001                  1.3623265878966537E-006                  4.1290550397719180E-011                  5.0308897922858071E-030                  0.0000000000000000E+000                  2.3474988706092299E+004                  4.3706053919974464E+000                 -1.9704755752474451E+001                  6.7209873642865992E-001                 -2.0249641876566728E-007                  5.2079969094969335E-006 
                                     192                  3.4253665540448810E+000                 -1.7388315950987884E-001                  6.2662062943302104E+000                 -3.3622469649023237E+000                  1.1030405719014695E+001                  3.4419746798170386E-001                  6.3633716657474926E-001                  1.9465365443546823E-002                  6.7006485618211697E-001                  1.3482155946525094E-006                  4.8489915684825700E-011                  8.7828339374987195E-030                  0.0000000000000000E+000                  2.3481352809776217E+004                  4.3707231139084763E+000                 -1.9339447526525753E+001                  6.7209873642865992E-001                 -2.0190289385023835E-007                  5.1779425134726719E-006 
                                     193                  3.4253661784633751E+000                 -1.7447105012560837E-001                  6.2720473808188553E+000                 -3.3456566565549006E+000                  1.1053093926008343E+001                  3.4419746798170386E-001                  6.3633716657474926E-001                  1.9465365443546823E-002                  6.6915842435811435E-001                  1.3348093654796857E-006                  5.6484865221656544E-011                  1.4903534393266137E-029                  0.0000000000000000E+000                  2.3487438121506875E+004                  4.3708356489457927E+000                 -1.9719567718549637E+001                  6.7209873642865992E-001                 -2.0132789761509268E-007                  5.1488766693516914E-006 
                                     194                  3.4253658028818683E+000                 -1.7503917035721581E-001                  6.2783406117375309E+000                 -3.3278510330455173E+000                  1.1077488845639900E+001                  3.4419746798170386E-001                  6.3633716657474926E-001                  1.9465365443546823E-002                  6.6828364029011811E-001                  1.3220613308104247E-006                  6.6528397570655892E-011                  2.6276603185676346E-029                  0.0000000000000000E+000                  2.3493430388663241E+004                  4.3709464348319091E+000                 -1.9710313575484715E+001                  6.7209873642865992E-001                 -2.0076957518383070E-007                  5.1171836371143568E-006 
                                     195                  3.4253653302399734E+000                 -1.7572837549219511E-001                  6.2857634763423373E+000                 -3.3068159641296599E+000                  1.1106287593506744E+001                  3.4419746798170386E-001                  6.3633716657474926E-001                  1.9465365443546823E-002                  6.6722394631324999E-001                  1.3068683056221760E-006                  8.0634080192382332E-011                  5.1127451443916973E-029                  0.0000000000000000E+000                  2.3500871179442220E+004                  4.3710839619062769E+000                 -1.9229315991821462E+001                  6.7209873642865992E-001                 -2.0008827363894323E-007                  5.0790761751566942E-006 
                                     196                  3.4253647449760387E+000                 -1.7654569639344875E-001                  6.2941943278308914E+000                 -3.2828232979597214E+000                  1.1139071327575508E+001                  3.4419746798170386E-001                  6.3633716657474926E-001                  1.9465365443546823E-002                  6.6596944441711925E-001                  1.2892546627559498E-006                  1.0023257041114105E-010                  1.0844836733975276E-028                  0.0000000000000000E+000                  2.3510153363532001E+004                  4.3712554621627282E+000                 -1.9211640893163050E+001                  6.7209873642865992E-001                 -1.9927394637314420E-007                  5.0347181903307346E-006 
                                     197                  3.4253640470900653E+000                 -1.7747348737680624E-001                  6.3027165303086949E+000                 -3.2583070164015484E+000                  1.1172402134036398E+001                  3.4419746798170386E-001                  6.3633716657474926E-001                  1.9465365443546823E-002                  6.6454824072535368E-001                  1.2698006240676089E-006                  1.2482150790103356E-010                  2.3098440445860254E-028                  0.0000000000000000E+000                  2.3521476005010034E+004                  4.3714645708359976E+000                 -1.9301747629923973E+001                  6.7209873642865992E-001                 -1.9834026971263339E-007                  4.9884420520634132E-006 
                                     198                  3.4253633492040922E+000                 -1.7835585420682540E-001                  6.3098738367447664E+000                 -3.2374632088567377E+000                  1.1200579100464289E+001                  3.4419746798170386E-001                  6.3633716657474926E-001                  1.9465365443546823E-002                  6.6319943231178435E-001                  1.2518372527339583E-006                  1.5003076766123418E-010                  4.3456501466915526E-028                  0.0000000000000000E+000                  2.3533149834837455E+004                  4.3716800599570034E+000                 -1.9466751048968050E+001                  6.7209873642865992E-001                 -1.9744248416412771E-007                  4.9483632778499311E-006 
                                     199                  3.4253627908953130E+000                 -1.7903230132551740E-001                  6.3158992614835068E+000                 -3.2198873994292172E+000                  1.1224320714011190E+001                  3.4419746798170386E-001                  6.3633716657474926E-001                  1.9465365443546823E-002                  6.6216725215405559E-001                  1.2383937262440471E-006                  1.7506331184950590E-010                  7.3799931833094838E-028                  0.0000000000000000E+000                  2.3542443058736731E+004                  4.3718515286805140E+000                 -1.9229563878870422E+001                  6.7209873642865992E-001                 -1.9674754089119050E-007                  4.9140037732304894E-006 
                                     200                  3.4253622325865347E+000                 -1.7968490820887562E-001                  6.3230422314228463E+000                 -3.1990810857350449E+000                  1.1252444645009030E+001                  3.4419746798170386E-001                  6.3633716657474926E-001                  1.9465365443546823E-002                  6.6117297199073377E-001                  1.2256548848141098E-006                  2.1003500191617566E-010                  1.3784738136422452E-027                  0.0000000000000000E+000                  2.3551312298337529E+004                  4.3720151113820265E+000                 -1.9210086889833843E+001                  6.7209873642865992E-001                 -1.9607157816613700E-007                  4.8726454108688177E-006 
                                     201                  3.4253613951233666E+000                 -1.8062316669524925E-001                  6.3310231739480196E+000                 -3.1753522096186786E+000                  1.1284216413356985E+001                  3.4419746798170386E-001                  6.3633716657474926E-001                  1.9465365443546823E-002                  6.5974610254949995E-001                  1.2077845060921695E-006                  2.5747978440138790E-010                  2.7632120198382102E-027                  0.0000000000000000E+000                  2.3564543308269385E+004                  4.3722590273496120E+000                 -1.9071496513020094E+001                  6.7209873642865992E-001                 -1.9509032928495587E-007                  4.8247711155473276E-006 
                                     202                  3.4253605576601980E+000                 -1.8151717611952617E-001                  6.3397052064537309E+000                 -3.1494571210808129E+000                  1.1318838177232630E+001                  3.4419746798170386E-001                  6.3633716657474926E-001                  1.9465365443546823E-002                  6.5838939047255352E-001                  1.1912367550852248E-006                  3.2104253113560386E-010                  5.8625330511255424E-027                  0.0000000000000000E+000                  2.3577718318209267E+004                  4.3725017749000044E+000                 -1.9067389158636551E+001                  6.7209873642865992E-001                 -1.9414530721326598E-007                  4.7715356848692619E-006 
                                     203                  3.4253594410426409E+000                 -1.8264807217450740E-001                  6.3488314530764978E+000                 -3.1216416897203301E+000                  1.1355661822966939E+001                  3.4419746798170386E-001                  6.3633716657474926E-001                  1.9465365443546823E-002                  6.5667718501764938E-001                  1.1709255506728231E-006                  4.0489312215112555E-010                  1.2879080924072924E-026                  0.0000000000000000E+000                  2.3595064791089666E+004                  4.3728211742356144E+000                 -1.9114802565954975E+001                  6.7209873642865992E-001                 -1.9293625672409737E-007                  4.7134010714181901E-006 
                                     204                  3.4253583244250834E+000                 -1.8371689804826813E-001                  6.3561849263672849E+000                 -3.0988103514072241E+000                  1.1385635652064158E+001                  3.4419746798170386E-001                  6.3633716657474926E-001                  1.9465365443546823E-002                  6.5506304846748242E-001                  1.1523831085625064E-006                  4.8815914995491187E-010                  2.4215494787695965E-026                  0.0000000000000000E+000                  2.3612785278722571E+004                  4.3731472179061353E+000                 -1.9092335010637861E+001                  6.7209873642865992E-001                 -1.9178019171353213E-007                  4.6649598403573008E-006 
                                     205                  3.4253574973411269E+000                 -1.8447278757986915E-001                  6.3621043591831405E+000                 -3.0804192830703996E+000                  1.1409773046393790E+001                  3.4419746798170386E-001                  6.3633716657474926E-001                  1.9465365443546823E-002                  6.5392390288196900E-001                  1.1395963258850622E-006                  5.6714938785219051E-010                  4.0160259519612546E-026                  0.0000000000000000E+000                  2.3625681352664615E+004                  4.3733843421944441E+000                 -1.9329954617580476E+001                  6.7209873642865992E-001                 -1.9095505852852678E-007                  4.6254081578187163E-006 
                                     206                  3.4253566702571701E+000                 -1.8520105945758863E-001                  6.3677256508758076E+000                 -3.0628242946270263E+000                  1.1432789144206390E+001                  3.4419746798170386E-001                  6.3633716657474926E-001                  1.9465365443546823E-002                  6.5282825158786395E-001                  1.1274983405534116E-006                  6.5383965323371586E-010                  6.4819882766461482E-026                  0.0000000000000000E+000                  2.3638174559727668E+004                  4.3736139354390229E+000                 -1.9166540869317494E+001                  6.7209873642865992E-001                 -1.9015427930382802E-007                  4.5871620795083994E-006 
                                     207                  3.4253558431732132E+000                 -1.8590388125690760E-001                  6.3744042042771616E+000                 -3.0419478050070570E+000                  1.1460114227167885E+001                  3.4419746798170386E-001                  6.3633716657474926E-001                  1.9465365443546823E-002                  6.5177262945046222E-001                  1.1160177802028626E-006                  7.7369312517018487E-010                  1.1418706599239424E-025                  0.0000000000000000E+000                  2.3650263439121914E+004                  4.3738359826856588E+000                 -1.9007871905980231E+001                  6.7209873642865992E-001                 -1.8937619010148287E-007                  4.5412248608858751E-006 
                                     208                  3.4253546025472783E+000                 -1.8691459889931888E-001                  6.3818899138963143E+000                 -3.0181072038221664E+000                  1.1491061956546696E+001                  3.4419746798170386E-001                  6.3633716657474926E-001                  1.9465365443546823E-002                  6.5025754656233026E-001                  1.0998533720108343E-006                  9.3454248065595841E-010                  2.1493290675962553E-025                  0.0000000000000000E+000                  2.3668140015421650E+004                  4.3741641298015743E+000                 -1.8994964017181328E+001                  6.7209873642865992E-001                 -1.8824824059682445E-007                  4.4881596152227250E-006 
                                     209                  3.4253533619213434E+000                 -1.8787787395725328E-001                  6.3883229027715460E+000                 -2.9973626795497110E+000                  1.1517844457297006E+001                  3.4419746798170386E-001                  6.3633716657474926E-001                  1.9465365443546823E-002                  6.4881685883517370E-001                  1.0848444298249310E-006                  1.0991631703835781E-009                  3.6936313262789298E-025                  0.0000000000000000E+000                  2.3686181100457005E+004                  4.3744950454972429E+000                 -1.9122463641806846E+001                  6.7209873642865992E-001                 -1.8716350069354812E-007                  4.4414443430977010E-006 
                                     210                  3.4253523280663978E+000                 -1.8864775667548900E-001                  6.3938743110863028E+000                 -2.9794072721147118E+000                  1.1540996429687381E+001                  3.4419746798170386E-001                  6.3633716657474926E-001                  1.9465365443546823E-002                  6.4766770677163088E-001                  1.0730859726890472E-006                  1.2638915620449009E-009                  5.8826435229309471E-025                  0.0000000000000000E+000                  2.3700913869366021E+004                  4.3747650920341981E+000                 -1.9124701726869120E+001                  6.7209873642865992E-001                 -1.8628991973932162E-007                  4.4005870434421626E-006 
                                     211                  3.4253512942114517E+000                 -1.8939032749604690E-001                  6.4017775418575917E+000                 -2.9540907810261814E+000                  1.1573778088006655E+001                  3.4419423788177528E-001                  6.3634039842102508E-001                  1.9465363697199645E-002                  6.4656124967387285E-001                  1.0618923604820490E-006                  1.5397775798312659E-009                  1.1368460723528173E-024                  0.0000000000000000E+000                  2.3714765771558235E+004                  4.3750188395245910E+000                 -1.8766851002009115E+001                  6.7209712137857536E-001                 -1.8544186365958395E-007                  4.3422545918492353E-006 
                                     212                  3.4253492265015604E+000                 -1.9080182868384979E-001                  6.4119608879700580E+000                 -2.9205690902203791E+000                  1.1616675971482625E+001                  3.4419084168818459E-001                  6.3634379645076100E-001                  1.9465361861054409E-002                  6.4446327109436830E-001                  1.0410924247261140E-006                  1.9873109267958539E-009                  2.6480862546847664E-024                  0.0000000000000000E+000                  2.3741655651339232E+004                  4.3755110016939067E+000                 -1.8770239791113429E+001                  6.7209542328165373E-001                 -1.8381531384908740E-007                  4.2640583479388007E-006 
                                     213                  3.4253469224819661E+000                 -1.9227237614553405E-001                  6.4207221279836943E+000                 -2.8910745961040241E+000                  1.1654064850920486E+001                  3.4419084168818459E-001                  6.3634379645076100E-001                  1.9465361861054409E-002                  6.4228476971320891E-001                  1.0201663389325567E-006                  2.4759372036327270E-009                  5.4629984988342374E-024                  0.0000000000000000E+000                  2.3772094975804052E+004                  4.3760674567109072E+000                 -1.8816428716041369E+001                  6.7209542328165373E-001                 -1.8210146432408657E-007                  4.1943618195128163E-006 
                                     214                  3.4253451038282661E+000                 -1.9336657523102169E-001                  6.4284882238850383E+000                 -2.8649752310372065E+000                  1.1687177840303038E+001                  3.4419084168818459E-001                  6.3634379645076100E-001                  1.9465361861054409E-002                  6.4066857874543104E-001                  1.0049917063604421E-006                  3.0055465294574021E-009                  1.0340583322131396E-023                  0.0000000000000000E+000                  2.3795276586462351E+004                  4.3764907572237126E+000                 -1.8797603326799649E+001                  6.7209542328165373E-001                 -1.8081421465616514E-007                  4.1319625660557876E-006 
                                     215                  3.4253430025339284E+000                 -1.9456655776543463E-001                  6.4381390238866132E+000                 -2.8324950012901615E+000                  1.1728362753930950E+001                  3.4418082878262157E-001                  6.3635381476978159E-001                  1.9465356447596838E-002                  6.3890081515257546E-001                  9.8865368544431365E-007                  3.8197772586157798E-009                  2.2743090539317054E-023                  0.0000000000000000E+000                  2.3820231249665565E+004                  4.3769459733502094E+000                 -1.8599323809316214E+001                  6.7209041682849979E-001                 -1.7939126730230562E-007                  4.0534386622561418E-006 
                                     216                  3.4253398505924220E+000                 -1.9625355827911781E-001                  6.4468957040098838E+000                 -2.8018903636948518E+000                  1.1766541934091460E+001                  3.4408891142488235E-001                  6.3644578182245770E-001                  1.9465306752660005E-002                  6.3642384303133448E-001                  9.6636859146734457E-007                  4.7526485422237273E-009                  4.6402379575479665E-023                  0.0000000000000000E+000                  2.3857159447610047E+004                  4.3776187331454270E+000                 -1.8779029634742944E+001                  6.7204445814621083E-001                 -1.7737219122389078E-007                  3.9788371872271067E-006 
                                     217                  3.4253377492980843E+000                 -1.9731168700005611E-001                  6.4550918488647984E+000                 -2.7737189155403645E+000                  1.1801964297923547E+001                  3.4408891142488235E-001                  6.3644578182245770E-001                  1.9465306752660005E-002                  6.3487512741999141E-001                  9.5273902618069913E-007                  5.8220597398627237E-009                  9.0002570313351927E-023                  0.0000000000000000E+000                  2.3880810141403559E+004                  4.3780490558732890E+000                 -1.8593208248144037E+001                  6.7204445814621083E-001                 -1.7609635415470078E-007                  3.9094619686817697E-006 
                                     218                  3.4253345973565774E+000                 -1.9881239289196889E-001                  6.4641268668583596E+000                 -2.7420168491602817E+000                  1.1841496793105279E+001                  3.4408891142488235E-001                  6.3644578182245770E-001                  1.9465306752660005E-002                  6.3268510050408111E-001                  9.3374199847173366E-007                  7.2847344235691187E-009                  1.8627776235184337E-022                  0.0000000000000000E+000                  2.3913978262038036E+004                  4.3786518301321680E+000                 -1.8577102092641162E+001                  6.7204445814621083E-001                 -1.7427463857201308E-007                  3.8307710099399974E-006 
                                     219                  3.4253314454150705E+000                 -2.0022154716373378E-001                  6.4710931802388405E+000                 -2.7171741239800413E+000                  1.1872279760736285E+001                  3.4408891142488235E-001                  6.3644578182245770E-001                  1.9465306752660005E-002                  6.3063555553931172E-001                  9.1637902248451815E-007                  8.6601852678919545E-009                  3.2567227084714061E-022                  0.0000000000000000E+000                  2.3946622393618167E+004                  4.3792442660070225E+000                 -1.8790574969753834E+001                  6.7204445814621083E-001                 -1.7255265008878557E-007                  3.7686797473944179E-006 
                                     220                  3.4253293441207329E+000                 -2.0111584206583061E-001                  6.4790124846909354E+000                 -2.6895495112963950E+000                  1.1906824446270486E+001                  3.4408891142488229E-001                  6.3644578182245770E-001                  1.9465306752660005E-002                  6.2933829315346834E-001                  9.0552178630843889E-007                  1.0518301483515907E-008                  6.1171035878713979E-022                  0.0000000000000000E+000                  2.3966828011223472E+004                  4.3796105593411685E+000                 -1.8464187540960744E+001                  6.7204445814621083E-001                 -1.7145485942427024E-007                  3.6992932828710055E-006 
                                     221                  3.4253251415320580E+000                 -2.0280926692995999E-001                  6.4874603547300147E+000                 -2.6591053139658847E+000                  1.1944408208166172E+001                  3.4408891142488229E-001                  6.3644578182245770E-001                  1.9465306752660005E-002                  6.2688912083934945E-001                  8.8532962643093068E-007                  1.2958739224813225E-008                  1.1964745721509713E-021                  0.0000000000000000E+000                  2.4005207113259017E+004                  4.3803054573477791E+000                 -1.8615740974850102E+001                  6.7204445814621083E-001                 -1.6936645450606011E-007                  3.6223184187541538E-006 
                                     222                  3.4253220067707524E+000                 -2.0399868586074929E-001                  6.4959076390787418E+000                 -2.6291416152813705E+000                  1.1981643581321546E+001                  3.4408891142488229E-001                  6.3644578182245770E-001                  1.9465306752660005E-002                  6.2517458449950747E-001                  8.7145363456802801E-007                  1.5932070074750534E-008                  2.3283980524319783E-021                  0.0000000000000000E+000                  2.4032886343392725E+004                  4.3808059325904765E+000                 -1.8396123268729532E+001                  6.7204445814621072E-001                 -1.6789343030246719E-007                  3.5461822289004866E-006 
                                     223                  3.4253173046287944E+000                 -2.0568046119095612E-001                  6.5052245137214211E+000                 -2.5956025281954473E+000                  1.2023090343329322E+001                  3.4408891142488229E-001                  6.3644578182245781E-001                  1.9465306752659894E-002                  6.2275832060675951E-001                  8.5214692941483062E-007                  2.0008795681984367E-008                  4.8362720653340116E-021                  0.0000000000000000E+000                  2.4071884844578221E+004                  4.3815100971529333E+000                 -1.8461437243655794E+001                  6.7204445814621083E-001                 -1.6579987594946555E-007                  3.4603426566101698E-006 
                                     224                  3.4253126024868372E+000                 -2.0725485526528761E-001                  6.5124165067261792E+000                 -2.5694513614730532E+000                  1.2055289801373487E+001                  3.4408891142488218E-001                  6.3644578182245781E-001                  1.9465306752660005E-002                  6.2050479906048572E-001                  8.3447936162401225E-007                  2.3851577084700639E-008                  8.4806552283372689E-021                  0.0000000000000000E+000                  2.4109577378528662E+004                  4.3821895976117293E+000                 -1.8534042845008834E+001                  6.7204445814621072E-001                 -1.6383057188752161E-007                  3.3930038836528385E-006 
                                     225                  3.4253094677255316E+000                 -2.0825193413339027E-001                  6.5201482669292989E+000                 -2.5420084646154555E+000                  1.2089410796637278E+001                  3.4408891142488218E-001                  6.3644578182245781E-001                  1.9465306752660005E-002                  6.1908184165112023E-001                  8.2343149085420278E-007                  2.8743051564115616E-008                  1.5439440765730314E-020                  0.0000000000000000E+000                  2.4132766839020005E+004                  4.3826071169370744E+000                 -1.8347349470163799E+001                  6.7204445814621083E-001                 -1.6258022039889873E-007                  3.3222073619090002E-006 
                                     226                  3.4253037206631385E+000                 -2.0998422321926255E-001                  6.5270942476884279E+000                 -2.5166213160784219E+000                  1.2120623856082378E+001                  3.4408891142488213E-001                  6.3644578182245781E-001                  1.9465306752660005E-002                  6.1661740154936662E-001                  8.0453131938883311E-007                  3.4021572902201495E-008                  2.6420614672170882E-020                  0.0000000000000000E+000                  2.4173554696027728E+004                  4.3833405176545739E+000                 -1.8619635011650061E+001                  6.7204445814621083E-001                 -1.6040229473328920E-007                  3.2562514854957046E-006 
                                     227                  3.4253008471319424E+000                 -2.1080843721355791E-001                  6.5315381416302118E+000                 -2.5006433230047294E+000                  1.2140398277429652E+001                  3.4408891142488213E-001                  6.3644578182245792E-001                  1.9465306752660005E-002                  6.1544828069391211E-001                  7.9568477238083786E-007                  3.7860836627636814E-008                  3.7184361739878989E-020                  0.0000000000000000E+000                  2.4193518948200144E+004                  4.3836990411042240E+000                 -1.8604721854631908E+001                  6.7204445814621083E-001                 -1.5936364017557284E-007                  3.2146955130607518E-006 
                                     228                  3.4252979736007458E+000                 -2.1160734510185092E-001                  6.5371739448419781E+000                 -2.4805680676531017E+000                  1.2165338196458965E+001                  3.4408891142488213E-001                  6.3644578182245792E-001                  1.9465306752660005E-002                  6.1431717140710351E-001                  7.8715000689064252E-007                  4.3324129236687961E-008                  5.7245693811483279E-020                  0.0000000000000000E+000                  2.4212121034678265E+004                  4.3840328362532972E+000                 -1.8416243387419986E+001                  6.7204445814621083E-001                 -1.5835540804958215E-007                  3.1623923275725085E-006 
                                     229                  3.4252932714587883E+000                 -2.1286448768103042E-001                  6.5437884576476968E+000                 -2.4568188277307512E+000                  1.2194756986371949E+001                  3.4408891142488207E-001                  6.3644578182245792E-001                  1.9465306752660005E-002                  6.1254149240101363E-001                  7.7386164470128950E-007                  5.0744913187789068E-008                  9.4826058262201522E-020                  0.0000000000000000E+000                  2.4241492721150655E+004                  4.3845593589182874E+000                 -1.8392889713727573E+001                  6.7204445814621083E-001                 -1.5676597002688471E-007                  3.1002661036393855E-006 
                                     230                  3.4252885693168302E+000                 -2.1406487586769968E-001                  6.5508135000660941E+000                 -2.4317489251874527E+000                  1.2225892065145123E+001                  3.4408891142488207E-001                  6.3644578182245792E-001                  1.9465306752660005E-002                  6.1085076785449832E-001                  7.6134098480562927E-007                  5.9964162244000095E-008                  1.6161126528239385E-019                  0.0000000000000000E+000                  2.4269840313935631E+004                  4.3850669188533704E+000                 -1.8300235224957380E+001                  6.7204445814621083E-001                 -1.5524498545371617E-007                  3.0345093158646423E-006 
                                     231                  3.4252827169787237E+000                 -2.1548792578789691E-001                  6.5588431479700189E+000                 -2.4031065401097074E+000                  1.2261470525049159E+001                  3.4406712900249387E-001                  6.3646757590882941E-001                  1.9465295088676671E-002                  6.0885247278214150E-001                  7.4668840063122795E-007                  7.2502077795653065E-008                  2.9630353064534103E-019                  0.0000000000000000E+000                  2.4303309829114267E+004                  4.3856654235009680E+000                 -1.8243521356384534E+001                  6.7203356693424476E-001                 -1.5343772987463081E-007                  2.9591606047268011E-006 
                                     232                  3.4252757144444690E+000                 -2.1709877146147097E-001                  6.5646412731203760E+000                 -2.3820569305868782E+000                  1.2287451131338619E+001                  3.4406273410279592E-001                  6.3647197316189452E-001                  1.9465292735309614E-002                  6.0659835542055141E-001                  7.3039751012439081E-007                  8.3188718824459679E-008                  4.5847028502864405E-019                  0.0000000000000000E+000                  2.4342558214704321E+004                  4.3863662172854934E+000                 -1.8576200957486233E+001                  6.7203136948424014E-001                 -1.5138683062315750E-007                  2.9034990380620760E-006 
                                     233                  3.4252727901560602E+000                 -2.1774465804734441E-001                  6.5696006531836098E+000                 -2.3645325843078897E+000                  1.2309311725442999E+001                  3.4406273410279592E-001                  6.3647197316189452E-001                  1.9465292735309614E-002                  6.0569688749518680E-001                  7.2393252146641963E-007                  9.3437330974701959E-008                  6.6433040512406942E-019                  0.0000000000000000E+000                  2.4358159423683639E+004                  4.3866444685939374E+000                 -1.8296041929328592E+001                  6.7203136948424014E-001                 -1.5056296794518494E-007                  2.8572188506174175E-006 
                                     234                  3.4252669415792436E+000                 -2.1899348712258365E-001                  6.5758786790565269E+000                 -2.3421324727861115E+000                  1.2337154658455804E+001                  3.4406273410279592E-001                  6.3647197316189452E-001                  1.9465292735309614E-002                  6.0395768653240367E-001                  7.1152062092380021E-007                  1.0824619406361210E-007                  1.0610038036992901E-018                  0.0000000000000000E+000                  2.4387594784426365E+004                  4.3871689703276724E+000                 -1.8305302587395680E+001                  6.7203136948424014E-001                 -1.4896757284954577E-007                  2.7978806611545013E-006 
                                     235                  3.4252610930024261E+000                 -2.2018959515493980E-001                  6.5833242217506047E+000                 -2.3157812258499746E+000                  1.2369968084945830E+001                  3.4392228959383014E-001                  6.3661249287564670E-001                  1.9465217530523216E-002                  6.0229659068827268E-001                  6.9980026102536340E-007                  1.2862788050346756E-007                  1.8426764699067042E-018                  0.0000000000000000E+000                  2.4415942204063525E+004                  4.3876734882404644E+000                 -1.8141231088427006E+001                  6.7196114722478173E-001                 -1.4743660286119900E-007                  2.7282171680971001E-006 
                                     236                  3.4252523201372012E+000                 -2.2189513399072280E-001                  6.5897290790740231E+000                 -2.2927006578642080E+000                  1.2398548800371003E+001                  3.4389005619605784E-001                  6.3664474353365808E-001                  1.9465200270284089E-002                  5.9993592104062610E-001                  6.8335777879324957E-007                  1.4934068335475950E-007                  2.9590617560702412E-018                  0.0000000000000000E+000                  2.4457199607778071E+004                  4.3884067280676122E+000                 -1.8397712674048961E+001                  6.7194503052475352E-001                 -1.4525001568950267E-007                  2.6668450883951291E-006 
                                     237                  3.4252476386494264E+000                 -2.2276587652616844E-001                  6.5940198413887980E+000                 -2.2774651898925886E+000                  1.2417531955756939E+001                  3.4389005619605784E-001                  6.3664474353365808E-001                  1.9465200270284089E-002                  5.9873427927077216E-001                  6.7506273753926865E-007                  1.6493776157495315E-007                  4.0573296047103962E-018                  0.0000000000000000E+000                  2.4478560858529814E+004                  4.3887858812197802E+000                 -1.8434463614333023E+001                  6.7194503052475352E-001                 -1.4413175486594999E-007                  2.6263447485455187E-006 
                                     238                  3.4252429571616521E+000                 -2.2361160125624641E-001                  6.5991951113021265E+000                 -2.2592298514213587E+000                  1.2440322700209375E+001                  3.4389005619605784E-001                  6.3664474353365808E-001                  1.9465200270284089E-002                  5.9756946670109246E-001                  6.6704867144938823E-007                  1.8581514066780406E-007                  5.9280277552372925E-018                  0.0000000000000000E+000                  2.4498687720408248E+004                  4.3891428218727366E+000                 -1.8219603349060044E+001                  6.7194503052475352E-001                 -1.4304433022116329E-007                  2.5778695672153985E-006 
                                     239                  3.4252359349299906E+000                 -2.2483675499567493E-001                  6.6051130343219739E+000                 -2.2382765248049536E+000                  1.2466465784909394E+001                  3.4389005619605767E-001                  6.3664474353365819E-001                  1.9465200270284200E-002                  5.9588608638548335E-001                  6.5555172738064002E-007                  2.1290850402004759E-007                  9.1327138129421144E-018                  0.0000000000000000E+000                  2.4527863876903037E+004                  4.3896597272985449E+000                 -1.8220806802553248E+001                  6.7194503052475341E-001                 -1.4146683333625676E-007                  2.5220734145497653E-006 
                                     240                  3.4252289126983291E+000                 -2.2601392952115965E-001                  6.6113833297011046E+000                 -2.2162074739566910E+000                  1.2494067878025565E+001                  3.4389005619605761E-001                  6.3664474353365819E-001                  1.9465200270284200E-002                  5.9427309764936742E-001                  6.4463236686212287E-007                  2.4574588100454425E-007                  1.4404803400096143E-017                  0.0000000000000000E+000                  2.4556035921082228E+004                  4.3901582600037630E+000                 -1.8129072572321778E+001                  6.7194503052475341E-001                 -1.3994869656960511E-007                  2.4632943057692056E-006 
                                     241                  3.4252203299707427E+000                 -2.2739354072229204E-001                  6.6200794079177161E+000                 -2.1859498132308088E+000                  1.2532078828535662E+001                  3.4387433914664173E-001                  6.3666046899919060E-001                  1.9465191854167729E-002                  5.9238828213478423E-001                  6.3196946645011334E-007                  2.9932299194108993E-007                  2.6991287194369735E-017                  0.0000000000000000E+000                  2.4588418844103264E+004                  4.3907306023719341E+000                 -1.7911876092131870E+001                  6.7193717199948877E-001                 -1.3816652083610945E-007                  2.3827606810717923E-006 
                                     242                  3.4252060259531376E+000                 -2.2956451768387287E-001                  6.6287504446190928E+000                 -2.1552044387324076E+000                  1.2570418255187404E+001                  3.4381377728308277E-001                  6.3672106329222666E-001                  1.9465159424690626E-002                  5.8943440568451400E-001                  6.1239791153594802E-007                  3.6442414673887974E-007                  5.0362399342219661E-017                  0.0000000000000000E+000                  2.4640413281162004E+004                  4.3916479877546806E+000                 -1.8066301718610653E+001                  6.7190689106556356E-001                 -1.3535581811438559E-007                  2.3007062635738312E-006 
                                     243                  3.4251956231753442E+000                 -2.3105420209023897E-001                  6.6367812393292915E+000                 -2.1272982161978682E+000                  1.2605511168261595E+001                  3.4381377728308277E-001                  6.3672106329222666E-001                  1.9465159424690626E-002                  5.8741603554045563E-001                  5.9919833919573484E-007                  4.3649596981600074E-007                  8.9335473086528710E-017                  0.0000000000000000E+000                  2.4676460198112374E+004                  4.3922828609250431E+000                 -1.7900371182419683E+001                  6.7190689106556356E-001                 -1.3342289789625632E-007                  2.2263482416481879E-006 
                                     244                  3.4251817528049529E+000                 -2.3293866177919531E-001                  6.6432253788236757E+000                 -2.1045390584557295E+000                  1.2633960881517522E+001                  3.4381377728308271E-001                  6.3672106329222666E-001                  1.9465159424690626E-002                  5.8487268366622147E-001                  5.8273921909651720E-007                  5.0464956081603917E-007                  1.4130296486587972E-016                  0.0000000000000000E+000                  2.4722268146717142E+004                  4.3930883126309999E+000                 -1.8220677293879582E+001                  6.7190689106556345E-001                 -1.3097220721061252E-007                  2.1655416003571641E-006 
                                     245                  3.4251748176197570E+000                 -2.3384143967571813E-001                  6.6472014308279803E+000                 -2.0906512104650337E+000                  1.2651354866950854E+001                  3.4369905140093798E-001                  6.3683585060742776E-001                  1.9465097991634206E-002                  5.8365815817774336E-001                  5.7497393923859331E-007                  5.5120574820673703E-007                  1.8722735042867636E-016                  0.0000000000000000E+000                  2.4744469472542507E+004                  4.3934781468674320E+000                 -1.8249432556452515E+001                  6.7184952812042653E-001                 -1.2979583352617838E-007                  2.1286765537427827E-006 
                                     246                  3.4251684555033508E+000                 -2.3464830532087128E-001                  6.6525656748661746E+000                 -2.0721537364579641E+000                  1.2674635006902092E+001                  3.4353898113921999E-001                  6.3699600658306887E-001                  1.9465012277711136E-002                  5.8257479990741590E-001                  5.6808689633611571E-007                  6.2034627806094261E-007                  2.7320825340246484E-016                  0.0000000000000000E+000                  2.4763659369057012E+004                  4.3938148215419517E+000                 -1.7978334760849449E+001                  6.7176949298389665E-001                 -1.2874357974959826E-007                  2.0797192944715768E-006 
                                     247                  3.4251563043393283E+000                 -2.3613684969796875E-001                  6.6598864266037641E+000                 -2.0469129712860501E+000                  1.2706485344787700E+001                  3.4353898113921999E-001                  6.3699600658306887E-001                  1.9465012277711136E-002                  5.8058144279387613E-001                  5.5547454861736739E-007                  7.2942433719927619E-007                  4.5669016905363799E-016                  0.0000000000000000E+000                  2.4798800211413418E+004                  4.3944306697710900E+000                 -1.7882842697266948E+001                  6.7176949298389665E-001                 -1.2680020338233298E-007                  2.0126490472390689E-006 
                                     248                  3.4251418317202873E+000                 -2.3782814511318726E-001                  6.6658988239577601E+000                 -2.0259857480212542E+000                  1.2732801496087225E+001                  3.4353898113921999E-001                  6.3699600658306887E-001                  1.9465012277711136E-002                  5.7832485134906908E-001                  5.4132639284654551E-007                  8.3319055071740996E-007                  6.9541858489334189E-016                  0.0000000000000000E+000                  2.4839792681205356E+004                  4.3951479667950313E+000                 -1.8107006818247850E+001                  6.7176949298389665E-001                 -1.2458673520216288E-007                  1.9569977920489946E-006 
                                     249                  3.4251331481488623E+000                 -2.3880413670592643E-001                  6.6721221297073532E+000                 -2.0048169953305872E+000                  1.2759657138782812E+001                  3.4353898113921971E-001                  6.3699600658306921E-001                  1.9465012277711136E-002                  5.7702663906027329E-001                  5.3324812006111289E-007                  9.5465348695207814E-007                  1.0715258658638834E-015                  0.0000000000000000E+000                  2.4863264814706421E+004                  4.3955581555974668E+000                 -1.7851379920343639E+001                  6.7176949298389665E-001                 -1.2330662530175818E-007                  1.9009342740108277E-006 
                                     250                  3.4251169336280047E+000                 -2.4055629548897001E-001                  6.6807911950692223E+000                 -1.9752522164530280E+000                  1.2797131432132398E+001                  3.4353898113921966E-001                  6.3699600658306932E-001                  1.9465012277711025E-002                  5.7470331801110242E-001                  5.1888697330888146E-007                  1.1532415910055794E-006                  1.9512469863965051E-015                  0.0000000000000000E+000                  2.4904862924608118E+004                  4.3962841557351302E+000                 -1.7720656423944099E+001                  6.7176949298389665E-001                 -1.2100253719809250E-007                  1.8226470075245777E-006 
                                     251                  3.4250963278004254E+000                 -2.4266435938661704E-001                  6.6883382918792122E+000                 -1.9492095781448031E+000                  1.2829999480988228E+001                  3.4353898113921938E-001                  6.3699600658306954E-001                  1.9465012277711136E-002                  5.7192046954592168E-001                  5.0189537418008965E-007                  1.3594571471073756E-006                  3.2809729903904676E-015                  0.0000000000000000E+000                  2.4956161096166106E+004                  4.3971777804104084E+000                 -1.7907932172572650E+001                  6.7176949298389643E-001                 -1.1821739816934149E-007                  1.7536789329768512E-006 
                                     252                  3.4250825905820390E+000                 -2.4400379986057658E-001                  6.6926669285899267E+000                 -1.9343212939396737E+000                  1.2848814698287374E+001                  3.4353898113921932E-001                  6.3699600658306954E-001                  1.9465012277711136E-002                  5.7015928364894897E-001                  4.9126230870965069E-007                  1.4933592625900745E-006                  4.4145140049267607E-015                  0.0000000000000000E+000                  2.4989008666024623E+004                  4.3977490276584676E+000                 -1.8172253855520363E+001                  6.7176949298389643E-001                 -1.1644209682830355E-007                  1.7143587898414080E-006 
                                     253                  3.4250757219728456E+000                 -2.4465541761351073E-001                  6.6954858210569892E+000                 -1.9246914662436556E+000                  1.2860991889138502E+001                  3.4347121433055977E-001                  6.3706380956197572E-001                  1.9464976107464560E-002                  5.6930445507913496E-001                  4.8613551926085701E-007                  1.5865191621203505E-006                  5.3519372779887933E-015                  0.0000000000000000E+000                  2.5004860220711904E+004                  4.3980244311475065E+000                 -1.8182542885196227E+001                  6.7173560957716938E-001                 -1.1557679949478133E-007                  1.6890856553480871E-006 
                                     254                  3.4250688533636522E+000                 -2.4529559567443904E-001                  6.6975570250969394E+000                 -1.9176075569641631E+000                  1.2869957979072202E+001                  3.4345436459626816E-001                  6.3708066828974153E-001                  1.9464967113990372E-002                  5.6846588182236824E-001                  4.8112533136070826E-007                  1.6589055584189278E-006                  6.1642661961815829E-015                  0.0000000000000000E+000                  2.5020318134722758E+004                  4.3982928274707582E+000                 -1.8513426981790449E+001                  6.7172718470942749E-001                 -1.1472556019361816E-007                  1.6704659155724207E-006 
                                     255                  3.4250654190590550E+000                 -2.4561154784608147E-001                  6.6989223421063304E+000                 -1.9129649341925841E+000                  1.2875851162365899E+001                  3.4345436459626816E-001                  6.3708066828974153E-001                  1.9464967113990372E-002                  5.6805246944859800E-001                  4.7865797246188863E-007                  1.7083766316731784E-006                  6.7650006753212446E-015                  0.0000000000000000E+000                  2.5027885604098527E+004                  4.3984241612638382E+000                 -1.8443514755001317E+001                  6.7172718470942749E-001                 -1.1430508418575265E-007                  1.6582694107226395E-006 
                                     256                  3.4250619847544583E+000                 -2.4592482055374312E-001                  6.6999361579685814E+000                 -1.9095118699252163E+000                  1.2880231710863638E+001                  3.4345436459626816E-001                  6.3708066828974153E-001                  1.9464967113990372E-002                  5.6764285989758911E-001                  4.7621591506866707E-007                  1.7460619690311303E-006                  7.2483404255421057E-015                  0.0000000000000000E+000                  2.5035360604994210E+004                  4.3985538512824105E+000                 -1.8778173072564847E+001                  6.7172718470942749E-001                 -1.1388792563568054E-007                  1.6492010567719382E-006 
                                     257                  3.4250602676021606E+000                 -2.4608046833899563E-001                  6.7006083051135805E+000                 -1.9072277638803403E+000                  1.2883131859740187E+001                  3.4345436459626816E-001                  6.3708066828974153E-001                  1.9464967113990372E-002                  5.6743945753553005E-001                  4.7500488258459554E-007                  1.7714710776563916E-006                  7.5873881300633699E-015                  0.0000000000000000E+000                  2.5039071922587205E+004                  4.3986182276386794E+000                 -1.8850995031773977E+001                  6.7172718470942749E-001                 -1.1368057046956600E-007                  1.6432073248777206E-006 
                                     258                  3.4250585504498621E+000                 -2.4623546587973402E-001                  6.7011934871134127E+000                 -1.9052385608597258E+000                  1.2885657290832787E+001                  3.4345436459626816E-001                  6.3708066828974153E-001                  1.9464967113990372E-002                  5.6723697734938605E-001                  4.7380027774286655E-007                  1.7938885237341820E-006                  7.8953357005536575E-015                  0.0000000000000000E+000                  2.5042759095937385E+004                  4.3986821757416195E+000                 -1.8847385088307711E+001                  6.7172718470942749E-001                 -1.1347402073017261E-007                  1.6379889179862834E-006 
                                     259                  3.4250572625856379E+000                 -2.4635129109370621E-001                  6.7016098797576404E+000                 -1.9038233356543159E+000                  1.2887454132420686E+001                  3.4345436459626816E-001                  6.3708066828974153E-001                  1.9464967113990372E-002                  5.6708571688733855E-001                  4.7290112524121599E-007                  1.8100071970803110E-006                  8.1219594712275181E-015                  0.0000000000000000E+000                  2.5045514933508472E+004                  4.3987299651723610E+000                 -1.9070879816251740E+001                  6.7172718470942749E-001                 -1.1331963236510596E-007                  1.6342773431105484E-006 
                                     260                  3.4250564040094891E+000                 -2.4642830796934326E-001                  6.7018590816402996E+000                 -1.9029764387873187E+000                  1.2888529441031453E+001                  3.4345436459626816E-001                  6.3708066828974153E-001                  1.9464967113990372E-002                  5.6698516000819310E-001                  4.7230370577338566E-007                  1.8197209705623739E-006                  8.2606556053750044E-015                  0.0000000000000000E+000                  2.5047346833857238E+004                  4.3987617295469708E+000                 -1.9438463598542086E+001                  6.7172718470942749E-001                 -1.1321695449638160E-007                  1.6320567012150853E-006 
                                     261                  3.4250559747214147E+000                 -2.4646675671767460E-001                  6.7020042548777878E+000                 -1.9024832894447417E+000                  1.2889155698543460E+001                  3.4345436459626816E-001                  6.3708066828974153E-001                  1.9464967113990372E-002                  5.6693496617503647E-001                  4.7200558926738357E-007                  1.8254022712414772E-006                  8.3425276270379503E-015                  0.0000000000000000E+000                  2.5048260781502395E+004                  4.3987775761426295E+000                 -1.8973671670256447E+001                  6.7172718470942749E-001                 -1.1316568952056631E-007                  1.6307638427123348E-006 
                                     262                  3.4250556527553586E+000                 -2.4649556724516469E-001                  6.7021078516385106E+000                 -1.9021313869024730E+000                  1.2889602591548652E+001                  3.4345436459626816E-001                  6.3708066828974153E-001                  1.9464967113990372E-002                  5.6689735769889260E-001                  4.7178225800188422E-007                  1.8294670086462302E-006                  8.4014426132302937E-015                  0.0000000000000000E+000                  2.5048945240791712E+004                  4.3987894433470531E+000                 -1.9457221679657433E+001                  6.7172718470942749E-001                 -1.1312727304828036E-007                  1.6298413496890406E-006 
                                     263                  3.4250554381113210E+000                 -2.4651476188892396E-001                  6.7021803226562549E+000                 -1.9018852353509661E+000                  1.2889915198483607E+001                  3.4345436459626816E-001                  6.3708066828974153E-001                  1.9464967113990372E-002                  5.6687230291965418E-001                  4.7163349446687658E-007                  1.8323156456476089E-006                  8.4429008120279198E-015                  0.0000000000000000E+000                  2.5049401183937476E+004                  4.3987973483421845E+000                 -1.9749998855192427E+001                  6.7172718470942749E-001                 -1.1310167740114841E-007                  1.6291961167889622E-006 
                                     264                  3.4250552771282932E+000                 -2.4652915138365608E-001                  6.7022268893635815E+000                 -1.9017270669320754E+000                  1.2890116067932006E+001                  3.4345436459626816E-001                  6.3708066828974153E-001                  1.9464967113990372E-002                  5.6685352103034903E-001                  4.7152198691046151E-007                  1.8341483462410005E-006                  8.4696469106775144E-015                  0.0000000000000000E+000                  2.5049742956034563E+004                  4.3988032737821641E+000                 -2.0303179096394924E+001                  6.7172718470942749E-001                 -1.1308248870595637E-007                  1.6287815252042342E-006 
                                     265                  3.4250551966367793E+000                 -2.4653634404733965E-001                  6.7022501669928314E+000                 -1.9016480066394197E+000                  1.2890216474475492E+001                  3.4345436459626816E-001                  6.3708066828974153E-001                  1.9464967113990372E-002                  5.6684413303869341E-001                  4.7146625405462483E-007                  1.8350651222131198E-006                  8.4830480167001657E-015                  0.0000000000000000E+000                  2.5049913783525302E+004                  4.3988062354566111E+000                 -1.9385648515636458E+001                  6.7172718470942749E-001                 -1.1307289694052456E-007                  1.6285742978804476E-006 
                                     266                  3.4250551563910219E+000                 -2.4653993985853631E-001                  6.7022618043768727E+000                 -1.9016084824693167E+000                  1.2890266670705229E+001                  3.4345436459626816E-001                  6.3708066828974153E-001                  1.9464967113990372E-002                  5.6683943978071472E-001                  4.7143839272693530E-007                  1.8355236166319992E-006                  8.4897555938186517E-015                  0.0000000000000000E+000                  2.5049999176372334E+004                  4.3988077159239447E+000                 -1.9547680428380374E+001                  6.7172718470942749E-001                 -1.1306810170303062E-007                  1.6284707013275769E-006 
                                     267                  3.4250551362681438E+000                 -2.4654173763400916E-001                  6.7022689156639368E+000                 -1.9015843308630587E+000                  1.2890297343830799E+001                  3.4345436459626816E-001                  6.3708066828974153E-001                  1.9464967113990372E-002                  5.6683709333613586E-001                  4.7142446332990346E-007                  1.8358038427528457E-006                  8.4938569849351565E-015                  0.0000000000000000E+000                  2.5050041866955809E+004                  4.3988084560544696E+000                 -1.9413461289491696E+001                  6.7172718470942749E-001                 -1.1306570424555995E-007                  1.6284073982464187E-006 
                                     268                  3.4250551194990786E+000                 -2.4654323571397890E-001                  6.7022737071267482E+000                 -1.9015680578540775E+000                  1.2890318010913763E+001                  3.4345436459626816E-001                  6.3708066828974153E-001                  1.9464967113990372E-002                  5.6683513805955177E-001                  4.7141285615502931E-007                  1.8359926781160907E-006                  8.4966215392919620E-015                  0.0000000000000000E+000                  2.5050077442323673E+004                  4.3988090728268912E+000                 -1.9530573279609417E+001                  6.7172718470942749E-001                 -1.1306370644644772E-007                  1.6283647456402026E-006 
                                     269                  3.4250551114097894E+000                 -2.4654395835653020E-001                  6.7022779994449859E+000                 -1.9015534803330012E+000                  1.2890336524818967E+001                  3.4345436459626816E-001                  6.3708066828974153E-001                  1.9464967113990372E-002                  5.6683419487729503E-001                  4.7140725714135684E-007                  1.8361618567431982E-006                  8.4990988509642387E-015                  0.0000000000000000E+000                  2.5050094601561246E+004                  4.3988093703173741E+000                 -1.9289829456163634E+001                  6.7172718470942749E-001                 -1.1306274274777268E-007                  1.6283265372207022E-006 
                                     270                  3.4250550972297087E+000                 -2.4654522507561269E-001                  6.7022843765195610E+000                 -1.9015318225857007E+000                  1.2890364030833206E+001                  3.4345436459626816E-001                  6.3708066828974153E-001                  1.9464967113990372E-002                  5.6683254157826857E-001                  4.7139744270568018E-007                  1.8364132326080405E-006                  8.5027807005084094E-015                  0.0000000000000000E+000                  2.5050124677557716E+004                  4.3988098917458025E+000                 -2.0022597635824869E+001                  6.7172718470942749E-001                 -1.1306105347855494E-007                  1.6282697713359937E-006 
                                     271                  3.4250550783229343E+000                 -2.4654691396741316E-001                  6.7022953080048291E+000                 -1.9014946979014091E+000                  1.2890411180680941E+001                  3.4345436459626816E-001                  6.3708066828974153E-001                  1.9464967113990372E-002                  5.6683033727448351E-001                  4.7138435745171124E-007                  1.8368442124275865E-006                  8.5090957320345371E-015                  0.0000000000000000E+000                  2.5050164779644954E+004                  4.3988105869958858E+000                 -2.0144481360312327E+001                  6.7172718470942749E-001                 -1.1305880120260116E-007                  1.6281724666910258E-006 
                                     272                  3.4250550405093851E+000                 -2.4655029152137606E-001                  6.7023171684513656E+000                 -1.9014204590740091E+000                  1.2890505467954226E+001                  3.4345436459626816E-001                  6.3708066828974153E-001                  1.9464967113990372E-002                  5.6682592899234518E-001                  4.7135818918256509E-007                  1.8377063600297048E-006                  8.5217382306390852E-015                  0.0000000000000000E+000                  2.5050244973621495E+004                  4.3988119773159111E+000                 -1.9424241830547473E+001                  6.7172718470942749E-001                 -1.1305429693523996E-007                  1.6279778875775116E-006 
                                     273                  3.4250549648822863E+000                 -2.4655704571103701E-001                  6.7023608792519331E+000                 -1.9012720235640439E+000                  1.2890693992833333E+001                  3.4345436459626816E-001                  6.3708066828974153E-001                  1.9464967113990372E-002                  5.6681711372938737E-001                  4.7130586163950545E-007                  1.8394314071807333E-006                  8.5470730359223879E-015                  0.0000000000000000E+000                  2.5050405324252963E+004                  4.3988147572955727E+000                 -1.9408897915831556E+001                  6.7172718470942749E-001                 -1.1304528953850283E-007                  1.6275888500009287E-006 
                                     274                  3.4250548136280892E+000                 -2.4657055041909476E-001                  6.7024482605105824E+000                 -1.9009753209658160E+000                  1.2891070844090104E+001                  3.4345436459626816E-001                  6.3708066828974153E-001                  1.9464967113990372E-002                  5.6679948840613559E-001                  4.7120124251641861E-007                  1.8428845100113156E-006                  8.5979424051959907E-015                  0.0000000000000000E+000                  2.5050725877341200E+004                  4.3988203146326637E+000                 -1.9485505313361074E+001                  6.7172718470942749E-001                 -1.1302727929476133E-007                  1.6268112569984765E-006 
                                     275                  3.4250545111196948E+000                 -2.4659754516486557E-001                  6.7026228618790880E+000                 -1.9003825881941339E+000                  1.2891823753946941E+001                  3.4345436459626816E-001                  6.3708066828974153E-001                  1.9464967113990372E-002                  5.6676425854894275E-001                  4.7099214797825637E-007                  1.8498027557564968E-006                  8.7004843940323490E-015                  0.0000000000000000E+000                  2.5051366392493026E+004                  4.3988314188474158E+000                 -1.9053866642746513E+001                  6.7172718470942749E-001                 -1.1299127698850062E-007                  1.6252579959786364E-006 
                                     276                  3.4250539061029066E+000                 -2.4665147609259799E-001                  6.7029714217851399E+000                 -1.8991998022996659E+000                  1.2893326413782686E+001                  3.4345436459626816E-001                  6.3708066828974153E-001                  1.9464967113990372E-002                  5.6669388182125602E-001                  4.7057453257806175E-007                  1.8636874554515596E-006                  8.9088156776678845E-015                  0.0000000000000000E+000                  2.5052645066846722E+004                  4.3988535855841659E+000                 -1.8846243969144780E+001                  6.7172718470942749E-001                 -1.1291934495836444E-007                  1.6221591450701892E-006 
                                     277                  3.4250526960693288E+000                 -2.4675910462856182E-001                  6.7036659843045792E+000                 -1.8968448694532318E+000                  1.2896319179218887E+001                  3.4345436459626816E-001                  6.3708066828974153E-001                  1.9464967113990372E-002                  5.6655345895540021E-001                  4.6974158727298634E-007                  1.8916500698113242E-006                  9.3387451087623938E-015                  0.0000000000000000E+000                  2.5055193060919344E+004                  4.3988977535150910E+000                 -1.8814149645416315E+001                  6.7172718470942749E-001                 -1.1277577009395140E-007                  1.6159918995615585E-006 
                                     278                  3.4250502760021742E+000                 -2.4697343583350503E-001                  6.7050449911384149E+000                 -1.8921769339438088E+000                  1.2902255164243517E+001                  3.4345436459626816E-001                  6.3708066828974153E-001                  1.9464967113990372E-002                  5.6627392483356642E-001                  4.6808476554072807E-007                  1.9483512084501094E-006                  1.0253957601815176E-014                  0.0000000000000000E+000                  2.5060252171083372E+004                  4.3989854368081307E+000                 -1.8460084748749352E+001                  6.7172718470942749E-001                 -1.1248976817025290E-007                  1.6037774432342472E-006 
                                     279                  3.4250454358678644E+000                 -2.4739845290228396E-001                  6.7077633995630306E+000                 -1.8830039577656235E+000                  1.2913934148065064E+001                  3.4345436459626816E-001                  6.3708066828974153E-001                  1.9464967113990372E-002                  5.6572001875206224E-001                  4.6480682184752814E-007                  2.0648814101925776E-006                  1.2325157863237793E-014                  0.0000000000000000E+000                  2.5070227035771331E+004                  4.3991582669433065E+000                 -1.8154826987315303E+001                  6.7172718470942760E-001                 -1.1192228514494231E-007                  1.5798148833275485E-006 
                                     280                  3.4250357555992452E+000                 -2.4823435289120793E-001                  6.7122695391093083E+000                 -1.8677956450349178E+000                  1.2933280801625649E+001                  3.4341028742765956E-001                  6.3712476898435189E-001                  1.9464943587988559E-002                  5.6463220718546447E-001                  4.5839546419374130E-007                  2.2726058405487982E-006                  1.6707053483247288E-014                  0.0000000000000000E+000                  2.5089760419453909E+004                  4.3994965142836850E+000                 -1.8009189124884436E+001                  6.7170514612356413E-001                 -1.1080486101825431E-007                  1.5402379660326400E-006 
                                     281                  3.4250206974036153E+000                 -2.4949903574198823E-001                  6.7179147407117892E+000                 -1.8486422744890711E+000                  1.2957559357436343E+001                  3.4324529722040081E-001                  6.3728984725443394E-001                  1.9464855525165303E-002                  5.6299036739255615E-001                  4.4879770132771638E-007                  2.5606895702354726E-006                  2.4427875339072546E-014                  0.0000000000000000E+000                  2.5119478912738403E+004                  4.4000106260018796E+000                 -1.7955418869612856E+001                  6.7162265101409824E-001                 -1.0911099720358056E-007                  1.4906878981501522E-006 
                                     282                  3.4250034880371802E+000                 -2.5089479516410834E-001                  6.7236751407954252E+000                 -1.8291559017131267E+000                  1.2982350423632461E+001                  3.4324529722040076E-001                  6.3728984725443394E-001                  1.9464855525165303E-002                  5.6118390248900463E-001                  4.3831359600406733E-007                  2.8936982411413141E-006                  3.5943811959848076E-014                  0.0000000000000000E+000                  2.5152277447624278E+004                  4.4005773149647389E+000                 -1.7925736087923404E+001                  6.7162265101409824E-001                 -1.0723685396718765E-007                  1.4402988592578400E-006 
                                     283                  3.4249862786707461E+000                 -2.5224201596849788E-001                  6.7305637073024016E+000                 -1.8060734172599042E+000                  1.3011824156440879E+001                  3.4324529722040042E-001                  6.3728984725443427E-001                  1.9464855525165303E-002                  5.5944575655012396E-001                  4.2827989730597521E-007                  3.3459060345233928E-006                  5.6904608837201537E-014                  0.0000000000000000E+000                  2.5183389523351248E+004                  4.4011141829687830E+000                 -1.7783988036218027E+001                  6.7162265101409802E-001                 -1.0542325569219373E-007                  1.3810198443452531E-006 
                                     284                  3.4249604646210945E+000                 -2.5418010554043996E-001                  6.7383563455834397E+000                 -1.7797338908441669E+000                  1.3045310015465873E+001                  3.4313603372600554E-001                  6.3739916904045790E-001                  1.9464797233536557E-002                  5.5695472726566742E-001                  4.1403919520963034E-007                  3.9402335282032139E-006                  9.5483437491012442E-014                  0.0000000000000000E+000                  2.5227956246745038E+004                  4.4018820691179492E+000                 -1.7775296092883160E+001                  6.7156801926304510E-001                 -1.0280572202830127E-007                  1.3138886722674479E-006 
                                     285                  3.4249346505714420E+000                 -2.5602815599003975E-001                  6.7453123801910699E+000                 -1.7560475177949999E+000                  1.3075215636245591E+001                  3.4269057868106462E-001                  6.3784486173384880E-001                  1.9464559585086638E-002                  5.5458975687164791E-001                  4.0071126635266585E-007                  4.5493634556120602E-006                  1.5121411188714837E-013                  0.0000000000000000E+000                  2.5270342933024505E+004                  4.4026111355847197E+000                 -1.7821044048717173E+001                  6.7134529172485546E-001                 -1.0029980825085251E-007                  1.2544485043662282E-006 
                                     286                  3.4249117047495301E+000                 -2.5760217087492693E-001                  6.7507764501133396E+000                 -1.7375940532237752E+000                  1.3098714963750769E+001                  3.4269057868106462E-001                  6.3784486173384880E-001                  1.9464559585086638E-002                  5.5258339346642638E-001                  3.8951026908527035E-007                  5.0998680448013006E-006                  2.1667635586019400E-013                  0.0000000000000000E+000                  2.5305762524939186E+004                  4.4032194282041424E+000                 -1.7927988646479310E+001                  6.7134529172485546E-001                 -9.8161906502574670E-008                  1.2081347916041431E-006 
                                     287                  3.4248944953830951E+000                 -2.5874423836833893E-001                  6.7575423246448603E+000                 -1.7151661810052654E+000                  1.3127463500696974E+001                  3.4265040279930131E-001                  6.3788505904928117E-001                  1.9464538151417576E-002                  5.5113216970836720E-001                  3.8142980714858502E-007                  5.8649321014053627E-006                  3.3730454728986706E-013                  0.0000000000000000E+000                  2.5330764746244269E+004                  4.4036483015181584E+000                 -1.7643678097675899E+001                  6.7132520378255622E-001                 -9.6606886070887760E-008                  1.1525353985481208E-006 
                                     288                  3.4248600766502264E+000                 -2.6093853536804662E-001                  6.7660207009874824E+000                 -1.6867108362126102E+000                  1.3163751417903503E+001                  3.4254601982758281E-001                  6.3798949761942469E-001                  1.9464482552992490E-002                  5.4835456670509919E-001                  3.6609976274410925E-007                  6.9861278738407070E-006                  5.8613058163647912E-013                  0.0000000000000000E+000                  2.5377885586229811E+004                  4.4044554350760237E+000                 -1.7635650905991831E+001                  6.7127301229304648E-001                 -9.3609862884903160E-008                  1.0826342159607985E-006 
                                     289                  3.4248256579173577E+000                 -2.6302427706663017E-001                  6.7726830629235399E+000                 -1.6642440025039127E+000                  1.3192361442313397E+001                  3.4248388959234738E-001                  6.3805166083028875E-001                  1.9464449577363929E-002                  5.4572735407311657E-001                  3.5176898845196748E-007                  8.0140860884338736E-006                  9.0311389019141115E-013                  0.0000000000000000E+000                  2.5422219791787815E+004                  4.4052134691619118E+000                 -1.7805045799006955E+001                  6.7124194717329899E-001                 -9.0749037592884777E-008                  1.0280096180534305E-006 
                                     290                  3.4248027120954454E+000                 -2.6436037225886050E-001                  6.7803445541544978E+000                 -1.6390191064508774E+000                  1.3224759195197453E+001                  3.4236916142608970E-001                  6.3816644988853233E-001                  1.9464388685378031E-002                  5.4405101859503358E-001                  3.4269643902101337E-007                  9.3633465380619993E-006                  1.4790828563016297E-012                  0.0000000000000000E+000                  2.5449695058461708E+004                  4.4056825829312913E+000                 -1.7496609681747454E+001                  6.7118458308623730E-001                 -8.8910955500202565E-008                  9.6775908233498934E-007 
                                     291                  3.4247568204516203E+000                 -2.6691587172951398E-001                  6.7873675100964812E+000                 -1.6152954015378576E+000                  1.3254979022644870E+001                  3.4236916142608864E-001                  6.3816644988853333E-001                  1.9464388685378031E-002                  5.4085908396461857E-001                  3.2555861957970763E-007                  1.0814390059706753E-005                  2.3232678456104615E-012                  0.0000000000000000E+000                  2.5500917848848181E+004                  4.4065558121796897E+000                 -1.7836310884023085E+001                  6.7118458308623696E-001                 -8.5378028960677896E-008                  9.1136318583472645E-007 
                                     292                  3.4247353087435775E+000                 -2.6806469800258337E-001                  6.7919060042879140E+000                 -1.6002406913540055E+000                  1.3274287721952652E+001                  3.4236916142608859E-001                  6.3816644988853333E-001                  1.9464388685378031E-002                  5.3943025617093465E-001                  3.1795095704145368E-007                  1.1858733708734287E-005                  3.1050832599593473E-012                  0.0000000000000000E+000                  2.5523178944475676E+004                  4.4069347653493933E+000                 -1.7779531478187035E+001                  6.7118458308623696E-001                 -8.3783642969019829E-008                  8.7614778130053318E-007 
                                     293                  3.4247117115373165E+000                 -2.6929199413379756E-001                  6.7973251451002294E+000                 -1.5822357904930173E+000                  1.3297276682708285E+001                  3.4212303213692052E-001                  6.3841270945482187E-001                  1.9464258408257606E-002                  5.3790800312282772E-001                  3.0989853755938969E-007                  1.3216664673064428E-005                  4.3842632678134161E-012                  0.0000000000000000E+000                  2.5546036957756238E+004                  4.4073235361390974E+000                 -1.7653543459186064E+001                  6.7106151843326411E-001                 -8.2076176509681552E-008                  8.3481008973964452E-007 
                                     294                  3.4246795534295629E+000                 -2.7091247932614054E-001                  6.8039051209837558E+000                 -1.5604568920716091E+000                  1.3325198558510488E+001                  3.4202419689869629E-001                  6.3851159700689442E-001                  1.9464206094409242E-002                  5.3590464417180783E-001                  2.9937887527491510E-007                  1.5084566456619971E-005                  6.6546454316825748E-012                  0.0000000000000000E+000                  2.5575026890331599E+004                  4.4078160990143633E+000                 -1.7581372656304829E+001                  6.7101210081078355E-001                 -7.9816446365999080E-008                  7.8532865886574000E-007 
                                     295                  3.4246409637002588E+000                 -2.7278439056148024E-001                  6.8130799300726954E+000                 -1.5304485798861092E+000                  1.3363861434475050E+001                  3.4193124140958076E-001                  6.3860460169768574E-001                  1.9464156892733508E-002                  5.3359974017549217E-001                  2.8735016617211181E-007                  1.8113617875077129E-005                  1.1862784603323314E-011                  0.0000000000000000E+000                  2.5606702655622659E+004                  4.4083536584893697E+000                 -1.7340726185410404E+001                  6.7096562306305774E-001                 -7.7198458715551220E-008                  7.1867402435416523E-007 
                                     296                  3.4245755755478267E+000                 -2.7579478170128452E-001                  6.8208982689361832E+000                 -1.5041023441312775E+000                  1.3397424979252147E+001                  3.4182823552066971E-001                  6.3870766210798513E-001                  1.9464102371345104E-002                  5.2991378627631547E-001                  2.6832479242516223E-007                  2.1190351330986082E-005                  1.9396038172555110E-011                  0.0000000000000000E+000                  2.5653844958939939E+004                  4.4091524657171384E+000                 -1.7675856713656717E+001                  6.7091412011509155E-001                 -7.2966676045630535E-008                  6.6110210086740642E-007 
                                     297                  3.4245455613139231E+000                 -2.7711488204852214E-001                  6.8261395243851473E+000                 -1.4868482414345789E+000                  1.3419623591147339E+001                  3.4182823552066910E-001                  6.3870766210798569E-001                  1.9464102371345215E-002                  5.2830548291611190E-001                  2.6010106439522049E-007                  2.3519306597913056E-005                  2.6907852535225588E-011                  0.0000000000000000E+000                  2.5672679745007674E+004                  4.4094712032148120E+000                 -1.7584093275056670E+001                  6.7091412011509133E-001                 -7.1103293287290033E-008                  6.2437132441751859E-007 
                                     298                  3.4245091154584690E+000                 -2.7867080172391384E-001                  6.8331794240081658E+000                 -1.4637665970899014E+000                  1.3449319411168871E+001                  3.4170258609834869E-001                  6.3883337773342308E-001                  1.9464036168228227E-002                  5.2641614233974232E-001                  2.5049325683058057E-007                  2.7017366660070052E-005                  4.1678113441148890E-011                  0.0000000000000000E+000                  2.5693131684933775E+004                  4.4098170427869414E+000                 -1.7393302000935833E+001                  6.7085129539973176E-001                 -6.8901627148174478E-008                  5.7723344379458407E-007 
                                     299                  3.4244525156992900E+000                 -2.8099293141608894E-001                  6.8440492302891442E+000                 -1.4282222007932537E+000                  1.3494949559433099E+001                  3.4111124863010317E-001                  6.3942502677002122E-001                  1.9463724599875665E-002                  5.2360895878415692E-001                  2.3667679742344620E-007                  3.3348636658735564E-005                  8.1526687942141356E-011                  0.0000000000000000E+000                  2.5722691307921799E+004                  4.4103164058941697E+000                 -1.7159016958922230E+001                  6.7055562664584434E-001                 -6.5693052485137282E-008                  5.1104861745475910E-007 
                                     300                  3.4243564470247936E+000                 -2.8470099665677007E-001                  6.8552092568505660E+000                 -1.3910800945526889E+000                  1.3542466980485198E+001                  3.4088534102092438E-001                  6.3965105303895686E-001                  1.9463605940118756E-002                  5.1915734569753247E-001                  2.1630050821751069E-007                  4.1497689015858040E-005                  1.6188826323934474E-010                  0.0000000000000000E+000                  2.5771413414758721E+004                  4.4111382377747024E+000                 -1.7264629145311190E+001                  6.7044267283380699E-001                 -6.0895658940985069E-008                  4.4766171180587592E-007 
                                     301                  3.4242814665959176E+000                 -2.8741752204598259E-001                  6.8643600431782890E+000                 -1.3610262289982493E+000                  1.3581151621791767E+001                  3.4081807141318377E-001                  6.3971835798059029E-001                  1.9463570606225944E-002                  5.1592013545566406E-001                  2.0256956401994720E-007                  4.9586461738150992E-005                  2.8285955057533979E-010                  0.0000000000000000E+000                  2.5807849622213300E+004                  4.4117518194949312E+000                 -1.7264234962959723E+001                  6.7040903802771901E-001                 -5.7622510506990811E-008                  4.0196956178911033E-007 
                                     302                  3.4242064861670425E+000                 -2.8999923453948179E-001                  6.8745459643065328E+000                 -1.3277912520299970E+000                  1.3623892222664566E+001                  3.4035267338826203E-001                  6.4018399999068620E-001                  1.9463326621051769E-002                  5.1286228792982846E-001                  1.9040081327139158E-007                  6.0228687638047916E-005                  5.2387039091631506E-010                  0.0000000000000000E+000                  2.5843073514961638E+004                  4.4123441630076545E+000                 -1.7125348617406210E+001                  6.7017633900017326E-001                 -5.4688931189858652E-008                  3.5699386489146905E-007 
                                     303                  3.4241037586175147E+000                 -2.9334347062650767E-001                  6.8874200394826079E+000                 -1.2861471037784058E+000                  1.3677739935340011E+001                  3.4008145285465013E-001                  6.4045536271181402E-001                  1.9463184433535785E-002                  5.0892821562085855E-001                  1.7581233049066132E-007                  7.6971062230518013E-005                  1.1346184770667597E-009                  0.0000000000000000E+000                  2.5889618056329589E+004                  4.4131256434340216E+000                 -1.6974450827034186E+001                  6.7004072872457976E-001                 -5.1129252897656733E-008                  3.0700395134945432E-007 
                                     304                  3.4239637878803322E+000                 -2.9759346652271362E-001                  6.8982814061977704E+000                 -1.2503385713353699E+000                  1.3723803643878677E+001                  3.4007592938826903E-001                  6.4046088907387544E-001                  1.9463181537855534E-002                  5.0397214525582257E-001                  1.5899573507257571E-007                  9.4817225715734159E-005                  2.1711260122200075E-009                  0.0000000000000000E+000                  2.5950157797881424E+004                  4.4141400030531006E+000                 -1.7196929037520334E+001                  6.7003796699121398E-001                 -4.6968062566634768E-008                  2.6823722069741575E-007 
                                     305                  3.4238798054380237E+000                 -2.9999628554820218E-001                  6.9072569830610187E+000                 -1.2213512215393403E+000                  1.3761239428294546E+001                  3.3969362876727394E-001                  6.4084338848296818E-001                  1.9462982749757884E-002                  5.0119152022049351E-001                  1.5028818515525636E-007                  1.1214323419176390E-004                  3.6922211790332668E-009                  0.0000000000000000E+000                  2.5984672072852773E+004                  4.4147172403873114E+000                 -1.7061559551559423E+001                  6.6984681666864510E-001                 -4.4783176051654188E-008                  2.4098443343515435E-007 
                                     306                  3.4237678288482782E+000                 -3.0305018304470649E-001                  6.9144892465315051E+000                 -1.1973502721452731E+000                  1.3791761070428780E+001                  3.3893686860862732E-001                  6.4160054214061568E-001                  1.9462589250756945E-002                  4.9767957441784660E-001                  1.4000867532266929E-007                  1.2815861461122388E-004                  5.6560765766778543E-009                  0.0000000000000000E+000                  2.6029070569131512E+004                  4.4154586608520701E+000                 -1.7350511583601492E+001                  6.6946843656542221E-001                 -4.2167630596771271E-008                  2.2016864132312516E-007 
                                     307                  3.4237118405534055E+000                 -3.0451779747025015E-001                  6.9214606916351222E+000                 -1.1751202555322819E+000                  1.3820652820253668E+001                  3.3876058568052309E-001                  6.4177691635947520E-001                  1.9462497960001768E-002                  4.9600060078077635E-001                  1.3534568692923305E-007                  1.4585871406595614E-004                  8.5054483461644401E-009                  0.0000000000000000E+000                  2.6050484699555000E+004                  4.4158158082644787E+000                 -1.7066132385654960E+001                  6.6938029509592167E-001                 -4.0972049337577070E-008                  2.0266280430821406E-007 
                                     308                  3.4235998639636609E+000                 -3.0734823761331964E-001                  6.9291561999309055E+000                 -1.1501024156361708E+000                  1.3852896229449737E+001                  3.3845881514746928E-001                  6.4207884316892050E-001                  1.9462341683610163E-002                  4.9277851265203798E-001                  1.2680877771236079E-007                  1.6823631950861390E-004                  1.3328842910667789E-008                  0.0000000000000000E+000                  2.6092141206481840E+004                  4.4165097201888646E+000                 -1.7169785560298621E+001                  6.6922940982006729E-001                 -3.8771818296070248E-008                  1.8421505075300645E-007 
                                     309                  3.4235158815213520E+000                 -3.0938623388126468E-001                  6.9365176726650946E+000                 -1.1266494568877008E+000                  1.3883458769068033E+001                  3.3845881514746129E-001                  6.4207884316892849E-001                  1.9462341683610163E-002                  4.9047148799707679E-001                  1.2103057895304515E-007                  1.9286201195345610E-004                  2.0428799223537986E-008                  0.0000000000000000E+000                  2.6122233294849011E+004                  4.4170103037733099E+000                 -1.7049821891376382E+001                  6.6922940982006462E-001                 -3.7270160085679130E-008                  1.6845689052445650E-007 
                                     310                  3.4234039049316065E+000                 -3.1200241681004193E-001                  6.9466979724263540E+000                 -1.0942048873499262E+000                  1.3925495413738176E+001                  3.3782370736541334E-001                  6.4271427920967916E-001                  1.9462013424907498E-002                  4.8752577705838746E-001                  1.1404105873673387E-007                  2.3189999995034742E-004                  3.6719529408995132E-008                  0.0000000000000000E+000                  2.6161050854639223E+004                  4.4176551850346790E+000                 -1.6850114121803443E+001                  6.6891185590960822E-001                 -3.5437813062071917E-008                  1.4899616086194609E-007 
                                     311                  3.4232297716343552E+000                 -3.1586330090253673E-001                  6.9572927579326098E+000                 -1.0599850281736256E+000                  1.3969644901310028E+001                  3.3724044539129888E-001                  6.4329784041504812E-001                  1.9461714193653057E-002                  4.8321087419019154E-001                  1.0455614976458032E-007                  2.8106947278486443E-004                  6.7406211204637892E-008                  0.0000000000000000E+000                  2.6218725870527313E+004                  4.4186115828214838E+000                 -1.6916504142498898E+001                  6.6862022490519368E-001                 -3.2916809241081291E-008                  1.3045301049556263E-007 
                                     312                  3.4230836324845395E+000                 -3.1893054684284583E-001                  6.9647852048857102E+000                 -1.0358712069973004E+000                  1.4000864814466924E+001                  3.3700681640118818E-001                  6.4353158913406383E-001                  1.9461594464748044E-002                  4.7981017461030445E-001                  9.7648157716029630E-008                  3.2208461381625503E-004                  1.0333365828549932E-007                  0.0000000000000000E+000                  2.6264460249329546E+004                  4.4193684802144588E+000                 -1.7102395147392549E+001                  6.6850341040321482E-001                 -3.1059568522759972E-008                  1.1865023077003922E-007 
                                     313                  3.4229896858882300E+000                 -3.2082813305191837E-001                  6.9704329737471058E+000                 -1.0179015466184247E+000                  1.4024216078323553E+001                  3.3679587883852169E-001                  6.4374263479685678E-001                  1.9461486364621527E-002                  4.7771828766515056E-001                  9.3626861745585751E-008                  3.5654466550434069E-004                  1.4233137209426180E-007                  0.0000000000000000E+000                  2.6298305963070521E+004                  4.4199277737906719E+000                 -1.7097139742650374E+001                  6.6839794161563215E-001                 -2.9970044433412807E-008                  1.1061473978046867E-007 
                                     314                  3.4228957392919201E+000                 -3.2267248985302033E-001                  6.9778124943872477E+000                 -9.9472588626192293E-001                  1.4054484313047013E+001                  3.3653406156354321E-001                  6.4400458715732756E-001                  1.9461351279129291E-002                  4.7569382092977947E-001                  8.9908951736083300E-008                  4.0675315308061029E-004                  2.1576047681047561E-007                  0.0000000000000000E+000                  2.6319165452167446E+004                  4.4202721142251713E+000                 -1.6863390112676829E+001                  6.6826703297019818E-001                 -2.8957440761655024E-008                  1.0110470702181528E-007 
                                     315                  3.4227349632346078E+000                 -3.2571572799246051E-001                  6.9866472654381289E+000                 -9.6670156411114294E-001                  1.4090872153090492E+001                  3.3601526806456361E-001                  6.4452364470313805E-001                  1.9461087232298335E-002                  4.7237213622737406E-001                  8.4119541113726856E-008                  4.7565463366465449E-004                  3.5425557425909455E-007                  0.0000000000000000E+000                  2.6379384867537050E+004                  4.4212646641538997E+000                 -1.6861786347214270E+001                  6.6800763620571935E-001                 -2.7365830813918896E-008                  9.0580155668668324E-008 
                                     316                  3.4225741871772950E+000                 -3.2862809225059764E-001                  6.9961836306926175E+000                 -9.3659464534589665E-001                  1.4129928294636031E+001                  3.3517845022248427E-001                  6.4536088664341940E-001                  1.9460663134096334E-002                  4.6921502207612659E-001                  7.9015669654685597E-008                  5.6161528636668135E-004                  6.0269673746247818E-007                  0.0000000000000000E+000                  2.6403577757608920E+004                  4.4216627789573408E+000                 -1.6743939977202025E+001                  6.6758922726086001E-001                 -2.5947828077294569E-008                  8.0591918776855439E-008 
                                     317                  3.4223684440813140E+000                 -3.3218392538472657E-001                  7.0062617539083591E+000                 -9.0481616385645292E-001                  1.4171228270477283E+001                  3.3444359289331932E-001                  6.4609611527821453E-001                  1.9460291828466092E-002                  4.6538895776708916E-001                  7.3262355900147487E-008                  6.6932770842777244E-004                  1.0167349404678324E-006                  1.0800004292245956E-056                  2.6477688669096544E+004                  4.4228800713239877E+000                 -1.6741684020166275E+001                  6.6722179857564778E-001                 -2.4332399271476231E-008                  7.1092117629127726E-008 
                                     318                  3.4221627009853330E+000                 -3.3556905544070692E-001                  7.0149768564685422E+000                 -8.7736332927580063E-001                  1.4206971604514113E+001                  3.3394378426991422E-001                  6.4659617550054937E-001                  1.9460040229536402E-002                  4.6177556095948008E-001                  6.8195446547378617E-008                  7.7899477827597771E-004                  1.6412086422157679E-006                  3.8152959642708430E-056                  2.6498724778943586E+004                  4.4232249745106262E+000                 -1.6809768693792115E+001                  6.6697189425019920E-001                 -2.2894007052642891E-008                  6.3711501736081132E-008 
                                     319                  3.4219912484053490E+000                 -3.3827350714292365E-001                  7.0225441999200919E+000                 -8.5365023178833754E-001                  1.4237826943013342E+001                  3.3330186202737611E-001                  6.4723841938363935E-001                  1.9459718588984543E-002                  4.5890891315406085E-001                  6.4452050528634371E-008                  8.8683967586954549E-004                  2.4804905837110304E-006                  1.1346543087245766E-055                  2.6552447424595553E+004                  4.4241045575835747E+000                 -1.6810500149455549E+001                  6.6665093311145129E-001                 -2.1821647011579627E-008                  5.7974870770912670E-008 
                                     320                  3.4218197958253649E+000                 -3.4088167478845194E-001                  7.0300248094030984E+000                 -8.3017081841036700E-001                  1.4268259619035021E+001                  3.3240367749328498E-001                  6.4813705221509355E-001                  1.9459270291621422E-002                  4.5616118190070604E-001                  6.1044647657784219E-008                  1.0060964087015771E-003                  3.7227351457603720E-006                  3.3180033523572197E-055                  2.6572137944861857E+004                  4.4244264983433794E+000                 -1.6765330298511810E+001                  6.6620184082012712E-001                 -2.0834251063313811E-008                  5.2813334091092893E-008 
                                     321                  3.4216369130733830E+000                 -3.4356592560183441E-001                  7.0374210226759519E+000                 -8.0714069862821525E-001                  1.4298293486508438E+001                  3.3176778436793719E-001                  6.4877326234992871E-001                  1.9458953282134095E-002                  4.5335047426717634E-001                  5.7768565137619537E-008                  1.1404463845349989E-003                  5.5512646179770139E-006                  9.5130440742580098E-055                  2.6626381916137540E+004                  4.4253121570281468E+000                 -1.6760410662123434E+001                  6.6588389424062344E-001                 -1.9878233363849381E-008                  4.8159001008063150E-008 
                                     322                  3.4214540303214012E+000                 -3.4615836388140675E-001                  7.0445102717520989E+000                 -7.8524160425698797E-001                  1.4327039339666756E+001                  3.3142677848158086E-001                  6.4911443834727878E-001                  1.9458783171140359E-002                  4.5065234586070707E-001                  5.4775922679594454E-008                  1.2870078916860104E-003                  8.1283082316483153E-006                  2.5919347334991842E-054                  2.6643919259171915E+004                  4.4255981089155663E+000                 -1.6762192678234690E+001                  6.6571339128890694E-001                 -1.8999720770691275E-008                  4.4074869763002287E-008 
                                     323                  3.4212711475694197E+000                 -3.4866713775298841E-001                  7.0513271265967070E+000                 -7.6414650108720872E-001                  1.4354609262400086E+001                  3.3083089005279204E-001                  6.4971062085170106E-001                  1.9458489095506959E-002                  4.4805658272949755E-001                  5.2051423803444956E-008                  1.4428595584894521E-003                  1.1705437439130517E-005                  6.7723003827562550E-054                  2.6694611552429302E+004                  4.4264236055886119E+000                 -1.6744924067259866E+001                  6.6541544705931999E-001                 -1.8193958980471352E-008                  4.0477959238423294E-008 
                                     324                  3.4210882648174388E+000                 -3.5109808948130639E-001                  7.0627372172849814E+000                 -7.2966200829704364E-001                  1.4399960507998374E+001                  3.2952384508398852E-001                  6.5101830701278929E-001                  1.9457847903222136E-002                  4.4555560412084461E-001                  4.9560408514624621E-008                  1.7389168797466515E-003                  2.1425053837121463E-005                  3.3367231879845356E-053                  2.6710492844843749E+004                  4.4266819014179060E+000                 -1.6342696577721444E+001                  6.6476192454176652E-001                 -1.7450361403042192E-008                  3.5319477821099098E-008 
                                     325                  3.4206310579374852E+000                 -3.5687261598326775E-001                  7.0762574564053589E+000                 -6.8755376502197652E-001                  1.4454739979574128E+001                  3.2802456785872469E-001                  6.5251830819542855E-001                  1.9457123945846755E-002                  4.3967055741383571E-001                  4.4148801241256867E-008                  2.1729920671585377E-003                  4.3739769125953324E-005                  2.1831868054937256E-052                  2.6791923955777311E+004                  4.4280039018641046E+000                 -1.6429611194993456E+001                  6.6401228589300909E-001                 -1.5812273610590341E-008                  2.9680503264518308E-008 
                                     326                  3.4202652924335220E+000                 -3.6121457139289609E-001                  7.0871455130784193E+000                 -6.5398301290323435E-001                  1.4498557995173879E+001                  3.2677213633541419E-001                  6.5377133743995763E-001                  1.9456526224628234E-002                  4.3529675396362222E-001                  4.0519516533944496E-008                  2.5943894955801944E-003                  7.7307247341812529E-005                  9.7662222495502127E-052                  2.6852350670039916E+004                  4.4289823100855354E+000                 -1.6448172170108460E+001                  6.6338607010206319E-001                 -1.4696218991957449E-008                  2.5842394306442019E-008 
                                     327                  3.4199226330261707E+000                 -3.6508804850811388E-001                  7.0980514035106781E+000                 -6.2050005302192635E-001                  1.4542179094208914E+001                  3.2512505534568209E-001                  6.5541919974905638E-001                  1.9455744905261474E-002                  4.3143159987080970E-001                  3.7564889770019772E-008                  3.0867615127785990E-003                  1.3608727994647888E-004                  4.3334834180547865E-051                  2.6905932800458264E+004                  4.4298480531775057E+000                 -1.6354446051373049E+001                  6.6256252956921258E-001                 -1.3775584146411544E-008                  2.2528476407597477E-008 
                                     328                  3.4195126213499090E+000                 -3.6950356189868916E-001                  7.1101212026817526E+000                 -5.8372035322515936E-001                  1.4590409752510897E+001                  3.2377716860682437E-001                  6.5676772494263880E-001                  1.9455106450536830E-002                  4.2706741680100802E-001                  3.4484372669307448E-008                  3.7454230490904837E-003                  2.5341591207784765E-004                  2.2162423558747739E-050                  2.6966946085236534E+004                  4.4308317668671835E+000                 -1.6274468235484516E+001                  6.6188858616994561E-001                 -1.2804209441359762E-008                  1.9335743763170660E-008 
                                     329                  3.4190342743942712E+000                 -3.7439120216397848E-001                  7.1196826119884191E+000                 -5.5376118206265312E-001                  1.4629038670236199E+001                  3.2205115084993996E-001                  6.5849454690594966E-001                  1.9454302244110377E-002                  4.2228805583205908E-001                  3.1400172598011023E-008                  4.3522679729612159E-003                  4.1355839846625772E-004                  8.0480337904260346E-050                  2.7034528682363467E+004                  4.4319188025251792E+000                 -1.6503491346494290E+001                  6.6102557725400524E-001                 -1.1816867077400011E-008                  1.7044439989007625E-008 
                                     330                  3.4187609332767637E+000                 -3.7706705172630656E-001                  7.1273909927758394E+000                 -5.3005257796149707E-001                  1.4659778290311673E+001                  3.2056402289964386E-001                  6.5998235728257493E-001                  1.9453619817781265E-002                  4.1969418143637116E-001                  2.9846408214083136E-008                  4.9015932907992311E-003                  6.1171739467897430E-004                  2.2579460268241290E-049                  2.7071322750404601E+004                  4.4325094766484820E+000                 -1.6382455300411298E+001                  6.6028201324777180E-001                 -1.1312494799612101E-008                  1.5451029385721582E-008 
                                     331                  3.4184021730600329E+000                 -3.8046296246924455E-001                  7.1350557714744367E+000                 -5.0655701440615208E-001                  1.4690521836514559E+001                  3.1971514383495109E-001                  6.6083162310682564E-001                  1.9453233058223329E-002                  4.1642523311516749E-001                  2.7989478472150528E-008                  5.5345151195830946E-003                  9.0220812230505708E-004                  6.2422275689234851E-049                  2.7118141445656056E+004                  4.4332599216421196E+000                 -1.6457950675325296E+001                  6.5985757369823494E-001                 -1.0706099619955789E-008                  1.3982802113856746E-008 
                                     332                  3.4181032062127592E+000                 -3.8320128302947182E-001                  7.1444129388288351E+000                 -4.7792690635299584E-001                  1.4727627368400794E+001                  3.1769285618114101E-001                  6.6285482181812727E-001                  1.9452322000731659E-002                  4.1380784230881024E-001                  2.6584896000819223E-008                  6.3744514278361733E-003                  1.4429295771409888E-003                  2.1527483087325961E-048                  2.7155895484557979E+004                  4.4338641285276479E+000                 -1.6198191393101965E+001                  6.5884642983098973E-001                 -1.0243057904274709E-008                  1.2414479764715031E-008 
                                     333                  3.4175650658876648E+000                 -3.8793632511649884E-001                  7.1563463642102700E+000                 -4.4102141550397012E-001                  1.4775319950884064E+001                  3.1524549573632016E-001                  6.6530326757428371E-001                  1.9451236689396190E-002                  4.0932066863272348E-001                  2.4324529279143572E-008                  7.6380415772523622E-003                  2.6188676564192158E-003                  1.0326254679125437E-047                  2.7226113919328054E+004                  4.4349856573578750E+000                 -1.6138134133203330E+001                  6.5762274956179567E-001                 -9.4866588221303533E-009                  1.0609717209302605E-008 
                                     334                  3.4169671321931121E+000                 -3.9293405516270780E-001                  7.1654467115475775E+000                 -4.1229252981741110E-001                  1.4812114431403321E+001                  3.1324048153759160E-001                  6.6730915901795484E-001                  1.9450359444453502E-002                  4.0463732862131541E-001                  2.2158920111833837E-008                  8.7645386830709666E-003                  4.1179170606644253E-003                  3.3941742493889625E-047                  2.7301384968352249E+004                  4.4361846788669981E+000                 -1.6390919187590626E+001                  6.5662024242536965E-001                 -8.7512323542426794E-009                  9.3653592427163399E-009 
                                     335                  3.4166425396160700E+000                 -3.9554112316868156E-001                  7.1704854010388441E+000                 -3.9647071594898570E-001                  1.4832377232123731E+001                  3.1203015844080623E-001                  6.6852000614454121E-001                  1.9449835414652616E-002                  4.0221556856610563E-001                  2.1118728313063875E-008                  9.4475065581044616E-003                  5.2825136842054015E-003                  6.5378280072668540E-047                  2.7338668397582282E+004                  4.4367773572813318E+000                 -1.6584997021285414E+001                  6.5601508085518190E-001                 -8.3940046121619046E-009                  8.7507026492263533E-009 
                                     336                  3.4164375337779389E+000                 -3.9715209847746352E-001                  7.1761944034021319E+000                 -3.7882764442089789E-001                  1.4855104790245392E+001                  3.1066628227950838E-001                  6.6988446824317283E-001                  1.9449249477318853E-002                  4.0072635079202618E-001                  2.0502827662013598E-008                  1.0276994735730531E-002                  6.9935896959846889E-003                  1.3682511033251061E-046                  2.7361475397232920E+004                  4.4371395118931432E+000                 -1.6275500019224793E+001                  6.5533314275051080E-001                 -8.1812886493939620E-009                  8.1189777277325528E-009 
                                     337                  3.4160275221016758E+000                 -4.0029697272040882E-001                  7.1816985164810339E+000                 -3.6142296129312901E-001                  1.4877318033241963E+001                  3.0929506189875811E-001                  6.7125627642184094E-001                  1.9448661679400958E-002                  3.9783503595014325E-001                  1.9351678349478932E-008                  1.1148847609321619E-002                  9.1645701438419283E-003                  2.7863310902459888E-046                  2.7407423462477858E+004                  4.4378682099786300E+000                 -1.6577592538825826E+001                  6.5464753253636665E-001                 -7.7807932583596988E-009                  7.5284393268094256E-009 
                                     338                  3.4158225162635416E+000                 -4.0183228025769463E-001                  7.1843937073548041E+000                 -3.5293851672457743E-001                  1.4888162404742902E+001                  3.0862071845714251E-001                  6.7193090928864030E-001                  1.9448372254217139E-002                  3.9643110201930332E-001                  1.8816945760052611E-008                  1.1600075518292638E-002                  1.0457226904813828E-002                  3.9423398284925024E-046                  2.7429156995212808E+004                  4.4382124602493240E+000                 -1.6876203785104440E+001                  6.5431036080400617E-001                 -7.5935218760650888E-009                  7.2577439944302032E-009 
                                     339                  3.4157200133444743E+000                 -4.0259107380945852E-001                  7.1861711953569465E+000                 -3.4734546718831216E-001                  1.4895293462578051E+001                  3.0812836207463851E-001                  6.7242347313685824E-001                  1.9448164788503197E-002                  3.9573906759480704E-001                  1.8558627815578655E-008                  1.1903475973435579E-002                  1.1405116748997367E-002                  4.9554239103382684E-046                  2.7439914848955799E+004                  4.4383827593420753E+000                 -1.6880064523678122E+001                  6.5406418260447363E-001                 -7.5027073591371508E-009                  7.0858634245474392E-009 
                                     340                  3.4156175104254070E+000                 -4.0334407955259344E-001                  7.1888090685301123E+000                 -3.3909914479687553E-001                  1.4905846953157903E+001                  3.0743656737510827E-001                  6.7311555865451389E-001                  1.9447873970377838E-002                  3.9505350604013673E-001                  1.8306009264074381E-008                  1.2369412805352307E-002                  1.2969783127429965E-002                  6.9512931877574251E-046                  2.7450605755182449E+004                  4.4385519325103520E+000                 -1.6574647159742760E+001                  6.5371828524313780E-001                 -7.4136979060267295E-009                  6.8399797036529525E-009 
                                     341                  3.4154125045872754E+000                 -4.0483324790376002E-001                  7.1922632937985691E+000                 -3.2821413180952447E-001                  1.4919715994257723E+001                  3.0647649707677771E-001                  6.7407602807579381E-001                  1.9447474847428481E-002                  3.9370121230687666E-001                  1.7816964648960544E-008                  1.3004119981037152E-002                  1.5343691272640505E-002                  1.0824071568571889E-045                  2.7471804948533161E+004                  4.4388871943108548E+000                 -1.6581251348943880E+001                  6.5323825007815439E-001                 -7.2408599757436748E-009                  6.5270961217886540E-009 
                                     342                  3.4152074987491439E+000                 -4.0630046174065060E-001                  7.1956533375165588E+000                 -3.1745089162346363E-001                  1.4933335014038182E+001                  3.0538702624236497E-001                  6.7516594682415809E-001                  1.9447026933476996E-002                  3.9237338237438141E-001                  1.7349496176198842E-008                  1.3646753221011301E-002                  1.8085575009350343E-002                  1.6715439204960782E-045                  2.7492750725166454E+004                  4.4392181943722528E+000                 -1.6575956882467352E+001                  6.5269351464321279E-001                 -7.0746309086509099E-009                  6.2330052645594015E-009 
                                     343                  3.4150024929110123E+000                 -4.0774623339593558E-001                  7.1981517699621778E+000                 -3.0945625641644398E-001                  1.4943407265421037E+001                  3.0454458854631516E-001                  6.7600872604645001E-001                  1.9446685407234821E-002                  3.9106933836700103E-001                  1.6902339100201367E-008                  1.4138065837842967E-002                  2.0411340552919790E-002                  2.3020313559291607E-045                  2.7513448883197991E+004                  4.4395450337578826E+000                 -1.6880146190700426E+001                  6.5227229578166657E-001                 -6.9146655267572127E-009                  6.0223942321250770E-009 
                                     344                  3.4148999899919463E+000                 -4.0846125246563969E-001                  7.1998008635309683E+000                 -3.0433172644327466E-001                  1.4950037616909711E+001                  3.0426101903732117E-001                  6.7629241049730215E-001                  1.9446570465376678E-002                  3.9042601456564524E-001                  1.6684516034503875E-008                  1.4492462825025582E-002                  2.2113289827313403E-002                  2.8371666646673563E-045                  2.7523702020536941E+004                  4.4397068474036434E+000                 -1.6883817330076546E+001                  6.5213051102274378E-001                 -6.8369325319038180E-009                  5.8882186348060559E-009 
                                     345                  3.4147974870728808E+000                 -4.0917137093295325E-001                  7.2022501926806237E+000                 -2.9654649373276293E-001                  1.4959860155970263E+001                  3.0341402769461706E-001                  6.7713974411531808E-001                  1.9446228190064918E-002                  3.8978814742188284E-001                  1.6471087872760319E-008                  1.4998643693706572E-002                  2.4885600359326313E-002                  3.8785870600847581E-045                  2.7533899324289210E+004                  4.4398677201148535E+000                 -1.6583844215293400E+001                  6.5170701533805764E-001                 -6.7606167417005350E-009                  5.6956661417817841E-009 
                                     346                  3.4145924812347492E+000                 -4.1057660064083074E-001                  7.2054614351130812E+000                 -2.8633770183280444E-001                  1.4972783580113919E+001                  3.0241599713641237E-001                  6.7813817545847277E-001                  1.9445827405114802E-002                  3.8852896336868026E-001                  1.6059037137685034E-008                  1.5699667863513522E-002                  2.9053788891557242E-002                  5.8361000345240497E-045                  2.7554130919097359E+004                  4.4401867175573653E+000                 -1.6581832681634275E+001                  6.5120800004355728E-001                 -6.6121421210581131E-009                  5.4499161964692926E-009 
                                     347                  3.4143874753966177E+000                 -4.1196247940479191E-001                  7.2086172349199336E+000                 -2.7628577522638637E-001                  1.4985491656519930E+001                  3.0141586211847254E-001                  6.7913871188487485E-001                  1.9445425996652554E-002                  3.8729110324453142E-001                  1.5662748989965580E-008                  1.6417790627339640E-002                  3.3818949340266725E-002                  8.7132342292493033E-045                  2.7574139690483287E+004                  4.4405019713931217E+000                 -1.6591589419031060E+001                  6.5070793251930203E-001                 -6.4689624036398911E-009                  5.2179953488148497E-009 
                                     348                  3.4141824695584857E+000                 -4.1332958744753728E-001                  7.2117194943108087E+000                 -2.6638803596430427E-001                  1.4997991901228646E+001                  3.0041967650164264E-001                  6.8013529936267547E-001                  1.9445024135681832E-002                  3.8607387317341940E-001                  1.5281858298541615E-008                  1.7153554773023667E-002                  3.9252965850745961E-002                  1.2910711634605581E-044                  2.7593931834196002E+004                  4.4408135871132544E+000                 -1.6589964429407555E+001                  6.5020983969573043E-001                 -6.3308045938981760E-009                  4.9989272217024505E-009 
                                     349                  3.4139774637203542E+000                 -4.1467848557248732E-001                  7.2147700211189196E+000                 -2.5663518489863263E-001                  1.5010291434115770E+001                  2.9941904176311324E-001                  6.8113633656415196E-001                  1.9444621672734863E-002                  3.8487660626874071E-001                  1.4915535224685118E-008                  1.7906168469154615E-002                  4.5433518801711974E-002                  1.8992269420481973E-044                  2.7613513107619743E+004                  4.4411216629302803E+000                 -1.6586281254313185E+001                  6.4970952231139778E-001                 -6.1974136223617735E-009                  4.7918194210750577E-009 
                                     350                  3.4137724578822226E+000                 -4.1600969536206589E-001                  7.2177705114149688E+000                 -2.4701422649258145E-001                  1.5022397005129321E+001                  2.9839715888863594E-001                  6.8215862264177618E-001                  1.9444218469587882E-002                  3.8369867955533438E-001                  1.4563102733614657E-008                  1.8673798880532576E-002                  5.2444213801760356E-002                  2.7747121379897405E-044                  2.7632888588685495E+004                  4.4414262860223808E+000                 -1.6591689580573561E+001                  6.4919858085906912E-001                 -6.0685528922683711E-009                  4.5958574696824644E-009 
                                     351                  3.4135674520440911E+000                 -4.1732368938387254E-001                  7.2207225700580890E+000                 -2.3752317945232307E-001                  1.5034315017045946E+001                  2.9735985654408981E-001                  6.8319632881862746E-001                  1.9443814637282730E-002                  3.8253952178366579E-001                  1.4223878345661897E-008                  1.9456753997188304E-002                  6.0378270492498616E-002                  4.0268083292707451E-044                  2.7652062559157104E+004                  4.4417275307456912E+000                 -1.6581451057899436E+001                  6.4867992967171084E-001                 -5.9440038238059715E-009                  4.4102953741320366E-009 
                                     352                  3.4133624462059595E+000                 -4.1862092608211637E-001                  7.2236276358673459E+000                 -2.2810810606885384E-001                  1.5046051549897729E+001                  2.9620554261269411E-001                  6.8435108569640446E-001                  1.9443371690901490E-002                  3.8139858188259612E-001                  1.3897555445972580E-008                  2.0243159913140390E-002                  6.9325023014448664E-002                  5.8102302699315233E-044                  2.7671039034228306E+004                  4.4420254669963803E+000                 -1.6585675709842111E+001                  6.4810277268953287E-001                 -5.8235612673557354E-009                  4.2344568396300876E-009 
                                     353                  3.4131574403678280E+000                 -4.1990169623945678E-001                  7.2264866042182083E+000                 -2.1856632929833031E-001                  1.5057612367058686E+001                  2.9452764923369146E-001                  6.8602961298316167E-001                  1.9442737783146868E-002                  3.8027546298526288E-001                  1.3585444486961250E-008                  2.0982641652262896E-002                  7.9334580060761689E-002                  8.3589575127660990E-044                  2.7689819507296121E+004                  4.4423201248593047E+000                 -1.6584651914093900E+001                  6.4726382597621479E-001                 -5.7070465665049782E-009                  4.0677656595204834E-009 
                                     354                  3.4129524345296938E+000                 -4.2116569489799249E-001                  7.2293018416961123E+000                 -2.0989005652549694E-001                  1.5069002876621393E+001                  2.9437646513778215E-001                  6.8618085417883568E-001                  1.9442680683382174E-002                  3.7917029381985551E-001                  1.3280840497613177E-008                  2.1922313941091662E-002                  9.0802994391934247E-002                  1.1832602821513695E-043                  2.7708396459827920E+004                  4.4426113930215267E+000                 -1.6581916625573459E+001                  6.4718823392665337E-001                 -5.5943440568062125E-009                  3.9095470834077970E-009 
                                     355                  3.4127474286915604E+000                 -4.2241549648397031E-001                  7.2320747385053279E+000                 -2.0059857979972603E-001                  1.5080228451405942E+001                  2.9270754247579645E-001                  6.8785040397685404E-001                  1.9442053547349514E-002                  3.7808069577743447E-001                  1.2986610569647748E-008                  2.2690917695590184E-002                  1.0343799873128866E-001                  1.6819392691168280E-043                  2.7726804977242249E+004                  4.4428998277207672E+000                 -1.6579694094767206E+001                  6.4635377257248638E-001                 -5.4850912970585632E-009                  3.7592571295207311E-009 
                                     356                  3.4125424228534289E+000                 -4.2364938283660791E-001                  7.2344614887017258E+000                 -1.9289014828266732E-001                  1.5089910281353932E+001                  2.9191633056805161E-001                  6.8864191319099011E-001                  1.9441756240958341E-002                  3.7700804449615261E-001                  1.2705379054339817E-008                  2.3460391058117015E-002                  1.1582014301107403E-001                  2.2658020867523848E-043                  2.7745017441332911E+004                  4.4431850021605381E+000                 -1.6706156430489109E+001                  6.4595816660787297E-001                 -5.3793137991631973E-009                  3.6337407707082943E-009 
                                     357                  3.4123892611407665E+000                 -4.2456175220008702E-001                  7.2364800906292812E+000                 -1.8670619401358537E-001                  1.5098090276930543E+001                  2.9191633051687266E-001                  6.8864191322439106E-001                  1.9441756258736342E-002                  3.7621685430451546E-001                  1.2497138787545284E-008                  2.4223285679006078E-002                  1.2756494811599775E-001                  2.9010618123198887E-043                  2.7758505080133087E+004                  4.4433960737089375E+000                 -1.6710953580358993E+001                  6.4595816658274618E-001                 -5.3024072512342189E-009                  3.5309737983708188E-009 
                                     358                  3.4122360994281045E+000                 -4.2546688646550401E-001                  7.2394718233925683E+000                 -1.7659332611265607E-001                  1.5110176885942066E+001                  2.8987651123156627E-001                  6.9068249347143618E-001                  1.9440995296997610E-002                  3.7543357896387680E-001                  1.2296341395614599E-008                  2.5099513847420034E-002                  1.4664531268698761E-001                  4.2373587667554818E-043                  2.7771905140501705E+004                  4.4436056731829945E+000                 -1.6405023239258622E+001                  6.4493825691237472E-001                 -5.2271881568959656E-009                  3.3851398405362478E-009 
                                     359                  3.4119297760027814E+000                 -4.2725199015150023E-001                  7.2424055480546539E+000                 -1.6700344896214048E-001                  1.5122127428881486E+001                  2.8879525479184454E-001                  6.9176414856713686E-001                  1.9440596641018604E-002                  3.7389358150978463E-001                  1.1914760840466353E-008                  2.6133008307849502E-002                  1.6838567053134237E-001                  6.1052787059833866E-043                  2.7798407019826773E+004                  4.4440199095036519E+000                 -1.6702155033856666E+001                  6.4439762867835415E-001                 -5.0819107395902473E-009                  3.2446049745829468E-009 
                                     360                  3.4117766142901189E+000                 -4.2813313036269224E-001                  7.2443380464638283E+000                 -1.6020185252484728E-001                  1.5129978132961739E+001                  2.8703750479578238E-001                  6.9352253413686871E-001                  1.9439961067348910E-002                  3.7313575773883989E-001                  1.1732318445200743E-008                  2.6671080774911361E-002                  1.8406340429577714E-001                  7.8151232430952933E-043                  2.7811504417722481E+004                  4.4442244819473595E+000                 -1.6702494409616051E+001                  6.4351875365729572E-001                 -5.0116853427227332E-009                  3.1559586149751135E-009 
                                     361                  3.4116234525774565E+000                 -4.2900584894933852E-001                  7.2472031884167389E+000                 -1.5134788489495601E-001                  1.5141585538982707E+001                  2.8687287070248424E-001                  6.9368722772522196E-001                  1.9439901572293805E-002                  3.7238669102723360E-001                  1.1552434549903706E-008                  2.7880576017136251E-002                  2.1086863767289771E-001                  1.1081174760974745E-042                  2.7824492266043999E+004                  4.4444272481885161E+000                 -1.6409599797130735E+001                  6.4343643660917638E-001                 -4.9430760039079381E-009                  3.0298657571582526E-009 
                                     362                  3.4113171291521329E+000                 -4.3073147167604808E-001                  7.2500163557681816E+000                 -1.4164220153666487E-001                  1.5153068496671457E+001                  2.8485454698364365E-001                  6.9570627080116376E-001                  1.9439182215192585E-002                  3.7090998799744768E-001                  1.1202544556295044E-008                  2.8811274864477376E-002                  2.4019084535573290E-001                  1.5801013346219770E-042                  2.7850233170399690E+004                  4.4448288355669829E+000                 -1.6702706043034389E+001                  6.4242727472405936E-001                 -4.8101179419254360E-009                  2.9081481757147353E-009 
                                     363                  3.4111639674394714E+000                 -4.3158276158869352E-001                  7.2518704620563987E+000                 -1.3545168340912186E-001                  1.5160616634165804E+001                  2.8389777139291011E-001                  6.9666338473163714E-001                  1.9438843875452694E-002                  3.7018365440769258E-001                  1.1036588961789766E-008                  2.9503417223893269E-002                  2.6183327941841961E-001                  1.9904942881542436E-042                  2.7862943426836442E+004                  4.4450269931543609E+000                 -1.6704367897034899E+001                  6.4194888691680652E-001                 -4.7458339881506129E-009                  2.8312436228549033E-009 
                                     364                  3.4110108057268089E+000                 -4.3242693208624317E-001                  7.2537061524310680E+000                 -1.2953447487560754E-001                  1.5168092902575646E+001                  2.8339127722139223E-001                  6.9717005394805276E-001                  1.9438668830555006E-002                  3.6946479976758217E-001                  1.0871947566705680E-008                  3.0283824195790690E-002                  2.8537990140567066E-001                  2.4937770139934832E-042                  2.7875557343748318E+004                  4.4452235594246332E+000                 -1.6714701835977227E+001                  6.4169563982521882E-001                 -4.6829236247096800E-009                  2.7569536097086474E-009 
                                     365                  3.4108576440141469E+000                 -4.3326453007125115E-001                  7.2555239601810992E+000                 -1.2357899691205752E-001                  1.5175498750976816E+001                  2.8270025945758054E-001                  6.9786131294626619E-001                  1.9438427596153218E-002                  3.6875292164104584E-001                  1.0710269499830614E-008                  3.1041724521785576E-002                  3.1064840203820671E-001                  3.1204433873566946E-042                  2.7888084626091229E+004                  4.4454186876298261E+000                 -1.6711648266741545E+001                  6.4135013093504756E-001                 -4.6213125405786420E-009                  2.6851565895629585E-009 
                                     366                  3.4107044823014849E+000                 -4.3409549558580696E-001                  7.2573241672520004E+000                 -1.1770455669175188E-001                  1.5182835572264016E+001                  2.8207064314967362E-001                  6.9849115021453978E-001                  1.9438206635786548E-002                  3.6804803587170154E-001                  1.0552655777383565E-008                  3.1821083503881110E-002                  3.3788101078853389E-001                  3.8936322446184612E-042                  2.7900521533516465E+004                  4.4456123214460481E+000                 -1.6710504152058238E+001                  6.4103532277354280E-001                 -4.5609763151226667E-009                  2.6157536639529009E-009 
                                     367                  3.4105513205888229E+000                 -4.3491999769542883E-001                  7.2591069898906149E+000                 -1.1173868823516886E-001                  1.5190104721010934E+001                  2.8115353311631863E-001                  6.9940857730401618E-001                  1.9437889579665191E-002                  3.6734996457914176E-001                  1.0399267442546631E-008                  3.2554728199827090E-002                  3.6696846345870437E-001                  4.8560558634130209E-042                  2.7912872058552119E+004                  4.4458045249518356E+000                 -1.6706021933249623E+001                  6.4057676774591910E-001                 -4.5018718334946300E-009                  2.5486542063094020E-009 
                                     368                  3.4103981588761605E+000                 -4.3573787750086723E-001                  7.2608723951802858E+000                 -1.0564622943954796E-001                  1.5197307493592829E+001                  2.7988149605495088E-001                  7.0068105227142441E-001                  1.9437451673624651E-002                  3.6665880823260072E-001                  1.0251223750452730E-008                  3.3224567934305539E-002                  3.9793076791883009E-001                  6.0561773284572251E-042                  2.7925130892871915E+004                  4.4459952174517019E+000                 -1.6711111019529898E+001                  6.3994074919998267E-001                 -4.4439837513952938E-009                  2.4837872410169026E-009 
                                     369                  3.4102449971634989E+000                 -4.3654891402069901E-001                  7.2626206671971207E+000                 -9.9730059979626764E-002                  1.5204445126871818E+001                  2.7887316035713350E-001                  7.0168973133873869E-001                  1.9437108304127815E-002                  3.6597471898176143E-001                  1.0106816596917012E-008                  3.3952220998854976E-002                  4.3133000148359968E-001                  7.5224118841276961E-042                  2.7937296148484274E+004                  4.4461843715485339E+000                 -1.6706759571230897E+001                  6.3943658133926973E-001                 -4.3872985420164513E-009                  2.4210650024074081E-009 
                                     370                  3.4100918354508369E+000                 -4.3735345397154968E-001                  7.2643523763215638E+000                 -9.3937281861404390E-002                  1.5211518837670024E+001                  2.7802118787372643E-001                  7.0254198953483293E-001                  1.9436822591440639E-002                  3.6529737046921468E-001                  9.9644535418520763E-009                  3.4719163186792107E-002                  4.6726365100983830E-001                  9.3131440429109722E-042                  2.7949369970196542E+004                  4.4463720225426213E+000                 -1.6710457887937025E+001                  6.3901059508789337E-001                 -4.3317668383004183E-009                  2.3603858850251592E-009 
                                     371                  3.4099386737381745E+000                 -4.3815174102443566E-001                  7.2660679082917490E+000                 -8.8174067097226402E-002                  1.5218529816918176E+001                  2.7713630280962731E-001                  7.0342717052230819E-001                  1.9436526668064502E-002                  3.6462652539072932E-001                  9.8248807128430795E-009                  3.5486852999448357E-002                  5.0573021676937846E-001                  1.1507401258499140E-041                  2.7961357496145803E+004                  4.4465582521513971E+000                 -1.6720133421672049E+001                  6.3856815254581467E-001                 -4.2773449052497472E-009                  2.3016636198741748E-009 
                                     372                  3.4097855120255125E+000                 -4.3894384367026024E-001                  7.2686148904205323E+000                 -7.9656174282819195E-002                  1.5228912660365015E+001                  2.7583778794963298E-001                  7.0472611575499333E-001                  1.9436096295373684E-002                  3.6396209510428112E-001                  9.6883887653086642E-009                  3.6657523517203590E-002                  5.6863256025569908E-001                  1.5742318272571903E-041                  2.7973256964750854E+004                  4.4467430348188213E+000                 -1.6409670101512781E+001                  6.3791889510130517E-001                 -4.2240050871300179E-009                  2.2177382382216310E-009 
                                     373                  3.4094791886001885E+000                 -4.4050997922080820E-001                  7.2719517232751532E+000                 -6.8074047840507537E-002                  1.5242572687826941E+001                  2.7342521621005572E-001                  7.0713949056343339E-001                  1.9435293226510941E-002                  3.6265195313073018E-001                  9.4258991414288980E-009                  3.8085507735287356E-002                  6.6200310040533183E-001                  2.3830653727997140E-041                  2.7996815338146156E+004                  4.4471086327804255E+000                 -1.6415624693170475E+001                  6.3671260920387929E-001                 -4.1204351781991607E-009                  2.1110910195082924E-009 
                                     374                  3.4091728651748645E+000                 -4.4205135508791810E-001                  7.2752287020418507E+000                 -5.7160379900147613E-002                  1.5256001397597176E+001                  2.7202449933263917E-001                  7.0854066218043510E-001                  1.9434838486925732E-002                  3.6136712864524301E-001                  9.1738038523872841E-009                  3.9778507632910229E-002                  7.6982535585431255E-001                  3.5549590411265221E-041                  2.8020020689307643E+004                  4.4474684516224476E+000                 -1.6413660013653374E+001                  6.3601225075020140E-001                 -4.0209172070096246E-009                  2.0110079873710008E-009 
                                     375                  3.4088665417495405E+000                 -4.4357045261269656E-001                  7.2776457182425078E+000                 -4.8825029032729596E-002                  1.5265942981648237E+001                  2.7050708245395672E-001                  7.1005857101646130E-001                  1.9434346529581981E-002                  3.6010532824059288E-001                  8.9311263628305644E-009                  4.0954120691330927E-002                  8.5951772753251210E-001                  4.7878788083680620E-041                  2.8042904914297098E+004                  4.4478229994124714E+000                 -1.6717969132437158E+001                  6.3525354229431474E-001                 -3.9251248479198836E-009                  1.9394009461037465E-009 
                                     376                  3.4087133800368790E+000                 -4.4432143011685610E-001                  7.2792419903812071E+000                 -4.3838600647121383E-002                  1.5272490991106400E+001                  2.7050708225493919E-001                  7.1005857115457627E-001                  1.9434346590484486E-002                  3.5948317591453594E-001                  8.8118084999098273E-009                  4.2010455787701149E-002                  9.2615551165550414E-001                  5.7881210088099511E-041                  2.8054216371190461E+004                  4.4479981422100012E+000                 -1.6709706055167921E+001                  6.3525354219537589E-001                 -3.8785937236516281E-009                  1.8938237563202273E-009 
                                     377                  3.4085602183242174E+000                 -4.4506768356678122E-001                  7.2816135577275256E+000                 -3.5058847108527337E-002                  1.5282196854970364E+001                  2.6769276353068266E-001                  7.1287377933732277E-001                  1.9433457131994514E-002                  3.5886600203513663E-001                  8.6969810655873069E-009                  4.2859961182297554E-002                  1.0286292046409296E+000                  7.8103982077151759E-041                  2.8065458678709576E+004                  4.4481721443645181E+000                 -1.6411978882475861E+001                  6.3384638280304884E-001                 -3.8328850691269685E-009                  1.8285423260794400E-009 
                                     378                  3.4082538948988943E+000                 -4.4654157473340489E-001                  7.2847232222127083E+000                 -2.4575839376172005E-002                  1.5294978277354190E+001                  2.6621063243010173E-001                  7.1435636980853723E-001                  1.9432997761360982E-002                  3.5765016131610877E-001                  8.4781906479808061E-009                  4.4622168213329129E-002                  1.1855920948568488E+000                  1.1398982864859835E-040                  2.8087677608114842E+004                  4.4485158316303126E+000                 -1.6416382414548959E+001                  6.3310531723800467E-001                 -3.7441314539658257E-009                  1.7453676167383254E-009 
                                     379                  3.4079475714735707E+000                 -4.4799493518329531E-001                  7.2870187167741793E+000                 -1.6558975897720919E-002                  1.5304447117774634E+001                  2.6464241730394578E-001                  7.1592507039191955E-001                  1.9432512304134675E-002                  3.5645529044471314E-001                  8.2641153346554687E-009                  4.5833138958748618E-002                  1.3151740350685210E+000                  1.5109491015436993E-040                  2.8109587700150554E+004                  4.4488544756016530E+000                 -1.6716479492382078E+001                  6.3232120965899341E-001                 -3.6585653893432186E-009                  1.6857418967004992E-009 
                                     380                  3.4077944097609092E+000                 -4.4871369872871864E-001                  7.2885354642527904E+000                 -1.1798499879200772E-002                  1.5310687501955583E+001                  2.6464241703532904E-001                  7.1592507058129018E-001                  1.9432512383380729E-002                  3.5586583977758757E-001                  8.1585372829140205E-009                  4.6961026905090568E-002                  1.4113954471709305E+000                  1.8073371394257912E-040                  2.8120417649850122E+004                  4.4490217666208407E+000                 -1.6722321188366585E+001                  6.3232120952527437E-001                 -3.6169531983463119E-009                  1.6477176586107087E-009 
                                     381                  3.4076412480482476E+000                 -4.4942815458539753E-001                  7.2907899201628945E+000                 -3.2846850094957226E-003                  1.5319942761163743E+001                  2.6171834301408620E-001                  7.1885003330528929E-001                  1.9431623680624455E-002                  3.5528088780253136E-001                  8.0570330552321907E-009                  4.7774174093768967E-002                  1.5574274047181147E+000                  2.4026732059387585E-040                  2.8131181490314706E+004                  4.4491879726184074E+000                 -1.6426734202558752E+001                  6.3085917248524404E-001                 -3.5760440113067657E-009                  1.5931579010267202E-009 
                                     382                  3.4073349246229241E+000                 -4.5083964920696967E-001                  7.2937482243068850E+000                  6.8009446668599082E-003                  1.5332138350286366E+001                  2.6017990091477899E-001                  7.2038892974352431E-001                  1.9431169341696641E-002                  3.5412806859028501E-001                  7.8637016616312101E-009                  4.9600102633338701E-002                  1.7808085679335681E+000                  3.4379427980869331E-040                  2.8152450876766001E+004                  4.4495162093444502E+000                 -1.6425256493773770E+001                  6.3008995142117352E-001                 -3.4965297168572796E-009                  1.5235229359052394E-009 
                                     383                  3.4070286011976010E+000                 -4.5223216348624318E-001                  7.2966601424884709E+000                  1.6791591490011498E-002                  1.5344150762334586E+001                  2.5856181222315061E-001                  7.2200749547357068E-001                  1.9430692303278763E-002                  3.5299441693719003E-001                  7.6726338786364123E-009                  5.1431051363990850E-002                  2.0309806233517662E+000                  4.8915179944120859E-040                  2.8173423126068152E+004                  4.4498396178215369E+000                 -1.6420590352179808E+001                  6.2928090706015793E-001                 -3.4197613920520812E-009                  1.4577569091709568E-009 
                                     384                  3.4067222777722779E+000                 -4.5360607477910858E-001                  7.2995257152310904E+000                  2.7378489682136110E-002                  1.5355985634770258E+001                  2.5550689536599314E-001                  7.2506328588849511E-001                  1.9429818745511751E-002                  3.5187946680358800E-001                  7.4920231275946767E-009                  5.2782398156638065E-002                  2.3032036868813206E+000                  6.9819114032031657E-040                  2.8194101095014448E+004                  4.4501582526502714E+000                 -1.6424106525344250E+001                  6.2775344860247706E-001                 -3.3456154280891334E-009                  1.3956526082572190E-009 
                                     385                  3.4064159543469539E+000                 -4.5495958949547943E-001                  7.3016439628758389E+000                  3.4140554162265711E-002                  1.5364761711767070E+001                  2.5542735810509892E-001                  7.2514284572925947E-001                  1.9429796165641555E-002                  3.5078451245072412E-001                  7.3151241604814499E-009                  5.4596829356782187E-002                  2.5399699321628151E+000                  8.9525322794737396E-040                  2.8214446487051915E+004                  4.4504715346706716E+000                 -1.6732303470897765E+001                  6.2771367997215477E-001                 -3.2740926127553995E-009                  1.3510201908636683E-009 
                                     386                  3.4062627926342914E+000                 -4.5563056838339794E-001                  7.3030436685190674E+000                  4.0098856512709870E-002                  1.5370550601069951E+001                  2.5240192967951219E-001                  7.2816912638612019E-001                  1.9428943934367560E-002                  3.5024297373780161E-001                  7.2321966328981836E-009                  5.4720600421080588E-002                  2.6907467511225098E+000                  1.0752683233920980E-039                  2.8224500613453078E+004                  4.4506262665318026E+000                 -1.6733457781138597E+001                  6.2620096573095407E-001                 -3.2391942101455935E-009                  1.3224977752213308E-009 
                                     387                  3.4061096309216299E+000                 -4.5629546538424237E-001                  7.3051247931944783E+000                  4.6741926482461289E-002                  1.5379143345168060E+001                  2.5225079426033059E-001                  7.2832030419753524E-001                  1.9428901542134169E-002                  3.4970716833536808E-001                  7.1510656268066407E-009                  5.6539126315979647E-002                  2.9608965300209449E+000                  1.3722958167377574E-039                  2.8234434386637546E+004                  4.4507790920473038E+000                 -1.6434090950506288E+001                  6.2612539802083089E-001                 -3.2049740183928539E-009                  1.2814621613513058E-009 
                                     388                  3.4058033074963059E+000                 -4.5761407256464764E-001                  7.3078612061981438E+000                  5.6794912420989226E-002                  1.5390476164474991E+001                  2.4952985749017662E-001                  7.3104201366234511E-001                  1.9428128847478243E-002                  3.4864699586445236E-001                  6.9862483515647232E-009                  5.8021010925196403E-002                  3.3375319274751192E+000                  1.9214564496625454E-039                  2.8254027222453165E+004                  4.4510803592646573E+000                 -1.6434072356665411E+001                  6.2476492961103702E-001                 -3.1381663859141728E-009                  1.2289511458988205E-009 
                                     389                  3.4054969840709828E+000                 -4.5891421404708405E-001                  7.3105563978483605E+000                  6.6437481880909907E-002                  1.5401651122984063E+001                  2.4738787535829740E-001                  7.3318458163789679E-001                  1.9427543003805781E-002                  3.4760481685275513E-001                  6.8314371767763167E-009                  5.9736245860011299E-002                  3.7590411552308347E+000                  2.6658861126864036E-039                  2.8273154689730058E+004                  4.4513742693279994E+000                 -1.6428524946495514E+001                  6.2369393852663790E-001                 -3.0736614836228992E-009                  1.1792702982801309E-009 
                                     390                  3.4051906606456597E+000                 -4.6019720259250452E-001                  7.3132120507994767E+000                  7.5973790855214579E-002                  1.5412672627987201E+001                  2.4522770401803129E-001                  7.3534532965607269E-001                  1.9426966325896022E-002                  3.4657944139770075E-001                  6.6811279742832689E-009                  6.1453101005271467E-002                  4.2247865215852025E+000                  3.6799848100515817E-039                  2.8291806502681582E+004                  4.4516606791324147E+000                 -1.6431431456662203E+001                  6.2261385283831772E-001                 -3.0113220595302089E-009                  1.1322248799933249E-009 
                                     391                  3.4048843372203361E+000                 -4.6146342596249329E-001                  7.3158292366443627E+000                  8.5411064700389019E-002                  1.5423544896073578E+001                  2.4304081639361802E-001                  7.3753278849152293E-001                  1.9426395114858996E-002                  3.4557043050875258E-001                  6.5362875322487061E-009                  6.3165962957840452E-002                  4.7383011747946613E+000                  5.0551385324943464E-039                  2.8309970522885094E+004                  4.4519394171660558E+000                 -1.6433190992733930E+001                  6.2152040900812100E-001                 -2.9510583651615695E-009                  1.0876497347847525E-009 
                                     392                  3.4045780137950126E+000                 -4.6271324504206263E-001                  7.3184084637890630E+000                  9.5062609467438539E-002                  1.5434271962967420E+001                  2.4022547262819580E-001                  7.4034885476062628E-001                  1.9425672611177891E-002                  3.4457737241975001E-001                  6.3978253828441916E-009                  6.4592250166584209E-002                  5.2951525500942989E+000                  6.9378484557311875E-039                  2.8327643815899144E+004                  4.4522104530835032E+000                 -1.6438998320216818E+001                  6.2011273710226666E-001                 -2.8927834869155660E-009                  1.0454047543852130E-009 
                                     393                  3.4042716903696890E+000                 -4.6394612185755013E-001                  7.3209509421541838E+000                  1.0416921644528179E-001                  1.5444857608617674E+001                  2.3826469780588966E-001                  7.4231012988660960E-001                  1.9425172307500738E-002                  3.4360057200185623E-001                  6.2638861382837592E-009                  6.6412349437517212E-002                  5.9188693308824076E+000                  9.4243316263727438E-039                  2.8344817818143878E+004                  4.4524736699765182E+000                 -1.6450077630333844E+001                  6.1913234967543118E-001                 -2.8364531760050065E-009                  1.0053382685665565E-009 
                                     394                  3.4039653669443650E+000                 -4.6516367733707642E-001                  7.3234589884402110E+000                  1.1278372700397737E-001                  1.5455305579725719E+001                  2.3705042092342263E-001                  7.4352470506764679E-001                  1.9424874008930559E-002                  3.4263862822170627E-001                  6.1316342484320344E-009                  6.8619656328492526E-002                  6.6169350194934520E+000                  1.2683243032030431E-038                  2.8361522176976890E+004                  4.4527295359370216E+000                 -1.6446108599096743E+001                  6.1852521122544268E-001                 -2.7819276583911577E-009                  9.6727759596487034E-010 
                                     395                  3.4036590435190415E+000                 -4.6636734366289884E-001                  7.3256231591713687E+000                  1.2174670300328765E-001                  1.5464343639673414E+001                  2.3309610570691791E-001                  7.4747999265073040E-001                  1.9423901642351638E-002                  3.4169030490694391E-001                  6.0083813862827844E-009                  6.9091313324414746E-002                  7.2282081370836746E+000                  1.6690940273823816E-038                  2.8377789106880442E+004                  4.4529785568690112E+000                 -1.6564584763534974E+001                  6.1654805358566811E-001                 -2.7290812799117685E-009                  9.3545768170892371E-010 
                                     396                  3.4034293009500489E+000                 -4.6725807464799796E-001                  7.3274584622817089E+000                  1.2760384764497998E-001                  1.5472005151147808E+001                  2.3309610431789327E-001                  7.4747999369763551E-001                  1.9423901984471192E-002                  3.4099022177186578E-001                  5.9172663906165623E-009                  7.1236864078464579E-002                  7.8593359875086186E+000                  2.0611846852916366E-038                  2.8389665876653704E+004                  4.4531602812620505E+000                 -1.6586838806304595E+001                  6.1654805289209069E-001                 -2.6906364006359598E-009                  9.0938554254860415E-010 
                                     397                  3.4031995583810564E+000                 -4.6814227732588193E-001                  7.3292763238631711E+000                  1.3412548055985365E-001                  1.5479594363305097E+001                  2.3170610679970230E-001                  7.4887032243360807E-001                  1.9423570766689657E-002                  3.4029668832010718E-001                  5.8248116807958428E-009                  7.2676228483499389E-002                  8.5059086336041361E+000                  2.5622767064439214E-038                  2.8401330832859749E+004                  4.4533386907451264E+000                 -1.6569368698371076E+001                  6.1585305412289937E-001                 -2.6530231603384447E-009                  8.8425085913544160E-010 
                                     398                  3.4029698158120638E+000                 -4.6901861405449718E-001                  7.3310752816423745E+000                  1.4143710553998545E-001                  1.5487112653297414E+001                  2.2870317225479853E-001                  7.5187397294097424E-001                  1.9422854804227230E-002                  3.3961071641223822E-001                  5.7398194442666647E-009                  7.3222578915402348E-002                  9.1559689593695666E+000                  3.2105077395133239E-038                  2.8412772503862514E+004                  4.4535136140249323E+000                 -1.6570861950491597E+001                  6.1435158682752511E-001                 -2.6162741212265470E-009                  8.6005354561946307E-010 
                                     399                  3.4027400732430717E+000                 -4.6988552457637178E-001                  7.3337429936089773E+000                  1.5115090097370149E-001                  1.5498238172716011E+001                  2.2636026435767456E-001                  7.5421742319647644E-001                  1.9422312445849022E-002                  3.3893348364072901E-001                  5.6573451964511444E-009                  7.5217434857337034E-002                  1.0268136072575887E+001                  4.4224726811368869E-038                  2.8423976136204055E+004                  4.4536848298626657E+000                 -1.6281075656347667E+001                  6.1318013286222595E-001                 -2.5804292973067332E-009                  8.2572363996250721E-010 
                                     400                  3.4022805881050866E+000                 -4.7159614991346704E-001                  7.3372338700380961E+000                  1.6422489650005062E-001                  1.5512865262583778E+001                  2.2276134371777023E-001                  7.5781715524889781E-001                  1.9421501033331956E-002                  3.3760109772715796E-001                  5.4943982811434061E-009                  7.7598670246319335E-002                  1.1908349092300798E+001                  6.7440284833559621E-038                  2.8445792491219905E+004                  4.4540180375859277E+000                 -1.6263135294991876E+001                  6.1138067251691897E-001                 -2.5111519698444403E-009                  7.8236556882977246E-010 
                                     401                  3.4018211029671024E+000                 -4.7327559614198894E-001                  7.3400883654041804E+000                  1.7501023414781924E-001                  1.5524869289366675E+001                  2.1974315932666527E-001                  7.6083600709857124E-001                  1.9420833574763430E-002                  3.3629809240469838E-001                  5.3401112601130606E-009                  7.9554548856381940E-002                  1.3435091989852030E+001                  9.5224125923227132E-038                  2.8466860904421330E+004                  4.4543395792982849E+000                 -1.6441866525924372E+001                  6.0987158030067534E-001                 -2.4449662816398207E-009                  7.4835230790183731E-010 
                                     402                  3.4015147795417788E+000                 -4.7437831331310482E-001                  7.3423416728165973E+000                  1.8322764097301239E-001                  1.5534332970113901E+001                  2.1789570986817045E-001                  7.6268386336465421E-001                  1.9420426767175369E-002                  3.3544528102283383E-001                  5.2404539511966938E-009                  8.1472101800391300E-002                  1.4796240186435975E+001                  1.2453693697369430E-037                  2.8480527774063059E+004                  4.4545480329718243E+000                 -1.6436503111649827E+001                  6.0894785555916975E-001                 -2.4024674234990248E-009                  7.2270305020189415E-010 
                                     403                  3.4012084561164548E+000                 -4.7546858878802523E-001                  7.3445659941032240E+000                  1.9231731949233008E-001                  1.5543686460075193E+001                  2.1426508575262812E-001                  7.6631528476201105E-001                  1.9419629485360801E-002                  3.3460421789353390E-001                  5.1457849407529086E-009                  8.2197808369957839E-002                  1.6183026116439088E+001                  1.6413897178552796E-037                  2.8493938031493188E+004                  4.4547524754647201E+000                 -1.6440027260835674E+001                  6.0713254347673173E-001                 -2.3611749069416947E-009                  6.9823121012963770E-010 
                                     404                  3.4009021326911317E+000                 -4.7654429969302065E-001                  7.3467619690311796E+000                  2.0039531906322522E-001                  1.5552932122417499E+001                  2.1239515261356992E-001                  7.6818560524621471E-001                  1.9419242140215398E-002                  3.3377645695827157E-001                  5.0542119089918832E-009                  8.4081471519365514E-002                  1.7767589615900153E+001                  2.1316013128684540E-037                  2.8507079748491324E+004                  4.4549527306706249E+000                 -1.6455247199574139E+001                  6.0619757689559073E-001                 -2.3211253544112781E-009                  6.7487083635672992E-010 
                                     405                  3.4005958092658086E+000                 -4.7760801825573135E-001                  7.3489315335464811E+000                  2.0840398213795627E-001                  1.5562072433625550E+001                  2.1051291443086731E-001                  7.7006823299919336E-001                  1.9418852569939360E-002                  3.3295993780532118E-001                  4.9627250524421916E-009                  8.5961701650292696E-002                  1.9479668833656742E+001                  2.7592346998689303E-037                  2.8520011872539744E+004                  4.4551497019714619E+000                 -1.6461857120191855E+001                  6.0525645779253168E-001                 -2.2821855777615199E-009                  6.5253504342082273E-010 
                                     406                  3.4002894858404851E+000                 -4.7865995975056891E-001                  7.3505373355297703E+000                  2.1667775375531478E-001                  1.5568868013612818E+001                  2.0484025522571978E-001                  7.7574200870887633E-001                  1.9417736065403868E-002                  3.3215442324977662E-001                  4.8825994039400816E-009                  8.4275903802459140E-002                  2.0565003689431169E+001                  3.4320934508135807E-037                  2.8532756794653669E+004                  4.4553437346036286E+000                 -1.6856135896251971E+001                  6.0242012815353219E-001                 -2.2443114071761232E-009                  6.3636219184919524E-010 
                                     407                  3.4001363241278235E+000                 -4.7917881323164341E-001                  7.3516001998871765E+000                  2.2012898209392420E-001                  1.5573361146446494E+001                  2.0483423323631517E-001                  7.7574802972686507E-001                  1.9417737036819815E-002                  3.3175783388573443E-001                  4.8422335086659283E-009                  8.5852930383073928E-002                  2.1573746155305205E+001                  3.8713411728814950E-037                  2.8539020095114789E+004                  4.4554390572652984E+000                 -1.6788320163631024E+001                  6.0241711715894464E-001                 -2.2258582024170758E-009                  6.2596247671978546E-010 
                                     408                  3.3999831624151620E+000                 -4.7969540404047867E-001                  7.3531851385803026E+000                  2.2525720334991234E-001                  1.5580046062254466E+001                  2.0482520023146156E-001                  7.7575706642030151E-001                  1.9417733348236932E-002                  3.3136344444330385E-001                  4.7967805433227783E-009                  8.8282112756653291E-002                  2.3167922706721225E+001                  4.6318434353783303E-037                  2.8545253434137157E+004                  4.4555339031688952E+000                 -1.6481967007470452E+001                  6.0241260065795643E-001                 -2.2076345087168594E-009                  6.1083666811874312E-010 
                                     409                  3.3996768389898384E+000                 -4.8072191222975807E-001                  7.3552776658713297E+000                  2.3204266072694196E-001                  1.5588883718190180E+001                  2.0481315618404691E-001                  7.7576910851198433E-001                  1.9417735303968731E-002                  3.3058115125250648E-001                  4.7077204860763534E-009                  9.1587130501010430E-002                  2.5453388316046006E+001                  5.8682395133120956E-037                  2.8557643222510087E+004                  4.4557223635490786E+000                 -1.6496489164920451E+001                  6.0240657863448344E-001                 -2.1718558532680917E-009                  5.9127506980326668E-010 
                                     410                  3.3993705155645153E+000                 -4.8173966752759867E-001                  7.3578593960570791E+000                  2.4341846927411412E-001                  1.5599776388149834E+001                  1.9924586674055933E-001                  7.8133750065718632E-001                  1.9416632602254347E-002                  3.2980735188581706E-001                  4.6274901830474046E-009                  9.1339673487173270E-002                  2.8055096024354214E+001                  8.1363386378720647E-037                  2.8569942195455184E+004                  4.4559093616910994E+000                 -1.6288881255611386E+001                  5.9962293387859200E-001                 -2.1369412500203886E-009                  5.6812946423538855E-010 
                                     411                  3.3989115162358265E+000                 -4.8323822300489633E-001                  7.3608993314215798E+000                  2.5565785621750975E-001                  1.5612664005935621E+001                  1.9498779528607604E-001                  7.8559637933837145E-001                  1.9415825375552531E-002                  3.2867129576930637E-001                  4.5179504686960150E-009                  9.2847033945110444E-002                  3.1686164784155288E+001                  1.1778818880458456E-036                  2.8588077413985968E+004                  4.4561849494617789E+000                 -1.6372745320237794E+001                  5.9749389812659426E-001                 -2.0865171804752109E-009                  5.4184878880155202E-010 
                                     412                  3.3984525169071373E+000                 -4.8471016008379081E-001                  7.3631406987476824E+000                  2.6452572087201848E-001                  1.5622210700792323E+001                  1.9224992619979731E-001                  7.8833473790090280E-001                  1.9415335899299890E-002                  3.2755922877675991E-001                  4.4090110645136781E-009                  9.4318292128702269E-002                  3.4699608136189191E+001                  1.5431815216688626E-036                  2.8605965860522912E+004                  4.4564566160000885E+000                 -1.6605812229089842E+001                  5.9612496356863032E-001                 -2.0381096590314627E-009                  5.2306784412983862E-010 
                                     413                  3.3982230172427927E+000                 -4.8543675205350945E-001                  7.3646205879916558E+000                  2.7045242839491124E-001                  1.5628501776082587E+001                  1.9029366492506972E-001                  7.9029134789777156E-001                  1.9414987177158727E-002                  3.2701166731145254E-001                  4.3560504832497967E-009                  9.5157452804308110E-002                  3.6817062789801795E+001                  1.8458287852480523E-036                  2.8614832897814547E+004                  4.4565912141001141E+000                 -1.6593794937116442E+001                  5.9514683292064230E-001                 -2.0146162394278082E-009                  5.1112630019259498E-010 
                                     414                  3.3979935175784490E+000                 -4.8615708666688123E-001                  7.3660875404577162E+000                  2.7635405178996747E-001                  1.5634743585540180E+001                  1.8832608068138990E-001                  7.9225927144038111E-001                  1.9414647878228997E-002                  3.2646972494545923E-001                  4.3044135267699026E-009                  9.5969683046151458E-002                  3.9033878975996899E+001                  2.2046084840736530E-036                  2.8623656056272423E+004                  4.4567251047436853E+000                 -1.6579223196413700E+001                  5.9416304078847759E-001                 -1.9915821623904188E-009                  4.9955142773617888E-010 
                                     415                  3.3977640179141044E+000                 -4.8687122834976038E-001                  7.3675417613344489E+000                  2.8222369864768926E-001                  1.5640936859007791E+001                  1.8636080090126989E-001                  7.9422489042007394E-001                  1.9414308678656234E-002                  3.2593332841168893E-001                  4.2538859740958403E-009                  9.6755839345287420E-002                  4.1354962033286292E+001                  2.6291413018040896E-036                  2.8632439099412164E+004                  4.4568583456567952E+000                 -1.6633776505378375E+001                  5.9318040088806023E-001                 -1.9689957199622906E-009                  4.8832950543490104E-010 
                                     416                  3.3975345182497598E+000                 -4.8757925237022137E-001                  7.3697025179649174E+000                  2.9094311599118633E-001                  1.5650122728899113E+001                  1.8342346139181254E-001                  7.9716274226529626E-001                  1.9413796342891199E-002                  3.2540239691705491E-001                  4.2044121667311488E-009                  9.7882174730594407E-002                  4.5042564992126337E+001                  3.4150154364067836E-036                  2.8641185430399604E+004                  4.4569909890278225E+000                 -1.6294886341703055E+001                  5.9171173111762776E-001                 -1.9468453079128349E-009                  4.7224939016792808E-010 
                                     417                  3.3970755189210711E+000                 -4.8897728206445173E-001                  7.3725369963524816E+000                  3.0252099316261466E-001                  1.5662227076834483E+001                  1.7946512703252004E-001                  8.0112173335158976E-001                  1.9413139615890196E-002                  3.2435658399191919E-001                  4.1085814728892551E-009                  9.9272119188609981E-002                  5.0342113089603323E+001                  4.8161277709574778E-036                  2.8658588364705964E+004                  4.4572547945568841E+000                 -1.6322355098667764E+001                  5.8973256391789031E-001                 -1.9038051115696503E-009                  4.5175777116781115E-010 
                                     418                  3.3966165195923819E+000                 -4.9035163142287991E-001                  7.3746289284074793E+000                  3.1116681045778849E-001                  1.5671199491311508E+001                  1.7646895670980253E-001                  8.0411837834810229E-001                  1.9412664942095148E-002                  3.2333176171508249E-001                  4.0167954447274464E-009                  1.0022827002933980E-001                  5.4615404920435360E+001                  6.2105259023723520E-036                  2.8675870779839111E+004                  4.4575166146861953E+000                 -1.6630726724281896E+001                  5.8823447874202872E-001                 -1.8623835241668966E-009                  4.3707306801163436E-010 
                                     419                  3.3963870199280377E+000                 -4.9103005623941653E-001                  7.3760108269071178E+000                  3.1688349995113735E-001                  1.5677115956967320E+001                  1.7446791870802783E-001                  8.0611973003885573E-001                  1.9412351253116467E-002                  3.2282706948937445E-001                  3.9723482380413706E-009                  1.0082102836957438E-001                  5.7616355810283693E+001                  7.3466642467809250E-036                  2.8684464897777809E+004                  4.4576467526284311E+000                 -1.6604951461153238E+001                  5.8723395973154624E-001                 -1.8422575035757416E-009                  4.2771455233383692E-010 
                                     420                  3.3961575202636936E+000                 -4.9170274118385893E-001                  7.3773812934184315E+000                  3.2257850964268819E-001                  1.5682988541341485E+001                  1.7245718492859383E-001                  8.0813076970113396E-001                  1.9412045370272191E-002                  3.2232742506992246E-001                  3.9288285335626390E-009                  1.0138022619347799E-001                  6.0739114244275434E+001                  8.6800321423486146E-036                  2.8693031153018572E+004                  4.4577764298595879E+000                 -1.6689451612786549E+001                  5.8622859283249540E-001                 -1.8225082878280282E-009                  4.1862937568914949E-010 
                                     421                  3.3959280205993494E+000                 -4.9236974179669074E-001                  7.3787404938304801E+000                  3.2825089545303088E-001                  1.5688817849589112E+001                  1.7043919521550405E-001                  8.1014906364042594E-001                  1.9411741144069961E-002                  3.2183276628901775E-001                  3.8862186329621881E-009                  1.0189474293266851E-001                  6.3986372123355551E+001                  1.0243014594722237E-035                  2.8701569274033060E+004                  4.4579056426720189E+000                 -1.6933695943805869E+001                  5.8521959796659018E-001                 -1.8031273975381386E-009                  4.0980814990489386E-010 
                                     422                  3.3956985209350048E+000                 -4.9303111472460587E-001                  7.3807610710502365E+000                  3.3669860868254181E-001                  1.5697469126391095E+001                  1.6739725756258125E-001                  8.1319145740464771E-001                  1.9411285032771008E-002                  3.2134303064247255E-001                  3.8444966517649676E-009                  1.0256760066986126E-001                  6.9098169689928852E+001                  1.3103929977316161E-035                  2.8710078572226535E+004                  4.4580343810523297E+000                 -1.6414228693050035E+001                  5.8369862912589687E-001                 -1.7841066095000208E-009                  3.9714193455119069E-010 
                                     423                  3.3952395216063165E+000                 -4.9433722191757640E-001                  7.3834138248431440E+000                  3.4789787432286123E-001                  1.5708875576360024E+001                  1.6334398880989656E-001                  8.1724531588439886E-001                  1.9410695305704606E-002                  3.2037806798925250E-001                  3.7635840517368621E-009                  1.0336445749833378E-001                  7.6376945454166403E+001                  1.8119573108077742E-035                  2.8727014274370948E+004                  4.4582904901914633E+000                 -1.6377624656605914E+001                  5.8167199473147468E-001                 -1.7471116270956289E-009                  3.8096911210765149E-010 
                                     424                  3.3947805222776277E+000                 -4.9562151815285577E-001                  7.3860244150301293E+000                  3.5899602903299060E-001                  1.5720119148529728E+001                  1.5929112898274259E-001                  8.2129875389531504E-001                  1.9410117121942405E-002                  3.1943204500849143E-001                  3.6858877232975664E-009                  1.0401245121188875E-001                  8.4205266680292212E+001                  2.4942576418756502E-035                  2.8743816459699807E+004                  4.4585444310684936E+000                 -1.6368955356934773E+001                  5.7964556480035456E-001                 -1.7114644540041898E-009                  3.6570179460948847E-010 
                                     425                  3.3943215229489390E+000                 -4.9688447345067149E-001                  7.3885940502018403E+000                  3.6999978658929955E-001                  1.5731204092216693E+001                  1.5523081221859686E-001                  8.2535963412443625E-001                  1.9409553656966949E-002                  3.1850446618552636E-001                  3.6112687088602621E-009                  1.0450006705760631E-001                  9.2595804008995728E+001                  3.4190197418620105E-035                  2.8760465958540190E+004                  4.4587959179272394E+000                 -1.6208581404395865E+001                  5.7761540640132902E-001                 -1.6771077331360314E-009                  3.5128125626808820E-010 
                                     426                  3.3938625236202506E+000                 -4.9812653119267825E-001                  7.3911238782380773E+000                  3.8091005126017785E-001                  1.5742134482017908E+001                  1.5116502589141478E-001                  8.2942596943878577E-001                  1.9409004669799446E-002                  3.1759486269006515E-001                  3.5395932273986612E-009                  1.0482482767000106E-001                  1.0156156830027315E+002                  4.6678849166811910E-035                  2.8776937815493100E+004                  4.4590445783223061E+000                 -1.6274888271690678E+001                  5.7558251322141274E-001                 -1.6439881312829362E-009                  3.3765342219318968E-010 
                                     427                  3.3934035242915623E+000                 -4.9934812562126946E-001                  7.3936149968445086E+000                  3.9172875196754525E-001                  1.5752914228170761E+001                  1.4709368635606382E-001                  8.3349784569764063E-001                  1.9408467946295582E-002                  3.1670277910773753E-001                  3.4707267675461269E-009                  1.0496391748817563E-001                  1.1111241698407127E+002                  6.3488127816925663E-035                  2.8793202080871924E+004                  4.4592899652852998E+000                 -1.6396861899133274E+001                  5.7354684343783957E-001                 -1.6120554633464176E-009                  3.2476832315607420E-010 
                                     428                  3.3929445249628736E+000                 -5.0054967910354831E-001                  7.3960684699442245E+000                  4.0244741042852272E-001                  1.5763547085831247E+001                  1.4303417795454748E-001                  8.3755787365369594E-001                  1.9407948391756635E-002                  3.1582777512201565E-001                  3.4045252973821328E-009                  1.0493209340631367E-001                  1.2126464472772336E+002                  8.6033142706459752E-035                  2.8809224146012824E+004                  4.4595315625621721E+000                 -1.6275399673773528E+001                  5.7151708922170319E-001                 -1.5812624571888322E-009                  3.1257957132734531E-010 
                                     429                  3.3924855256341853E+000                 -5.0173163084850292E-001                  7.3984852676070112E+000                  4.1310860045120007E-001                  1.5774036666393004E+001                  1.3891704696423338E-001                  8.4167552444128557E-001                  1.9407428594481080E-002                  3.1496940436452009E-001                  3.3409307133384216E-009                  1.0463660275028946E-001                  1.3197039730991295E+002                  1.1623075231337987E-034                  2.8824965604586709E+004                  4.4597687977448066E+000                 -1.6385119154161451E+001                  5.6945852371152184E-001                 -1.5515637238569269E-009                  3.0104455757832662E-010 
                                     430                  3.3920265263054969E+000                 -5.0289429832489518E-001                  7.4011629099304503E+000                  4.2505731975436184E-001                  1.5785662984205857E+001                  1.3416181752248521E-001                  8.4643135374714085E-001                  1.9406828730373915E-002                  3.1412731462092885E-001                  3.2799723259352060E-009                  1.0386936467065093E-001                  1.4460625129482034E+002                  1.6256652669073769E-034                  2.8840382648430663E+004                  4.4600010182179703E+000                 -1.6242795860467904E+001                  5.6708090897378238E-001                 -1.5229190142953184E-009                  2.8884072430081125E-010 
                                     431                  3.3914527771446368E+000                 -5.0432089142278380E-001                  7.4040847563809944E+000                  4.3809736687042949E-001                  1.5798387885197315E+001                  1.2908115166817352E-001                  8.5151262066985500E-001                  1.9406227661971531E-002                  3.1309714578533354E-001                  3.2069874517501230E-009                  1.0300371574398191E-001                  1.5965343949423681E+002                  2.3465200509371267E-034                  2.8859154874507596E+004                  4.4602836088533859E+000                 -1.6340355916899743E+001                  5.6454057602954533E-001                 -1.4885363183563940E-009                  2.7607888601425856E-010 
                                     432                  3.3908790279837770E+000                 -5.0571885862216193E-001                  7.4069544085808783E+000                  4.5088839865214098E-001                  1.5810906365547686E+001                  1.2419290322405840E-001                  8.5640141234899281E-001                  1.9405684426948788E-002                  3.1209092569834729E-001                  3.1370179338231267E-009                  1.0211790864767224E-001                  1.7579414772928067E+002                  3.3687624045730297E-034                  2.8877381711028829E+004                  4.4605578135513060E+000                 -1.6393103953913759E+001                  5.6209645179199019E-001                 -1.4556481703706976E-009                  2.6413750133528758E-010 
                                     433                  3.3903052788229164E+000                 -5.0708929418423809E-001                  7.4097735603746688E+000                  4.6361777182808506E-001                  1.5823224418723923E+001                  1.1919168983505793E-001                  8.6140316830544916E-001                  1.9405141859492936E-002                  3.1110766107899329E-001                  3.0702110789035164E-009                  1.0068103440756371E-001                  1.9266199896675536E+002                  4.8213916387049341E-034                  2.8895083258781633E+004                  4.4608239501876703E+000                 -1.6501377648856174E+001                  5.5959584508206606E-001                 -1.4241669139740521E-009                  2.5295273113079876E-010 
                                     434                  3.3897315296620567E+000                 -5.0843267777378276E-001                  7.4139219572955426E+000                  4.8244038171335363E-001                  1.5841284820263221E+001                  1.1161663111826906E-001                  8.6897901097071628E-001                  1.9404357911014691E-002                  3.1014681258313465E-001                  3.0066574261217976E-009                  9.7669214290883447E-002                  2.1930176363360974E+002                  8.2127270310698733E-034                  2.8912271807325953E+004                  4.4610822180844174E+000                 -1.5931587143432017E+001                  5.5580831570144484E-001                 -1.3940236927465201E-009                  2.3770417225343001E-010 
                                     435                  3.3885840313403341E+000                 -5.1104081471216511E-001                  7.4192748616469242E+000                  5.0687126015747230E-001                  1.5864789134094824E+001                  1.0211240268965670E-001                  8.7848418891574009E-001                  1.9403408394603194E-002                  3.0828982078717382E-001                  2.8876065965238652E-009                  9.3428587216790468E-002                  2.5805675233678448E+002                  1.6460852732587463E-033                  2.8945224605652274E+004                  4.4615769239016796E+000                 -1.5877862963654250E+001                  5.5105620146209811E-001                 -1.3374741996466452E-009                  2.1917724735193576E-010 
                                     436                  3.3874365330186125E+000                 -5.1355025177916491E-001                  7.4244513064949480E+000                  5.3059999369948585E-001                  1.5887586799838118E+001                  9.3004749395010897E-002                  8.8759272179052606E-001                  1.9402528814463027E-002                  3.0651359950925944E-001                  2.7779730367581129E-009                  8.8366455715177553E-002                  2.9972075250480202E+002                  3.2599317327187052E-033                  2.8976317536734066E+004                  4.4620431922085180E+000                 -1.5895705014127872E+001                  5.4650237479304398E-001                 -1.2854629557012335E-009                  2.0278462004367896E-010 
                                     437                  3.3862890346968899E+000                 -5.1596703277008316E-001                  7.4282133277078763E+000                  5.4803165377228691E-001                  1.5904287910008200E+001                  8.6413762787561535E-002                  8.9418437104929671E-001                  1.9401866163141768E-002                  3.0481263636677297E-001                  2.6769960091606031E-009                  8.4079369144214072E-002                  3.3235100231099540E+002                  5.4017189248017739E-033                  2.9005674607370704E+004                  4.4624829706431779E+000                 -1.6387131874321863E+001                  5.4320688147513874E-001                 -1.2375218429003734E-009                  1.9152305649766880E-010 
                                     438                  3.3857152855360293E+000                 -5.1714238406347923E-001                  7.4306832156391591E+000                  5.5944626981491397E-001                  1.5915189650246173E+001                  8.2048644242566013E-002                  8.9854978079042569E-001                  1.9401574967008339E-002                  3.0398882306055980E-001                  2.6290841674220308E-009                  8.0910017327876921E-002                  3.5433223557885998E+002                  7.5539830618000265E-033                  2.9087081448028759E+004                  4.4637001470083462E+000                 -1.6545736829456427E+001                  5.4102432219408747E-001                 -1.2147426705598466E-009                  1.8470209687533262E-010 
                                     439                  3.3851415363751687E+000                 -5.1829649434129410E-001                  7.4340739834768028E+000                  5.7532545963018267E-001                  1.5930159614178413E+001                  7.5783615768187096E-002                  9.0481479165111522E-001                  1.9401592580697624E-002                  3.0318206430778222E-001                  2.5846286673242734E-009                  7.5521272760409250E-002                  3.8379955610392449E+002                  1.2055548420675960E-032                  2.9030411751858181E+004                  4.4628531956763773E+000                 -1.6050119221197381E+001                  5.3789180794534086E-001                 -1.1934680438988963E-009                  1.7587180001780965E-010 
                                     440                  3.3841087878856193E+000                 -5.2032140921895875E-001                  7.4383461780031661E+000                  5.9507192212693016E-001                  1.5949013795944163E+001                  6.8355392111651134E-002                  9.1224375765750154E-001                  1.9400850230847366E-002                  3.0177175652817767E-001                  2.5068035937510785E-009                  6.8780611554016574E-002                  4.2279530830083104E+002                  2.1858513384798817E-032                  2.9259511788571861E+004                  4.4662670754017952E+000                 -1.6122843971071212E+001                  5.3417769610462584E-001                 -1.1562686831679203E-009                  1.6540668971296467E-010 
                                     441                  3.3830760393960708E+000                 -5.2228314494906602E-001                  7.4424715909500794E+000                  6.1432355731251087E-001                  1.5967400475853452E+001                  6.1304905988242037E-002                  9.1929585086049703E-001                  1.9399243151260959E-002                  3.0041170838136783E-001                  2.4358673695445306E-009                  6.1453884593456388E-002                  4.6000709331580526E+002                  3.9219575213945754E-032                  2.9063295530761436E+004                  4.4633448580582469E+000                 -1.5989161942355862E+001                  5.3065245303206177E-001                 -1.1225220036544707E-009                  1.5606552799910749E-010 
                                     442                  3.3820432909065219E+000                 -5.2418503102711911E-001                  7.4465151183361087E+000                  6.3295083085605497E-001                  1.5985340234714357E+001                  5.4681254595734967E-002                  9.2592020102251427E-001                  1.9398544381750815E-002                  2.9909900547398477E-001                  2.3693647532381822E-009                  5.4277599555386608E-002                  4.9547643182912020E+002                  7.0038030132984635E-032                  2.9276169472758000E+004                  4.4665142525205281E+000                 -1.6011333685363351E+001                  5.2734062732712361E-001                 -1.0910058691133998E-009                  1.4730599920002685E-010 
                                     443                  3.3810105424169725E+000                 -5.2603080662427237E-001                  7.4519419687831361E+000                  6.5776953047971842E-001                  1.6009476579676370E+001                  4.6264797403959113E-002                  9.3433675030149133E-001                  1.9398452294549617E-002                  2.9783051562355189E-001                  2.3022742242239220E-009                  4.5778471537260126E-002                  5.3961914064408859E+002                  1.5417668078369976E-031                  2.9098575417673295E+004                  4.4638717277011013E+000                 -1.5958818775238427E+001                  5.2313239872300110E-001                 -1.0594924605290509E-009                  1.3630661618638848E-010 
                                     444                  3.3791745451022193E+000                 -5.2918385230558396E-001                  7.4602570084765825E+000                  6.9513924604760435E-001                  1.6046502920520155E+001                  3.4602327029584545E-002                  9.4600021660751987E-001                  1.9397456362895582E-002                  2.9567604996536051E-001                  2.1931256461536338E-009                  3.2101367647010978E-002                  5.9275959985602572E+002                  5.2629798600734818E-031                  2.9141066920328623E+004                  4.4645054482276896E+000                 -1.5507020454375269E+001                  5.1730116352590716E-001                 -1.0087591331470374E-009                  1.2136650680555517E-010 
                                     445                  3.3764205491300872E+000                 -5.3363893162131837E-001                  7.4696681943620611E+000                  7.3650747003440731E-001                  1.6088720825676212E+001                  2.3491567726897616E-002                  9.5711206232205959E-001                  1.9396369951042769E-002                  2.9265845017195768E-001                  2.0476576028113205E-009                  1.9083440591742485E-002                  6.1988742783437476E+002                  2.1500829133855290E-030                  2.9197442003321543E+004                  4.4653448044448236E+000                 -1.5480715109199293E+001                  5.1174578386820180E-001                 -9.4231258367920149E-010                  1.0645848139320857E-010 
                                     446                  3.3736665531579617E+000                 -5.3781176640805906E-001                  7.4773479164550762E+000                  7.6926642481081320E-001                  1.6123295161589269E+001                  1.6171272468186910E-002                  9.6443316029895465E-001                  1.9395567232858402E-002                  2.8985996377323392E-001                  1.9197572917824441E-009                  1.1061598749942269E-002                  6.0530188555858399E+002                  6.8084648742337619E-030                  2.9246941012688032E+004                  4.4660804491948660E+000                 -1.5638270292804830E+001                  5.0808563623618108E-001                 -8.8517086670399928E-010                  9.5762718183832987E-011 
                                     447                  3.3716753622882378E+000                 -5.4067851188688842E-001                  7.4820052675615658E+000                  7.8862558243086622E-001                  1.6144247122536729E+001                  1.2454152999608604E-002                  9.6815069944538057E-001                  1.9395147555010817E-002                  2.8795292082311347E-001                  1.8361481245956858E-009                  7.3930288527949929E-003                  5.7552868189197977E+002                  1.3680618659815577E-029                  2.9279370344412782E+004                  4.4665617329434797E+000                 -1.6016013203257632E+001                  5.0622707650097998E-001                 -8.4854066096162744E-010                  8.9893343011275257E-011 
                                     448                  3.3706797668533768E+000                 -5.4206972076168047E-001                  7.4850494826227090E+000                  8.0088768803993537E-001                  1.6157840325470481E+001                  1.0413965065792169E-002                  9.7019139604443716E-001                  1.9394638889770666E-002                  2.8703197496818561E-001                  1.7966337088765382E-009                  5.5799450701651265E-003                  5.5172973185924991E+002                  2.1536244578517161E-029                  2.9294708892323804E+004                  4.4667891866894793E+000                 -1.5999152238140145E+001                  5.0520698253368967E-001                 -8.3148886644024563E-010                  8.6359749007850193E-011 
                                     449                  3.3696841714185135E+000                 -5.4343513753536066E-001                  7.4897610174178366E+000                  8.1928430640555794E-001                  1.6178708803763591E+001                  7.7972199744620564E-003                  9.7280852264241324E-001                  1.9394257383124724E-002                  2.8613096691620460E-001                  1.7583642932914083E-009                  3.5092737401951173E-003                  5.0957105173425890E+002                  4.3289558670211811E-029                  2.9309552158867362E+004                  4.4670091826002034E+000                 -1.5653468411567786E+001                  5.0389860998765090E-001                 -8.1519390047671438E-010                  8.1311950973621039E-011 
                                     450                  3.3675377869938110E+000                 -5.4629819769906263E-001                  7.4944359657884831E+000                  8.3746567155800133E-001                  1.6199619660911260E+001                  5.6433196902533752E-003                  9.7496300785761025E-001                  1.9393672452136412E-002                  2.8425086980636372E-001                  1.6805338527181564E-009                  2.0563381519451839E-003                  4.5412808772809683E+002                  8.6356636762363930E-029                  2.9340139468250192E+004                  4.4674621739294684E+000                 -1.5925827810554097E+001                  5.0282165984533356E-001                 -7.8238059987393574E-010                  7.6460420832748517E-011 
                                     451                  3.3664645947814615E+000                 -5.4769138299977316E-001                  7.4974936152142346E+000                  8.4904654073844388E-001                  1.6213187166218368E+001                  4.4886274280828749E-003                  9.7611789032518692E-001                  1.9393482246730209E-002                  2.8334047458763317E-001                  1.6438823788864991E-009                  1.3970009115649505E-003                  4.1354204816849830E+002                  1.3527416511721544E-028                  2.9354741935240141E+004                  4.4676782667408039E+000                 -1.5921651741760142E+001                  5.0224431371416689E-001                 -7.6705170692336698E-010                  7.3527086052908981E-011 
                                     452                  3.3653914025691103E+000                 -5.4906091488112074E-001                  7.5008745863825466E+000                  8.6160163086715436E-001                  1.6228140159539649E+001                  3.4787368886996049E-003                  9.7712820448199023E-001                  1.9393058629310178E-002                  2.8244837802421285E-001                  1.6084955839473182E-009                  9.0575200081173708E-004                  3.7186126229157986E+002                  2.2157593331365270E-028                  2.9368958342369573E+004                  4.4678885432479127E+000                 -1.5780960941705839E+001                  5.0173936844442169E-001                 -7.5237210145142746E-010                  7.0448196793109216E-011 
                                     453                  3.3640499123036762E+000                 -5.5074165924746910E-001                  7.5036390477503661E+000                  8.7183365247147371E-001                  1.6240400348391539E+001                  2.7545998109409211E-003                  9.7785265961068513E-001                  1.9392740578373924E-002                  2.8135739916024127E-001                  1.5660922452180685E-009                  6.0401224438138732E-004                  3.3250894729238945E+002                  3.3128668570666047E-028                  2.9386243112048185E+004                  4.4681440671887085E+000                 -1.6049720103537233E+001                  5.0137729990551372E-001                 -7.3486555178707459E-010                  6.8005924985459819E-011 
                                     454                  3.3633791671709585E+000                 -5.5156961006065408E-001                  7.5054616952026834E+000                  8.7847232362399230E-001                  1.6248444626603732E+001                  2.3619149656058679E-003                  9.7824555463274598E-001                  1.9392530401648123E-002                  2.8082152272851724E-001                  1.5456238210792320E-009                  4.6202895407881082E-004                  3.0878149239089169E+002                  4.3137178254034747E-028                  2.9394692118991472E+004                  4.4682689157336961E+000                 -1.6138913857964038E+001                  5.0118095748283387E-001                 -7.2644216794280665E-010                  6.6465960198251668E-011 
                                     455                  3.3627084220382408E+000                 -5.5238965541264262E-001                  7.5072664143023307E+000                  8.8501367444767931E-001                  1.6256400370065659E+001                  2.0018362371803694E-003                  9.7860584783829396E-001                  1.9392315924525616E-002                  2.8029176903682823E-001                  1.5256058136265881E-009                  3.4432402756587495E-004                  2.8317664842092569E+002                  5.5989297130601366E-028                  2.9403024845379707E+004                  4.4683920108911499E+000                 -1.6150018024085117E+001                  5.0100091811861169E-001                 -7.1822610742442794E-010                  6.4980617948046969E-011 
                                     456                  3.3620376769055227E+000                 -5.5320200905092076E-001                  7.5090536139242259E+000                  8.9144237320982611E-001                  1.6264269581306053E+001                  1.6977257815762486E-003                  9.7891017045692452E-001                  1.9392103761499246E-002                  2.7976796957285044E-001                  1.5060436031785350E-009                  2.5611670490959475E-004                  2.5961976941438115E+002                  7.2430199869464724E-028                  2.9411247784825209E+004                  4.4685134500279373E+000                 -1.6016946921571773E+001                  5.0084886289080310E-001                 -7.1020926607004757E-010                  6.3547187708589190E-011 
                                     457                  3.3613669317728041E+000                 -5.5400690978427503E-001                  7.5108236941627586E+000                  8.9777536114834444E-001                  1.6272054200373379E+001                  1.4284059254703254E-003                  9.7917970213254923E-001                  1.9391891941980433E-002                  2.7924994111954560E-001                  1.4869170806738450E-009                  1.8954599127572427E-004                  2.3593375752227956E+002                  9.3406318134905531E-028                  2.9419366029903726E+004                  4.4686333097007873E+000                 -1.6235459601271611E+001                  5.0071420296274549E-001                 -7.0238364042595127E-010                  6.2163122134580697E-011 
                                     458                  3.3606961866400855E+000                 -5.5480456126087319E-001                  7.5125770366871993E+000                  9.0400684800983022E-001                  1.6279756105458826E+001                  1.2039638008249569E-003                  9.7940435106255674E-001                  1.9391685136618264E-002                  2.7873752452283213E-001                  1.4682158498241148E-009                  1.3786498424610223E-004                  2.1459288853479288E+002                  1.2007928794585873E-027                  2.9427384846782497E+004                  4.4687516689267950E+000                 -1.6138590028498676E+001                  5.0060198190041949E-001                 -6.9474189594313860E-010                  6.0826041729576875E-011 
                                     459                  3.3600254415073669E+000                 -5.5559517451981755E-001                  7.5144873420025426E+000                  9.1073826222634502E-001                  1.6288131913529075E+001                  1.0136521227042863E-003                  9.7959488214370383E-001                  1.9391465733591851E-002                  2.7823055719196504E-001                  1.4499126172138980E-009                  1.0276098301015316E-004                  1.9624102668522116E+002                  1.5773392278843786E-027                  2.9435308463766542E+004                  4.4688685913087021E+000                 -1.6139163082261589E+001                  5.0050682606135699E-001                 -6.8727693267410597E-010                  5.9409161030580562E-011 
                                     460                  3.3592205473481065E+000                 -5.5653491781805486E-001                  7.5165487243434272E+000                  9.1798731195133487E-001                  1.6297163528125644E+001                  8.1753726646484229E-004                  9.7979124423238884E-001                  1.9391218501146334E-002                  2.7762916198225995E-001                  1.4284846787269984E-009                  6.8489430402397642E-005                  1.7304205293727796E+002                  2.1156845531071546E-027                  2.9444696790978734E+004                  4.4690070864980100E+000                 -1.6095194393812250E+001                  5.0040876863323547E-001                 -6.7854268805398224E-010                  5.7919290447234032E-011 
                                     461                  3.3584156531888461E+000                 -5.5746509371505060E-001                  7.5185876521475468E+000                  9.2511972498621386E-001                  1.6306084373027836E+001                  6.5500499982939304E-004                  9.7995402921834585E-001                  1.9390965781824754E-002                  2.7703516963782110E-001                  1.4076386927651249E-009                  4.6486368036720777E-005                  1.5142027044871034E+002                  2.8261702733430123E-027                  2.9453960960566619E+004                  4.4691437068529796E+000                 -1.5980330325525458E+001                  5.0032750249991653E-001                 -6.7004288079251317E-010                  5.6487259719876848E-011 
                                     462                  3.3576107590295821E+000                 -5.5838598695994957E-001                  7.5206046734663827E+000                  9.3214053200571489E-001                  1.6314897271685140E+001                  5.2241916005383519E-004                  9.8008691349195554E-001                  1.9390667347990664E-002                  2.7644835692083769E-001                  1.3873381280307171E-009                  3.0740096612243068E-005                  1.3174214712528178E+002                  3.7602196685018484E-027                  2.9463107196142650E+004                  4.4692785458664277E+000                 -1.6209323281050835E+001                  5.0026120958002807E-001                 -6.6176747418223343E-010                  5.5109966448779614E-011 
                                     463                  3.3568058648703172E+000                 -5.5929786688374117E-001                  7.5232634922855430E+000                  9.4131749380560414E-001                  1.6326469130737131E+001                  3.8113643149179452E-004                  9.8022852504071678E-001                  1.9390338527791373E-002                  2.7586851248263600E-001                  1.3675620297917665E-009                  1.7201913123793971E-005                  1.0775835264980013E+002                  5.4709112084929172E-027                  2.9472141039058508E+004                  4.4694116868398499E+000                 -1.5871208721060343E+001                  5.0019056821574648E-001                 -6.5370703901633580E-010                  5.3364442390098825E-011 
                                     464                  3.3554643746048818E+000                 -5.6079833488423769E-001                  7.5257171776974179E+000                  9.4980920164446603E-001                  1.6337185810415548E+001                  2.7957717646198081E-004                  9.8033041371212615E-001                  1.9390009111411866E-002                  2.7491704370447428E-001                  1.3357356393283912E-009                  9.6864770337000324E-006                  8.7833753326991143E+001                  7.7251663854408788E-027                  2.9486970300222118E+004                  4.4696301523588708E+000                 -1.6246737014551606E+001                  5.0013978858823116E-001                 -6.4072623839936769E-010                  5.1783636507944143E-011 
                                     465                  3.3547936294721641E+000                 -5.6153976350841472E-001                  7.5273374475546122E+000                  9.5536973619636756E-001                  1.6344232295791286E+001                  2.2803003091444583E-004                  9.8038217409366901E-001                  1.9389795875416560E-002                  2.7444810504136669E-001                  1.3203319011561339E-009                  6.6364109109532751E-006                  7.6781411020701100E+001                  9.6940707033077945E-027                  2.9494274953513937E+004                  4.4697377245411616E+000                 -1.6177408104152168E+001                  5.0011401501545749E-001                 -6.3443913677701650E-010                  5.0777784839205749E-011 
                                     466                  3.3541228843394464E+000                 -5.6227550385894320E-001                  7.5297450543039188E+000                  9.6357061851750425E-001                  1.6354659726425176E+001                  1.6629948012653392E-004                  9.8044422952375510E-001                  1.9389470996118319E-002                  2.7398355480878422E-001                  1.3052470718417323E-009                  3.6848168142586323E-006                  6.2054377650958578E+001                  1.3568052303579880E-026                  2.9501512583415140E+004                  4.4698442834286736E+000                 -1.5843523770022653E+001                  5.0008314974006329E-001                 -6.2828135709852812E-010                  4.9335669880725657E-011 
                                     467                  3.3527813940740105E+000                 -5.6373042118038674E-001                  7.5329048004821209E+000                  9.7433535637303581E-001                  1.6368358798766199E+001                  1.0474767998635858E-004                  9.8050616991589234E-001                  1.9389082404121294E-002                  2.7306722620481244E-001                  1.2760201078891666E-009                  1.5456444158545636E-006                  4.4698070926410658E+001                  2.1060432738622050E-026                  2.9515804894315308E+004                  4.4700546309044382E+000                 -1.5886905028380662E+001                  5.0005237383999324E-001                 -6.1633651394582919E-010                  4.7496265542258871E-011 
                                     468                  3.3514399038085747E+000                 -5.6516394957097826E-001                  7.5352380987537932E+000                  9.8228242081151251E-001                  1.6378484117600120E+001                  7.6866771259882300E-005                  9.8053431556070259E-001                  1.9388817668037572E-002                  2.7216736609778280E-001                  1.2479966136468261E-009                  8.6727282274683554E-007                  3.6201651889697409E+001                  2.9104648451843791E-026                  2.9529854317200581E+004                  4.4702613044187878E+000                 -1.6189230904207871E+001                  5.0003843338562992E-001                 -6.0486146627733450E-010                  4.6176556721816154E-011 
                                     469                  3.3507691586758570E+000                 -5.6587294652067432E-001                  7.5367797133507386E+000                  9.8749937632307239E-001                  1.6385147241128191E+001                  6.1394302565762635E-005                  9.8054994516395488E-001                  1.9388660533479318E-002                  2.7172340833356462E-001                  1.2344120596861037E-009                  5.6113855815493812E-007                  3.0847723065515229E+001                  3.6015385946095761E-026                  2.9536787381571372E+004                  4.4703632567738270E+000                 -1.6132082803894551E+001                  5.0003069715128290E-001                 -5.9929145628788183E-010                  4.5334228668338126E-011 
                                     470                  3.3500984135431398E+000                 -5.6657690468484689E-001                  7.5390716572091536E+000                  9.9520731119465355E-001                  1.6395015201289805E+001                  4.2857711915394494E-005                  9.8056868840530720E-001                  1.9388453882777434E-002                  2.7128332222447166E-001                  1.2210996291292897E-009                  2.8742588005572504E-007                  2.3692440571809023E+001                  4.9386321299851285E-026                  2.9543664720387351E+004                  4.4704643660309564E+000                 -1.5716057507561409E+001                  5.0002142885595768E-001                 -5.9382841939641820E-010                  4.4123057278855857E-011 
                                     471                  3.3487569232777044E+000                 -5.6797010447271057E-001                  7.5420823011804652E+000                  1.0053423414505704E+000                  1.6407991064525806E+001                  2.5984639434773476E-005                  9.8058574193736214E-001                  1.9388273423203040E-002                  2.7041445028850858E-001                  1.1952666667766668E-009                  1.1107954270749706E-007                  1.6260451343841652E+001                  7.4664564667360348E-026                  2.9557266937670829E+004                  4.4706642738106295E+000                 -1.5851092558298548E+001                  5.0001299231971730E-001                 -5.8321001562097385E-010                  4.2573921646447578E-011 
                                     472                  3.3474154330122681E+000                 -5.6934423952248658E-001                  7.5450465795055983E+000                  1.0152891615465833E+000                  1.6420743559513980E+001                  1.5158640340519203E-005                  9.8059659727614834E-001                  1.9388244083511141E-002                  2.6956019413653814E-001                  1.1704440665637597E-009                  3.9681970750349690E-008                  1.0698474234999244E+001                  1.1196806509223279E-025                  2.9570664188400926E+004                  4.4708610793491799E+000                 -1.5859108756085565E+001                  5.0000757932017026E-001                 -5.7298304032954350E-010                  4.1107521054371361E-011 
                                     473                  3.3460739427468318E+000                 -5.7069998279469836E-001                  7.5476749592162120E+000                  1.0240962631964163E+000                  1.6432043180036505E+001                  9.8820873790019065E-006                  9.8060176858396397E-001                  1.9388349328657073E-002                  2.6872001631750358E-001                  1.1465732445532538E-009                  1.7595681350450507E-008                  7.7432692849749927E+000                  1.6014901053104111E-025                  2.9583867105084457E+004                  4.4710549429072373E+000                 -1.5896288238342169E+001                  5.0000494104368953E-001                 -5.6312547380198481E-010                  3.9850364611051980E-011 
                                     474                  3.3450007505344819E+000                 -5.7177175431044858E-001                  7.5499826545879065E+000                  1.0317987861234124E+000                  1.6441939280635864E+001                  6.2504509876939825E-006                  9.8060520871530021E-001                  1.9388540833712109E-002                  2.6805767455245871E-001                  1.1281267097327139E-009                  7.3036246633703819E-009                  5.3608490318383577E+000                  2.1901782030752721E-025                  2.9594292844700209E+004                  4.4712079669700193E+000                 -1.5986083634022449E+001                  5.0000312522549395E-001                 -5.5549188684142030E-010                  3.8784976617726129E-011 
                                     475                  3.3439275583221333E+000                 -5.7283246864241133E-001                  7.5522632080708822E+000                  1.0393940302362719E+000                  1.6451705727033300E+001                  4.0089678133458614E-006                  9.8060722554705260E-001                  1.9388765485134019E-002                  2.6740377337094223E-001                  1.1102299479939776E-009                  3.1148914329332612E-009                  3.7569623927550242E+000                  2.9811674517065840E-025                  2.9604605011135693E+004                  4.4713592710377270E+000                 -1.5879762345479632E+001                  5.0000200448390664E-001                 -5.4807196974577611E-010                  3.7763027598235582E-011 
                                     476                  3.3428543661097820E+000                 -5.7388242007647161E-001                  7.5545173061815838E+000                  1.0468854991339029E+000                  1.6461346099156735E+001                  2.5431278042557598E-006                  9.8060840513594183E-001                  1.9389051736253937E-002                  2.6675807816614083E-001                  1.0928594542921928E-009                  1.2985588601212361E-009                  2.5991140597820914E+000                  4.0392644510784278E-025                  2.9614807825646116E+004                  4.4715089187925203E+000                 -1.5964030918358116E+001                  5.0000127156390217E-001                 -5.4085658598002831E-010                  3.6782132626336259E-011 
                                     477                  3.3417811738974312E+000                 -5.7492188991671189E-001                  7.5570240983155044E+000                  1.0551870575563194E+000                  1.6472042211376667E+001                  1.3710253634752226E-006                  9.8060919104009092E-001                  1.9389437934545617E-002                  2.6612036478431073E-001                  1.0759922816635906E-009                  3.9238774314670542E-010                  1.5414489157801154E+000                  5.6555173109907274E-025                  2.9624905438770384E+004                  4.4716569727739142E+000                 -1.5981475003835891E+001                  5.0000068551268173E-001                 -5.3383712362609219E-010                  3.5727184131262944E-011 
                                     478                  3.3404389523724136E+000                 -5.7620760370776458E-001                  7.5597717497460479E+000                  1.0642784199347362E+000                  1.6483760058382206E+001                  9.0952398898317583E-007                  9.8060923772042308E-001                  1.9389852755587911E-002                  2.6533368968646637E-001                  1.0555728539125486E-009                  1.8014239747499714E-010                  1.1354018471855789E+000                  8.1676412956138810E-025                  2.9637395511172301E+004                  4.4718400358516588E+000                 -1.5949588562313675E+001                  5.0000045476199440E-001                 -5.2532117753653566E-010                  3.4605830079958910E-011 
                                     479                  3.3390967308473969E+000                 -5.7747784699857152E-001                  7.5624813319456576E+000                  1.0732230302325212E+000                  1.6495297958776007E+001                  4.4848698599671710E-007                  9.8060928393518298E-001                  1.9390267577831022E-002                  2.6455876405142487E-001                  1.0358694105421169E-009                  4.5649507018634982E-011                  6.2039433263180221E-001                  1.1718720085146063E-024                  2.9649734544865420E+004                  4.4720208094636460E+000                 -1.5965721860841935E+001                  5.0000022424349300E-001                 -5.1708408306195391E-010                  3.3537895759028699E-011 
                                     480                  3.3377545093223788E+000                 -5.7873309799139439E-001                  7.5651539632175364E+000                  1.0820256754339721E+000                  1.6506661736331349E+001                  2.2465579597663322E-007                  9.8060907570932876E-001                  1.9390699634875275E-002                  2.6379520796923911E-001                  1.0168446654810125E-009                  1.1926867542670862E-011                  3.4381823923500288E-001                  1.6707593544297395E-024                  2.9661929956549357E+004                  4.4721994050272018E+000                 -1.5970562847348381E+001                  5.0000011232789798E-001                 -5.0911191798320626E-010                  3.2519962532374888E-011 
                                     481                  3.3364122877973608E+000                 -5.7997381263523851E-001                  7.5677935740455711E+000                  1.0907004203205746E+000                  1.6517868976888373E+001                  1.1950519368689853E-007                  9.8060880087145497E-001                  1.9391079623351293E-002                  2.6304265982487085E-001                  9.9846414642369244E-010                  3.5112889121474577E-012                  2.0228393677631637E-001                  2.3683706980732832E-024                  2.9673988528510352E+004                  4.4723759244598860E+000                 -1.6129609209281210E+001                  5.0000005975259687E-001                 -5.0139167350464499E-010                  3.1547873974434301E-011 
                                     482                  3.3350671412340138E+000                 -5.8120308345632676E-001                  7.5704010478165920E+000                  1.0992515754976320E+000                  1.6528924568830270E+001                  5.6404468726710908E-008                  9.8060855069282116E-001                  1.9391392902710081E-002                  2.6229917012099130E-001                  9.8065772837217806E-010                  8.1318426523290055E-013                  1.0542369447321279E-001                  3.3385848159470144E-024                  2.9685942634138522E+004                  4.4725508438736687E+000                 -1.6104428306417557E+001                  5.0000002820223433E-001                 -4.9389513368824681E-010                  3.0618819999615643E-011 
                                     483                  3.3337219946706669E+000                 -5.8241860773977905E-001                  7.5729744802962840E+000                  1.1076738391486021E+000                  1.6539821221527610E+001                  2.3687530107486359E-008                  9.8060830676637323E-001                  1.9391669546096613E-002                  2.6156606099742025E-001                  9.6343597183376178E-010                  1.4898309410342724E-013                  4.8852884668442995E-002                  4.6791450052666963E-024                  2.9697772065190471E+004                  4.4727238696509843E+000                 -1.5929053596944112E+001                  5.0000001184376508E-001                 -4.8662793234291669E-010                  2.9731215768722951E-011 
                                     484                  3.3323768481073248E+000                 -5.8362078346344048E-001                  7.5755148059095001E+000                  1.1159713146764780E+000                  1.6550563768473065E+001                  1.5875001919765031E-008                  9.8060809714955122E-001                  1.9391886975446915E-002                  2.6084301806477911E-001                  9.4677058416489050E-010                  6.9461459520179359E-014                  3.6087524862575680E-002                  6.5213707589504552E-024                  2.9709482755022469E+004                  4.4728950907604119E+000                 -1.5998793992070409E+001                  5.0000000793750099E-001                 -4.7957932647781680E-010                  2.8882572336020113E-011 
                                     485                  3.3310317015439828E+000                 -5.8480999079927043E-001                  7.5792715530989483E+000                  1.1281340519191601E+000                  1.6566358009126837E+001                  4.2015192743887726E-009                  9.8060782786612521E-001                  1.9392167932355542E-002                  2.6012974139880146E-001                  9.3063296646157830E-010                  5.1387716416463663E-015                  1.1029337261622137E-002                  1.0626711815293274E-023                  2.9721080339449141E+004                  4.4730645916610126E+000                 -1.5522855412366512E+001                  5.0000000210075957E-001                 -4.7273923731304325E-010                  2.7690088243701089E-011 
                                     486                  3.3283414084172986E+000                 -5.8715107353260609E-001                  7.5841639891300776E+000                  1.1440293613957497E+000                  1.6586975147407006E+001                  7.9172885301745092E-010                  9.8060754989710941E-001                  1.9392449311161686E-002                  2.5873127368546806E-001                  8.9984488318697210E-010                  1.9584995550415008E-016                  2.5078382511673808E-003                  1.9999553118972778E-023                  2.9743993576094043E+004                  4.4733992786318568E+000                 -1.5708800362554733E+001                  5.0000000039586434E-001                 -4.5964487176498134E-010                  2.6198152385418690E-011 
                                     487                  3.3256511152906145E+000                 -5.8944443924925227E-001                  7.5877501326839587E+000                  1.1557175248848661E+000                  1.6602119474203949E+001                  2.1089383520039353E-010                  9.8060738683383697E-001                  1.9392612955269173E-002                  2.5736860036541587E-001                  8.7090541095599411E-010                  1.4632009958728488E-017                  7.6684637505762456E-004                  3.1710708091444930E-023                  2.9766514104249101E+004                  4.4737279782835797E+000                 -1.5873550740832787E+001                  5.0000000010544687E-001                 -4.4727825790755093E-010                  2.5148262050791213E-011 
                                     488                  3.3243059687272680E+000                 -5.9057395663824530E-001                  7.5912841414790106E+000                  1.1670658609927498E+000                  1.6616898028596303E+001                  5.6859317351791763E-011                  9.8060727579834106E-001                  1.9392724144799645E-002                  2.5670010325485076E-001                  8.5707531998850233E-010                  1.1183437888754445E-018                  2.3678237547343305E-004                  4.9792305951365203E-023                  2.9777622975306458E+004                  4.4738900268644466E+000                 -1.5733338592834173E+001                  5.0000000002842970E-001                 -4.4134942861646027E-010                  2.4180739102032704E-011 
                                     489                  3.3216156756005746E+000                 -5.9280036741036046E-001                  7.5965807815882735E+000                  1.1840720351102916E+000                  1.6639045962317493E+001                  5.4817694730598831E-012                  9.8060716372664902E-001                  1.9392836267869251E-002                  2.5538749752164752E-001                  8.3059320095771758E-010                  1.1201865839829600E-020                  2.7974796297184658E-005                  9.7509179991522904E-023                  2.9799621731863495E+004                  4.4742107512974956E+000                 -1.5680216620140662E+001                  5.0000000000274092E-001                 -4.2996160484323128E-010                  2.2797872316201164E-011 
                                     490                  3.3181182945358776E+000                 -5.9563259259669588E-001                  7.6030651527146489E+000                  1.2048220525087687E+000                  1.6666101118947271E+001                  3.7687196273542115E-013                  9.8060710898550552E-001                  1.9392891014117564E-002                  2.5372742233243673E-001                  7.9834868279505730E-010                  5.4411230160788718E-023                  2.4657740355962283E-006                  2.2045317786480884E-022                  2.9827798780301124E+004                  4.4746212046579981E+000                 -1.5679476206826536E+001                  5.0000000000018840E-001                 -4.1602552855351950E-010                  2.1218467067658559E-011 
                                     491                  3.3138138255331828E+000                 -5.9902800729927019E-001                  7.6104077610640255E+000                  1.2282583181693825E+000                  1.6696686172602178E+001                  5.5082719381177506E-015                  9.8060709806194502E-001                  1.9392901938049434E-002                  2.5175145700488344E-001                  7.6169875284744361E-010                  9.8320653503422464E-027                  4.7716626642176933E-008                  5.5018308893781776E-022                  2.9861902864176391E+004                  4.4751174784419518E+000                 -1.5482504516597059E+001                  5.0000000000000278E-001                 -4.0008636328281472E-010                  1.9565726012946331E-011 
                                     492                  3.3089712979051527E+000                 -6.0273706739339661E-001                  7.6188979153093461E+000                  1.2551676008943633E+000                  1.6731888908708129E+001                  3.0773091067713655E-017                  9.8060717637754480E-001                  1.9392823622455202E-002                  2.4961054734836910E-001                  7.2399655732383162E-010                  3.6809347879879701E-031                  3.6826283491792196E-010                  1.5644340907063269E-021                  2.9899597273799467E+004                  4.4756653387276231E+000                 -1.5176960578521280E+001                  5.0000000000000000E-001                 -3.8357258504181464E-010                  1.7831810224293771E-011 
                                     493                  3.3028220564727309E+000                 -6.0729212809675537E-001                  7.6270264565419756E+000                  1.2810927129880221E+000                  1.6765732367757870E+001                  5.1984892537621416E-020                  9.8060737163197753E-001                  1.9392628368022469E-002                  2.4700620993122924E-001                  6.8077511032793941E-010                  1.2382657771705207E-036                  8.4709379988126914E-013                  4.2093398138935641E-021                  2.9946664191780001E+004                  4.4763484526422763E+000                 -1.5395719478084871E+001                  5.0000000000000000E-001                 -3.6447946387605264E-010                  1.6296270763999759E-011 
                                     494                  3.2979795288447016E+000                 -6.1076645916393102E-001                  7.6365431498748126E+000                  1.3107627019044552E+000                  1.6804768945231906E+001                  2.3181394220477165E-023                  9.8060776558923313E-001                  1.9392234410766873E-002                  2.4503805740065990E-001                  6.4992105627698045E-010                  9.0234067738387623E-044                  5.4057843621409005E-016                  1.3182343500898397E-020                  2.9983008338130552E+004                  4.4768752055337311E+000                 -1.5206265703723359E+001                  5.0000000000000000E-001                 -3.5074031880078545E-010                  1.4723633384745645E-011 
                                     495                  3.2894474563572205E+000                 -6.1667164027025101E-001                  7.6469683717609982E+000                  1.3437692321494525E+000                  1.6847966993460304E+001                  2.7847814789889915E-028                  9.8060815411719626E-001                  1.9391845882803738E-002                  2.4172877975140833E-001                  6.0127267458264608E-010                  1.4983264046019424E-053                  9.6092175019817640E-021                  4.5360709404221258E-020                  3.0046372094856615E+004                  4.4777920412538554E+000                 -1.5372259177415307E+001                  5.0000000000000000E-001                 -3.2886723280593730E-010                  1.3129354854271590E-011 
                                     496                  3.2825295597457509E+000                 -6.2127334099002451E-001                  7.6601429644874575E+000                  1.3841419704830635E+000                  1.6901405999058777E+001                  3.7760848810451624E-035                  9.8061298974062083E-001                  1.9387010259379167E-002                  2.3918098992100711E-001                  5.6641839069461557E-010                  3.2767120221570435E-067                  2.1241418902690587E-027                  2.0955645360288760E-019                  3.0096607337194931E+004                  4.4785175421792927E+000                 -1.4794845982458567E+001                  5.0000000000000000E-001                 -3.1302933672747798E-010                  1.1443701347422389E-011 
                                     497                  3.2689243630765246E+000                 -6.2990471545921933E-001                  7.6754111990762270E+000                  1.4319892729006216E+000                  1.6964250382760255E+001                  0.0000000000000000E+000                  9.8061468098023208E-001                  1.9385319019767921E-002                  2.3447431973369454E-001                  5.0733507043506101E-010                  0.0000000000000000E+000                  0.0000000000000000E+000                  1.1989233673933118E-018                  3.0194836921659688E+004                  4.4799326883833297E+000                 -1.5008572443885438E+001                  5.0000000000000000E-001                 -2.8581041523239283E-010                  9.6882832801852619E-012 
                                     498                  3.2569333422833093E+000                 -6.3710162456703490E-001                  7.6852465269530388E+000                  1.4630420854662247E+000                  1.7004932678232436E+001                  0.0000000000000000E+000                  9.8061132993267197E-001                  1.9388670067328029E-002                  2.3062074748417774E-001                  4.6372713844510516E-010                  0.0000000000000000E+000                  0.0000000000000000E+000                  3.6219070134046770E-018                  3.0278967543973311E+004                  4.4811410624528785E+000                 -1.5464922652460197E+001                  5.0000000000000000E-001                 -2.6537887021352587E-010                  8.6882785785623472E-012 
                                     499                  3.2513990249941362E+000                 -6.4030745883738649E-001                  7.6942388668933495E+000                  1.4903614812178470E+000                  1.7041204117242646E+001                  0.0000000000000000E+000                  9.8060922073565560E-001                  1.9390779264344404E-002                  2.2892464066505988E-001                  4.4576726887888530E-010                  0.0000000000000000E+000                  0.0000000000000000E+000                  9.7772003701922674E-018                  3.0316907905923686E+004                  4.4816849044839504E+000                 -1.4991293381451246E+001                  5.0000000000000000E-001                 -2.5687885561856500E-010                  7.9118838317999733E-012 
                                     500                  3.2403303904157807E+000                 -6.4652710034256355E-001                  7.7042386636062439E+000                  1.5213506147125355E+000                  1.7082065116772391E+001                  0.0000000000000000E+000                  9.8060737275422849E-001                  1.9392627245771510E-002                  2.2566951714183436E-001                  4.1320726388039603E-010                  0.0000000000000000E+000                  0.0000000000000000E+000                  2.9168806000574391E-017                  3.0392526258421185E+004                  4.4827668005897552E+000                 -1.5197374732877268E+001                  5.0000000000000000E-001                 -2.4132125257575325E-010                  7.1011019227032090E-012 
                                     501                  3.2320289144820133E+000                 -6.5103468803585984E-001                  7.7150798922291441E+000                  1.5541287537044683E+000                  1.7125658471030405E+001                  0.0000000000000000E+000                  9.8060606740711542E-001                  1.9393932592884577E-002                  2.2333938297297778E-001                  3.9137662663188146E-010                  0.0000000000000000E+000                  0.0000000000000000E+000                  9.3489521116910319E-017                  3.0448446534713265E+004                  4.4835651400358225E+000                 -1.4894007382028203E+001                  5.0000000000000000E-001                 -2.3077444316252947E-010                  6.3416457471562436E-012 
                                     502                  3.2184237178127852E+000                 -6.5816563145189022E-001                  7.7293141568418671E+000                  1.5972705341270488E+000                  1.7182986711649477E+001                  0.0000000000000000E+000                  9.8060584885738478E-001                  1.9394151142615224E-002                  2.1970218116813650E-001                  3.5952455484572677E-010                  0.0000000000000000E+000                  0.0000000000000000E+000                  4.2080164143460697E-016                  3.0539873751836174E+004                  4.4848672374029750E+000                 -1.5375565866451886E+001                  5.0000000000000000E-001                 -2.1520199301625779E-010                  5.4563492778853076E-012 
                                     503                  3.2015901693915376E+000                 -6.6659508072803031E-001                  7.7415979321290793E+000                  1.6350987048459942E+000                  1.7232976461824713E+001                  0.0000000000000000E+000                  9.8060724298697721E-001                  1.9392757013022788E-002                  2.1547898406209159E-001                  3.2569719865631355E-010                  0.0000000000000000E+000                  0.0000000000000000E+000                  1.5108392670024848E-015                  3.0652340275403873E+004                  4.4864636380679306E+000                 -1.4735406050788045E+001                  5.0000000000000000E-001                 -1.9838599890798636E-010                  4.7709231386361441E-012 
                                     504                  3.1904929909602946E+000                 -6.7193705478817034E-001                  7.7522940182912121E+000                  1.6672357148445740E+000                  1.7275813096968985E+001                  0.0000000000000000E+000                  9.8060865153940513E-001                  1.9391348460594870E-002                  2.1284475138004857E-001                  3.0618337143323014E-010                  0.0000000000000000E+000                  0.0000000000000000E+000                  4.5053836357970319E-015                  3.0725371798529231E+004                  4.4874971468578462E+000                 -1.4774258238553040E+001                  4.9999999999999989E-001                 -1.8854754694627278E-010                  4.2602669169910093E-012 
                                     505                  3.1761508101961820E+000                 -6.7862036132972103E-001                  7.7644081071649582E+000                  1.7036329654324058E+000                  1.7324328905214486E+001                  0.0000000000000000E+000                  9.8060998093590990E-001                  1.9390019064090103E-002                  2.0959438253017615E-001                  2.8361467203101056E-010                  0.0000000000000000E+000                  0.0000000000000000E+000                  1.5248256372637671E-014                  3.0819532746179175E+004                  4.4888260501093855E+000                 -1.4786655369774936E+001                  5.0000000000000000E-001                 -1.7702911358770472E-010                  3.7427706356017208E-012 
                                     506                  3.1602570471475149E+000                 -6.8576435604421326E-001                  7.7744890115444480E+000                  1.7341988607435068E+000                  1.7364941914847709E+001                  0.0000000000000000E+000                  9.8061016836625459E-001                  1.9389831633745414E-002                  2.0617482943740023E-001                  2.6155599708869197E-010                  0.0000000000000000E+000                  0.0000000000000000E+000                  4.1514753124176495E-014                  3.0923440778272354E+004                  4.4902878108568895E+000                 -1.5032289360352587E+001                  5.0000000000000000E-001                 -1.6560521044900108E-010                  3.3514866863578389E-012 
                                     507                  3.1497628995874738E+000                 -6.9034266488667118E-001                  7.7817874188621081E+000                  1.7560598346486689E+000                  1.7394113587806320E+001                  0.0000000000000000E+000                  9.8061003624326515E-001                  1.9389963756734852E-002                  2.0401276180522487E-001                  2.4844389826392856E-010                  0.0000000000000000E+000                  0.0000000000000000E+000                  8.4963146767194847E-014                  3.0991480695870443E+004                  4.4912423262452137E+000                 -1.4986793094015994E+001                  5.0000000000000000E-001                 -1.5873199590697131E-010                  3.0967034034067242E-012 
                                     508                  3.1405033576227339E+000                 -6.9429899934021211E-001                  7.7904236529916453E+000                  1.7815303791959907E+000                  1.7428289377589106E+001                  0.0000000000000000E+000                  9.8061029652079201E-001                  1.9389703479207987E-002                  2.0216268671227369E-001                  2.3769881255092646E-010                  0.0000000000000000E+000                  0.0000000000000000E+000                  1.9636970782181185E-013                  3.1051348882884035E+004                  4.4920804708465480E+000                 -1.4756684137242715E+001                  5.0000000000000000E-001                 -1.5305159650964117E-010                  2.8240153943804375E-012 
                                     509                  3.1256880904791533E+000                 -7.0048102048236016E-001                  7.7998095692376586E+000                  1.8095192310347090E+000                  1.7465697584698777E+001                  0.0000000000000000E+000                  9.8061058248063759E-001                  1.9389417519362406E-002                  1.9930536045992422E-001                  2.2191531452870357E-010                  0.0000000000000000E+000                  0.0000000000000000E+000                  4.8462002166907981E-013                  3.1147283425178204E+004                  4.4934201747543421E+000                 -1.4869508497992944E+001                  5.0000000000000000E-001                 -1.4461823518520921E-010                  2.5475514460039498E-012 
                                     510                  3.1133420345261702E+000                 -7.0550185495535322E-001                  7.8085748559096464E+000                  1.8353766788480455E+000                  1.7500390124291219E+001                  0.0000000000000000E+000                  9.8061078248266553E-001                  1.9389217517334467E-002                  1.9701447923310397E-001                  2.0994244980631639E-010                  0.0000000000000000E+000                  0.0000000000000000E+000                  1.1179670174629801E-012                  3.1227004183824884E+004                  4.4945303214430812E+000                 -1.4818921582040277E+001                  5.0000000000000000E-001                 -1.3814518974750403E-010                  2.3149599358545556E-012 
                                     511                  3.0994527215790622E+000                 -7.1102105965317930E-001                  7.8177443149203647E+000                  1.8623724808864446E+000                  1.7536636129605849E+001                  0.0000000000000000E+000                  9.8061101860145017E-001                  1.9388981398549832E-002                  1.9452657502023168E-001                  1.9757876594729810E-010                  3.7122971077359068E-034                  0.0000000000000000E+000                  2.6693587710463121E-012                  3.1316740335196890E+004                  4.4957765513389738E+000                 -1.4758805434438344E+001                  5.0000000000000000E-001                 -1.3138708994961210E-010                  2.0923048320343373E-012 
                                     512                  3.0849461058343062E+000                 -7.1665080042694873E-001                  7.8264668610302444E+000                  1.8880248974583154E+000                  1.7571092031153331E+001                  0.0000000000000000E+000                  9.8061126056191661E-001                  1.9388739438083391E-002                  1.9202120891704558E-001                  1.8576496263549412E-010                  0.0000000000000000E+000                  0.0000000000000000E+000                  6.1102784287237543E-012                  3.1410540594592938E+004                  4.4970754109361772E+000                 -1.5038379418273045E+001                  5.0000000000000000E-001                 -1.2485285807557230E-010                  1.8982359507300813E-012 
                                     513                  3.0715197699854375E+000                 -7.2174789350721602E-001                  7.8352482640800352E+000                  1.9136263974817611E+000                  1.7605587423590599E+001                  0.0000000000000000E+000                  9.8061149241507251E-001                  1.9388507584927495E-002                  1.8978072722828643E-001                  1.7571104710369179E-010                  0.0000000000000000E+000                  0.0000000000000000E+000                  1.4138462883742919E-011                  3.1497409844379366E+004                  4.4982748415183584E+000                 -1.4805656735695692E+001                  4.9999999999999989E-001                 -1.1922892233123819E-010                  1.7208304917910630E-012 
                                     514                  3.0559328743447915E+000                 -7.2754018930906339E-001                  7.8466619147077958E+000                  1.9464998952843271E+000                  1.7650076564028634E+001                  0.0000000000000000E+000                  9.8061177415202394E-001                  1.9388225847976059E-002                  1.8726637799962736E-001                  1.6496622035159913E-010                  0.0000000000000000E+000                  0.0000000000000000E+000                  4.2958966996053009E-011                  3.1598535148053306E+004                  4.4996669499645092E+000                 -1.4511968103440932E+001                  5.0000000000000000E-001                 -1.1314960582923258E-010                  1.5146982147236939E-012 
                                     515                  3.0324629089534056E+000                 -7.3603446964675057E-001                  7.8570224363540948E+000                  1.9769617203206420E+000                  1.7690997714480776E+001                  0.0000000000000000E+000                  9.8061200140375637E-001                  1.9387998596243627E-002                  1.8363925843796891E-001                  1.5040499677948151E-010                  0.0000000000000000E+000                  0.0000000000000000E+000                  1.2287653241184184E-010                  3.1751909119591692E+004                  4.5017698428619335E+000                 -1.4816579040564989E+001                  5.0000000000000000E-001                 -1.0478119962352572E-010                  1.3408558176907433E-012 
                                     516                  3.0189978609608659E+000                 -7.4079087673945687E-001                  7.8650430922082952E+000                  2.0000253626568090E+000                  1.7722230167067465E+001                  0.0000000000000000E+000                  9.8061219198362093E-001                  1.9387808016379071E-002                  1.8163900878343847E-001                  1.4283073632286118E-010                  0.0000000000000000E+000                  0.0000000000000000E+000                  2.8664557364482915E-010                  3.1839755085312605E+004                  4.5029697184404309E+000                 -1.4565144553728025E+001                  5.0000000000000000E-001                 -1.0036619578208799E-010                  1.2217339570101040E-012 
                                     517                  3.0030177896363845E+000                 -7.4633756549408747E-001                  7.8740168095856697E+000                  2.0257506647965884E+000                  1.7757106428742599E+001                  0.0000000000000000E+000                  9.8061239226163510E-001                  1.9387607738364898E-002                  1.7933391703564536E-001                  1.3447066093741150E-010                  0.0000000000000000E+000                  0.0000000000000000E+000                  7.7146592122023538E-010                  3.1944402828594491E+004                  4.5043947738057613E+000                 -1.4624526646009146E+001                  5.0000000000000000E-001                 -9.5440004610942816E-011                  1.0992728200575727E-012 
                                     518                  2.9851030849796469E+000                 -7.5243862815702478E-001                  7.8866436687644992E+000                  2.0612566683572680E+000                  1.7805585601419693E+001                  0.0000000000000000E+000                  9.8061266598501462E-001                  1.9387334014985380E-002                  1.7683220885532525E-001                  1.2582337838122375E-010                  0.0000000000000000E+000                  0.0000000000000000E+000                  3.3310549535317555E-009                  3.2062197849821856E+004                  4.5059932897378125E+000                 -1.4433019159019063E+001                  5.0000000000000011E-001                 -9.0280887911315168E-011                  9.4761011753935989E-013 
                                     519                  2.9536846396637264E+000                 -7.6287672509491233E-001                  7.9013431115238921E+000                  2.1031553612580125E+000                  1.7862511018757665E+001                  0.0000000000000000E+000                  9.8061301387342192E-001                  1.9386986126578076E-002                  1.7263278422637077E-001                  1.1223057316075893E-010                  0.0000000000000000E+000                  0.0000000000000000E+000                  1.9794131690029458E-008                  3.2271107791536026E+004                  4.5088138739720316E+000                 -1.4246919938883110E+001                  5.0000000000000011E-001                 -8.2021782406877632E-011                  7.8929205521061014E-013 
                                     520                  2.9250520663462618E+000                 -7.7212252371543089E-001                  7.9128843264852007E+000                  2.1359750822270955E+000                  1.7907141175599964E+001                  0.0000000000000000E+000                  9.8061327712446189E-001                  1.9386722875538109E-002                  1.6899640895495130E-001                  1.0135045918659464E-010                  0.0000000000000000E+000                  0.0000000000000000E+000                  8.2260157726847492E-008                  3.2462132881502952E+004                  4.5113770511721594E+000                 -1.4432678874408309E+001                  5.0000000000000000E-001                 -7.5265680999739862E-011                  6.8035574012589687E-013 
                                     521                  2.9046223383575840E+000                 -7.7858086388484316E-001                  7.9212351474765859E+000                  2.1594550788147302E+000                  1.7939205051705972E+001                  0.0000000000000000E+000                  9.8061344966342268E-001                  1.9386550336577324E-002                  1.6650187791247056E-001                  9.4331233460738444E-011                  0.0000000000000000E+000                  0.0000000000000000E+000                  2.3043832656035780E-007                  3.2598518065297329E+004                  4.5131978574086533E+000                 -1.4714993569693469E+001                  5.0000000000000000E-001                 -7.0832114297333478E-011                  6.1007292608088506E-013 
                                     522                  2.8885261890331710E+000                 -7.8359649488030514E-001                  7.9316618067649518E+000                  2.1880146411590333E+000                  1.7978589963505193E+001                  0.0000000000000000E+000                  9.8061364278563501E-001                  1.9386357214364991E-002                  1.6459002269570916E-001                  8.9179906128817024E-011                  0.0000000000000000E+000                  0.0000000000000000E+000                  8.2365427127594033E-007                  3.2706153257997779E+004                  4.5146294674797307E+000                 -1.4230115145736788E+001                  4.9999999999999989E-001                 -6.7538346256947484E-011                  5.3280945347632963E-013 
                                     523                  2.8578445242080774E+000                 -7.9300463768388663E-001                  7.9422246066331379E+000                  2.2175921046537779E+000                  1.8019045513661140E+001                  0.0000000000000000E+000                  9.8061381001253123E-001                  1.9386189987468772E-002                  1.6106284357301132E-001                  8.0161122253828629E-011                  0.0000000000000000E+000                  0.0000000000000000E+000                  2.9523972281569416E-006                  3.2912976492762980E+004                  4.5173671595939471E+000                 -1.4551747731196203E+001                  5.0000000000000000E-001                 -6.1677322882584762E-011                  4.5991865962055880E-013 
                                     524                  2.8397034961989949E+000                 -7.9847579162149029E-001                  7.9520943778307096E+000                  2.2443940608298916E+000                  1.8056131731877990E+001                  0.0000000000000000E+000                  9.8061388750607259E-001                  1.9386112493927410E-002                  1.5904653368341945E-001                  7.5283774968466465E-011                  0.0000000000000000E+000                  0.0000000000000000E+000                  9.5105648507764550E-006                  3.3035174107637649E+004                  4.5189766000435956E+000                 -1.4181561913184467E+001                  5.0000000000000000E-001                 -5.8454994606495446E-011                  4.0109847088655133E-013 
                                     525                  2.8110189647316512E+000                 -8.0701142927438152E-001                  7.9657630717106587E+000                  2.2813046749837906E+000                  1.8107318789901733E+001                  0.0000000000000000E+000                  9.8061213090201249E-001                  1.9387869097987509E-002                  1.5595114608159019E-001                  6.8154319288802030E-011                  0.0000000000000000E+000                  0.0000000000000000E+000                  4.6392593405324260E-005                  3.3229506113625495E+004                  4.5215238864571301E+000                 -1.4270903559990565E+001                  5.0000000000000000E-001                 -5.3670939219454894E-011                  3.2917693495403720E-013 
                                     526                  2.7728762904561499E+000                 -8.1816938240397341E-001                  7.9783545435073888E+000                  2.3157253867504743E+000                  1.8154835685388370E+001                  0.0000000000000000E+000                  9.8061501357496161E-001                  1.9384986425038386E-002                  1.5199546053737226E-001                  5.9645813604843966E-011                  5.9278644724296230E-028                  0.0000000000000000E+000                  1.9282801092208900E-004                  3.3489575155470287E+004                  4.5249096381697491E+000                 -1.4457211648788242E+001                  4.9999999999999989E-001                 -4.7830562118440469E-011                  2.7035756915050504E-013 
                                     527                  2.7474478409391487E+000                 -8.2549525665149481E-001                  7.9867178914250641E+000                  2.3382947939877705E+000                  1.8186148074584693E+001                  0.0000000000000000E+000                  9.8061620898903878E-001                  1.9383791010961215E-002                  1.4945303654835071E-001                  5.4522180822758254E-011                  0.0000000000000000E+000                  0.0000000000000000E+000                  4.8623139503177514E-004                  3.3662547731390623E+004                  4.5271469822224590E+000                 -1.4441495213674491E+001                  4.9999999999999989E-001                 -4.4238673082258689E-011                  1.2464737720893910E-013 
                                     528                  2.7296131856404191E+000                 -8.3058722395677897E-001                  7.9960633673237762E+000                  2.3628881421706760E+000                  1.8220604493447727E+001                  0.0000000000000000E+000                  9.8061567228437430E-001                  1.9384327715625704E-002                  1.4771097882061013E-001                  5.1156628807593893E-011                  0.0000000000000000E+000                  0.0000000000000000E+000                  1.3372610415996646E-003                  3.3783844860012607E+004                  4.5287090740823981E+000                 -1.4135024822486137E+001                  5.0000000000000000E-001                  0.0000000000000000E+000                  0.0000000000000000E+000 
                                     529                  2.6981263341498387E+000                 -8.3950221636747679E-001                  8.0055707700125947E+000                  2.3883186739922100E+000                  1.8256012493270319E+001                  0.0000000000000000E+000                  9.8061421530691240E-001                  1.9385784693087604E-002                  1.4470974679954582E-001                  4.5616012273529544E-011                  0.0000000000000000E+000                  0.0000000000000000E+000                  3.6746690394088700E-003                  3.3999189552333090E+004                  4.5314685647732951E+000                 -1.4295367293389411E+001                  5.0000000000000000E-001                  0.0000000000000000E+000                  0.0000000000000000E+000 
                                     530                  2.6784231966494922E+000                 -8.4503327007989393E-001                  8.0122568096656739E+000                  2.4059538277303227E+000                  1.8280702779549220E+001                  0.0000000000000000E+000                  9.8061441672121874E-001                  1.9385583278781260E-002                  1.4287844991528642E-001                  4.2391186538115014E-011                  0.0000000000000000E+000                  0.0000000000000000E+000                  7.3821069835391219E-003                  3.4134576783072909E+004                  4.5331945226288708E+000                 -1.4425345218070756E+001                  5.0000000000000000E-001                  0.0000000000000000E+000                  0.0000000000000000E+000 
                                     531                  2.6615115914539471E+000                 -8.4975618667356156E-001                  8.0172694355738017E+000                  2.4191553752000270E+000                  1.8299197822195222E+001                  0.0000000000000000E+000                  9.8061480937769196E-001                  1.9385190622308035E-002                  1.4133307671523795E-001                  3.9756332066407122E-011                  0.0000000000000000E+000                  0.0000000000000000E+000                  1.2372479281903551E-002                  3.4251376985179406E+004                  4.5346780358297307E+000                 -1.4627825843974987E+001                  5.0000000000000011E-001                  0.0000000000000000E+000                  0.0000000000000000E+000 
                                     532                  2.6506509275668995E+000                 -8.5277828905653619E-001                  8.0210169122905199E+000                  2.4289497991019595E+000                  1.8312961482690767E+001                  0.0000000000000000E+000                  9.8061472194627353E-001                  1.9385278053726474E-002                  1.4035300354511307E-001                  3.8129311329062210E-011                  0.0000000000000000E+000                  0.0000000000000000E+000                  1.8130554342182956E-002                  3.4325792823375108E+004                  4.5356205769310947E+000                 -1.4667825097994140E+001                  5.0000000000000011E-001                  0.0000000000000000E+000                  0.0000000000000000E+000 
                                     533                  2.6405660253860703E+000                 -8.5557767916865057E-001                  8.0246000223904073E+000                  2.4382848503148034E+000                  1.8326096715185226E+001                  0.0000000000000000E+000                  9.8061471040843207E-001                  1.9385289591567934E-002                  1.3945122088402298E-001                  3.6661690953617230E-011                  0.0000000000000000E+000                  0.0000000000000000E+000                  2.6048600999457796E-002                  3.4394477980720767E+004                  4.5364887223678894E+000                 -1.4584612024832932E+001                  5.0000000000000000E-001                  0.0000000000000000E+000                  0.0000000000000000E+000 
                                     534                  2.6304811232052403E+000                 -8.5837097823522923E-001                  8.0272718931597460E+000                  2.4452600498779122E+000                  1.8335903947770451E+001                  0.0000000000000000E+000                  9.8061469910752375E-001                  1.9385300892476254E-002                  1.3855717554205590E-001                  3.5233934542153955E-011                  0.0000000000000000E+000                  0.0000000000000000E+000                  3.4070503058946655E-002                  3.4462812524843837E+004                  4.5373507175164329E+000                 -1.4873806481062710E+001                  4.9999999999999989E-001                  0.0000000000000000E+000                  0.0000000000000000E+000 
                                     535                  2.6254386721148233E+000                 -8.5976541525306627E-001                  8.0290453827049788E+000                  2.4498633048677791E+000                  1.8342391152795887E+001                  0.0000000000000000E+000                  9.8061469005641999E-001                  1.9385309943580009E-002                  1.3811300824240802E-001                  3.4534529463292041E-011                  0.0000000000000000E+000                  0.0000000000000000E+000                  4.0676834280934208E-002                  3.4496858762867239E+004                  4.5377795506076701E+000                 -1.4875398323155954E+001                  5.0000000000000000E-001                  0.0000000000000000E+000                  0.0000000000000000E+000 
                                     536                  2.6203962210244072E+000                 -8.6115849805704114E-001                  8.0316941641037403E+000                  2.4566997489218729E+000                  1.8352047428384154E+001                  0.0000000000000000E+000                  9.8061467368955890E-001                  1.9385326310441098E-002                  1.3767069407551757E-001                  3.3844391880905216E-011                  0.0000000000000000E+000                  0.0000000000000000E+000                  5.2927304681338945E-002                  3.4530836596925859E+004                  4.5382071003600863E+000                 -1.4504842937833798E+001                  4.9999999999999989E-001                  0.0000000000000000E+000                  0.0000000000000000E+000 
                                     537                  2.6103113188435776E+000                 -8.6394095713944097E-001                  8.0349643785299580E+000                  2.4651685483296615E+000                  1.8363993894824443E+001                  0.0000000000000000E+000                  9.8061465926910907E-001                  1.9385340730890932E-002                  1.3679147826256768E-001                  3.2491175867636067E-011                  0.0000000000000000E+000                  0.0000000000000000E+000                  7.3113462016208261E-002                  3.4598619915386662E+004                  4.5390587758134178E+000                 -1.4657881610695682E+001                  5.0000000000000000E-001                  0.0000000000000000E+000                  0.0000000000000000E+000 
                                     538                  2.6016227877339388E+000                 -8.6633427322283674E-001                  8.0379740224908165E+000                  2.4729370186726940E+000                  1.8374967254945425E+001                  0.0000000000000000E+000                  9.8061462685691370E-001                  1.9385373143086304E-002                  1.3603971918249610E-001                  3.1353635203806529E-011                  0.0000000000000000E+000                  0.0000000000000000E+000                  9.8222971456356972E-002                  3.4656824831705577E+004                  4.5397887712678076E+000                 -1.4666786441850578E+001                  5.0000000000000000E-001                  0.0000000000000000E+000                  0.0000000000000000E+000 
                                     539                  2.5929342566242992E+000                 -8.6872432136446565E-001                  8.0407544640563930E+000                  2.4801071197606763E+000                  1.8385099627624154E+001                  0.0000000000000000E+000                  9.8061458318938977E-001                  1.9385416810610234E-002                  1.3529310955079260E-001                  3.0241329250910558E-011                  0.0000000000000000E+000                  0.0000000000000000E+000                  1.2879956860529571E-001                  3.4714860690286259E+004                  4.5405154267851007E+000                 -1.4660790082379567E+001                  5.0000000000000011E-001                  0.0000000000000000E+000                  0.0000000000000000E+000 
                                     540                  2.5854869442446109E+000                 -8.7077050887147034E-001                  8.0433088761168552E+000                  2.4866758740330561E+000                  1.8394392999883681E+001                  0.0000000000000000E+000                  9.8061453505238849E-001                  1.9385464947611508E-002                  1.3465717253578680E-001                  2.9307465397459603E-011                  0.0000000000000000E+000                  0.0000000000000000E+000                  1.6496450027948900E-001                  3.4764464787171666E+004                  4.5411355476359949E+000                 -1.4743577641571141E+001                  4.9999999999999989E-001                  0.0000000000000000E+000                  0.0000000000000000E+000 
                                     541                  2.5780396318649199E+000                 -8.7281465615399700E-001                  8.0458520257996380E+000                  2.4932045631462145E+000                  1.8403636339210237E+001                  0.0000000000000000E+000                  9.8061447531961599E-001                  1.9385524680384014E-002                  1.3402485432316258E-001                  2.8391125348043091E-011                  0.0000000000000000E+000                  0.0000000000000000E+000                  2.1075795396953925E-001                  3.4813936515822941E+004                  4.5417531330355372E+000                 -1.4692412515719873E+001                  5.0000000000000000E-001                  0.0000000000000000E+000                  0.0000000000000000E+000 
                                     542                  2.5705923194852280E+000                 -8.7485692600954146E-001                  8.0483841610767914E+000                  2.4996940283620521E+000                  1.8412830726960976E+001                  0.0000000000000000E+000                  9.8061440318393522E-001                  1.9385596816064776E-002                  1.3339608198860894E-001                  2.7491894699157276E-011                  0.0000000000000000E+000                  0.0000000000000000E+000                  2.6860643345889929E-001                  3.4863267633040385E+004                  4.5423680898448708E+000                 -1.4843255872299109E+001                  5.0000000000000000E-001                  0.0000000000000000E+000                  0.0000000000000000E+000 
                                     543                  2.5631450071055366E+000                 -8.7689747911776539E-001                  8.0515325386105534E+000                  2.5077239762006625E+000                  1.8424230311026971E+001                  0.0000000000000000E+000                  9.8061429047714221E-001                  1.9385709522857786E-002                  1.3277078435087725E-001                  2.6609350471199958E-011                  0.0000000000000000E+000                  0.0000000000000000E+000                  3.6241413147163992E-001                  3.4912447902740496E+004                  4.5429803006440643E+000                 -1.4487771058906350E+001                  5.0000000000000000E-001                  0.0000000000000000E+000                  0.0000000000000000E+000 
                                     544                  2.5519802392320532E+000                 -8.7995387093604804E-001                  8.0543528908063085E+000                  2.5149566374332859E+000                  1.8434476077779010E+001                  0.0000000000000000E+000                  9.8061415718506439E-001                  1.9385842814935605E-002                  1.3183967660758528E-001                  2.5316616301382889E-011                  0.0000000000000000E+000                  0.0000000000000000E+000                  4.7322860158474850E-001                  3.4985890633661445E+004                  4.5438929341967418E+000                 -1.4843843178066249E+001                  4.9999999999999989E-001                  0.0000000000000000E+000                  0.0000000000000000E+000 
                                     545                  2.5463978552953122E+000                 -8.8148083019945578E-001                  8.0562253461543314E+000                  2.5197295932882056E+000                  1.8441254112023390E+001                  0.0000000000000000E+000                  9.8061404378475803E-001                  1.9385956215241973E-002                  1.3137694835926420E-001                  2.4683757798714791E-011                  0.0000000000000000E+000                  0.0000000000000000E+000                  5.6435001398269169E-001                  3.5022445945454463E+004                  4.5443464736583135E+000                 -1.4778534288896836E+001                  5.0000000000000000E-001                  0.0000000000000000E+000                  0.0000000000000000E+000 
                                     546                  2.5408154713585711E+000                 -8.8300711070275417E-001                  8.0592030933877297E+000                  2.5272684826329508E+000                  1.8451989970582989E+001                  0.0000000000000000E+000                  9.8061382326658075E-001                  1.9386176733419247E-002                  1.3091604879416657E-001                  2.4059573199488652E-011                  0.0000000000000000E+000                  0.0000000000000000E+000                  7.4547155476985838E-001                  3.5058892735039582E+004                  4.5447981956523558E+000                 -1.4504275954294030E+001                  5.0000000000000000E-001                  0.0000000000000000E+000                  0.0000000000000000E+000 
                                     547                  2.5285660903845124E+000                 -8.8635439492863666E-001                  8.0632729526955842E+000                  2.5376039371431580E+000                  1.8466691034714383E+001                  0.0000000000000000E+000                  9.8061342115674233E-001                  1.9386578843257674E-002                  1.2991090406009426E-001                  2.2719514779704747E-011                  0.0000000000000000E+000                  0.0000000000000000E+000                  1.0875740323695584E+000                  3.5138498159806571E+004                  4.5457831955529269E+000                 -1.4353527075602443E+001                  5.0000000000000011E-001                  0.0000000000000000E+000                  0.0000000000000000E+000 
                                     548                  2.5163167094104542E+000                 -8.8969939067296244E-001                  8.0663097189297908E+000                  2.5453348887757774E+000                  1.8477677210547814E+001                  0.0000000000000000E+000                  9.8061301754323393E-001                  1.9386982456766066E-002                  1.2891415590852082E-001                  2.1419481060366642E-011                  1.0675508392910486E-023                  0.0000000000000000E+000                  1.4386399355112780E+000                  3.5217480151211064E+004                  4.5467582785030771E+000                 -1.4753460263955800E+001                  5.0000000000000011E-001                  0.0000000000000000E+000                  0.0000000000000000E+000 
                                     549                  2.5101920189234210E+000                 -8.9137112385904138E-001                  8.0683256519634483E+000                  2.5504340171549735E+000                  1.8484942694494165E+001                  0.0000000000000000E+000                  9.8061268874017349E-001                  1.9387311259826512E-002                  1.2841887947528693E-001                  2.0784151787417016E-011                  0.0000000000000000E+000                  0.0000000000000000E+000                  1.7302105614191603E+000                  3.5256694370309473E+004                  4.5472415908892065E+000                 -1.4701996534858948E+001                  5.0000000000000000E-001                  0.0000000000000000E+000                  0.0000000000000000E+000 
                                     550                  2.5040673284363861E+000                 -8.9304253213642415E-001                  8.0713369145142000E+000                  2.5580028956630989E+000                  1.8495755421521931E+001                  0.0000000000000000E+000                  9.8061208274720491E-001                  1.9387917252795095E-002                  1.2792560155388696E-001                  2.0158262014458109E-011                  0.0000000000000000E+000                  0.0000000000000000E+000                  2.2754734004450961E+000                  3.5295724677290033E+004                  4.5477221030787716E+000                 -1.4438498480582318E+001                  5.0000000000000000E-001                  0.0000000000000000E+000                  0.0000000000000000E+000 
                                     551                  2.4918179474623288E+000                 -8.9638492218174282E-001                  8.0749794198633946E+000                  2.5671989744299482E+000                  1.8508869945169877E+001                  0.0000000000000000E+000                  9.8061111630648656E-001                  1.9388883693513437E-002                  1.2694484738575265E-001                  1.8934071283107102E-011                  0.0000000000000000E+000                  0.0000000000000000E+000                  3.1625290845389675E+000                  3.5373232915224049E+004                  4.5486747537101353E+000                 -1.4524350056274368E+001                  4.9999999999999989E-001                  0.0000000000000000E+000                  0.0000000000000000E+000 
                                     552                  2.4817443713730527E+000                 -8.9913325796533683E-001                  8.0782499897966442E+000                  2.5754244731162217E+000                  1.8520619455883711E+001                  0.0000000000000000E+000                  9.8060998239788810E-001                  1.9390017602111898E-002                  1.2614404175943916E-001                  1.7954596207078230E-011                  0.0000000000000000E+000                  0.0000000000000000E+000                  4.2401386524728935E+000                  3.5436318279707790E+004                  4.5494485937492426E+000                 -1.4566963342367572E+001                  5.0000000000000000E-001                  0.0000000000000000E+000                  0.0000000000000000E+000 
                                     553                  2.4716707952837798E+000                 -9.0188171838736253E-001                  8.0815054559342574E+000                  2.5835958520509297E+000                  1.8532301838024818E+001                  0.0000000000000000E+000                  9.8060851493183843E-001                  1.9391485068161574E-002                  1.2534825187798598E-001                  1.6998934196365926E-011                  0.0000000000000000E+000                  0.0000000000000000E+000                  5.6651777645642518E+000                  3.5498771773634056E+004                  4.5502133271068983E+000                 -1.4556001039812527E+001                  5.0000000000000011E-001                  0.0000000000000000E+000                  0.0000000000000000E+000 
                                     554                  2.4615972191945077E+000                 -9.0463065165297529E-001                  8.0847462572507762E+000                  2.5917147226302348E+000                  1.8543919101277627E+001                  0.0000000000000000E+000                  9.8060661598861087E-001                  1.9393384011389125E-002                  1.2455734668785590E-001                  1.6066506633803688E-011                  0.0000000000000000E+000                  0.0000000000000000E+000                  7.5434733603054056E+000                  3.5560540236011846E+004                  4.5509683501535374E+000                 -1.4578429639333249E+001                  5.0000000000000000E-001                  0.0000000000000000E+000                  0.0000000000000000E+000 
                                     555                  2.4515236431052316E+000                 -9.0738040252586472E-001                  8.0874777865583454E+000                  2.5985618733621081E+000                  1.8553714837717674E+001                  0.0000000000000000E+000                  9.8060458033300335E-001                  1.9395419666996649E-002                  1.2377119882955147E-001                  1.5156765261090438E-011                  0.0000000000000000E+000                  0.0000000000000000E+000                  9.5878274082994661E+000                  3.5621566656884141E+004                  4.5517130160670787E+000                 -1.4766922916288991E+001                  5.0000000000000000E-001                  0.0000000000000000E+000                  0.0000000000000000E+000 
                                     556                  2.4445508618414631E+000                 -9.0928433919512741E-001                  8.0897045049708538E+000                  2.6041223442714774E+000                  1.8561682695916989E+001                  0.0000000000000000E+000                  9.8060255845265853E-001                  1.9397441547341465E-002                  1.2322977649899461E-001                  1.4540117409039569E-011                  0.0000000000000000E+000                  0.0000000000000000E+000                  1.1644590807952360E+001                  3.5663330498585012E+004                  4.5522218982789573E+000                 -1.4608438793290338E+001                  5.0000000000000011E-001                  0.0000000000000000E+000                  0.0000000000000000E+000 
                                     557                  2.4375780805776941E+000                 -9.1118894383143945E-001                  8.0919247013979785E+000                  2.6096595610276521E+000                  1.8569621701102662E+001                  0.0000000000000000E+000                  9.8060015124513278E-001                  1.9399848754867222E-002                  1.2269053385133526E-001                  1.3933897380772912E-011                  0.0000000000000000E+000                  0.0000000000000000E+000                  1.4120913849703976E+001                  3.5704687535658311E+004                  4.5527252367628899E+000                 -1.4623768210763595E+001                  5.0000000000000000E-001                  0.0000000000000000E+000                  0.0000000000000000E+000 
                                     558                  2.4306052993139247E+000                 -9.1309432821478964E-001                  8.0941385069987355E+000                  2.6151740300513389E+000                  1.8577532469751226E+001                  0.0000000000000000E+000                  9.8059727960920540E-001                  1.9402720390794603E-002                  1.2215343156339489E-001                  1.3337951166216276E-011                  0.0000000000000000E+000                  0.0000000000000000E+000                  1.7098051303460235E+001                  3.5745614402088067E+004                  4.5532227661984255E+000                 -1.4731978771696399E+001                  4.9999999999999989E-001                  0.0000000000000000E+000                  0.0000000000000000E+000 
                                     559                  2.4236325180501561E+000                 -9.1500060350725365E-001                  8.0963827475235366E+000                  2.6207565227994549E+000                  1.8585545789986774E+001                  0.0000000000000000E+000                  9.8059378663318242E-001                  1.9406213366817582E-002                  1.2161843106028747E-001                  1.2752121062876466E-011                  0.0000000000000000E+000                  0.0000000000000000E+000                  2.0737248625574530E+001                  3.5786086089013013E+004                  4.5537142023605650E+000                 -1.4726764959671275E+001                  5.0000000000000000E-001                  0.0000000000000000E+000                  0.0000000000000000E+000 
                                     560                  2.4164273107442629E+000                 -9.1697147847918536E-001                  8.0986573248686895E+000                  2.6264086190074951E+000                  1.8593662863151632E+001                  0.0000000000000000E+000                  9.8058958253831396E-001                  1.9410417461686036E-002                  1.2106776400492146E-001                  1.2157226531986079E-011                  0.0000000000000000E+000                  0.0000000000000000E+000                  2.5191948975242504E+001                  3.5827400806032369E+004                  4.5542153022620351E+000                 -1.4624299270223343E+001                  4.9999999999999989E-001                  0.0000000000000000E+000                  0.0000000000000000E+000 
                                     561                  2.4092221034383701E+000                 -9.1894354420518010E-001                  8.1009254864654068E+000                  2.6320380205773946E+000                  1.8601751733953293E+001                  0.0000000000000000E+000                  9.8058477450239434E-001                  1.9415225497605659E-002                  1.2051925983231736E-001                  1.1572812155724376E-011                  0.0000000000000000E+000                  0.0000000000000000E+000                  3.0556713093294270E+001                  3.5868168679967566E+004                  4.5547092034814316E+000                 -1.5088766916358304E+001                  5.0000000000000011E-001                  0.0000000000000000E+000                  0.0000000000000000E+000 
                                     562                  2.4020168961324697E+000                 -9.2091692157645644E-001                  8.1031873641485745E+000                  2.6376453438170708E+000                  1.8609813043166110E+001                  0.0000000000000000E+000                  9.8057858292857814E-001                  1.9421417071421865E-002                  1.1997287834845623E-001                  1.0998722906460798E-011                  0.0000000000000000E+000                  0.0000000000000000E+000                  3.7008006962399406E+001                  3.5908354761145529E+004                  4.5551955072000228E+000                 -1.4817708462802113E+001                  5.0000000000000000E-001                  0.0000000000000000E+000                  0.0000000000000000E+000 
                                     563                  2.3948116888265698E+000                 -9.2289173056486495E-001                  8.1065665680167047E+000                  2.6459659878272115E+000                  1.8621809552718098E+001                  0.0000000000000000E+000                  9.8056732635212640E-001                  1.9432673647873600E-002                  1.1942858023124728E-001                  1.0434795822572247E-011                  5.3402250217889262E-023                  0.0000000000000000E+000                  4.9170672193750256E+001                  3.5947920770932666E+004                  4.5556737758364321E+000                 -1.4500411126891006E+001                  5.0000000000000000E-001                  0.0000000000000000E+000                  0.0000000000000000E+000 
                                     564                  2.3804012742147691E+000                 -9.2684647699651268E-001                  8.1110541804367422E+000                  2.6570558445614840E+000                  1.8637775675538720E+001                  0.0000000000000000E+000                  9.8054694920152419E-001                  1.9453050798475813E-002                  1.1834598345803564E-001                  9.3365501605987839E-012                  0.0000000000000000E+000                  0.0000000000000000E+000                  7.1495835897440642E+001                  3.6025094326452716E+004                  4.5566051266242438E+000                 -1.4439901399639709E+001                  4.9999999999999989E-001                  0.0000000000000000E+000                  0.0000000000000000E+000 
                                     565                  2.3659908596029662E+000                 -9.3080837882132650E-001                  8.1142262298153724E+000                  2.6649298574848088E+000                  1.8649091390894569E+001                  0.0000000000000000E+000                  9.8052754936865749E-001                  1.9472450631342508E-002                  1.1727126804750908E-001                  8.2774359913984760E-012                  0.0000000000000000E+000                  0.0000000000000000E+000                  9.2963434320892844E+001                  3.6099220272620310E+004                  4.5574978214359758E+000                 -1.4758124576400716E+001                  5.0000000000000011E-001                  0.0000000000000000E+000                  0.0000000000000000E+000 
                                     566                  2.3599553252721441E+000                 -9.3246993604593587E-001                  8.1160922568942180E+000                  2.6695276951337874E+000                  1.8655719559367071E+001                  0.0000000000000000E+000                  9.8051369226919682E-001                  1.9486307730803176E-002                  1.1682345978832083E-001                  7.8453745959026670E-012                  0.0000000000000000E+000                  0.0000000000000000E+000                  1.0838198500942194E+002                  3.6129208482507158E+004                  4.5578584471632366E+000                 -1.4699904988110317E+001                  5.0000000000000011E-001                  0.0000000000000000E+000                  0.0000000000000000E+000 
                                     567                  2.3539197909413279E+000                 -9.3413298244659404E-001                  8.1188825322909377E+000                  2.6763657464790409E+000                  1.8665599754669394E+001                  0.0000000000000000E+000                  9.8048885710628597E-001                  1.9511142893714029E-002                  1.1637696246322000E-001                  7.4199047459169834E-012                  0.0000000000000000E+000                  0.0000000000000000E+000                  1.3615409298312292E+002                  3.6158533117189960E+004                  4.5582108036608489E+000                 -1.4718312069641408E+001                  4.9999999999999989E-001                  0.0000000000000000E+000                  0.0000000000000000E+000 
                                     568                  2.3418487222796909E+000                 -9.3746402554989172E-001                  8.1225918492081668E+000                  2.6854867133566254E+000                  1.8678760124142670E+001                  0.0000000000000000E+000                  9.8044638769002201E-001                  1.9553612309977986E-002                  1.1548776441308034E-001                  6.5883357524362648E-012                  0.0000000000000000E+000                  0.0000000000000000E+000                  1.8401908408698083E+002                  3.6215047316958189E+004                  4.5588890569668159E+000                 -1.4467106336418825E+001                  5.0000000000000000E-001                  0.0000000000000000E+000                  0.0000000000000000E+000 
                                     569                  2.3297776536180548E+000                 -9.4080184266231637E-001                  8.1262865512693505E+000                  2.6945607426760563E+000                  1.8691859341523632E+001                  0.0000000000000000E+000                  9.8039022888362326E-001                  1.9609771116376740E-002                  1.1460357286264433E-001                  5.7824660067589188E-012                  0.0000000000000000E+000                  0.0000000000000000E+000                  2.4779911708631695E+002                  3.6268260808953150E+004                  4.5595267301273186E+000                 -1.4306992299340562E+001                  5.0000000000000000E-001                  0.0000000000000000E+000                  0.0000000000000000E+000 
                                     570                  2.3177065849564182E+000                 -9.4414697177283913E-001                  8.1293556424914559E+000                  2.7021138163729685E+000                  1.8702753133525942E+001                  7.3062693186517000E-037                  9.8032997501120267E-001                  1.9670024988797330E-002                  1.1372423608063237E-001                  5.0018257928351371E-012                  2.8463983581193407E-068                  1.6941432880275510E-022                  3.1672636011542852E+002                  3.6317607290270360E+004                  4.5601172282063587E+000                 -1.4509953110151072E+001                  5.0000000000000000E-001                  0.0000000000000000E+000                  0.0000000000000000E+000 
                                     571                  2.3096600439336012E+000                 -9.4638104537526724E-001                  8.1318028155517901E+000                  2.7081143898265401E+000                  1.8711420584310648E+001                  0.0000000000000000E+000                  9.8027084407436016E-001                  1.9729155925639841E-002                  1.1314072428996794E-001                  4.4953454741906801E-012                  0.0000000000000000E+000                  0.0000000000000000E+000                  3.8468580114106186E+002                  3.6347975013923227E+004                  4.5604802208408355E+000                 -1.4532230310705099E+001                  4.9999999999999989E-001                  0.0000000000000000E+000                  0.0000000000000000E+000 
                                     572                  2.3016135029107838E+000                 -9.4861875933329776E-001                  8.1354592565708543E+000                  2.7170224330559054E+000                  1.8724321627443683E+001                  0.0000000000000000E+000                  9.8015971859952578E-001                  1.9840281400474225E-002                  1.1255926295960575E-001                  3.9997530928289495E-012                  0.0000000000000000E+000                  0.0000000000000000E+000                  5.1317888420068346E+002                  3.6376052998618638E+004                  4.5608155739491645E+000                 -1.4298532329709190E+001                  5.0000000000000011E-001                  0.0000000000000000E+000                  0.0000000000000000E+000 
                                     573                  2.2855204208651454E+000                 -9.5310622594168359E-001                  8.1390246092896277E+000                  2.7258157932074276E+000                  1.8736988813442341E+001                  0.0000000000000000E+000                  9.8001801642971276E-001                  1.9981983570287243E-002                  1.1140220168633065E-001                  3.0403948440640288E-012                  0.0000000000000000E+000                  0.0000000000000000E+000                  6.7847677881953700E+002                  3.6424284604381479E+004                  4.5613910307118815E+000                 -1.4885593103142835E+001                  5.0000000000000000E-001                  0.0000000000000000E+000                  0.0000000000000000E+000 
                                     574                  2.2780268253548019E+000                 -9.5520104209593393E-001                  8.1412814377802860E+000                  2.7313460113499621E+000                  1.8744975542100050E+001                  0.0000000000000000E+000                  9.7990718737149030E-001                  2.0092812628509704E-002                  1.1086614787274009E-001                  2.6083859080887306E-012                  0.0000000000000000E+000                  0.0000000000000000E+000                  8.0856166583269089E+002                  3.6442279859513939E+004                  4.5616055389769778E+000                 -1.4459227714506721E+001                  5.0000000000000000E-001                  0.0000000000000000E+000                  0.0000000000000000E+000 
                                     575                  2.2705332298444589E+000                 -9.5729952595415224E-001                  8.1446543965597318E+000                  2.7395683151645644E+000                  1.8756873524863266E+001                  0.0000000000000000E+000                  9.7970390731230284E-001                  2.0296092687697165E-002                  1.1033174170713798E-001                  2.1854682370029515E-012                  0.0000000000000000E+000                  0.0000000000000000E+000                  1.0489094606812923E+003                  3.6456992052861096E+004                  4.5617808335802428E+000                 -1.4306565237394359E+001                  5.0000000000000011E-001                  0.0000000000000000E+000                  0.0000000000000000E+000 
                                     576                  2.2555460388237663E+000                 -9.6150836989750277E-001                  8.1480200417439868E+000                  2.7478755106531416E+000                  1.8768827339538024E+001                  0.0000000000000000E+000                  9.7944955487574292E-001                  2.0550445124257077E-002                  1.0926765684847529E-001                  1.3663050320477743E-012                  0.0000000000000000E+000                  0.0000000000000000E+000                  1.3578021416560350E+003                  3.6474984651592342E+004                  4.5619951178175748E+000                 -1.4544927474247235E+001                  5.0000000000000000E-001                  0.0000000000000000E+000                  0.0000000000000000E+000 
                                     577                  2.2480524433134192E+000                 -9.6361853088846117E-001                  8.1502554283539883E+000                  2.7533686134926856E+000                  1.8776742935862110E+001                  0.0000000000000000E+000                  9.7923905723273164E-001                  2.0760942767268364E-002                  1.0873803211824956E-001                  9.7025868467959300E-013                  0.0000000000000000E+000                  0.0000000000000000E+000                  1.6096660090946468E+003                  3.6476990337641590E+004                  4.5620189981411432E+000                 -1.4682520206411979E+001                  5.0000000000000000E-001                  0.0000000000000000E+000                  0.0000000000000000E+000 
                                     578                  2.2405588478030718E+000                 -9.6573279437318227E-001                  8.1535958275070985E+000                  2.7615443273965932E+000                  1.8788538506264757E+001                  0.0000000000000000E+000                  9.7885894150791863E-001                  2.1141058492081366E-002                  1.0820995230747085E-001                  5.8303092325936563E-013                  0.0000000000000000E+000                  0.0000000000000000E+000                  2.0717993591282439E+003                  3.6473607007102641E+004                  4.5619787143919197E+000                 -1.4299770613535600E+001                  4.9999999999999989E-001                  0.0000000000000000E+000                  0.0000000000000000E+000 
                                     579                  2.2255716567823773E+000                 -9.6997445186679643E-001                  8.1570283394769412E+000                  2.7700658113172958E+000                  1.8800750908594186E+001                  0.0000000000000000E+000                  9.7837044791480132E-001                  2.1629552085198678E-002                  1.0715823410906909E-001                 -1.6553845544584972E-013                  0.0000000000000000E+000                  0.0000000000000000E+000                  2.6808386030159172E+003                  3.6448159904917149E+004                  4.5616756077345748E+000                 -1.4465541407626786E+001                  5.0000000000000000E-001                  0.0000000000000000E+000                  0.0000000000000000E+000 
                                     580                  2.2173930773963795E+000                 -9.7229626805504599E-001                  8.1594417957845540E+000                  2.7760447156493488E+000                  1.8809320631807854E+001                  0.0000000000000000E+000                  9.7795491705743876E-001                  2.2045082942561245E-002                  1.0658687562469010E-001                 -5.5928542225597677E-013                  0.0000000000000000E+000                  0.0000000000000000E+000                  3.2088349110328450E+003                  3.6421694729161289E+004                  4.5613601499816685E+000                 -1.4488989191656101E+001                  5.0000000000000000E-001                  0.0000000000000000E+000                  0.0000000000000000E+000 
                                     581                  2.2092144980103807E+000                 -9.7462340714951101E-001                  8.1630453573926385E+000                  2.7849514747218622E+000                  1.8822087515814019E+001                  0.0000000000000000E+000                  9.7720415995809740E-001                  2.2795840041902604E-002                  1.0601726417191247E-001                 -9.4283840088611838E-013                  0.0000000000000000E+000                  0.0000000000000000E+000                  4.1874712158315588E+003                  3.6385100029370566E+004                  4.5609235732149784E+000                 -1.4208371473682952E+001                  5.0000000000000000E-001                  0.0000000000000000E+000                  0.0000000000000000E+000 
                                     582                  2.1928573392383912E+000                 -9.7929461218257619E-001                  8.1670142644788530E+000                  2.7949416093614308E+000                  1.8836279216218720E+001                  0.0000000000000000E+000                  9.7616125396953735E-001                  2.3838746030462654E-002                  1.0488306923914409E-001                 -1.6800914883199228E-012                  0.0000000000000000E+000                  0.0000000000000000E+000                  5.6015627326375770E+003                  3.6277714666600317E+004                  4.5596399206442344E+000                 -1.4332010313817374E+001                  5.0000000000000011E-001                  0.0000000000000000E+000                  0.0000000000000000E+000 
                                     583                  2.1820642179879810E+000                 -9.8238872779870401E-001                  8.1701507216486480E+000                  2.8028609733746941E+000                  1.8847498688860369E+001                  0.0000000000000000E+000                  9.7515637443361458E-001                  2.4843625566385419E-002                  1.0413848905335520E-001                 -2.1446016221531966E-012                  0.0000000000000000E+000                  0.0000000000000000E+000                  7.0340357228517159E+003                  3.6178584042676237E+004                  4.5584515654401576E+000                 -1.4403389738936101E+001                  5.0000000000000000E-001                  0.0000000000000000E+000                  0.0000000000000000E+000 
                                     584                  2.1712710967375717E+000                 -9.8549267420594955E-001                  8.1732696765965898E+000                  2.8108009642065941E+000                  1.8858693777201669E+001                  0.0000000000000000E+000                  9.7397712966981231E-001                  2.6022870330187686E-002                  1.0339685420897868E-001                 -2.5920803413558327E-012                  0.0000000000000000E+000                  0.0000000000000000E+000                  8.8058386754702224E+003                  3.6055531599193622E+004                  4.5569719031390559E+000                 -1.4438503710092695E+001                  5.0000000000000000E-001                  0.0000000000000000E+000                  0.0000000000000000E+000 
                                     585                  2.1604779754871624E+000                 -9.8860654722992813E-001                  8.1763696586083476E+000                  2.8187665830789288E+000                  1.8869865888630478E+001                  0.0000000000000000E+000                  9.7261097009701625E-001                  2.7389029902983753E-002                  1.0265815453493402E-001                 -3.0227948372755883E-012                  0.0000000000000000E+000                  0.0000000000000000E+000                  1.0989480061556680E+004                  3.5908426368056666E+004                  4.5551963732507108E+000                 -1.4368546146872479E+001                  5.0000000000000000E-001                  0.0000000000000000E+000                  0.0000000000000000E+000 
                                     586                  2.1496848542367530E+000                 -9.9173040914852917E-001                  8.1798422750572275E+000                  2.8277658575039450E+000                  1.8882424487012248E+001                  1.0889813581793839E-036                  9.7083326850102825E-001                  2.9166731498971754E-002                  1.0192238809348207E-001                 -3.4370358957645478E-012                  1.0513299680024591E-067                  4.1016164504302350E-021                  1.4053959822643719E+004                  3.5738537620714749E+004                  4.5531367777094207E+000                 -1.4199772527031444E+001                  5.0000000000000000E-001                  0.0000000000000000E+000                  0.0000000000000000E+000 
                                     587                  2.1361261750689731E+000                 -9.9566909860886099E-001                  8.1827215583584998E+000                  2.8353803829718189E+000                  1.8892948677820705E+001                  0.0000000000000000E+000                  9.6915425618062612E-001                  3.0845743819373883E-002                  1.0100221577536377E-001                 -3.9346342760628401E-012                  0.0000000000000000E+000                  0.0000000000000000E+000                  1.7210240530939238E+004                  3.5496892041708037E+004                  4.5501903297248258E+000                 -1.4564209453183851E+001                  5.0000000000000000E-001                  0.0000000000000000E+000                  0.0000000000000000E+000 
                                     588                  2.1293468354850833E+000                 -9.9764419330507148E-001                  8.1846302743947597E+000                  2.8404432073363539E+000                  1.8899928929287896E+001                  0.0000000000000000E+000                  9.6791642142822620E-001                  3.2083578571773796E-002                  1.0054391843196898E-001                 -4.1739991306151105E-012                  0.0000000000000000E+000                  0.0000000000000000E+000                  1.9664020166771999E+004                  3.5366376555117793E+004                  4.5485905666643855E+000                 -1.4523564070295503E+001                  5.0000000000000000E-001                  0.0000000000000000E+000                  0.0000000000000000E+000 
                                     589                  2.1225674959011935E+000                 -9.9962324117296975E-001                  8.1874771011518277E+000                  2.8480190738936924E+000                  1.8910347033693668E+001                  0.0000000000000000E+000                  9.6587829519875257E-001                  3.4121704801247432E-002                  1.0008678956624438E-001                 -4.4072333038995854E-012                  0.0000000000000000E+000                  0.0000000000000000E+000                  2.3952328406179880E+004                  3.5230244924440711E+004                  4.5469156624535483E+000                 -1.4225423817860674E+001                  5.0000000000000000E-001                  0.0000000000000000E+000                  0.0000000000000000E+000 
                                     590                  2.1090088167334127E+000                 -1.0035935494847688E+000                  8.1912415906281399E+000                  2.8582438074973857E+000                  1.8924267320646592E+001                  0.0000000000000000E+000                  9.6278449362967133E-001                  3.7215506370328666E-002                  9.9175968558999433E-002                 -4.8557449648457854E-012                  0.0000000000000000E+000                  0.0000000000000000E+000                  3.1023625167935632E+004                  3.4942920510622302E+004                  4.5433592002645886E+000                 -1.4249332169318668E+001                  5.0000000000000011E-001                  0.0000000000000000E+000                  0.0000000000000000E+000 
                                     591                  2.0954501375656318E+000                 -1.0075795174701581E+000                  8.1948002420615307E+000                  2.8680880303681553E+000                  1.8937535621545230E+001                  0.0000000000000000E+000                  9.5931906255403276E-001                  4.0680937445967236E-002                  9.8269892853809063E-002                 -5.2804861093050731E-012                  0.0000000000000000E+000                  0.0000000000000000E+000                  3.9505677150542688E+004                  3.4631789832921393E+004                  4.5394749372460943E+000                 -1.4246870213775654E+001                  5.0000000000000011E-001                  0.0000000000000000E+000                  0.0000000000000000E+000 
                                     592                  2.0831347740877706E+000                 -1.0112132359741870E+000                  8.1981567986367914E+000                  2.8775366646317382E+000                  1.8950138485069587E+001                  0.0000000000000000E+000                  9.5542242110701847E-001                  4.4577578892981529E-002                  9.7451104118276080E-002                 -5.6459236810133126E-012                  0.0000000000000000E+000                  0.0000000000000000E+000                  4.9473626706417635E+004                  3.4316312434156345E+004                  4.5355006132226761E+000                 -1.4199727345781350E+001                  5.0000000000000000E-001                  0.0000000000000000E+000                  0.0000000000000000E+000 
                                     593                  2.0708194106099089E+000                 -1.0148592825852825E+000                  8.2010609675122694E+000                  2.8859053815761935E+000                  1.8961153575817491E+001                  0.0000000000000000E+000                  9.5142152379430089E-001                  4.8578476205699106E-002                  9.6636394354271501E-002                 -5.9921481265883574E-012                  6.9766605671510856E-021                  0.0000000000000000E+000                  5.9957921332452017E+004                  3.3950657804866081E+004                  4.5308481932926883E+000                 -1.4389531521200398E+001                  5.0000000000000011E-001                  0.0000000000000000E+000                  0.0000000000000000E+000 
                                     594                  2.0616172444160670E+000                 -1.0175912047715536E+000                  8.2035221809471910E+000                  2.8931244027273939E+000                  1.8970548802225494E+001                  0.0000000000000000E+000                  9.4747597234971836E-001                  5.2524027650281635E-002                  9.6030412686299416E-002                 -6.2382872871407893E-012                  0.0000000000000000E+000                  0.0000000000000000E+000                  7.0411230514370414E+004                  3.3630905156305416E+004                  4.5267385562560136E+000                 -1.4314665054674236E+001                  5.0000000000000011E-001                  0.0000000000000000E+000                  0.0000000000000000E+000 
                                     595                  2.0524150782222241E+000                 -1.0203293366131996E+000                  8.2059587975179475E+000                  2.9004265271756795E+000                  1.8979935781265777E+001                  0.0000000000000000E+000                  9.4304456065089037E-001                  5.6955439349109627E-002                  9.5426866523695475E-002                 -6.4737518757385800E-012                  0.0000000000000000E+000                  0.0000000000000000E+000                  8.2399995712286109E+004                  3.3260877226160657E+004                  4.5219336991666319E+000                 -1.4395617229077182E+001                  4.9999999999999989E-001                  0.0000000000000000E+000                  0.0000000000000000E+000 
                                     596                  2.0432129120283822E+000                 -1.0230732810831977E+000                  8.2083676965810728E+000                  2.9078388679805931E+000                  1.8989315006511060E+001                  0.0000000000000000E+000                  9.3792109473286234E-001                  6.2078905267137663E-002                  9.4825844453051894E-002                 -6.6986103508161325E-012                  0.0000000000000000E+000                  0.0000000000000000E+000                  9.6028162476691126E+004                  3.2831278506073832E+004                  4.5162877952277150E+000                 -1.4325343091032309E+001                  5.0000000000000000E-001                  0.0000000000000000E+000                  0.0000000000000000E+000 
                                     597                  2.0340107458345398E+000                 -1.0258224576542403E+000                  8.2107452587991769E+000                  2.9153707418072177E+000                  1.8998686908542652E+001                  0.0000000000000000E+000                  9.3208951361621828E-001                  6.7910486383781721E-002                  9.4227472569537701E-002                 -6.9129953460383031E-012                  0.0000000000000000E+000                  0.0000000000000000E+000                  1.1142015273611210E+005                  3.2332487406977496E+004                  4.5096391170943857E+000                 -1.4369662699969057E+001                  5.0000000000000000E-001                  0.0000000000000000E+000                  0.0000000000000000E+000 
                                     598                  2.0248085796406965E+000                 -1.0285762116119967E+000                  8.2142526687989026E+000                  2.9268065670021812E+000                  1.9012659665671588E+001                  0.0000000000000000E+000                  9.2202157329953260E-001                  7.7978426700467396E-002                  9.3631889675202695E-002                 -7.1170733525901166E-012                  1.7559350169572590E-020                  0.0000000000000000E+000                  1.3805795308849512E+005                  3.1755695269196040E+004                  4.5018216257593862E+000                 -1.4043901636032524E+001                  5.0000000000000000E-001                  0.0000000000000000E+000                  0.0000000000000000E+000 
                                     599                  2.0064042472530081E+000                 -1.0340958371516886E+000                  8.2176344466157900E+000                  2.9388101057418501E+000                  1.9026764114542615E+001                  0.0000000000000000E+000                  9.1020492076388848E-001                  8.9795079236111519E-002                  9.2449414034927374E-002                 -7.4948731585580802E-012                  0.0000000000000000E+000                  0.0000000000000000E+000                  1.6900990338927860E+005                  3.0332352583498872E+004                  4.4819060955862504E+000                 -1.4326352887242061E+001                  5.0000000000000011E-001                  0.0000000000000000E+000                  0.0000000000000000E+000 
                                     600                  1.9972020810591649E+000                 -1.0368584443981734E+000                  8.2197575961465628E+000                  2.9466858959941420E+000                  1.9035801358565095E+001                  0.0000000000000000E+000                  9.0160435079910473E-001                  9.8395649200895274E-002                  9.1863197010365924E-002                 -7.6688817864144052E-012                  0.0000000000000000E+000                  0.0000000000000000E+000                  1.9123806548626599E+005                  2.9464438508418443E+004                  4.4692981693402460E+000                 -1.4337069258212207E+001                  5.0000000000000000E-001                  0.0000000000000000E+000                  0.0000000000000000E+000 
                                     601                  1.9886133926115761E+000                 -1.0394376963481471E+000                  8.2217524342148529E+000                  2.9544630086372852E+000                  1.9044518314409103E+001                  0.0000000000000000E+000                  8.9249593877176026E-001                  1.0750406122823974E-001                  9.1319243198975844E-002                 -7.8229193884252960E-012                  0.0000000000000000E+000                  0.0000000000000000E+000                  2.1423789716221904E+005                  2.8549853547347284E+004                  4.4556038847800430E+000                 -1.4376835505452181E+001                  4.9999999999999989E-001                  0.0000000000000000E+000                  0.0000000000000000E+000 
                                     602                  1.9800247041639867E+000                 -1.0420167124764290E+000                  8.2236853397120804E+000                  2.9624127990248366E+000                  1.9053229695250575E+001                  0.0000000000000000E+000                  8.8275043555585919E-001                  1.1724956444414081E-001                  9.0778559619231647E-002                 -7.9691375679519720E-012                  0.0000000000000000E+000                  0.0000000000000000E+000                  2.3867395655539492E+005                  2.7527205061056102E+004                  4.4397621181067093E+000                 -1.4401202967484807E+001                  5.0000000000000011E-001                  0.0000000000000000E+000                  0.0000000000000000E+000 
                                     603                  1.9714360157163990E+000                 -1.0445944542539594E+000                  8.2255487308614104E+000                  2.9705716675617277E+000                  1.9061935351925570E+001                  0.0000000000000000E+000                  8.7214383088240965E-001                  1.2785616911759035E-001                  9.0241342117282075E-002                 -8.1079971382974661E-012                  0.0000000000000000E+000                  0.0000000000000000E+000                  2.6415080637548323E+005                  2.6389845153712493E+004                  4.4214368419409471E+000                 -1.4308250421514140E+001                  5.0000000000000011E-001                  0.0000000000000000E+000                  0.0000000000000000E+000 
                                     604                  1.9628473272688116E+000                 -1.0471696482831492E+000                  8.2282244739906432E+000                  2.9830601399484360E+000                  1.9074920387805225E+001                  0.0000000000000000E+000                  8.5507522057962648E-001                  1.4492477942037352E-001                  8.9707830070377984E-002                 -8.2400860755854040E-012                  0.0000000000000000E+000                  0.0000000000000000E+000                  3.0419929157473560E+005                  2.5132892014812456E+004                  4.4002424652662473E+000                 -1.4018178732651235E+001                  5.0000000000000000E-001                  0.0000000000000000E+000                  0.0000000000000000E+000 
                                     605                  1.9456699503736381E+000                 -1.0523089744400755E+000                  8.2306322339071922E+000                  2.9962817460647613E+000                  1.9088016496144999E+001                  0.0000000000000000E+000                  8.3696323109618498E-001                  1.6303676890381502E-001                  8.8652507828048233E-002                 -8.4853783322417447E-012                  0.0000000000000000E+000                  0.0000000000000000E+000                  3.4453830144033843E+005                  2.2242870280895015E+004                  4.3471908290755694E+000                 -1.4344668437149897E+001                  5.0000000000000000E-001                  0.0000000000000000E+000                  0.0000000000000000E+000 
                                     606                  1.9370812619260505E+000                 -1.0548688599608329E+000                  8.2321310111950226E+000                  3.0052863560138259E+000                  1.9096695915534191E+001                  0.0000000000000000E+000                  8.2431915356845609E-001                  1.7568084643154391E-001                  8.8131495566551157E-002                 -8.6004536412164985E-012                  0.0000000000000000E+000                  0.0000000000000000E+000                  3.7138019213533000E+005                  2.0608705039154207E+004                  4.3140507034716702E+000                 -1.4348604248976766E+001                  5.0000000000000000E-001                  0.0000000000000000E+000                  0.0000000000000000E+000 
                                     607                  1.9284925734784646E+000                 -1.0574208784986165E+000                  8.2331547180721838E+000                  3.0121212350037858E+000                  1.9103123600004352E+001                  0.0000000000000000E+000                  8.1485677189352090E-001                  1.8514322810647910E-001                  8.7615132383751626E-002                 -8.7115139298264007E-012                  0.0000000000000000E+000                  0.0000000000000000E+000                  3.9073361728896503E+005                  1.8848576753197456E+004                  4.2752785624161520E+000                 -1.4642618301541921E+001                  5.0000000000000000E-001                  0.0000000000000000E+000                  0.0000000000000000E+000 
                                     608                  1.9243815811731289E+000                 -1.0586391062037099E+000                  8.2337892338857177E+000                  3.0165885057365007E+000                  1.9107272172854060E+001                  0.0000000000000000E+000                  8.0866198405375322E-001                  1.9133801594624678E-001                  8.7369709920455299E-002                 -8.7635526570399626E-012                  0.0000000000000000E+000                  0.0000000000000000E+000                  4.0306093854341510E+005                  1.7962657881884279E+004                  4.2543705983687143E+000                 -1.4651121316755800E+001                  5.0000000000000011E-001                  0.0000000000000000E+000                  0.0000000000000000E+000 
                                     609                  1.9202705888677929E+000                 -1.0598550470817425E+000                  8.2342433781392206E+000                  3.0199876787934850E+000                  1.9110385785730941E+001                  0.0000000000000000E+000                  8.0395312421445830E-001                  1.9604687578554170E-001                  8.7125433688116719E-002                 -8.8150437761015874E-012                  9.1533851642950490E-019                  0.0000000000000000E+000                  4.1202715142036515E+005                  1.7049068622387666E+004                  4.2317006588003077E+000                 -1.4947137964678060E+001                  5.0000000000000000E-001                  0.0000000000000000E+000                  0.0000000000000000E+000 
                                     610                  1.9182150927151249E+000                 -1.0604620890579284E+000                  8.2345386040362083E+000                  3.0222673493645904E+000                  1.9112458520541363E+001                  0.0000000000000000E+000                  8.0077988598074956E-001                  1.9922011401925044E-001                  8.7003737807129514E-002                 -8.8406455601714310E-012                  0.0000000000000000E+000                  0.0000000000000000E+000                  4.1789346289495059E+005                  1.6582215794962995E+004                  4.2196425625971568E+000                 -1.4894730751702911E+001                  5.0000000000000000E-001                  0.0000000000000000E+000                  0.0000000000000000E+000 
                                     611                  1.9161595965624569E+000                 -1.0610684890907700E+000                  8.2347543249674047E+000                  3.0243423006584309E+000                  1.9114013595237878E+001                  0.0000000000000000E+000                  7.9527439997957583E-001                  2.0472560002042417E-001                  8.6882340332884236E-002                 -8.8685868268627397E-012                  0.0000000000000000E+000                  0.0000000000000000E+000                  4.1797527713179274E+005                  1.6108780956069948E+004                  4.2070626761061334E+000                 -1.5288873504492818E+001                  5.0000000000000000E-001                  0.0000000000000000E+000                  0.0000000000000000E+000 
                                     612                  1.9151318484861228E+000                 -1.0613711930934016E+000                  8.2348962164709523E+000                  3.0258207686587415E+000                  1.9115049553895762E+001                  0.0000000000000000E+000                  7.9079420919022525E-001                  2.0920579080977475E-001                  8.6821804291196278E-002                 -8.8842604163864073E-012                  0.0000000000000000E+000                  0.0000000000000000E+000                  4.1685586973517516E+005                  1.5871943154486318E+004                  4.2006300993831172E+000                 -1.5241256032911362E+001                  5.0000000000000000E-001                  0.0000000000000000E+000                  0.0000000000000000E+000 
                                     613                  1.9141041004097890E+000                 -1.0616734994027510E+000                  8.2350012328988900E+000                  3.0284017028527725E+000                  1.9115826647450170E+001                  0.0000000000000000E+000                  7.7453210101278236E-001                  2.2546789898721764E-001                  8.6761389877863720E-002                 -8.9105354921357745E-012                  6.2481251342505338E-019                  0.0000000000000000E+000                  3.9856332963030983E+005                  1.5635664501273824E+004                  4.1941163430848016E+000                 -1.5543895083003839E+001                  5.0000000000000000E-001                  0.0000000000000000E+000                  0.0000000000000000E+000 
                                     614                  1.9135902263716202E+000                 -1.0618239921392769E+000                  8.2350708512595947E+000                  3.0306035833119047E+000                  1.9116344516504501E+001                  0.0000000000000000E+000                  7.5951898259589234E-001                  2.4048101740410766E-001                  8.6731330327192838E-002                 -8.9313317968211222E-012                  0.0000000000000000E+000                  0.0000000000000000E+000                  3.8107654549979052E+005                  1.5522477812699173E+004                  4.1909610477527313E+000                 -1.5549061022887775E+001                  4.9999999999999989E-001                  0.0000000000000000E+000                  0.0000000000000000E+000 
                                     615                  1.9130763523334444E+000                 -1.0619738792295534E+000                  8.2351228148784745E+000                  3.0328107124516035E+000                  1.9116732944920475E+001                  0.0000000000000000E+000                  7.4344791812924949E-001                  2.5655208187075051E-001                  8.6701402100554631E-002                 -8.9585830892479705E-012                  1.9999075495133300E-021                  0.0000000000000000E+000                  3.6205623940853745E+005                  1.5414031486881886E+004                  4.1879162418022595E+000                 -1.5798106685269243E+001                  4.9999999999999989E-001                  0.0000000000000000E+000                  0.0000000000000000E+000 
                                     616                  1.9128194153143598E+000                 -1.0620485007135279E+000                  8.2351573713217370E+000                  3.0344743447576321E+000                  1.9116991847412670E+001                  0.0000000000000000E+000                  7.3109125038281852E-001                  2.6890874961718148E-001                  8.6686506144557293E-002                 -8.9752040106733456E-012                  0.0000000000000000E+000                  0.0000000000000000E+000                  3.4759771648823633E+005                  1.5362388302261870E+004                  4.1864587382126439E+000                 -1.5833624817846056E+001                  4.9999999999999989E-001                  0.0000000000000000E+000                  0.0000000000000000E+000 
                                     617                  1.9125624782952766E+000                 -1.0621228751594074E+000                  8.2352090778936073E+000                  3.0372887998525715E+000                  1.9117380125650122E+001                  0.0000000000000000E+000                  7.0984931787010852E-001                  2.9015068212989148E-001                  8.6671662048898868E-002                 -8.9939878781480540E-012                  0.0000000000000000E+000                  0.0000000000000000E+000                  3.2322716974733642E+005                  1.5312706650853941E+004                  4.1850519627188900E+000                 -1.5530680617195536E+001                  5.0000000000000000E-001                  0.0000000000000000E+000                  0.0000000000000000E+000 
                                     618                  1.9120486042571010E+000                 -1.0622707766951456E+000                  8.2352605535094536E+000                  3.0406615331607978E+000                  1.9117768481306474E+001                  0.0000000000000000E+000                  6.8388753966377314E-001                  3.1611246033622686E-001                  8.6642150530947842E-002                 -9.0378985853052403E-012                  0.0000000000000000E+000                  0.0000000000000000E+000                  2.9439575304621924E+005                  1.5219956649889160E+004                  4.1824134154607862E+000                 -1.5891055383110324E+001                  5.0000000000000000E-001                  0.0000000000000000E+000                  0.0000000000000000E+000 
                                     619                  1.9117916672380164E+000                 -1.0623442115047639E+000                  8.2352948018113299E+000                  3.0431002054562777E+000                  1.9118027332491085E+001                  0.0000000000000000E+000                  6.6501946714835225E-001                  3.3498053285164775E-001                  8.6627501457097883E-002                 -9.0629506202478040E-012                  0.0000000000000000E+000                  0.0000000000000000E+000                  2.7426774633262196E+005                  1.5177494419032178E+004                  4.1812000818491226E+000                 -1.5863664767451171E+001                  5.0000000000000000E-001                  0.0000000000000000E+000                  0.0000000000000000E+000 
                                     620                  1.9115347302189332E+000                 -1.0624172720727418E+000                  8.2353204470251455E+000                  3.0450505047706202E+000                  1.9118221474177133E+001                  0.0000000000000000E+000                  6.4987697840687586E-001                  3.5012302159312414E-001                  8.6612929496389476E-002                 -9.0899631751972131E-012                  0.0000000000000000E+000                  0.0000000000000000E+000                  2.5863038697321981E+005                  1.5137764102151412E+004                  4.1800617331688761E+000                 -1.6132945691959979E+001                  5.0000000000000000E-001                  0.0000000000000000E+000                  0.0000000000000000E+000 
                                     621                  1.9114062617093883E+000                 -1.0624536524261827E+000                  8.2353375325839071E+000                  3.0463926823005099E+000                  1.9118350888425759E+001                  0.0000000000000000E+000                  6.3944850433926637E-001                  3.6055149566073363E-001                  8.6605674333949223E-002                 -9.1041631862258826E-012                  0.0000000000000000E+000                  0.0000000000000000E+000                  2.4814006065753405E+005                  1.5118960327163182E+004                  4.1795219274283850E+000                 -1.6232960132175510E+001                  5.0000000000000000E-001                  0.0000000000000000E+000                  0.0000000000000000E+000 
                                     622                  1.9112777931998455E+000                 -1.0624899296231294E+000                  8.2353631455916059E+000                  3.0484660637721346E+000                  1.9118544989309484E+001                  0.0000000000000000E+000                  6.2333439527424139E-001                  3.7666560472575861E-001                  8.6598440348671410E-002                 -9.1188246596339221E-012                  0.0000000000000000E+000                  0.0000000000000000E+000                  2.3238360412183611E+005                  1.5100868677219463E+004                  4.1790019307946107E+000                 -1.5887218191210710E+001                  5.0000000000000011E-001                  0.0000000000000000E+000                  0.0000000000000000E+000 
                                     623                  1.9110208561807609E+000                 -1.0625621655256494E+000                  8.2353972621829445E+000                  3.0513545721073410E+000                  1.9118803792932056E+001                  0.0000000000000000E+000                  6.0088045539394574E-001                  3.9911954460605426E-001                  8.6584037687465670E-002                 -9.1493300423463238E-012                  0.0000000000000000E+000                  0.0000000000000000E+000                  2.1135147901786375E+005                  1.5066824985314008E+004                  4.1780217435797953E+000                 -1.5885532442477375E+001                  5.0000000000000011E-001                  0.0000000000000000E+000                  0.0000000000000000E+000 
                                     624                  1.9107639191616765E+000                 -1.0626339582837145E+000                  8.2354228287050315E+000                  3.0535963199227409E+000                  1.9118997896688064E+001                  0.0000000000000000E+000                  5.8347201873300758E-001                  4.1652798126699242E-001                  8.6569725755428067E-002                 -9.1811813547418575E-012                  0.0000000000000000E+000                  0.0000000000000000E+000                  1.9579514708407791E+005                  1.5035638366512003E+004                  4.1771218716229779E+000                 -1.6142726400766016E+001                  5.0000000000000011E-001                  0.0000000000000000E+000                  0.0000000000000000E+000 
                                     625                  1.9106354506521339E+000                 -1.0626696831139932E+000                  8.2354398669530795E+000                  3.0551176497565486E+000                  1.9119127284877379E+001                  0.0000000000000000E+000                  5.7167500268198079E-001                  4.2832499731801921E-001                  8.6562604869276444E-002                 -9.1975737611458836E-012                  0.0000000000000000E+000                  0.0000000000000000E+000                  1.8562820392800285E+005                  1.5021102195701327E+004                  4.1767018008405055E+000                 -1.6163387172439609E+001                  5.0000000000000000E-001                  0.0000000000000000E+000                  0.0000000000000000E+000 
                                     626                  1.9105069821425897E+000                 -1.0627052917915176E+000                  8.2354568999931637E+000                  3.0566585838206612E+000                  1.9119256668254238E+001                  0.0000000000000000E+000                  5.5974252163973837E-001                  4.4025747836026163E-001                  8.6555507718266950E-002                 -9.2142496329602042E-012                  0.0000000000000000E+000                  0.0000000000000000E+000                  1.7565286853109696E+005                  1.5007257222382312E+004                  4.1763013263519131E+000                 -1.6238547635722064E+001                  5.0000000000000000E-001                  0.0000000000000000E+000                  0.0000000000000000E+000 
                                     627                  1.9103785136330456E+000                 -1.0627407830631821E+000                  8.2354739285404825E+000                  3.0582160385331538E+000                  1.9119386046679804E+001                  0.0000000000000000E+000                  5.4770179391459717E-001                  4.5229820608540283E-001                  8.6548434546382794E-002                 -9.2311577290370650E-012                  0.0000000000000000E+000                  0.0000000000000000E+000                  1.6590141245921343E+005                  1.4994090707185534E+004                  4.1759201337950733E+000                 -1.6225429488300581E+001                  5.0000000000000000E-001                  0.0000000000000000E+000                  0.0000000000000000E+000 
                                     628                  1.9102500451235029E+000                 -1.0627761559416555E+000                  8.2354909533494247E+000                  3.0597869202696542E+000                  1.9119515420014167E+001                  0.0000000000000000E+000                  5.3557988274890045E-001                  4.6442011725109955E-001                  8.6541385544584667E-002                 -9.2482657188840609E-012                  0.0000000000000000E+000                  0.0000000000000000E+000                  1.5640284181974590E+005                  1.4981587751455287E+004                  4.1755578424125099E+000                 -1.6168428793189580E+001                  5.0000000000000000E-001                  0.0000000000000000E+000                  0.0000000000000000E+000 
                                     629                  1.9101215766139588E+000                 -1.0628114097030092E+000                  8.2355079781847227E+000                  3.0613681463318945E+000                  1.9119644788116233E+001                  0.0000000000000000E+000                  5.2340346503456725E-001                  4.7659653496543275E-001                  8.6534360851305767E-002                 -9.2655409811652658E-012                  0.0000000000000000E+000                  0.0000000000000000E+000                  1.4718272202373753E+005                  1.4969731513230850E+004                  4.1752140112069167E+000                 -1.6216855641487580E+001                  5.0000000000000000E-001                  0.0000000000000000E+000                  0.0000000000000000E+000 
                                     630                  1.9099931081044146E+000                 -1.0628465438825385E+000                  8.2355250064904375E+000                  3.0629566747215704E+000                  1.9119774150845096E+001                  0.0000000000000000E+000                  5.1119862717144826E-001                  4.8880137282855174E-001                  8.6527360553305732E-002                 -9.2829509585399709E-012                  0.0000000000000000E+000                  0.0000000000000000E+000                  1.3826304109505416E+005                  1.4958503442844534E+004                  4.1748881457325817E+000                 -1.6191438938606272E+001                  5.0000000000000000E-001                  0.0000000000000000E+000                  0.0000000000000000E+000 
                                     631                  1.9098646395948706E+000                 -1.0628815582681739E+000                  8.2355420384271145E+000                  3.0645495305638288E+000                  1.9119903508059497E+001                  0.0000000000000000E+000                  4.9899068719613709E-001                  5.0100931280386285E-001                  8.6520384687004917E-002                 -9.3004633885464700E-012                  0.0000000000000000E+000                  0.0000000000000000E+000                  1.2966215929387415E+005                  1.4947883519957666E+004                  4.1745797049899664E+000                 -1.6181613160083700E+001                  5.0000000000000000E-001                  0.0000000000000000E+000                  0.0000000000000000E+000 
                                     632                  1.9097361710853265E+000                 -1.0629164528917916E+000                  8.2355590741451579E+000                  3.0661438205935183E+000                  1.9120032859617424E+001                  0.0000000000000000E+000                  4.8680402688465396E-001                  5.1319597311534604E-001                  8.6513433240235429E-002                 -9.3180465683956275E-012                  0.0000000000000000E+000                  0.0000000000000000E+000                  1.2139485581935078E+005                  1.4937850504752683E+004                  4.1742881087855395E+000                 -1.6177279816987689E+001                  5.0000000000000000E-001                  0.0000000000000000E+000                  0.0000000000000000E+000 
                                     633                  1.9096077025757838E+000                 -1.0629512280194444E+000                  8.2355761137843562E+000                  3.0677367509581104E+000                  1.9120162205378236E+001                  0.0000000000000000E+000                  4.7466194930198613E-001                  5.2533805069801387E-001                  8.6506506154206922E-002                 -9.3356695418129747E-012                  0.0000000000000000E+000                  0.0000000000000000E+000                  1.1347241442418347E+005                  1.4928382168286125E+004                  4.1740127445330062E+000                 -1.6195244693003392E+001                  5.0000000000000000E-001                  0.0000000000000000E+000                  0.0000000000000000E+000 
                                     634                  1.9094792340662397E+000                 -1.0629858841402964E+000                  8.2355931575321968E+000                  3.0693410413252074E+000                  1.9120291545201585E+001                  0.0000000000000000E+000                  4.6245981681385090E-001                  5.3754018318614905E-001                  8.6499603325728883E-002                 -9.3533855802066244E-012                  0.0000000000000000E+000                  0.0000000000000000E+000                  1.0582330861268655E+005                  1.4919455533937002E+004                  4.1737529744153816E+000                 -1.6241728564113593E+001                  5.0000000000000000E-001                  0.0000000000000000E+000                  0.0000000000000000E+000 
                                     635                  1.9093507655566955E+000                 -1.0630204207297562E+000                  8.2356102054552363E+000                  3.0709086566171822E+000                  1.9120420878946316E+001                  0.0000000000000000E+000                  4.5059283836792846E-001                  5.4940716163207148E-001                  8.6492724853558689E-002                 -9.3710031907465177E-012                  0.0000000000000000E+000                  0.0000000000000000E+000                  9.8687146278450877E+004                  1.4911052542367708E+004                  4.1735083005427667E+000                 -1.6210792646164162E+001                  5.0000000000000011E-001                  0.0000000000000000E+000                  0.0000000000000000E+000 
                                     636                  1.9092222970471528E+000                 -1.0630548410786556E+000                  8.2356272575930021E+000                  3.0724817918985541E+000                  1.9120550206475702E+001                  0.0000000000000000E+000                  4.3871325315538312E-001                  5.6128674684461688E-001                  8.6485870076633581E-002                 -9.3884889033629798E-012                  0.0000000000000000E+000                  0.0000000000000000E+000                  9.1835304266697232E+004                  1.4903138728829254E+004                  4.1732777441879074E+000                 -1.6215686328138680E+001                  5.0000000000000011E-001                  0.0000000000000000E+000                  0.0000000000000000E+000 
                                     637                  1.9090938285376087E+000                 -1.0630891451146620E+000                  8.2356443140942801E+000                  3.0740438065233064E+000                  1.9120679527652953E+001                  0.0000000000000000E+000                  4.2695742560265909E-001                  5.7304257439734085E-001                  8.6479039003809585E-002                 -9.4059808691465165E-012                  0.0000000000000000E+000                  0.0000000000000000E+000                  8.5341147335104688E+004                  1.4895695300313657E+004                  4.1730607799942865E+000                 -1.6242646655756158E+001                  4.9999999999999978E-001                  0.0000000000000000E+000                  0.0000000000000000E+000 
                                     638                  1.9089653600280643E+000                 -1.0631233340789363E+000                  8.2356613750401682E+000                  3.0755924307468900E+000                  1.9120808842342445E+001                  0.0000000000000000E+000                  4.1534321885691694E-001                  5.8465678114308306E-001                  8.6472231382428530E-002                 -9.4233752061458032E-012                  0.0000000000000000E+000                  0.0000000000000000E+000                  7.9202082703548935E+004                  1.4888698434584350E+004                  4.1728567335221776E+000                 -1.6233096240671507E+001                  5.0000000000000000E-001                  0.0000000000000000E+000                  0.0000000000000000E+000 
                                     639                  1.9088368915185201E+000                 -1.0631574093811753E+000                  8.2356784404991679E+000                  3.0771257020129914E+000                  1.9120938150410584E+001                  0.0000000000000000E+000                  4.0388579890070059E-001                  5.9611420109929947E-001                  8.6465446926374617E-002                 -9.4406476704907299E-012                  0.0000000000000000E+000                  0.0000000000000000E+000                  7.3412597708634959E+004                  1.4882124485726443E+004                  4.1726649329953762E+000                 -1.6200697118852446E+001                  5.0000000000000000E-001                  0.0000000000000000E+000                  0.0000000000000000E+000 
                                     640                  1.9087084230089761E+000                 -1.0631913725733939E+000                  8.2356955105279912E+000                  3.0786418173481920E+000                  1.9121067451725423E+001                  0.0000000000000000E+000                  3.9259886696012958E-001                  6.0740113303987042E-001                  8.6458685321306517E-002                 -9.4577763824839219E-012                  0.0000000000000000E+000                  0.0000000000000000E+000                  6.7965277022876369E+004                  1.4875950173807467E+004                  4.1724847150434341E+000                 -1.6306187468903719E+001                  5.0000000000000011E-001                  0.0000000000000000E+000                  0.0000000000000000E+000 
                                     641                  1.9085799544994320E+000                 -1.0632252253356849E+000                  8.2357125851718909E+000                  3.0801391320047693E+000                  1.9121196746157526E+001                  0.0000000000000000E+000                  3.8149469136965408E-001                  6.1850530863034592E-001                  8.6451946227502227E-002                 -9.4747410448892200E-012                  0.0000000000000000E+000                  0.0000000000000000E+000                  6.2851084559697716E+004                  1.4870152712997935E+004                  4.1723154286478286E+000                 -1.6217890377871210E+001                  5.0000000000000011E-001                  0.0000000000000000E+000                  0.0000000000000000E+000 
                                     642                  1.9084514859898878E+000                 -1.0632589694623304E+000                  8.2357296644650830E+000                  3.0816161582647408E+000                  1.9121326033579312E+001                  0.0000000000000000E+000                  3.7058413819602687E-001                  6.2941586180397313E-001                  8.6445229282632763E-002                 -9.4915229839823903E-012                  1.0407286684600846E-020                  0.0000000000000000E+000                  5.8059629524760232E+004                  1.4864709918434370E+004                  4.1721564384617436E+000                 -1.6176416274385513E+001                  5.0000000000000011E-001                  0.0000000000000000E+000                  0.0000000000000000E+000 
                                     643                  1.9083230174803436E+000                 -1.0632926068482906E+000                  8.2357467484312288E+000                  3.0830715628876728E+000                  1.9121455313865322E+001                  0.0000000000000000E+000                  3.5987671321028053E-001                  6.4012328678971953E-001                  8.6438534104459064E-002                 -9.5081051783635623E-012                  0.0000000000000000E+000                  0.0000000000000000E+000                  5.3579420648524225E+004                  1.4859600294142572E+004                  4.1720071275683699E+000                 -1.6245200036578538E+001                  5.0000000000000000E-001                  0.0000000000000000E+000                  0.0000000000000000E+000 
                                     644                  1.9081945489707997E+000                 -1.0633261394761149E+000                  8.2357638370839688E+000                  3.0845041633228276E+000                  1.9121584586893086E+001                  0.0000000000000000E+000                  3.4938061227666062E-001                  6.5061938772333938E-001                  8.6431860293443880E-002                 -9.5244722075648863E-012                  0.0000000000000000E+000                  0.0000000000000000E+000                  4.9398104732965417E+004                  1.4854803106331574E+004                  4.1718668998017217E+000                 -1.6254639375444839E+001                  4.9999999999999994E-001                  0.0000000000000000E+000                  0.0000000000000000E+000 
                                     645                  1.9080660804612568E+000                 -1.0633595694034188E+000                  8.2357809304274898E+000                  3.0859129229555649E+000                  1.9121713852542118E+001                  0.0000000000000000E+000                  3.3910277960391427E-001                  6.6089722039608567E-001                  8.6425207435249632E-002                 -9.5406102405672784E-012                  0.0000000000000000E+000                  0.0000000000000000E+000                  4.5502687689079670E+004                  1.4850298439754562E+004                  4.1717351815613934E+000                 -1.6254527482897821E+001                  5.0000000000000000E-001                  0.0000000000000000E+000                  0.0000000000000000E+000 
                                     646                  1.9079376119517129E+000                 -1.0633928987509238E+000                  8.2357980284571504E+000                  3.0872969454813379E+000                  1.9121843110694911E+001                  0.0000000000000000E+000                  3.2904897157618224E-001                  6.7095102842381782E-001                  8.6418575103123063E-002                 -9.5565070083798408E-012                  0.0000000000000000E+000                  0.0000000000000000E+000                  4.1879736083392141E+004                  1.4846067238385269E+004                  4.1716114231568220E+000                 -1.6225206488579847E+001                  5.0000000000000000E-001                  0.0000000000000000E+000                  0.0000000000000000E+000 
                                     647                  1.9078091434421687E+000                 -1.0634261296911589E+000                  8.2358151311600860E+000                  3.0886554686193364E+000                  1.9121972361236399E+001                  0.0000000000000000E+000                  3.1922382458567083E-001                  6.8077617541432911E-001                  8.6411962860146935E-002                 -9.5721517094626784E-012                  0.0000000000000000E+000                  0.0000000000000000E+000                  3.8515558285358340E+004                  1.4842091334852368E+004                  4.1714950998105307E+000                 -1.6284431547861018E+001                  4.9999999999999994E-001                  0.0000000000000000E+000                  0.0000000000000000E+000 
                                     648                  1.9076806749326245E+000                 -1.0634592644378469E+000                  8.2358322385158509E+000                  3.0899878574154545E+000                  1.9122101604053931E+001                  0.0000000000000000E+000                  3.0963092483828669E-001                  6.9036907516171331E-001                  8.6405370261354961E-002                 -9.5875349414169571E-012                  0.0000000000000000E+000                  0.0000000000000000E+000                  3.5396364731846203E+004                  1.4838353464421614E+004                  4.1713857121971234E+000                 -1.6304325103140680E+001                  5.0000000000000011E-001                  0.0000000000000000E+000                  0.0000000000000000E+000 
                                     649                  1.9075522064230803E+000                 -1.0634923052359577E+000                  8.2358493504971122E+000                  3.0912935972541007E+000                  1.9122230839038149E+001                  0.0000000000000000E+000                  3.0027287916358775E-001                  6.9972712083641220E-001                  8.6398796855712515E-002                 -9.6026486668375555E-012                  0.0000000000000000E+000                  0.0000000000000000E+000                  3.2508407702968874E+004                  1.4834837271939925E+004                  4.1712827867643432E+000                 -1.6231939882778512E+001                  5.0000000000000000E-001                  0.0000000000000000E+000                  0.0000000000000000E+000 
                                     650                  1.9074237379135377E+000                 -1.0635252543524922E+000                  8.2358664670712862E+000                  3.0925722866738203E+000                  1.9122360066081974E+001                  0.0000000000000000E+000                  2.9115138633299370E-001                  7.0884861366700624E-001                  8.6392242187951274E-002                 -9.6174862140133179E-012                  0.0000000000000000E+000                  0.0000000000000000E+000                  2.9838101473029878E+004                  1.4831527310804082E+004                  4.1711858758092735E+000                 -1.6245690935851254E+001                  5.0000000000000000E-001                  0.0000000000000000E+000                  0.0000000000000000E+000 
                                     651                  1.9072952694039935E+000                 -1.0635581140679307E+000                  8.2358835882000161E+000                  3.0938236299569448E+000                  1.9122489285081816E+001                  0.0000000000000000E+000                  2.8226730810114325E-001                  7.1773269189885669E-001                  8.6385705800271037E-002                 -9.6320421133707213E-012                  0.0000000000000000E+000                  0.0000000000000000E+000                  2.7372123795565090E+004                  1.4828409027847318E+004                  4.1710945571314006E+000                 -1.6291961828011711E+001                  5.0000000000000000E-001                  0.0000000000000000E+000                  0.0000000000000000E+000 
                                     652                  1.9071668008944491E+000                 -1.0635908866683879E+000                  8.2359007138387526E+000                  3.0950474297191706E+000                  1.9122618495935683E+001                  0.0000000000000000E+000                  2.7362073923384883E-001                  7.2637926076615122E-001                  8.6379187233899937E-002                 -9.6463120435643804E-012                  0.0000000000000000E+000                  0.0000000000000000E+000                  2.5097499935202282E+004                  1.4825468746404758E+004                  4.1710084336220472E+000                 -1.6288980190051589E+001                  4.9999999999999989E-001                  0.0000000000000000E+000                  0.0000000000000000E+000 
                                     653                  1.9070383323849052E+000                 -1.0636235744384408E+000                  8.2359178439384273E+000                  3.0962435795257699E+000                  1.9122747698545325E+001                  0.0000000000000000E+000                  2.6521107589021897E-001                  7.3478892410978103E-001                  8.6372686030520535E-002                 -9.6602928178735586E-012                  0.0000000000000000E+000                  0.0000000000000000E+000                  2.3001670579921210E+004                  1.4822693643686152E+004                  4.1709271326776536E+000                 -1.6292539728215079E+001                  4.9999999999999989E-001                  0.0000000000000000E+000                  0.0000000000000000E+000 
                                     654                  1.9069098638753610E+000                 -1.0636561796546071E+000                  8.2359349784460054E+000                  3.0974120565961321E+000                  1.9122876892814745E+001                  0.0000000000000000E+000                  2.5703708175777767E-001                  7.4296291824222238E-001                  8.6366201733565462E-002                 -9.6739822520692848E-012                  0.0000000000000000E+000                  0.0000000000000000E+000                  2.1072545049052631E+004                  1.4820071723989342E+004                  4.1708503054825403E+000                 -1.6337694570892900E+001                  4.9999999999999989E-001                  0.0000000000000000E+000                  0.0000000000000000E+000 
                                     655                  1.9067813953658168E+000                 -1.0636887045794723E+000                  8.2359521173050130E+000                  3.0985529146672985E+000                  1.9123006078650771E+001                  0.0000000000000000E+000                  2.4909695167247328E-001                  7.5090304832752675E-001                  8.6359733889383838E-002                 -9.6873790801379235E-012                  0.0000000000000000E+000                  0.0000000000000000E+000                  1.9298541329315300E+004                  1.4817591785045015E+004                  4.1707776260824820E+000                 -1.6241319419412505E+001                  4.9999999999999989E-001                  0.0000000000000000E+000                  0.0000000000000000E+000 
                                     656                  1.9066529268562726E+000                 -1.0637211514564120E+000                  8.2359692604560397E+000                  3.0996662770920902E+000                  1.9123135255963295E+001                  0.0000000000000000E+000                  2.4138837217713641E-001                  7.5861162782286362E-001                  8.6353282048288765E-002                 -9.7004828889999280E-012                  0.0000000000000000E+000                  0.0000000000000000E+000                  1.7668614371895870E+004                  1.4815243385109339E+004                  4.1707087904729532E+000                 -1.6291381309726553E+001                  5.0000000000000011E-001                  0.0000000000000000E+000                  0.0000000000000000E+000 
                                     657                  1.9065244583467300E+000                 -1.0637535225048840E+000                  8.2359864078372045E+000                  3.1007523301762436E+000                  1.9123264424664747E+001                  0.0000000000000000E+000                  2.3390857907548743E-001                  7.6609142092451255E-001                  8.6346845765491079E-002                 -9.7132940487448064E-012                  0.0000000000000000E+000                  0.0000000000000000E+000                  1.6172274173827742E+004                  1.4813016807602207E+004                  4.1706435156089947E+000                 -1.6343377289477672E+001                  4.9999999999999989E-001                  0.0000000000000000E+000                  0.0000000000000000E+000 
                                     658                  1.9063959898371858E+000                 -1.0637858199162986E+000                  8.2360035595181298E+000                  3.1018113165993695E+000                  1.9123393584669397E+001                  0.0000000000000000E+000                  2.2665441151914203E-001                  7.7334558848085799E-001                  8.6340424601917806E-002                 -9.7258137015605960E-012                  0.0000000000000000E+000                  0.0000000000000000E+000                  1.4799595053276871E+004                  1.4810903025418003E+004                  4.1705815383996807E+000                 -1.6301363143254044E+001                  5.0000000000000000E-001                  0.0000000000000000E+000                  0.0000000000000000E+000 
                                     659                  1.9062675213276419E+000                 -1.0638180458503712E+000                  8.2360207160385084E+000                  3.1028435287971425E+000                  1.9123522735895897E+001                  0.0000000000000000E+000                  2.1962236259849560E-001                  7.8037763740150434E-001                  8.6334018124934270E-002                 -9.7380436287912136E-012                  7.1662911555298121E-023                  0.0000000000000000E+000                  1.3541217440504910E+004                  1.4808893661351476E+004                  4.1705226145835050E+000                 -1.6234373619294541E+001                  5.0000000000000000E-001                  0.0000000000000000E+000                  0.0000000000000000E+000 
                                     660                  1.9061390528180995E+000                 -1.0638502024320429E+000                  8.2360378777852201E+000                  3.1038493043084885E+000                  1.9123651878263487E+001                  0.0000000000000000E+000                  2.1280862674466741E-001                  7.8719137325533262E-001                  8.6327625908953223E-002                 -9.7499861677011840E-012                  0.0000000000000000E+000                  0.0000000000000000E+000                  1.2388342767490176E+004                  1.4806980952636211E+004                  4.1704665177197446E+000                 -1.6294306575811085E+001                  5.0000000000000000E-001                  0.0000000000000000E+000                  0.0000000000000000E+000 
                                     661                  1.9060105843085553E+000                 -1.0638822917487261E+000                  8.2360550446548135E+000                  3.1048290210242047E+000                  1.9123781011695076E+001                  0.0000000000000000E+000                  2.0620914367097240E-001                  7.9379085632902757E-001                  8.6321247535978987E-002                 -9.7616442275398359E-012                  0.0000000000000000E+000                  0.0000000000000000E+000                  1.1332723466945930E+004                  1.4805157713442906E+004                  4.1704130381159397E+000                 -1.6338053177882031E+001                  5.0000000000000000E-001                  0.0000000000000000E+000                  0.0000000000000000E+000 
                                     662                  1.9058821157990111E+000                 -1.0639143158479429E+000                  8.2360679236361651E+000                  3.1055442332716625E+000                  1.9123877858609809E+001                  0.0000000000000000E+000                  2.0141863937947055E-001                  7.9858136062052942E-001                  8.6314882596073450E-002                 -9.7730191555907993E-012                  0.0000000000000000E+000                  0.0000000000000000E+000                  1.0603368168431360E+004                  1.4803417298491726E+004                  4.1703619817844482E+000                 -1.6679492271318129E+001                  5.0000000000000011E-001                  0.0000000000000000E+000                  0.0000000000000000E+000 
                                     663                  1.9058178815442519E+000                 -1.0639303042011525E+000                  8.2360765108168899E+000                  3.1060149399845014E+000                  1.9123942418553376E+001                  0.0000000000000000E+000                  1.9827554022535526E-001                  8.0172445977464468E-001                  8.6311705011541839E-002                 -9.7786022117093878E-012                  9.5565618519109257E-023                  0.0000000000000000E+000                  1.0141360604637302E+004                  1.4802575996765592E+004                  4.1703372994376187E+000                 -1.6632139053099639E+001                  5.0000000000000000E-001                  0.0000000000000000E+000                  0.0000000000000000E+000 
                                     664                  1.9057536472894934E+000                 -1.0639462769980350E+000                  8.2360893933575028E+000                  3.1067119064459976E+000                  1.9124039251457880E+001                  0.0000000000000000E+000                  1.9363605337029946E-001                  8.0636394662970057E-001                  8.6308530635540767E-002                 -9.7841184262945078E-012                  0.0000000000000000E+000                  0.0000000000000000E+000                  9.4829847085099391E+003                  1.4801753143499469E+004                  4.1703131569798524E+000                 -1.6227611475502773E+001                  5.0000000000000011E-001                  0.0000000000000000E+000                  0.0000000000000000E+000 
                                     665                  1.9056251787799490E+000                 -1.0639781766398251E+000                  8.2361065749759010E+000                  3.1076160361091012E+000                  1.9124168357642400E+001                  0.0000000000000000E+000                  1.8765300068534724E-001                  8.1234699931465282E-001                  8.6302191365266900E-002                 -9.7949469251636616E-012                  0.0000000000000000E+000                  0.0000000000000000E+000                  8.6749242923449674E+003                  1.4800160427924931E+004                  4.1702664230020465E+000                 -1.6286707666378604E+001                  5.0000000000000011E-001                  0.0000000000000000E+000                  0.0000000000000000E+000 
                                     666                  1.9054967102704068E+000                 -1.0640100169497617E+000                  8.2361237613065104E+000                  3.1084959175972586E+000                  1.9124297454605880E+001                  0.0000000000000000E+000                  1.8186617362544566E-001                  8.1813382637455434E-001                  8.6295864350056067E-002                 -9.8055048963925306E-012                  2.4773770592170513E-021                  0.0000000000000000E+000                  7.9363145108343479E+003                  1.4798633503062940E+004                  4.1702216147545226E+000                 -1.6328510960344691E+001                  5.0000000000000011E-001                  0.0000000000000000E+000                  0.0000000000000000E+000 
                                     667                  1.9053682417608628E+000                 -1.0640417997998772E+000                  8.2361409522488707E+000                  3.1093520573666691E+000                  1.9124426542282748E+001                  0.0000000000000000E+000                  1.7627078162760518E-001                  8.2372921837239477E-001                  8.6289549215328817E-002                 -9.8157989884301614E-012                  0.0000000000000000E+000                  0.0000000000000000E+000                  7.2613969518360609E+003                  1.4797167546876624E+004                  4.1701785913079279E+000                 -1.6296891923568747E+001                  5.0000000000000000E-001                  0.0000000000000000E+000                  0.0000000000000000E+000 
                                     668                  1.9052397732513187E+000                 -1.0640735270158646E+000                  8.2361581477038488E+000                  3.1101849761229641E+000                  1.9124555620609726E+001                  0.0000000000000000E+000                  1.7086197563860328E-001                  8.2913802436139672E-001                  8.6283245595826119E-002                 -9.8258341843382874E-012                  0.0000000000000000E+000                  0.0000000000000000E+000                  6.6448440079417987E+003                  1.4795758116927223E+004                  4.1701372227959350E+000                 -1.6200800608723032E+001                  5.0000000000000000E-001                  0.0000000000000000E+000                  0.0000000000000000E+000 
                                     669                  1.9051113047417763E+000                 -1.0641052003766132E+000                  8.2361753475738304E+000                  3.1109952057130155E+000                  1.9124684689526184E+001                  0.0000000000000000E+000                  1.6563487099344018E-001                  8.3436512900655979E-001                  8.6276953135697582E-002                 -9.8356156618286965E-012                  0.0000000000000000E+000                  0.0000000000000000E+000                  6.0817346390187340E+003                  1.4794401121215433E+004                  4.1700973895699445E+000                 -1.6296191464162174E+001                  5.0000000000000011E-001                  0.0000000000000000E+000                  0.0000000000000000E+000 
                                     670                  1.9049828362322321E+000                 -1.0641368216139284E+000                  8.2361925517628531E+000                  3.1117832863128312E+000                  1.9124813748971707E+001                  0.0000000000000000E+000                  1.6058456785505196E-001                  8.3941543214494807E-001                  8.6270671488553344E-002                 -9.8451488100871699E-012                  0.0000000000000000E+000                  0.0000000000000000E+000                  5.5675301384124841E+003                  1.4793092791586565E+004                  4.1700589814276148E+000                 -1.6329563601000814E+001                  5.0000000000000000E-001                  0.0000000000000000E+000                  0.0000000000000000E+000 
                                     671                  1.9048543677226881E+000                 -1.0641683924124765E+000                  8.2362097601767488E+000                  3.1125497638660242E+000                  1.9124942798890896E+001                  0.0000000000000000E+000                  1.5570616942524829E-001                  8.4429383057475171E-001                  8.6264400317471207E-002                 -9.8544391024816667E-012                  0.0000000000000000E+000                  0.0000000000000000E+000                  5.0980501939009337E+003                  1.4791829656030379E+004                  4.1700218968076870E+000                 -1.6297293050446829E+001                  5.0000000000000000E-001                  0.0000000000000000E+000                  0.0000000000000000E+000 
                                     672                  1.9047258992131439E+000                 -1.0641999144098617E+000                  8.2362269727232409E+000                  3.1132951877554658E+000                  1.9125071839227648E+001                  0.0000000000000000E+000                  1.5099479807681571E-001                  8.4900520192318429E-001                  8.6258139294977526E-002                 -9.8634920878802111E-012                  0.0000000000000000E+000                  0.0000000000000000E+000                  4.6694494710210374E+003                  1.4790608521837905E+004                  4.1699860423024857E+000                 -1.6387932930130258E+001                  4.9999999999999989E-001                  0.0000000000000000E+000                  0.0000000000000000E+000 
                                     673                  1.9045974307035998E+000                 -1.0642313891968722E+000                  8.2362441893120284E+000                  3.1140201087475421E+000                  1.9125200869929309E+001                  0.0000000000000000E+000                  1.4644560958170180E-001                  8.5355439041829817E-001                  8.6251888102994445E-002                 -9.8723134218830485E-012                  0.0000000000000000E+000                  0.0000000000000000E+000                  4.2781949009348955E+003                  1.4789426447032891E+004                  4.1699513318252448E+000                 -1.6333145088343979E+001                  5.0000000000000011E-001                  0.0000000000000000E+000                  0.0000000000000000E+000 
                                     674                  1.9044689621940574E+000                 -1.0642628183178608E+000                  8.2362614098548637E+000                  3.1147250771302826E+000                  1.9125329890944442E+001                  0.0000000000000000E+000                  1.4205380556884892E-001                  8.5794619443115105E-001                  8.6245646432760628E-002                 -9.8809088051032216E-012                  0.0000000000000000E+000                  0.0000000000000000E+000                  3.9210438054092710E+003                  1.4788280723443060E+004                  4.1699176861183460E+000                 -1.6405496033160631E+001                  5.0000000000000000E-001                  0.0000000000000000E+000                  0.0000000000000000E+000 
                                     675                  1.9043404936845132E+000                 -1.0642942032712197E+000                  8.2362786342656040E+000                  3.1154106410611515E+000                  1.9125458902223251E+001                  0.0000000000000000E+000                  1.3781464435936899E-001                  8.6218535564063103E-001                  8.6239413984733407E-002                 -9.8892839714509447E-012                  0.0000000000000000E+000                  0.0000000000000000E+000                  3.5950229596184186E+003                  1.4787168859867796E+004                  4.1698850322637195E+000                 -1.6287424739261787E+001                  5.0000000000000000E-001                  0.0000000000000000E+000                  0.0000000000000000E+000 
                                     676                  1.9042120251749692E+000                 -1.0643255455099603E+000                  8.2362958624602403E+000                  3.1160773451015018E+000                  1.9125587903718735E+001                  0.0000000000000000E+000                  1.3372345033041255E-001                  8.6627654966958745E-001                  8.6233190468469778E-002                 -9.8974446447226016E-012                  0.0000000000000000E+000                  0.0000000000000000E+000                  3.2974086619723385E+003                  1.4786088558920686E+004                  4.1698533030068656E+000                 -1.6377685314619086E+001                  5.0000000000000000E-001                  0.0000000000000000E+000                  0.0000000000000000E+000 
                                     677                  1.9040835566654268E+000                 -1.0643568464423974E+000                  8.2363130943569285E+000                  3.1167257289233046E+000                  1.9125716895384244E+001                  0.0000000000000000E+000                  1.2977562192766201E-001                  8.7022437807233799E-001                  8.6226975602487280E-002                 -9.9053965434185954E-012                  0.0000000000000000E+000                  0.0000000000000000E+000                  3.0257078521904373E+003                  1.4785037706107076E+004                  4.1698224364396372E+000                 -1.6362682172008583E+001                  4.9999999999999989E-001                  0.0000000000000000E+000                  0.0000000000000000E+000 
                                     678                  1.9039550881558827E+000                 -1.0643881074328785E+000                  8.2363303298760169E+000                  3.1173563261805604E+000                  1.9125845877176012E+001                  0.0000000000000000E+000                  1.2596663845548417E-001                  8.7403336154451583E-001                  8.6220769114115484E-002                 -9.9131453606490046E-012                  0.0000000000000000E+000                  0.0000000000000000E+000                  2.7776402988095610E+003                  1.4784014353937519E+004                  4.1697923755368018E+000                 -1.6295539784122091E+001                  5.0000000000000000E-001                  0.0000000000000000E+000                  0.0000000000000000E+000 
                                     679                  1.9038266196463385E+000                 -1.0644193298025890E+000                  8.2363432592384491E+000                  3.1178162379176988E+000                  1.9125942609672762E+001                  0.0000000000000000E+000                  1.2321106453133385E-001                  8.7678893546866621E-001                  8.6214570739332821E-002                 -9.9206961954463103E-012                  0.0000000000000000E+000                  0.0000000000000000E+000                  2.6066250482357414E+003                  1.4783016703725929E+004                  4.1697630676241415E+000                 -1.6663339820220962E+001                  5.0000000000000000E-001                  0.0000000000000000E+000                  0.0000000000000000E+000 
                                     680                  1.9037623853915793E+000                 -1.0644349269861904E+000                  8.2363518796426831E+000                  3.1181186894729680E+000                  1.9126007093122933E+001                  0.0000000000000000E+000                  1.2140656071968473E-001                  8.7859343928031530E-001                  8.6211474498421439E-002                 -9.9243991303064867E-012                  0.0000000000000000E+000                  0.0000000000000000E+000                  2.4983938115248206E+003                  1.4782526928682501E+004                  4.1697486788071183E+000                 -1.6736369503644500E+001                  4.9999999999999994E-001                  0.0000000000000000E+000                  0.0000000000000000E+000 
                                     681                  1.9036981511368207E+000                 -1.0644505149902672E+000                  8.2363648114787562E+000                  3.1185662209688689E+000                  1.9126103810970200E+001                  0.0000000000000000E+000                  1.1874785469157140E-001                  8.8125214530842855E-001                  8.6208380190861064E-002                 -9.9280553117724168E-012                  0.0000000000000000E+000                  0.0000000000000000E+000                  2.3442657754646066E+003                  1.4782042969505967E+004                  4.1697344603827968E+000                 -1.6492254522292455E+001                  5.0000000000000011E-001                  0.0000000000000000E+000                  0.0000000000000000E+000 
                                     682                  1.9035696826272763E+000                 -1.0644816639164616E+000                  8.2363820574086208E+000                  3.1191465866152801E+000                  1.9126232762889511E+001                  0.0000000000000000E+000                  1.1532916715913934E-001                  8.8467083284086068E-001                  8.6202197284360543E-002                 -9.9352290046335302E-012                  0.0000000000000000E+000                  0.0000000000000000E+000                  2.1552990913970157E+003                  1.4781091880701548E+004                  4.1697065166196072E+000                 -1.6394332153759397E+001                  5.0000000000000000E-001                  0.0000000000000000E+000                  0.0000000000000000E+000 
                                     683                  1.9034412141177344E+000                 -1.0645127779351682E+000                  8.2363993066640493E+000                  3.1197112224002930E+000                  1.9126361704772794E+001                  0.0000000000000000E+000                  1.1203214959628140E-001                  8.8796785040371862E-001                  8.6196021749518140E-002                 -9.9422213207381623E-012                  0.0000000000000000E+000                  0.0000000000000000E+000                  1.9826540557323844E+003                  1.4780161895176607E+004                  4.1696791911492515E+000                 -1.6358746580635891E+001                  4.9999999999999994E-001                  0.0000000000000000E+000                  0.0000000000000000E+000 
                                     684                  1.9033127456081902E+000                 -1.0645438582038205E+000                  8.2364165591762166E+000                  3.1202606196593146E+000                  1.9126490636583121E+001                  0.0000000000000000E+000                  1.0885275223441276E-001                  8.9114724776558729E-001                  8.6189853355109411E-002                 -9.9490381282557537E-012                  0.0000000000000000E+000                  0.0000000000000000E+000                  1.8248842994576114E+003                  1.4779251709025913E+004                  4.1696524457727584E+000                 -1.6359838229662163E+001                  4.9999999999999994E-001                  0.0000000000000000E+000                  0.0000000000000000E+000 
                                     685                  1.9031842770986460E+000                 -1.0645749058412932E+000                  8.2364338148783922E+000                  3.1207952596064499E+000                  1.9126619558284624E+001                  0.0000000000000000E+000                  1.0578702712949070E-001                  8.9421297287050927E-001                  8.6183691877629282E-002                 -9.9556847016131821E-012                  0.0000000000000000E+000                  0.0000000000000000E+000                  1.6806711860037672E+003                  1.4778360114501067E+004                  4.1696262451050812E+000                 -1.6433684708942295E+001                  5.0000000000000000E-001                  0.0000000000000000E+000                  0.0000000000000000E+000 
                                     686                  1.9030558085891036E+000                 -1.0646059219288779E+000                  8.2364510737059167E+000                  3.1213156130013822E+000                  1.9126748469843427E+001                  0.0000000000000000E+000                  1.0283112919639446E-001                  8.9716887080360552E-001                  8.6177537101095478E-002                 -9.9621662467663801E-012                  7.8015398646662616E-022                  0.0000000000000000E+000                  1.5488129553878259E+003                  1.4777485995338589E+004                  4.1696005564391241E+000                 -1.6376009146858969E+001                  4.9999999999999994E-001                  0.0000000000000000E+000                  0.0000000000000000E+000 
                                     687                  1.9029273400795594E+000                 -1.0646369075112780E+000                  8.2364683355961681E+000                  3.1218221398931201E+000                  1.9126877371226538E+001                  0.0000000000000000E+000                  9.9981316741153112E-002                  9.0001868325884693E-001                  8.6171388816848452E-002                 -9.9684878667201426E-012                  0.0000000000000000E+000                  0.0000000000000000E+000                  1.4282147025243471E+003                  1.4776628317261113E+004                  4.1695753494677730E+000                 -1.6403919551510100E+001                  4.9999999999999994E-001                  0.0000000000000000E+000                  0.0000000000000000E+000 
                                     688                  1.9027988715700155E+000                 -1.0646678635976023E+000                  8.2364856004885141E+000                  3.1223152894093325E+000                  1.9127006262402187E+001                  0.0000000000000000E+000                  9.7233951548124892E-002                  9.0276604845187514E-001                  8.6165246823351208E-002                 -9.9746545322775834E-012                  0.0000000000000000E+000                  0.0000000000000000E+000                  1.3178791410259219E+003                  1.4775786121238079E+004                  4.1695505960868706E+000                 -1.6351833756095065E+001                  4.9999999999999994E-001                  0.0000000000000000E+000                  0.0000000000000000E+000 
                                     689                  1.9026704030604713E+000                 -1.0646987911623713E+000                  8.2365028683242727E+000                  3.1227954996297527E+000                  1.9127135143339924E+001                  0.0000000000000000E+000                  9.4585498578514435E-002                  9.0541450142148561E-001                  8.6159110925987353E-002                 -9.9806711026287400E-012                  0.0000000000000000E+000                  0.0000000000000000E+000                  1.2168981044907180E+003                  1.4774958515650800E+004                  4.1695262701658651E+000                 -1.6408262357047374E+001                  5.0000000000000011E-001                  0.0000000000000000E+000                  0.0000000000000000E+000 
                                     690                  1.9025419345509271E+000                 -1.0647296911464859E+000                  8.2365201390466769E+000                  3.1232631975041318E+000                  1.9127264014009789E+001                  0.0000000000000000E+000                  9.2032525327806980E-002                  9.0796747467219308E-001                  8.6152980936865978E-002                 -9.9865423609057949E-012                  5.6725231899310793E-022                  0.0000000000000000E+000                  1.1244447371262722E+003                  1.4774144676407770E+004                  4.1695023475520250E+000                 -1.6362256918658801E+001                  4.9999999999999994E-001                  0.0000000000000000E+000                  0.0000000000000000E+000 
                                     691                  1.9024134660413847E+000                 -1.0647605644582285E+000                  8.2365374126008195E+000                  3.1237187988183299E+000                  1.9127392874383759E+001                  0.0000000000000000E+000                  8.9571700889882352E-002                  9.1042829911011769E-001                  8.6146856674620881E-002                 -9.9922729577595175E-012                  0.0000000000000000E+000                  0.0000000000000000E+000                  1.0397663272230407E+003                  1.4773343833240764E+004                  4.1694788056683709E+000                 -1.6434409625529966E+001                  5.0000000000000000E-001                  0.0000000000000000E+000                  0.0000000000000000E+000 
                                     692                  1.9022849975318405E+000                 -1.0647914119742286E+000                  8.2365546889336141E+000                  3.1241627082012875E+000                  1.9127521724434263E+001                  0.0000000000000000E+000                  8.7199794768499733E-002                  9.1280020523150029E-001                  8.6140737964216493E-002                 -9.9978674465887906E-012                  0.0000000000000000E+000                  0.0000000000000000E+000                  9.6217773829168868E+002                  1.4772555272589196E+004                  4.1694556235991111E+000                 -1.6439433355658526E+001                  5.0000000000000000E-001                  0.0000000000000000E+000                  0.0000000000000000E+000 
                                     693                  1.9021565290222966E+000                 -1.0648222345404215E+000                  8.2365719679937435E+000                  3.1245953191676112E+000                  1.9127650564135376E+001                  0.0000000000000000E+000                  8.4913675472247915E-002                  9.1508632452775207E-001                  8.6134624636755280E-002                 -1.0003330254950019E-011                  0.0000000000000000E+000                  0.0000000000000000E+000                  8.9105539444543194E+002                  1.4771778327688146E+004                  4.1694327817988590E+000                 -1.6357694749363748E+001                  4.9999999999999994E-001                  0.0000000000000000E+000                  0.0000000000000000E+000 
                                     694                  1.9020280605127542E+000                 -1.0648530329729911E+000                  8.2365892497316189E+000                  3.1250170141949134E+000                  1.9127779393461534E+001                  0.0000000000000000E+000                  8.2710308922966297E-002                  9.1728969107703373E-001                  8.6128516529288698E-002                 -1.0008665707138132E-011                  0.0000000000000000E+000                  0.0000000000000000E+000                  8.2583177859097543E+002                  1.4771012379192063E+004                  4.1694102621114908E+000                 -1.6360213842415014E+001                  5.0000000000000011E-001                  0.0000000000000000E+000                  0.0000000000000000E+000 
                                     695                  1.9018995920032100E+000                 -1.0648838080593070E+000                  8.2366065340993284E+000                  3.1254281648259106E+000                  1.9127908212388341E+001                  0.0000000000000000E+000                  8.0586756716874042E-002                  9.1941324328312590E-001                  8.6122413484629082E-002                 -1.0013878003768721E-011                  0.0000000000000000E+000                  0.0000000000000000E+000                  7.6599040446731738E+002                  1.4770256847190500E+004                  4.1693880475358922E+000                 -1.6437047251895063E+001                  5.0000000000000011E-001                  0.0000000000000000E+000                  0.0000000000000000E+000 
                                     696                  1.9017711234936658E+000                 -1.0649145605588286E+000                  8.2366238210505909E+000                  3.1258291317974685E+000                  1.9128037020892442E+001                  0.0000000000000000E+000                  7.8540174253153780E-002                  9.2145982574684626E-001                  8.6116315351168232E-002                 -1.0018971236384276E-011                  0.0000000000000000E+000                  0.0000000000000000E+000                  7.1106122512066236E+002                  1.4769511191352367E+004                  4.1693661222306195E+000                 -1.6497363176024006E+001                  5.0000000000000011E-001                  0.0000000000000000E+000                  0.0000000000000000E+000 
                                     697                  1.9016426549841217E+000                 -1.0649452912040052E+000                  8.2366411105407096E+000                  3.1262202651887372E+000                  1.9128165818951199E+001                  0.0000000000000000E+000                  7.6567808761296471E-002                  9.2343219123870357E-001                  8.6110221982696925E-002                 -1.0023949386551383E-011                  0.0000000000000000E+000                  0.0000000000000000E+000                  6.6061644322913241E+002                  1.4768774906860805E+004                  4.1693444713947656E+000                 -1.6561819604575433E+001                  5.0000000000000000E-001                  0.0000000000000000E+000                  0.0000000000000000E+000 
                                     698                  1.9015141864745777E+000                 -1.0649760007011426E+000                  8.2366584025265315E+000                  3.1266019045866051E+000                  1.9128294606542912E+001                  0.0000000000000000E+000                  7.4666997249789535E-002                  9.2533300275021046E-001                  8.6104133238231087E-002                 -1.0028816318721343E-011                  0.0000000000000000E+000                  0.0000000000000000E+000                  6.1426669069764785E+002                  1.4768047520685699E+004                  4.1693230811587032E+000                 -1.6520275568504836E+001                  4.9999999999999994E-001                  0.0000000000000000E+000                  0.0000000000000000E+000 
                                     699                  1.9013857179650353E+000                 -1.0650066897312611E+000                  8.2366756969663903E+000                  3.1269743792674412E+000                  1.9128423383646709E+001                  0.0000000000000000E+000                  7.2835164387082721E-002                  9.2716483561291729E-001                  8.6098048981839828E-002                 -1.0033575790067756E-011                  0.0000000000000000E+000                  0.0000000000000000E+000                  5.7165754689146945E+002                  1.4767328590811032E+004                  4.1693019385616816E+000                 -1.6567035564162545E+001                  5.0000000000000000E-001                  0.0000000000000000E+000                  0.0000000000000000E+000 
                                     700                  1.9012572494554911E+000                 -1.0650373589509257E+000                  8.2366929938200748E+000                  3.1273380083890814E+000                  1.9128552150242317E+001                  0.0000000000000000E+000                  7.1069820339784082E-002                  9.2893017966021596E-001                  8.6091969082478972E-002                 -1.0038231448865158E-011                  0.0000000000000000E+000                  0.0000000000000000E+000                  5.3246636741738166E+002                  1.4766617702966038E+004                  4.1692810314559852E+000                 -1.6533443975642196E+001                  5.0000000000000011E-001                  0.0000000000000000E+000                  0.0000000000000000E+000 
                                     701                  1.9011287809459469E+000                 -1.0650680089930580E+000                  8.2367102930487714E+000                  3.1276931011946179E+000                  1.9128680906310773E+001                  0.0000000000000000E+000                  6.9368558579351342E-002                  9.3063144142064869E-001                  8.6085893413828482E-002                 -1.0042786834742429E-011                  0.0000000000000000E+000                  0.0000000000000000E+000                  4.9639939709384191E+002                  1.4765914468498584E+004                  4.1692603484446549E+000                 -1.6556791177957450E+001                  4.9999999999999994E-001                  0.0000000000000000E+000                  0.0000000000000000E+000 
                                     702                  1.9010003124364050E+000                 -1.0650986404677345E+000                  8.2367275946151537E+000                  3.1280399572218611E+000                  1.9128809651832793E+001                  0.0000000000000000E+000                  6.7729053669026637E-002                  9.3227094633097340E-001                  8.6079821854132293E-002                 -1.0047245384943962E-011                  0.0000000000000000E+000                  0.0000000000000000E+000                  4.6318914276532581E+002                  1.4765218523730933E+004                  4.1692398788627782E+000                 -1.6422047452000388E+001                  5.0000000000000000E-001                  0.0000000000000000E+000                  0.0000000000000000E+000 
                                     703                  1.9008718439268606E+000                 -1.0651292539629433E+000                  8.2367448984833374E+000                  3.1283788665212779E+000                  1.9128938386791123E+001                  0.0000000000000000E+000                  6.6149059044583000E-002                  9.3385094095541699E-001                  8.6073754286046814E-002                 -1.0051610430513220E-011                  0.0000000000000000E+000                  0.0000000000000000E+000                  4.3259198355769985E+002                  1.4764529526597811E+004                  4.1692196126788268E+000                 -1.6517945003606368E+001                  5.0000000000000000E-001                  0.0000000000000000E+000                  0.0000000000000000E+000 
                                     704                  1.9007433754173164E+000                 -1.0651598500453408E+000                  8.2367622046185858E+000                  3.1287101098773018E+000                  1.9129067111168379E+001                  0.0000000000000000E+000                  6.4626404798232215E-002                  9.3537359520176777E-001                  8.6067690596489499E-002                 -1.0055885200657638E-011                  0.0000000000000000E+000                  0.0000000000000000E+000                  4.0438599784316631E+002                  1.4763847156120763E+004                  4.1691995404793936E+000                 -1.6584325155204215E+001                  5.0000000000000000E-001                  0.0000000000000000E+000                  0.0000000000000000E+000 
                                     705                  1.9006149069077722E+000                 -1.0651904292609748E+000                  8.2367795129872672E+000                  3.1290339590320415E+000                  1.9129195824947629E+001                  0.0000000000000000E+000                  6.3158995473456728E-002                  9.3684100452654329E-001                  8.6061630676493611E-002                 -1.0060072825642205E-011                  0.0000000000000000E+000                  0.0000000000000000E+000                  3.7836898785817527E+002                  1.4763171110313699E+004                  4.1691796534077685E+000                 -1.6499358717141121E+001                  5.0000000000000011E-001                  0.0000000000000000E+000                  0.0000000000000000E+000 
                                     706                  1.9004864383982281E+000                 -1.0652209921359905E+000                  8.2367968235569595E+000                  3.1293506769126118E+000                  1.9129324528113358E+001                  0.0000000000000000E+000                  6.1744807878603702E-002                  9.3825519212139630E-001                  8.6055574421067316E-002                 -1.0064176340875611E-011                  0.0000000000000000E+000                  0.0000000000000000E+000                  3.5435668447781455E+002                  1.4762501106307451E+004                  4.1691599431677657E+000                 -1.6372636909124573E+001                  5.0000000000000000E-001                  0.0000000000000000E+000                  0.0000000000000000E+000 
                                     707                  1.9003579698886861E+000                 -1.0652515391773107E+000                  8.2368141362963936E+000                  3.1296605178575421E+000                  1.9129453220649630E+001                  0.0000000000000000E+000                  6.0381888926965242E-002                  9.3961811107303472E-001                  8.6049521729057124E-002                 -1.0068198685338360E-011                  0.0000000000000000E+000                  0.0000000000000000E+000                  3.3218111609469429E+002                  1.4761836877723157E+004                  4.1691404019466152E+000                 -1.6601711575095838E+001                  4.9999999999999994E-001                  0.0000000000000000E+000                  0.0000000000000000E+000 
                                     708                  1.9002295013791417E+000                 -1.0652820708733159E+000                  8.2368401083559295E+000                  3.1301153543760529E+000                  1.9129646229193906E+001                  0.0000000000000000E+000                  5.8411498011963672E-002                  9.4158850198803634E-001                  8.6043472503012031E-002                 -1.0072142792909409E-011                  0.0000000000000000E+000                  0.0000000000000000E+000                  3.0175412883956938E+002                  1.4761178172741009E+004                  4.1691210223582837E+000                 -1.6136045154401618E+001                  5.0000000000000011E-001                  0.0000000000000000E+000                  0.0000000000000000E+000 
                                     709                  1.8999725643600578E+000                 -1.0653430896381133E+000                  8.2368747465454408E+000                  3.1306966598564876E+000                  1.9129903550325025E+001                  0.0000000000000000E+000                  5.5971185550196534E-002                  9.4402881444980347E-001                  8.6031384167070693E-002                 -1.0079808294826496E-011                  0.0000000000000000E+000                  0.0000000000000000E+000                  2.6668926197771896E+002                  1.4759876596775039E+004                  4.1690827264867725E+000                 -1.6283257585750047E+001                  5.0000000000000011E-001                  0.0000000000000000E+000                  0.0000000000000000E+000 
                                     710                  1.8997156273409732E+000                 -1.0654040524624149E+000                  8.2369007316967959E+000                  3.1311151259765500E+000                  1.9130096523386584E+001                  0.0000000000000000E+000                  5.4270912343644652E-002                  9.4572908765635533E-001                  8.6019308609385170E-002                 -1.0087192003740335E-011                  0.0000000000000000E+000                  0.0000000000000000E+000                  2.4391779904226797E+002                  1.4758594448112561E+004                  4.1690449989168998E+000                 -1.6699109254867256E+001                  5.0000000000000000E-001                  0.0000000000000000E+000                  0.0000000000000000E+000 
                                     711                  1.8995871588314288E+000                 -1.0654345141357326E+000                  8.2369180570200538E+000                  3.1313885920614086E+000                  1.9130225151857047E+001                  0.0000000000000000E+000                  5.3178261930755776E-002                  9.4682173806924419E-001                  8.6013275375497106E-002                 -1.0090783920025750E-011                  0.0000000000000000E+000                  0.0000000000000000E+000                  2.2997829255573282E+002                  1.4757960093664316E+004                  4.1690263316543570E+000                 -1.6446483673154209E+001                  4.9999999999999983E-001                  0.0000000000000000E+000                  0.0000000000000000E+000 
                                     712                  1.8994586903218846E+000                 -1.0654649630391084E+000                  8.2369353843780768E+000                  3.1316567398673287E+000                  1.9130353769607066E+001                  0.0000000000000000E+000                  5.2124997042661922E-002                  9.4787500295733806E-001                  8.6007245093715351E-002                 -1.0094312839621362E-011                  0.0000000000000000E+000                  0.0000000000000000E+000                  2.1704718351846890E+002                  1.4757330037122108E+004                  4.1690077900727980E+000                 -1.6500744087869435E+001                  5.0000000000000000E-001                  0.0000000000000000E+000                  0.0000000000000000E+000 
                                     713                  1.8993302218123407E+000                 -1.0654953995479710E+000                  8.2369613781689548E+000                  3.1320512796688127E+000                  1.9130546665854240E+001                  0.0000000000000000E+000                  5.0601935278124364E-002                  9.4939806472187560E-001                  8.6001217689133991E-002                 -1.0097780992909945E-011                  0.0000000000000000E+000                  0.0000000000000000E+000                  1.9920458044897848E+002                  1.4756704113340622E+004                  4.1689893693280737E+000                 -1.6104354440881636E+001                  5.0000000000000000E-001                  0.0000000000000000E+000                  0.0000000000000000E+000 
                                     714                  1.8990732847932559E+000                 -1.0655562364653273E+000                  8.2369960447906720E+000                  3.1325579348024459E+000                  1.9130803836900554E+001                  0.0000000000000000E+000                  4.8714557201555972E-002                  9.5128544279844407E-001                  8.5989171294924990E-002                 -1.0104544555796228E-011                  0.0000000000000000E+000                  0.0000000000000000E+000                  1.7847514145108420E+002                  1.4755464181478672E+004                  4.1689528762069639E+000                 -1.6214678423039743E+001                  4.9999999999999994E-001                  0.0000000000000000E+000                  0.0000000000000000E+000 
                                     715                  1.8988163477741717E+000                 -1.0656170279832389E+000                  8.2370307191151522E+000                  3.1330465939287824E+000                  1.9131060964873679E+001                  0.0000000000000000E+000                  4.6959977535565044E-002                  9.5304002246443498E-001                  8.5977135575795602E-002                 -1.0111089943195727E-011                  0.0000000000000000E+000                  0.0000000000000000E+000                  1.6052858903464096E+002                  1.4754239006183161E+004                  4.1689168143823414E+000                 -1.6250182827743647E+001                  5.0000000000000000E-001                  0.0000000000000000E+000                  0.0000000000000000E+000 
                                     716                  1.8985594107550869E+000                 -1.0656777766342813E+000                  8.2370567307663798E+000                  3.1334005692207230E+000                  1.9131253792758979E+001                  0.0000000000000000E+000                  4.5736341280350812E-002                  9.5426365871964913E-001                  8.5965110026432492E-002                 -1.0117432700383176E-011                  0.0000000000000000E+000                  0.0000000000000000E+000                  1.4874873720137484E+002                  1.4753027558003712E+004                  4.1688811536573063E+000                 -1.6819648426336901E+001                  5.0000000000000000E-001                  0.0000000000000000E+000                  0.0000000000000000E+000 
                                     717                  1.8984309422455445E+000                 -1.0657081357649725E+000                  8.2370740735463528E+000                  3.1336326065445106E+000                  1.9131382324369799E+001                  0.0000000000000000E+000                  4.4949600798688018E-002                  9.5505039920131196E-001                  8.5959100890001389E-002                 -1.0120532247004207E-011                  0.0000000000000000E+000                  0.0000000000000000E+000                  1.4148338711957845E+002                  1.4752426638085628E+004                  4.1688634636259785E+000                 -1.6589973861461949E+001                  5.0000000000000011E-001                  0.0000000000000000E+000                  0.0000000000000000E+000 
                                     718                  1.8983024737360004E+000                 -1.0657384850424989E+000                  8.2371000902061482E+000                  3.1339749600506552E+000                  1.9131575091315153E+001                  0.0000000000000000E+000                  4.3811381931842024E-002                  9.5618861806815802E-001                  8.5953094123703486E-002                 -1.0123586565593027E-011                  0.0000000000000000E+000                  0.0000000000000000E+000                  1.3139101079406100E+002                  1.4751828812913946E+004                  4.1688458639835355E+000                 -1.6224568655880152E+001                  5.0000000000000000E-001                  0.0000000000000000E+000                  0.0000000000000000E+000 
                                     719                  1.8980455367169156E+000                 -1.0657991548372072E+000                  8.2371347866563500E+000                  3.1344170782827709E+000                  1.9131832089650178E+001                  0.0000000000000000E+000                  4.2399322823051387E-002                  9.5760067717694863E-001                  8.5941087541613712E-002                 -1.0129566723423393E-011                  0.0000000000000000E+000                  0.0000000000000000E+000                  1.1955154091023891E+002                  1.4750642145130456E+004                  4.1688109270271543E+000                 -1.6213021063975468E+001                  5.0000000000000011E-001                  0.0000000000000000E+000                  0.0000000000000000E+000 
                                     720                  1.8977885996978314E+000                 -1.0658597882986656E+000                  8.2371694901978785E+000                  3.1348464859985401E+000                  1.9132089044649973E+001                  0.0000000000000000E+000                  4.1080687372720671E-002                  9.5891931262727936E-001                  8.5929089825556360E-002                 -1.0135388314996853E-011                  0.0000000000000000E+000                  0.0000000000000000E+000                  1.0915397890979089E+002                  1.4749466706093732E+004                  4.1687763178878932E+000                 -1.6349847088368172E+001                  4.9999999999999994E-001                  0.0000000000000000E+000                  0.0000000000000000E+000 
                                     721                  1.8975316626787464E+000                 -1.0659203872073220E+000                  8.2372042007013295E+000                  3.1352623594821969E+000                  1.9132345956261251E+001                  0.0000000000000000E+000                  3.9861065680846117E-002                  9.6013893431915387E-001                  8.5917100620057793E-002                 -1.0141056059947300E-011                  0.0000000000000000E+000                  0.0000000000000000E+000                  1.0009076164653561E+002                  1.4748301848367384E+004                  4.1687420175792385E+000                 -1.6263171823120707E+001                  4.9999999999999994E-001                  0.0000000000000000E+000                  0.0000000000000000E+000 
                                     722                  1.8972747256596625E+000                 -1.0659809534562483E+000                  8.2372389180466836E+000                  3.1356673921389446E+000                  1.9132602824434827E+001                  0.0000000000000000E+000                  3.8720944207754578E-002                  9.6127905579224537E-001                  8.5905119547566064E-002                 -1.0146580797461889E-011                  0.0000000000000000E+000                  0.0000000000000000E+000                  9.2083984833479121E+001                  1.4747146897277446E+004                  4.1687080063058515E+000                 -1.6477691750046166E+001                  5.0000000000000000E-001                  0.0000000000000000E+000                  0.0000000000000000E+000 
                                     723                  1.8970177886405775E+000                 -1.0660414885607594E+000                  8.2372910031297319E+000                  3.1362590099713019E+000                  1.9132988004539961E+001                  0.0000000000000000E+000                  3.7126950650260240E-002                  9.6287304934973972E-001                  8.5893146305451806E-002                 -1.0151979712639926E-011                  0.0000000000000000E+000                  0.0000000000000000E+000                  8.1616986233069355E+001                  1.4746001321201806E+004                  4.1686742684786910E+000                 -1.5936546862356963E+001                  5.0000000000000000E-001                  0.0000000000000000E+000                  0.0000000000000000E+000 
                                     724                  1.8965039146024023E+000                 -1.0661624697750935E+000                  8.2373517939627057E+000                  3.1369162243802826E+000                  1.9133437328569531E+001                  0.0000000000000000E+000                  3.5509035746573971E-002                  9.6449096425342606E-001                  8.5869222423526959E-002                 -1.0162430641695531E-011                  0.0000000000000000E+000                  0.0000000000000000E+000                  7.1849524958990585E+001                  1.4743736791867826E+004                  4.1686075691684419E+000                 -1.6231823785954081E+001                  5.0000000000000000E-001                  0.0000000000000000E+000                  0.0000000000000000E+000 
                                     725                  1.8961185090737749E+000                 -1.0662531347327711E+000                  8.2374126004908099E+000                  3.1375517012192051E+000                  1.9133886471744912E+001                  0.0000000000000000E+000                  3.4049139217435007E-002                  9.6595086078256498E-001                  8.5851297911127278E-002                 -1.0169992491428353E-011                  0.0000000000000000E+000                  0.0000000000000000E+000                  6.3734778290110206E+001                  1.4742059273636909E+004                  4.1685581530421043E+000                 -1.6183243578744836E+001                  4.9999999999999994E-001                  0.0000000000000000E+000                  0.0000000000000000E+000 
                                     726                  1.8956046350355995E+000                 -1.0663739327795014E+000                  8.2374647408762733E+000                  3.1380748232834259E+000                  1.9134271405909697E+001                  0.0000000000000000E+000                  3.2955427482024312E-002                  9.6704457251797571E-001                  8.5827421883746285E-002                 -1.0179758621452157E-011                  0.0000000000000000E+000                  0.0000000000000000E+000                  5.8085505174667347E+001                  1.4739848400537319E+004                  4.1684930168236649E+000                 -1.6480929094902088E+001                  5.0000000000000000E-001                  0.0000000000000000E+000                  0.0000000000000000E+000 
                                     727                  1.8953476980165156E+000                 -1.0664342968540577E+000                  8.2375168884937917E+000                  3.1385882065337798E+000                  1.9134656160846131E+001                  0.0000000000000000E+000                  3.1931601301878325E-002                  9.6806839869812167E-001                  8.5815493266020046E-002                 -1.0184518576375675E-011                  6.3043928281991743E-023                  0.0000000000000000E+000                  5.3107788111381105E+001                  1.4738752975196025E+004                  4.1684607400426046E+000                 -1.6137066875266729E+001                  5.0000000000000000E-001                  0.0000000000000000E+000                  0.0000000000000000E+000 
                                     728                  1.8948338239783389E+000                 -1.0665549577893374E+000                  8.2375690565828901E+000                  3.1390845706628259E+000                  1.9135040898183291E+001                  0.0000000000000000E+000                  3.1032092879938331E-002                  9.6896790712006164E-001                  8.5791654281582738E-002                 -1.0193827479706707E-011                  0.0000000000000000E+000                  0.0000000000000000E+000                  4.8989663616148441E+001                  1.4736581292308516E+004                  4.1683967441681125E+000                 -1.6326541718965895E+001                  5.0000000000000000E-001                  0.0000000000000000E+000                  0.0000000000000000E+000 
                                     729                  1.8945768869592547E+000                 -1.0666152570208409E+000                  8.2376212316565649E+000                  3.1395732163293961E+000                  1.9135425456306404E+001                  0.0000000000000000E+000                  3.0187553987034130E-002                  9.6981244601296590E-001                  8.5779743442457229E-002                 -1.0198384309228890E-011                  0.0000000000000000E+000                  0.0000000000000000E+000                  4.5322576065074600E+001                  1.4735504177825684E+004                  4.1683649999010193E+000                 -1.5979094274279275E+001                  4.9999999999999994E-001                  0.0000000000000000E+000                  0.0000000000000000E+000 
                                     730                  1.8940630129210796E+000                 -1.0667357951297991E+000                  8.2377256156083636E+000                  3.1405233831986683E+000                  1.9136194196581744E+001                  0.0000000000000000E+000                  2.8693477618548548E-002                  9.7130652238145143E-001                  8.5755938642412294E-002                 -1.0207331039270159E-011                  0.0000000000000000E+000                  0.0000000000000000E+000                  3.9304746943599113E+001                  1.4733366718025829E+004                  4.1683019987089294E+000                 -1.6269789388184304E+001                  5.0000000000000000E-001                  0.0000000000000000E+000                  0.0000000000000000E+000 
                                     731                  1.8930352648447466E+000                 -1.0669766449058906E+000                  8.2378387825290247E+000                  3.1415068991673367E+000                  1.9137026858514872E+001                  0.0000000000000000E+000                  2.7407765115218610E-002                  9.7259223488478141E-001                  8.5708393547231546E-002                 -1.0224671744738933E-011                  0.0000000000000000E+000                  0.0000000000000000E+000                  3.4613456876877848E+001                  1.4729153628779424E+004                  4.1681777919946077E+000                 -1.5767228264243141E+001                  5.0000000000000000E-001                  0.0000000000000000E+000                  0.0000000000000000E+000 
                                     732                  1.8923929222970337E+000                 -1.0671270386059040E+000                  8.2379258674668989E+000                  3.1422444239259333E+000                  1.9137666951685052E+001                  0.0000000000000000E+000                  2.6553690247141774E-002                  9.7344630975285817E-001                  8.5678718358263531E-002                 -1.0235185055636494E-011                  0.0000000000000000E+000                  0.0000000000000000E+000                  3.1728108041501216E+001                  1.4726556270100520E+004                  4.1681012011707192E+000                 -1.6122050819455367E+001                  5.0000000000000000E-001                  0.0000000000000000E+000                  0.0000000000000000E+000 
                                     733                  1.8917505797493199E+000                 -1.0672773331279510E+000                  8.2380260546650490E+000                  3.1430746041959625E+000                  1.9138402662021839E+001                  0.0000000000000000E+000                  2.5698891763800837E-002                  9.7430110823619920E-001                  8.5649073003173815E-002                 -1.0245492402868419E-011                  0.0000000000000000E+000                  0.0000000000000000E+000                  2.9022778779236461E+001                  1.4723984030707241E+004                  4.1680253377491274E+000                 -1.6198665593141140E+001                  5.0000000000000011E-001                  0.0000000000000000E+000                  0.0000000000000000E+000 
                                     734                  1.8909155344372977E+000                 -1.0674725757430386E+000                  8.2381393711388107E+000                  3.1439923128182321E+000                  1.9139233962584541E+001                  0.0000000000000000E+000                  2.4879974524130613E-002                  9.7512002547586940E-001                  8.5610577025489659E-002                 -1.0258645267754513E-011                  0.0000000000000000E+000                  0.0000000000000000E+000                  2.6603744984489481E+001                  1.4720674560808680E+004                  4.1679277115860280E+000                 -1.6257178272084975E+001                  4.9999999999999994E-001                  0.0000000000000000E+000                  0.0000000000000000E+000 
                                     735                  1.8900804891252754E+000                 -1.0676676690683966E+000                  8.2382483867327956E+000                  3.1448619939029223E+000                  1.9140032873173244E+001                  0.0000000000000000E+000                  2.4181253183488443E-002                  9.7581874681651160E-001                  8.5572127765884062E-002                 -1.0271591950232131E-011                  4.3706177910655991E-024                  0.0000000000000000E+000                  2.4662229246241168E+001                  1.4717400262777188E+004                  4.1678311013571614E+000                 -1.6016220548684483E+001                  5.0000000000000011E-001                  0.0000000000000000E+000                  0.0000000000000000E+000 
                                     736                  1.8893096780680199E+000                 -1.0678476279175404E+000                  8.2383530912819349E+000                  3.1456850969466412E+000                  1.9140799403568213E+001                  0.0000000000000000E+000                  2.3592777815939350E-002                  9.7640722218406062E-001                  8.5536676540570525E-002                 -1.0283396669874546E-011                  0.0000000000000000E+000                  0.0000000000000000E+000                  2.3117700112326826E+001                  1.4714406939436996E+004                  4.1677427626557870E+000                 -1.5967509503629071E+001                  5.0000000000000000E-001                  0.0000000000000000E+000                  0.0000000000000000E+000 
                                     737                  1.8885388670107630E+000                 -1.0680274693713192E+000                  8.2385233044369919E+000                  3.1470139451481431E+000                  1.9142043687206094E+001                  0.0000000000000000E+000                  2.2691344715493781E-002                  9.7730865528450617E-001                  8.5501263114242290E-002                 -1.0295098946195101E-011                  0.0000000000000000E+000                  0.0000000000000000E+000                  2.0878022356351121E+001                  1.4711439522655324E+004                  4.1676551707668112E+000                 -1.5459371099614275E+001                  5.0000000000000000E-001                  0.0000000000000000E+000                  0.0000000000000000E+000 
                                     738                  1.8868045421319515E+000                 -1.0684316909145990E+000                  8.2387002779818221E+000                  3.1483653604738238E+000                  1.9143335678328498E+001                  0.0000000000000000E+000                  2.1945657482423102E-002                  9.7805434251757695E-001                  8.5421719452411157E-002                 -1.0321112743772363E-011                  0.0000000000000000E+000                  0.0000000000000000E+000                  1.9180112109821312E+001                  1.4704854643383134E+004                  4.1674607358890841E+000                 -1.5804009434566170E+001                  5.0000000000000000E-001                  0.0000000000000000E+000                  0.0000000000000000E+000 
                                     739                  1.8859373796925383E+000                 -1.0686335960386057E+000                  8.2388183154487766E+000                  3.1492688185601359E+000                  1.9144196077809976E+001                  0.0000000000000000E+000                  2.1437767367476757E-002                  9.7856223263252329E-001                  8.5382015806424238E-002                 -1.0334011481241127E-011                  0.0000000000000000E+000                  0.0000000000000000E+000                  1.8063993892855798E+001                  1.4701604222787399E+004                  4.1673647270672971E+000                 -1.6062508013047704E+001                  4.9999999999999989E-001                  0.0000000000000000E+000                  0.0000000000000000E+000 
                                     740                  1.8850702172531251E+000                 -1.0688353626918801E+000                  8.2390151350648964E+000                  3.1508419866605579E+000                  1.9145628297975946E+001                  0.0000000000000000E+000                  2.0169263018817767E-002                  9.7983073698118228E-001                  8.5342357825128404E-002                 -1.0347169058258231E-011                  0.0000000000000000E+000                  0.0000000000000000E+000                  1.5308447445453517E+001                  1.4698382041882898E+004                  4.1672695314179160E+000                 -1.5734615014819003E+001                  5.0000000000000000E-001                  0.0000000000000000E+000                  0.0000000000000000E+000 
                                     741                  1.8830468382278431E+000                 -1.0693055390268293E+000                  8.2394289472926694E+000                  3.1537990926059192E+000                  1.9148630400680190E+001                  0.0000000000000000E+000                  1.9591086009669835E-002                  9.8040891399033014E-001                  8.5250014390147580E-002                 -1.0377043862316800E-011                  0.0000000000000000E+000                  0.0000000000000000E+000                  1.4530180006591022E+001                  1.4691000391140949E+004                  4.1670513703007659E+000                 -1.5458369295576267E+001                  4.9999999999999994E-001                  0.0000000000000000E+000                  0.0000000000000000E+000 
                                     742                  1.8790000801772817E+000                 -1.0702440646614009E+000                  8.2400501050347827E+000                  3.1582283907574373E+000                  1.9153116046872587E+001                  0.0000000000000000E+000                  1.8557902662902828E-002                  9.8144209733709720E-001                  8.5065985032317007E-002                 -1.0433951457804550E-011                  0.0000000000000000E+000                  0.0000000000000000E+000                  1.3017035356923440E+001                  1.4676538062908196E+004                  4.1666236252335702E+000                 -1.5076861971162382E+001                  4.9999999999999994E-001                  0.0000000000000000E+000                  0.0000000000000000E+000 
                                     743                  1.8739576911777698E+000                 -1.0714100748324122E+000                  8.2406027990039821E+000                  3.1621678137007105E+000                  1.9157087789039419E+001                  0.0000000000000000E+000                  1.7535634122117633E-002                  9.8246436587788233E-001                  8.4837902992614803E-002                 -1.0504715054308516E-011                  0.0000000000000000E+000                  0.0000000000000000E+000                  1.1507507917045189E+001                  1.4659085537526644E+004                  4.1661068790095284E+000                 -1.5735536301969049E+001                  4.9999999999999994E-001                  0.0000000000000000E+000                  0.0000000000000000E+000 
                                     744                  1.8709386812035425E+000                 -1.0721063570613949E+000                  8.2410590833845792E+000                  3.1654347038412651E+000                  1.9160350006497222E+001                  0.0000000000000000E+000                  1.6508354470170832E-002                  9.8349164552982915E-001                  8.4701995678360065E-002                 -1.0547137500855531E-011                  0.0000000000000000E+000                  0.0000000000000000E+000                  9.9792144668086866E+000                  1.4648939699125971E+004                  4.1658061912782927E+000                 -1.5540316549261528E+001                  5.0000000000000000E-001                  0.0000000000000000E+000                  0.0000000000000000E+000 
                                     745                  1.8673130143786993E+000                 -1.0729406863712905E+000                  8.2415581175827963E+000                  3.1689420704613300E+000                  1.9163902589484476E+001                  0.0000000000000000E+000                  1.5631935065084087E-002                  9.8436806493491591E-001                  8.4539429672947822E-002                 -1.0597785498116990E-011                  0.0000000000000000E+000                  0.0000000000000000E+000                  8.8351950204033773E+000                  1.4637074700676239E+004                  4.1654542892703175E+000                 -1.5345253798034570E+001                  5.0000000000000000E-001                  0.0000000000000000E+000                  0.0000000000000000E+000 
                                     746                  1.8636873475538565E+000                 -1.0737730828328296E+000                  8.2420582033318812E+000                  3.1723974496116596E+000                  1.9167446489939795E+001                  0.0000000000000000E+000                  1.4960576888656953E-002                  9.8503942311134307E-001                  8.4377551201094927E-002                 -1.0647633837313567E-011                  0.0000000000000000E+000                  0.0000000000000000E+000                  8.0745781477874630E+000                  1.4625522534459335E+004                  4.1651113913202584E+000                 -1.5036400704315698E+001                  5.0000000000000000E-001                  0.0000000000000000E+000                  0.0000000000000000E+000 
                                     747                  1.8600616807290133E+000                 -1.0746036395187084E+000                  8.2425593310341636E+000                  3.1758366251996648E+000                  1.9170981726401017E+001                  2.2568623715272986E-041                  1.4307182769114331E-002                  9.8569281723088564E-001                  8.4216339458552766E-002                 -1.0696937436064968E-011                  1.3168800814693479E-076                  3.5188793698904963E-023                  7.3622416503803914E+000                  1.4614251707053461E+004                  4.1647765830997265E+000                 -1.5585985474964339E+001                  5.0000000000000000E-001                  0.0000000000000000E+000                  0.0000000000000000E+000 
                                     748                  1.8564360139041700E+000                 -1.0754323809532684E+000                  8.2433465885179427E+000                  3.1811855135430287E+000                  1.9176499587144324E+001                  0.0000000000000000E+000                  1.3333008661611167E-002                  9.8666699133838887E-001                  8.4055787060328485E-002                 -1.0745885150992770E-011                  0.0000000000000000E+000                  0.0000000000000000E+000                  6.3589577633928798E+000                  1.4603254022764333E+004                  4.1644496398027711E+000                 -1.4950107574790643E+001                  5.0000000000000000E-001                  0.0000000000000000E+000                  0.0000000000000000E+000 
                                     749                  1.8486898385880963E+000                 -1.0771970268837927E+000                  8.2444241475963267E+000                  3.1883893096608311E+000                  1.9183994918192880E+001                  0.0000000000000000E+000                  1.2235746455492320E-002                  9.8776425354450770E-001                  8.3714940541735602E-002                 -1.0849114825203535E-011                  0.0000000000000000E+000                  0.0000000000000000E+000                  5.3687118153488145E+000                  1.4580644421642583E+004                  4.1637767189461954E+000                 -1.5063941190312551E+001                  4.9999999999999994E-001                  0.0000000000000000E+000                  0.0000000000000000E+000 
                                     750                  1.8409436632720220E+000                 -1.0789538824491958E+000                  8.2460046884255647E+000                  3.1987641826283872E+000                  1.9194848304779768E+001                  0.0000000000000000E+000                  1.0714158801024500E-002                  9.8928584119897545E-001                  8.3376971757921317E-002                 -1.0950560540789149E-011                  0.0000000000000000E+000                  0.0000000000000000E+000                  4.0986084061416745E+000                  1.4559113430958736E+004                  4.1631349296634630E+000                 -1.4684440715628385E+001                  5.0000000000000011E-001                  0.0000000000000000E+000                  0.0000000000000000E+000 
                                     751                  1.8260502685533579E+000                 -1.0823107255816578E+000                  8.2487087488270507E+000                  3.2159197597314315E+000                  1.9213073455098240E+001                  0.0000000000000000E+000                  8.9783190772632984E-003                  9.9102168092273668E-001                  8.2735000606152576E-002                 -1.1140540695962541E-011                  0.0000000000000000E+000                  0.0000000000000000E+000                  2.9940052327345681E+000                  1.4520574709138178E+004                  4.1619838056249581E+000                 -1.4776057105884966E+001                  5.0000000000000011E-001                  0.0000000000000000E+000                  0.0000000000000000E+000 
                                     752                  1.8025168604303883E+000                 -1.0875632312256200E+000                  8.2513611873389134E+000                  3.2322158220330661E+000                  1.9230606402294061E+001                  0.0000000000000000E+000                  7.7991932484081311E-003                  9.9220080675159184E-001                  8.1740401911455790E-002                 -1.1427278022887264E-011                  0.0000000000000000E+000                  0.0000000000000000E+000                  2.4179642911390182E+000                  1.4465726380778231E+004                  4.1603402461584427E+000                 -1.5094982820277712E+001                  5.0000000000000000E-001                  0.0000000000000000E+000                  0.0000000000000000E+000 
                                     753                  1.7888695222658593E+000                 -1.0905821868958852E+000                  8.2533199162564745E+000                  3.2439558833087747E+000                  1.9243291532755471E+001                  0.0000000000000000E+000                  6.7816938294554333E-003                  9.9321830617054452E-001                  8.1174161853125551E-002                 -1.1585944221900542E-011                  0.0000000000000000E+000                  0.0000000000000000E+000                  1.8509516980133993E+000                  1.4436151811703094E+004                  4.1594514404862686E+000                 -1.4718253387057269E+001                  4.9999999999999994E-001                  0.0000000000000000E+000                  0.0000000000000000E+000 
                                     754                  1.7752221841013320E+000                 -1.0935823540814531E+000                  8.2554944273962700E+000                  3.2567249525278017E+000                  1.9257138676537483E+001                  0.0000000000000000E+000                  5.5277813250637830E-003                  9.9447221867493618E-001                  8.0615331819854127E-002                 -1.1739460035368779E-011                  0.0000000000000000E+000                  0.0000000000000000E+000                  1.1846909438212816E+000                  1.4408118953852554E+004                  4.1586072853742548E+000                 -1.4781440388510159E+001                  5.0000000000000000E-001                  0.0000000000000000E+000                  0.0000000000000000E+000 
                                     755                  1.7587576619614651E+000                 -1.0971779243458488E+000                  8.2574511875713039E+000                  3.2679083417629440E+000                  1.9269419189355933E+001                  0.0000000000000000E+000                  4.8415253480287692E-003                  9.9515847465197127E-001                  7.9950664126723164E-002                 -1.1916884977828492E-011                  0.0000000000000000E+000                  0.0000000000000000E+000                  9.2332946013487638E-001                  1.4376262583213324E+004                  4.1576459965855523E+000                 -1.4801048404388769E+001                  5.0000000000000011E-001                  0.0000000000000000E+000                  0.0000000000000000E+000 
                                     756                  1.7483490560109725E+000                 -1.0994384986942085E+000                  8.2585724050793523E+000                  3.2742016826876630E+000                  1.9276373753318879E+001                  0.0000000000000000E+000                  4.5240465050564987E-003                  9.9547595349494356E-001                  7.9535588948895772E-002                 -1.2024251282922211E-011                  0.0000000000000000E+000                  0.0000000000000000E+000                  8.1959056409666264E-001                  1.4356782429585355E+004                  4.1570571188999681E+000                 -1.4878591334084378E+001                  5.0000000000000011E-001                  0.0000000000000000E+000                  0.0000000000000000E+000 
                                     757                  1.7434286241071033E+000                 -1.1005039376329933E+000                  8.2595831164308890E+000                  3.2798835247160758E+000                  1.9282583733816491E+001                  0.0000000000000000E+000                  3.8266066787333878E-003                  9.9617339332126664E-001                  7.9340706313289960E-002                 -1.2074175659696056E-011                  0.0000000000000000E+000                  0.0000000000000000E+000                  5.3507266124717667E-001                  1.4347702546136943E+004                  4.1567823643859727E+000                 -1.4711577299592770E+001                  5.0000000000000011E-001                  0.0000000000000000E+000                  0.0000000000000000E+000 
                                     758                  1.7345490659208618E+000                 -1.1024213118367683E+000                  8.2608891055521099E+000                  3.2870113215595436E+000                  1.9290545264841118E+001                  0.0000000000000000E+000                  3.6312596369995399E-003                  9.9636874036300049E-001                  7.8991195757421515E-002                 -1.2162179013271699E-011                  0.0000000000000000E+000                  0.0000000000000000E+000                  5.0374421106407163E-001                  1.4331798945172266E+004                  4.1563007070007210E+000                 -1.4830719698603094E+001                  5.0000000000000000E-001                  0.0000000000000000E+000                  0.0000000000000000E+000 
                                     759                  1.7256695077346198E+000                 -1.1043325819552248E+000                  8.2626583243366429E+000                  3.2965115537946055E+000                  1.9301201787988489E+001                  0.0000000000000000E+000                  3.3676870856847747E-003                  9.9663231291431520E-001                  7.8644330212627775E-002                 -1.2246842995697975E-011                  0.0000000000000000E+000                  0.0000000000000000E+000                  4.5767326015241822E-001                  1.4316007089723769E+004                  4.1558219047939060E+000                 -1.5199311307864079E+001                  5.0000000000000000E-001                  0.0000000000000000E+000                  0.0000000000000000E+000 
                                     760                  1.7105641600426758E+000                 -1.1075705998118701E+000                  8.2645514195823147E+000                  3.3065853498253044E+000                  1.9312479408010613E+001                  0.0000000000000000E+000                  2.7773520229519137E-003                  9.9722264797704807E-001                  7.8060153361852305E-002                 -1.2386025986774061E-011                  0.0000000000000000E+000                  0.0000000000000000E+000                  2.9481944913541336E-001                  1.4289309439980874E+004                  4.1550112411315991E+000                 -1.5170255686497701E+001                  5.0000000000000000E-001                  0.0000000000000000E+000                  0.0000000000000000E+000 
                                     761                  1.7001792335044592E+000                 -1.1097870843736430E+000                  8.2664503150404620E+000                  3.3164254969616254E+000                  1.9323628149145804E+001                  0.0000000000000000E+000                  2.5364787412995534E-003                  9.9746352125870041E-001                  7.7662777000594665E-002                 -1.2477655908446471E-011                  0.0000000000000000E+000                  0.0000000000000000E+000                  2.5757957966337780E-001                  1.4271238371611358E+004                  4.1544616601940012E+000                 -1.4777771396836638E+001                  5.0000000000000000E-001                  0.0000000000000000E+000                  0.0000000000000000E+000 
                                     762                  1.6850738858125138E+000                 -1.1129984441611751E+000                  8.2685145198086882E+000                  3.3269066922018484E+000                  1.9335603767658373E+001                  0.0000000000000000E+000                  2.4925507254505543E-003                  9.9750744927454948E-001                  7.7090623079350037E-002                 -1.2604307086371848E-011                  0.0000000000000000E+000                  0.0000000000000000E+000                  2.8328840174782349E-001                  1.4244821449439598E+004                  4.1536570099806127E+000                 -1.5131247428631578E+001                  4.9999999999999994E-001                  0.0000000000000000E+000                  0.0000000000000000E+000 
                                     763                  1.6726343485222062E+000                 -1.1156326672812422E+000                  8.2705029542385535E+000                  3.3368928981648245E+000                  1.9346981621233592E+001                  0.0000000000000000E+000                  2.0481231693794872E-003                  9.9795187683062048E-001                  7.6624443381684240E-002                 -1.2703780233797878E-011                  1.3509876229756120E-022                  0.0000000000000000E+000                  1.8098773614212318E-001                  1.4222481565985072E+004                  4.1529753795432613E+000                 -1.4813292220192979E+001                  5.0000000000000011E-001                  0.0000000000000000E+000                  0.0000000000000000E+000 
                                     764                  1.6586400741020011E+000                 -1.1185851752060565E+000                  8.2725300863260554E+000                  3.3468607538738353E+000                  1.9358440448715612E+001                  0.0000000000000000E+000                  1.8250967132089515E-003                  9.9817490328679104E-001                  7.6105286427559593E-002                 -1.2810521036374628E-011                  0.0000000000000000E+000                  0.0000000000000000E+000                  1.4766051672029856E-001                  1.4197299418740457E+004                  4.1522057416309286E+000                 -1.6036078675914666E+001                  4.9999999999999994E-001                  0.0000000000000000E+000                  0.0000000000000000E+000 
                                     765                  1.6458119892168070E+000                 -1.1212823583540348E+000                  8.2742114269195834E+000                  3.3549729656514864E+000                  1.9367841082500540E+001                  0.0000000000000000E+000                  1.8037859340014905E-003                  9.9819621406599846E-001                  7.5634099690547171E-002                 -1.2902783960658639E-011                  0.0000000000000000E+000                  0.0000000000000000E+000                  1.6023543566064088E-001                  1.4173727014331047E+004                  4.1514840640039257E+000                 -1.5063080068871022E+001                  5.0000000000000011E-001                  0.0000000000000000E+000                  0.0000000000000000E+000 
                                     766                  1.6364824729366672E+000                 -1.1232388546183603E+000                  8.2763384285189687E+000                  3.3650870757371556E+000                  1.9379573850082423E+001                  0.0000000000000000E+000                  1.5716222997867078E-003                  9.9842837770021331E-001                  7.5294134483484043E-002                 -1.2966873239219602E-011                  0.0000000000000000E+000                  0.0000000000000000E+000                  1.2274145192296892E-001                  1.4156009622814609E+004                  4.1509408491854449E+000                 -1.4761505861809603E+001                  4.9999999999999994E-001                  0.0000000000000000E+000                  0.0000000000000000E+000 
                                     767                  1.6178234403763931E+000                 -1.1271398124455798E+000                  8.2787463982045892E+000                  3.3763760506326297E+000                  1.9392718067242974E+001                  0.0000000000000000E+000                  1.2893284335950921E-003                  9.9871067156640492E-001                  7.4620849279813994E-002                 -1.3088204884809574E-011                  0.0000000000000000E+000                  0.0000000000000000E+000                  7.9906502776932953E-002                  1.4119686134681117E+004                  4.1498250429274668E+000                 -1.4732067267250949E+001                  5.0000000000000000E-001                  0.0000000000000000E+000                  0.0000000000000000E+000 
                                     768                  1.6049953554912022E+000                 -1.1298129611097050E+000                  8.2813601177713831E+000                  3.3883014200945185E+000                  1.9406751525693966E+001                  0.0000000000000000E+000                  1.2553298225727284E-003                  9.9874467017742730E-001                  7.4162957233594951E-002                 -1.3165668778646701E-011                  0.0000000000000000E+000                  0.0000000000000000E+000                  8.7985138853023934E-002                  1.4093960787299438E+004                  4.1490330588539432E+000                 -1.4377079881470658E+001                  4.9999999999999994E-001                  0.0000000000000000E+000                  0.0000000000000000E+000 
                                     769                  1.5837105281412545E+000                 -1.1342351608676733E+000                  8.2838632382569202E+000                  3.3995680953311131E+000                  1.9420051330769606E+001                  0.0000000000000000E+000                  1.1621121644329736E-003                  9.9883788783556704E-001                  7.3411625278380896E-002                 -1.3284048318565478E-011                  0.0000000000000000E+000                  0.0000000000000000E+000                  8.2533423230790617E-002                  1.4048765919207937E+004                  4.1476381763395072E+000                 -1.5386873385650849E+001                  5.0000000000000011E-001                  0.0000000000000000E+000                  0.0000000000000000E+000 
                                     770                  1.5725335071329569E+000                 -1.1365512071822403E+000                  8.2857615390170398E+000                  3.4079888956836215E+000                  1.9430000618614212E+001                  0.0000000000000000E+000                  9.0419712638510478E-004                  9.9909580287361488E-001                  7.3021170934189333E-002                 -1.3341645172095155E-011                  0.0000000000000000E+000                  0.0000000000000000E+000                  4.4093692308226427E-002                  1.4023746829879681E+004                  4.1468640628562250E+000                 -1.5451907057719604E+001                  4.9999999999999994E-001                  0.0000000000000000E+000                  0.0000000000000000E+000 
                                     771                  1.5591210819229997E+000                 -1.1393254282971892E+000                  8.2876654659499920E+000                  3.4162911870271127E+000                  1.9439891811844042E+001                  0.0000000000000000E+000                  8.5314540075918954E-004                  9.9914685459924080E-001                  7.2556207091099958E-002                 -1.3406415258515470E-011                  0.0000000000000000E+000                  0.0000000000000000E+000                  4.1979723946374420E-002                  1.3993230004366886E+004                  4.1459179726163589E+000                 -1.5050215237333882E+001                  4.9999999999999994E-001                  0.0000000000000000E+000                  0.0000000000000000E+000 
                                     772                  1.5479440609147017E+000                 -1.1416336806698193E+000                  8.2901600647901734E+000                  3.4269644970096276E+000                  1.9452684989175133E+001                  0.0000000000000000E+000                  8.4007359814476429E-004                  9.9915992640185525E-001                  7.2171597654190095E-002                 -1.3456506188388537E-011                  0.0000000000000000E+000                  0.0000000000000000E+000                  4.7149477847987897E-002                  1.3966755699847663E+004                  4.1450955367308309E+000                 -1.5096917708362753E+001                  5.0000000000000000E-001                  0.0000000000000000E+000                  0.0000000000000000E+000 
                                     773                  1.5269312614191031E+000                 -1.1459659657859667E+000                  8.2930489710753363E+000                  3.4391536710868555E+000                  1.9467353352875602E+001                  0.0000000000000000E+000                  8.1826128191349388E-004                  9.9918173871808647E-001                  7.1455232097012877E-002                 -1.3542241639939472E-011                  0.0000000000000000E+000                  0.0000000000000000E+000                  5.2499717396981248E-002                  1.3914009149246331E+004                  4.1434522845948578E+000                 -1.4683519572096525E+001                  4.9999999999999994E-001                  0.0000000000000000E+000                  0.0000000000000000E+000 
                                     774                  1.5108363511671614E+000                 -1.1492788555965774E+000                  8.2954147227455692E+000                  3.4489959601755231E+000                  1.9479216383941644E+001                  0.0000000000000000E+000                  6.2717299270396434E-004                  9.9937282700729602E-001                  7.0912230230891535E-002                 -1.3600951835832949E-011                  0.0000000000000000E+000                  0.0000000000000000E+000                  2.7500157666780038E-002                  1.3870769699603874E+004                  4.1421005610744297E+000                 -1.4816826944482886E+001                  5.0000000000000011E-001                  0.0000000000000000E+000                  0.0000000000000000E+000 
                                     775                  1.4966002280069377E+000                 -1.1522059037360401E+000                  8.2977714129150968E+000                  3.4586291202005199E+000                  1.9490904406873739E+001                  0.0000000000000000E+000                  5.4424577392542001E-004                  9.9945575422607458E-001                  7.0435904550921594E-002                 -1.3647869075759786E-011                  0.0000000000000000E+000                  0.0000000000000000E+000                  2.0862491935815939E-002                  1.3831460167535797E+004                  4.1408680303789778E+000                 -1.4946644986836073E+001                  5.0000000000000000E-001                  0.0000000000000000E+000                  0.0000000000000000E+000 
                                     776                  1.4806638611483911E+000                 -1.1554800205973639E+000                  8.3005417245569699E+000                  3.4697591564920964E+000                  1.9504491041981716E+001                  0.0000000000000000E+000                  5.3237727680532747E-004                  9.9946762272319467E-001                  6.9906889617975365E-002                 -1.3694590004019820E-011                  1.8832781024410708E-022                  0.0000000000000000E+000                  2.3230938186001259E-002                  1.3785631399041145E+004                  4.1394266621240341E+000                 -1.6368584862043360E+001                  5.0000000000000000E-001                  0.0000000000000000E+000                  0.0000000000000000E+000 
                                     777                  1.4611860794323825E+000                 -1.1594796558474456E+000                  8.3033184848938095E+000                  3.4807588962731311E+000                  1.9517975216466347E+001                  0.0000000000000000E+000                  5.2329023036136609E-004                  9.9947670976963865E-001                  6.9266037575867495E-002                 -1.3743935280980802E-011                  0.0000000000000000E+000                  0.0000000000000000E+000                  2.6213900564592767E-002                  1.3726141320900810E+004                  4.1375484659644908E+000                 -1.4902761686643309E+001                  5.0000000000000000E-001                  0.0000000000000000E+000                  0.0000000000000000E+000 
                                     778                  1.4452497125738357E+000                 -1.1627514211519696E+000                  8.3051262026508823E+000                  3.4878442302538333E+000                  1.9526684364111311E+001                  0.0000000000000000E+000                  4.9379926991909105E-004                  9.9950620073008090E-001                  6.8746181265848805E-002                 -1.3778315166259477E-011                  0.0000000000000000E+000                  0.0000000000000000E+000                  2.4623562799745057E-002                  1.3674450585835850E+004                  4.1359098862059716E+000                 -1.5222190795936337E+001                  5.0000000000000000E-001                  0.0000000000000000E+000                  0.0000000000000000E+000 
                                     779                  1.4381668828589205E+000                 -1.1642055757721004E+000                  8.3067931455128488E+000                  3.4943042939286504E+000                  1.9534638012125068E+001                  0.0000000000000000E+000                  3.8849038141952228E-004                  9.9961150961858047E-001                  6.8516382347274307E-002                 -1.3791976085996404E-011                  1.5411574539976632E-022                  0.0000000000000000E+000                  1.3279234623760175E-002                  1.3650688546286145E+004                  4.1351545579196927E+000                 -1.4736825894685580E+001                  5.0000000000000000E-001                  0.0000000000000000E+000                  0.0000000000000000E+000 
                                     780                  1.4240012234290953E+000                 -1.1671144137255967E+000                  8.3095734627135549E+000                  3.5049331703433926E+000                  1.9547795871870914E+001                  0.0000000000000000E+000                  3.2158184999224974E-004                  9.9967841815000780E-001                  6.8059003543987973E-002                 -1.3816256002651126E-011                  0.0000000000000000E+000                  0.0000000000000000E+000                  8.9175424850523339E-003                  1.3602574841801767E+004                  4.1336211240866430E+000                 -1.4740081963133521E+001                  5.0000000000000000E-001                  0.0000000000000000E+000                  0.0000000000000000E+000 
                                     781                  1.4027527342843622E+000                 -1.1714804268211088E+000                  8.3122207864843443E+000                  3.5149475872214269E+000                  1.9560242258750815E+001                  0.0000000000000000E+000                  3.1329274083783851E-004                  9.9968670725916220E-001                  6.7378226141835487E-002                 -1.3845025350292934E-011                  0.0000000000000000E+000                  0.0000000000000000E+000                  9.6711841316446442E-003                  1.3527417066846700E+004                  4.1312148800637765E+000                 -1.6022124772861297E+001                  5.0000000000000000E-001                  0.0000000000000000E+000                  0.0000000000000000E+000 
                                     782                  1.3903577822832718E+000                 -1.1740294324129645E+000                  8.3148563737818790E+000                  3.5247409766778199E+000                  1.9572479316108279E+001                  0.0000000000000000E+000                  3.0527616443420355E-004                  9.9969472383556579E-001                  6.6983921244924749E-002                 -1.3857727515330542E-011                  0.0000000000000000E+000                  0.0000000000000000E+000                  1.0470236929796562E-002                  1.3481308086676405E+004                  4.1297320336876906E+000                 -1.4904170977183202E+001                  5.0000000000000000E-001                  0.0000000000000000E+000                  0.0000000000000000E+000 
                                     783                  1.3692149887341292E+000                 -1.1783829260348628E+000                  8.3176301188937352E+000                  3.5349633899362889E+000                  1.9585284645007246E+001                  0.0000000000000000E+000                  2.9496034969313733E-004                  9.9970503965030688E-001                  6.6315809293916450E-002                 -1.3872912144791737E-011                  0.0000000000000000E+000                  0.0000000000000000E+000                  1.1128991762712166E-002                  1.3398777031597519E+004                  4.1270651601060555E+000                 -1.5271552703602350E+001                  5.0000000000000011E-001                  0.0000000000000000E+000                  0.0000000000000000E+000 
                                     784                  1.3551197930346992E+000                 -1.1812897841676271E+000                  8.3204001507505048E+000                  3.5450171202183411E+000                  1.9597926219329082E+001                  0.0000000000000000E+000                  2.1986497215299234E-004                  9.9978013502784702E-001                  6.5873420638804414E-002                 -1.3878683907157920E-011                  0.0000000000000000E+000                  0.0000000000000000E+000                  5.4217030138903550E-003                  1.3340968930878160E+004                  4.1251873727628636E+000                 -1.5246323410896515E+001                  5.0000000000000000E-001                  0.0000000000000000E+000                  0.0000000000000000E+000 
                                     785                  1.3339769994855606E+000                 -1.1856586199640400E+000                  8.3229108569773533E+000                  3.5540652998037907E+000                  1.9609332754650463E+001                  0.0000000000000000E+000                  1.7575201849012631E-004                  9.9982424798150993E-001                  6.5214081221736039E-002                 -1.3881099024716067E-011                  0.0000000000000000E+000                  0.0000000000000000E+000                  3.2049300855732294E-003                  1.3252012848681285E+004                  4.1222818482866410E+000                 -1.4712806047348010E+001                  5.0000000000000011E-001                  0.0000000000000000E+000                  0.0000000000000000E+000 
                                     786                  1.3232235952676052E+000                 -1.1878850354901922E+000                  8.3254448504279939E+000                  3.5630383836281028E+000                  1.9620711129151498E+001                  0.0000000000000000E+000                  1.6384999370806181E-004                  9.9983615000629189E-001                  6.4880615990808813E-002                 -1.3879410141637262E-011                  0.0000000000000000E+000                  0.0000000000000000E+000                  3.0051414388370316E-003                  1.3205496922247818E+004                  4.1207547483320104E+000                 -1.5172080407144387E+001                  4.9999999999999994E-001                  0.0000000000000000E+000                  0.0000000000000000E+000 
                                     787                  1.3017167868316983E+000                 -1.1923486351239314E+000                  8.3279822128286938E+000                  3.5719855599051065E+000                  1.9632072947229140E+001                  0.0000000000000000E+000                  1.5678743519307309E-004                  9.9984321256480690E-001                  6.4217199904168215E-002                 -1.3870468232566311E-011                  0.0000000000000000E+000                  0.0000000000000000E+000                  3.0448512902108258E-003                  1.3108954094917879E+004                  4.1175680426492143E+000                 -1.6250126716183477E+001                  5.0000000000000000E-001                  0.0000000000000000E+000                  0.0000000000000000E+000 
                                     788                  1.2909633826137437E+000                 -1.1945861846946617E+000                  8.3299359118541698E+000                  3.5787850968532742E+000                  1.9640742538565870E+001                  0.0000000000000000E+000                  1.5108753915719458E-004                  9.9984891246084284E-001                  6.3887194216832519E-002                 -1.3863303331845156E-011                  0.0000000000000000E+000                  0.0000000000000000E+000                  3.0445134177229430E-003                  1.3058798411179054E+004                  4.1159032177199046E+000                 -1.4909324489142762E+001                  5.0000000000000000E-001                  0.0000000000000000E+000                  0.0000000000000000E+000 
                                     789                  1.2768350360936251E+000                 -1.1975325815493485E+000                  8.3321538280126415E+000                  3.5864506243242280E+000                  1.9650537689102148E+001                  0.0000000000000000E+000                  1.4426646854624856E-004                  9.9985573353145374E-001                  6.3455229394668980E-002                 -1.3851255181727445E-011                  0.0000000000000000E+000                  0.0000000000000000E+000                  3.0041245465527574E-003                  1.2991010918420989E+004                  4.1136429477788976E+000                 -1.5003296092542044E+001                  5.0000000000000000E-001                  0.0000000000000000E+000                  0.0000000000000000E+000 
                                     790                  1.2627066895735066E+000                 -1.2004870336075375E+000                  8.3354739130395092E+000                  3.5977648183608446E+000                  1.9665056132559002E+001                  0.0000000000000000E+000                  1.1631454926561942E-004                  9.9988368545073436E-001                  6.3025016259871974E-002                 -1.3836313782618387E-011                  0.0000000000000000E+000                  0.0000000000000000E+000                  1.8957560084420144E-003                  1.2921077104465450E+004                  4.1112987180730034E+000                 -1.4459741237703652E+001                  5.0000000000000000E-001                  0.0000000000000000E+000                  0.0000000000000000E+000 
                                     791                  1.2344499965332618E+000                 -1.2064231961071341E+000                  8.3395841042312480E+000                  3.6116676552059532E+000                  1.9682936640675408E+001                  0.0000000000000000E+000                  7.1326266382259432E-005                  9.9992867373361771E-001                  6.2169418309263723E-002                 -1.3798231297650788E-011                  0.0000000000000000E+000                  0.0000000000000000E+000                  5.4897862357594141E-004                  1.2776269434438649E+004                  4.1064040619169084E+000                 -1.4839221506323115E+001                  4.9999999999999989E-001                  0.0000000000000000E+000                  0.0000000000000000E+000 
                                     792                  1.2102299739273423E+000                 -1.2115429348548989E+000                  8.3433707841330627E+000                  3.6242810771878546E+000                  1.9699244688881219E+001                  0.0000000000000000E+000                  6.2742104379797316E-005                  9.9993725789562016E-001                  6.1440828758909848E-002                 -1.3757117570011025E-011                  0.0000000000000000E+000                  0.0000000000000000E+000                  4.5976275226321516E-004                  1.2648293063281330E+004                  4.1020319197239159E+000                 -1.4754737609595230E+001                  5.0000000000000011E-001                  0.0000000000000000E+000                  0.0000000000000000E+000 
                                     793                  1.1860099513214233E+000                 -1.2166957301070982E+000                  8.3470294785759211E+000                  3.6363275266637194E+000                  1.9714877977326768E+001                  0.0000000000000000E+000                  5.4668908778738432E-005                  9.9994533109122130E-001                  6.0716156244534011E-002                 -1.3708528052178974E-011                  0.0000000000000000E+000                  0.0000000000000000E+000                  3.7082656158329131E-004                  1.2514582049868271E+004                  4.0974163500315850E+000                 -1.4741307799991960E+001                  5.0000000000000000E-001                  0.0000000000000000E+000                  0.0000000000000000E+000 
                                     794                  1.1633497275101916E+000                 -1.2215497197632097E+000                  8.3505594232629932E+000                  3.6478165313519066E+000                  1.9729843609388762E+001                  0.0000000000000000E+000                  4.6862339003891554E-005                  9.9995313766099614E-001                  6.0041326726887244E-002                 -1.3656675064833873E-011                  0.0000000000000000E+000                  0.0000000000000000E+000                  2.8225022119949210E-004                  1.2384388184550760E+004                  4.0928745563690319E+000                 -1.6141977392929562E+001                  4.9999999999999994E-001                  0.0000000000000000E+000                  0.0000000000000000E+000 
                                     795                  1.1406895036989708E+000                 -1.2264387654989812E+000                  8.3540824029785377E+000                  3.6591655583409142E+000                  1.9744675953494724E+001                  0.0000000000000000E+000                  3.6023877777472484E-005                  9.9996397612222254E-001                  5.9369205147386861E-002                 -1.3598937911332576E-011                  1.4815841410522873E-024                  0.0000000000000000E+000                  1.5459063268375442E-004                  1.2249432916531146E+004                  4.0881159836456966E+000                 -1.4733796586030405E+001                  5.0000000000000011E-001                  0.0000000000000000E+000                  0.0000000000000000E+000 
                                     796                  1.1180292798877487E+000                 -1.2313659531175565E+000                  8.3575982296516926E+000                  3.6703812625634797E+000                  1.9759379985871202E+001                  0.0000000000000000E+000                  1.8645187260877952E-005                  9.9998135481273909E-001                  5.8699452007486691E-002                 -1.3535595183840827E-011                  0.0000000000000000E+000                  0.0000000000000000E+000                  2.5787915176391581E-005                  1.2110379702812403E+004                  4.0831577600093620E+000                 -1.5627908173613458E+001                  5.0000000000000000E-001                  0.0000000000000000E+000                  0.0000000000000000E+000 
                                     797                  1.0953690560765241E+000                 -1.2363344680132835E+000                  8.3609114428382991E+000                  3.6808576813485461E+000                  1.9773156780303605E+001                  0.0000000000000000E+000                  1.4646479803689877E-005                  9.9998535352019635E-001                  5.8031731918283119E-002                 -1.3466877078416869E-011                  0.0000000000000000E+000                  0.0000000000000000E+000                  1.4855890339902194E-005                  1.1968803681623371E+004                  4.0780507435196744E+000                 -1.5077670753129851E+001                  5.0000000000000000E-001                  0.0000000000000000E+000                  0.0000000000000000E+000 
                                     798                  1.0752471454503107E+000                 -1.2407837103028909E+000                  8.3640218790155423E+000                  3.6906018594373449E+000                  1.9786010150550332E+001                  0.0000000000000000E+000                  1.1512409292540016E-005                  9.9998848759070746E-001                  5.7440245801730919E-002                 -1.3401500427402523E-011                  0.0000000000000000E+000                  0.0000000000000000E+000                  8.4715756105464326E-006                  1.1839463253238702E+004                  4.0733320139206413E+000                 -1.5369170774162509E+001                  5.0000000000000000E-001                  0.0000000000000000E+000                  0.0000000000000000E+000 
                                     799                  1.0551252348240996E+000                 -1.2452706041202735E+000                  8.3671267737729345E+000                  3.7002520980539026E+000                  1.9798773138167427E+001                  0.0000000000000000E+000                  8.7967777716199664E-006                  9.9999120322222834E-001                  5.6849859523514332E-002                 -1.3332199388522511E-011                  0.0000000000000000E+000                  0.0000000000000000E+000                  4.4309722518974982E-006                  1.1706760722990608E+004                  4.0684367418064049E+000                 -1.5196594051502551E+001                  5.0000000000000011E-001                  0.0000000000000000E+000                  0.0000000000000000E+000 
                                     800                  1.0350033241978880E+000                 -1.2497976632840406E+000                  8.3694533621228029E+000                  3.7074578692898030E+000                  1.9808314585533150E+001                  0.0000000000000000E+000                  7.0394882915292127E-006                  9.9999296051170850E-001                  5.6260337965175822E-002                 -1.3259130062816260E-011                  0.0000000000000000E+000                  0.0000000000000000E+000                  2.5560791111689370E-006                  1.1570760420257408E+004                  4.0633619013432556E+000                 -1.5256401457156775E+001                  5.0000000000000000E-001                  0.0000000000000000E+000                  0.0000000000000000E+000 
                                     801                  1.0249423688847790E+000                 -1.2520769720744984E+000                  8.3710016571105861E+000                  3.7122156740207481E+000                  1.9814631047544015E+001                  0.0000000000000000E+000                  5.9571250171009677E-006                  9.9999404287498295E-001                  5.5965840178688872E-002                 -1.3221211773898320E-011                  0.0000000000000000E+000                  0.0000000000000000E+000                  1.6752346132785224E-006                  1.1501534581821281E+004                  4.0607557895670112E+000                 -1.4750209860422986E+001                  5.0000000000000011E-001                  0.0000000000000000E+000                  0.0000000000000000E+000 
                                     802                  1.0148814135716699E+000                 -1.2543673111835543E+000                  8.3736361082205466E+000                  3.7202359275201253E+000                  1.9825311987423799E+001                  0.0000000000000000E+000                  4.3212974195342674E-006                  9.9999567870258044E-001                  5.5671469981105774E-002                 -1.3182382117898021E-011                  0.0000000000000000E+000                  0.0000000000000000E+000                  7.2995060307364683E-007                  1.1431509051927949E+004                  4.0581035645742869E+000                 -1.5245399757205446E+001                  5.0000000000000000E-001                  0.0000000000000000E+000                  0.0000000000000000E+000 
                                     803                  9.9063136642852456E-001                 -1.2599355588071495E+000                  8.3773569331756566E+000                  3.7315336399250669E+000                  1.9840371379293622E+001                  0.0000000000000000E+000                  1.6167161315724410E-006                  9.9999838328386847E-001                  5.4962242151331976E-002                 -1.3085220480099853E-011                  0.0000000000000000E+000                  0.0000000000000000E+000                  4.6022900773765103E-008                  1.1259501261523919E+004                  4.0515191539109638E+000                 -1.4852953498716449E+001                  5.0000000000000011E-001                  0.0000000000000000E+000                  0.0000000000000000E+000 
                                     804                  9.6638131928537874E-001                 -1.2655749417373503E+000                  8.3804602777156756E+000                  3.7409091351425245E+000                  1.9852890269463618E+001                  0.0000000000000000E+000                  9.6768407465895172E-007                  9.9999903231592535E-001                  5.4253162414201056E-002                 -1.2983159260515168E-011                  0.0000000000000000E+000                  0.0000000000000000E+000                  1.1507144705254129E-008                  1.1083337633065281E+004                  4.0446705634021223E+000                 -1.4924120553686244E+001                  4.9999999999999994E-001                  0.0000000000000000E+000                  0.0000000000000000E+000 
                                     805                  9.5012815919687765E-001                 -1.2693969199313997E+000                  8.3829459257791772E+000                  3.7483547661446104E+000                  1.9862860988843636E+001                  0.0000000000000000E+000                  6.2431616314406800E-007                  9.9999937568383690E-001                  5.3777805993647572E-002                 -1.2912067575207221E-011                  0.0000000000000000E+000                  0.0000000000000000E+000                  3.4912106221290593E-009                  1.0962591124262954E+004                  4.0399132163718239E+000                 -1.4922235170653691E+001                  5.0000000000000000E-001                  0.0000000000000000E+000                  0.0000000000000000E+000 
                                     806                  9.3387499910837624E-001                 -1.2732549206426755E+000                  8.3854284519224898E+000                  3.7557530902875031E+000                  1.9872785689881294E+001                  0.0000000000000000E+000                  4.0256807102220420E-007                  9.9999959743192901E-001                  5.3302193231241760E-002                 -1.2838879044416655E-011                  0.0000000000000000E+000                  0.0000000000000000E+000                  1.0565071307627093E-009                  1.0839693034745271E+004                  4.0350169837518264E+000                 -1.5501429612665616E+001                  5.0000000000000011E-001                  0.0000000000000000E+000                  0.0000000000000000E+000 
                                     807                  9.1762183901987115E-001                 -1.2771507004032490E+000                  8.3879079625496047E+000                  3.7631058517951899E+000                  1.9882666057290297E+001                  0.0000000000000000E+000                  2.4455771626003143E-007                  9.9999975544228370E-001                  5.2826191281871403E-002                 -1.2763646243854894E-011                  0.0000000000000000E+000                  1.2551123405396986E-089                  2.6711291410912630E-010                  1.0714632258147283E+004                  4.0299772700117176E+000                 -1.4880179011232990E+001                  5.0000000000000000E-001                  0.0000000000000000E+000                  0.0000000000000000E+000 
                                     808                  9.0136867893136630E-001                 -1.2810860935684665E+000                  8.3916176158095919E+000                  3.7739846259169649E+000                  1.9897340311690222E+001                  0.0000000000000000E+000                  1.0535050618789909E-007                  9.9999989464949379E-001                  5.2349664949181682E-002                 -1.2686398486327201E-011                  2.6785100730157890E-024                  4.4405278722601274E-089                  2.5516908797136813E-011                  1.0587412616392427E+004                  4.0247898388877417E+000                 -1.4395841744430674E+001                  5.0000000000000000E-001                  0.0000000000000000E+000                  0.0000000000000000E+000 
                                     809                  8.6886235875435280E-001                 -1.2890843998984567E+000                  8.3953298358147048E+000                  3.7849099444940628E+000                  1.9912060069178473E+001                  0.0000000000000000E+000                  3.9415190027791151E-008                  9.9999996058481000E-001                  5.1394376310035191E-002                 -1.2526118059179261E-011                  0.0000000000000000E+000                  1.3429989234976061E-088                  1.5952890734073518E-012                  1.0326550403987210E+004                  4.0139552691756633E+000                 -1.5146904175329144E+001                  5.0000000000000000E-001                  0.0000000000000000E+000                  0.0000000000000000E+000 
                                     810                  8.5260919866585183E-001                 -1.2931505211178103E+000                  8.3977986797758941E+000                  3.7920974691529703E+000                  1.9921780035784646E+001                  0.0000000000000000E+000                  1.4816251546619182E-008                  9.9999998518374844E-001                  5.0915437383884647E-002                 -1.2443113541805815E-011                  0.0000000000000000E+000                  2.0069180403130723E-088                  9.5225865345010256E-014                  1.0192879753472516E+004                  4.0082969008222840E+000                 -1.5660624195671057E+001                  5.0000000000000011E-001                  0.0000000000000000E+000                  0.0000000000000000E+000 
                                     811                  8.3635603857735197E-001                 -1.2972645052954697E+000                  8.4008067161410782E+000                  3.8007934082184653E+000                  1.9933568560321643E+001                  0.0000000000000000E+000                  4.0376056763936727E-009                  9.9999999596239431E-001                  5.0435402922370753E-002                 -1.2358230197642665E-011                  0.0000000000000000E+000                  2.9085591267351303E-088                  2.2192906869167637E-015                  1.0057081906624071E+004                  4.0024719871125232E+000                 -1.5032015586177195E+001                  4.9999999999999994E-001                  0.0000000000000000E+000                  0.0000000000000000E+000 
                                     812                  8.1294269866023161E-001                 -1.3032799784116926E+000                  8.4039466889326864E+000                  3.8098612101231168E+000                  1.9945866046410302E+001                  0.0000000000000000E+000                  1.2253649858084596E-009                  9.9999999877463497E-001                  4.9741631017183478E-002                 -1.2232754891174954E-011                  0.0000000000000000E+000                  4.9913326149577322E-088                  7.1815832997661838E-017                  9.8577571683233800E+003                  3.9937781157302381E+000                 -1.5485362106238751E+001                  5.0000000000000000E-001                  0.0000000000000000E+000                  0.0000000000000000E+000 
                                     813                  7.9494707877260462E-001                 -1.3079788010617419E+000                  8.4066724740688503E+000                  3.8176815728525204E+000                  1.9956496023670201E+001                  1.0000000000322495E-099                  3.9391210244042790E-010                  9.9999999960608787E-001                  4.9206355387820463E-002                 -1.2133782780184453E-011                  0.0000000000000000E+000                  7.1476704423398571E-088                  2.7063933602874356E-018                  9.7016087792535400E+003                  3.9868437575671951E+000                 -1.4939802666343548E+001                  5.0000000000000000E-001                  0.0000000000000000E+000                  0.0000000000000000E+000 
                                     814                  7.7695145888497608E-001                 -1.3127471595009399E+000                  8.4099301074987594E+000                  3.8269627116565847E+000                  1.9969142508553684E+001                  1.0000000000844436E-099                  8.8619256116254326E-011                  9.9999999991138078E-001                  4.8669046797632495E-002                 -1.2032638599512431E-011                  0.0000000000000000E+000                  9.4726891885031283E-088                  3.5785896457236456E-020                  9.5429439597710843E+003                  3.9796823734724573E+000                 -1.4791003280010404E+001                  5.0000000000000000E-001                  0.0000000000000000E+000                  0.0000000000000000E+000 
                                     815                  7.5187975033235910E-001                 -1.3195140291637331E+000                  8.4137229408427370E+000                  3.8377357013464595E+000                  1.9983837911049289E+001                  1.0000000000137283E-099                  1.2150356730157288E-011                  9.9999999998784961E-001                  4.7916597399526903E-002                 -1.1888185216541925E-011                  0.0000000000000000E+000                  1.0072872040660416E-087                  1.0962279456578766E-022                  9.3177801026057168E+003                  3.9693124569866596E+000                 -1.6876953166342609E+001                  5.0000000000000000E-001                  0.0000000000000000E+000                  0.0000000000000000E+000 
                                     816                  7.2680804177974212E-001                 -1.3264346366907087E+000                  8.4184289743735157E+000                  3.8509665867400895E+000                  2.0001951320719904E+001                  0.0000000000000000E+000                  8.0816220561097594E-013                  9.9999999999919187E-001                  4.7159084257801520E-002                 -1.1739668169466804E-011                  0.0000000000000000E+000                  8.3041467961508804E-088                  3.9868897895151848E-026                  9.0879396312476365E+003                  3.9584654334744358E+000                 -1.4563138714809039E+001                  5.0000000000000000E-001                  0.0000000000000000E+000                  0.0000000000000000E+000 
                                     817                  6.8957888918713228E-001                 -1.3370227908215024E+000                  8.4230794137771046E+000                  3.8640602726073210E+000                  2.0019868702802857E+001                  1.0000000025674258E-099                  1.3414751628107197E-014                  9.9999999999998657E-001                  4.6023242095999083E-002                 -1.1511817032594501E-011                  0.0000000000000000E+000                  1.6160190510348274E-088                  2.2438660925408909E-031                  8.7383264538009662E+003                  3.9414282654177253E+000                 -1.4727077763995441E+001                  5.0000000000000000E-001                  0.0000000000000000E+000                  0.0000000000000000E+000 
                                     818                  6.6539420036997166E-001                 -1.3441179513296557E+000                  8.4267404071130727E+000                  3.8742627500070337E+000                  2.0033880754569122E+001                  1.0000000021762847E-099                  6.3255583922463900E-016                  9.9999999999999933E-001                  4.5277459280523707E-002                 -1.1359130571599554E-011                  0.0000000000000000E+000                  5.1958544737631879E-089                  2.7649340376008025E-035                  8.5060360530760427E+003                  3.9297272191514345E+000                 -1.4878887755730110E+001                  5.0000000000000000E-001                  0.0000000000000000E+000                  0.0000000000000000E+000 
                                     819                  6.4120951155281636E-001                 -1.3514011980679002E+000                  8.4326303802243707E+000                  3.8904133112130195E+000                  2.0056190458570118E+001                  1.0000000015814023E-099                  3.0502389069115767E-018                  1.0000000000000000E+000                  4.4524474451416884E-002                 -1.1202703957101473E-011                  0.0000000000000000E+000                  5.3166214611135017E-090                  4.0052337309954593E-042                  8.2697460822966714E+003                  3.9174921749999032E+000                 -1.4459740651313123E+001                  5.0000000000000000E-001                  0.0000000000000000E+000                  0.0000000000000000E+000 
                                     820                  5.8746532029186271E-001                 -1.3683488551608858E+000                  8.4406781489569997E+000                  3.9124927917358474E+000                  2.0086686757233327E+001                  1.0000000007880249E-099                  2.2964723230452699E-019                  1.0000000000000000E+000                  4.2820441900898155E-002                 -1.0841411752395821E-011                  0.0000000000000000E+000                  2.4381719189467430E-089                  2.4138848466376506E-045                  7.7302850618329394E+003                  3.8881955092479989E+000                 -1.3885167086600271E+001                  5.0000000000000000E-001                  0.0000000000000000E+000                  0.0000000000000000E+000 
                                     821                  5.3549774591271082E-001                 -1.3858938091361817E+000                  8.4486154458954665E+000                  3.9340325147665838E+000                  2.0116556763570962E+001                  1.0000000004962074E-099                  3.7293733032695288E-019                  1.0000000000000000E+000                  4.1125026505354552E-002                 -1.0469873860802071E-011                  0.0000000000000000E+000                  2.1198998648888088E-087                  1.4436608357158740E-044                  7.1845923590205857E+003                  3.8564021320735535E+000                 -1.4198919956651862E+001                  5.0000000000000000E-001                  0.0000000000000000E+000                  0.0000000000000000E+000 
                                     822                  4.8387103325019626E-001                 -1.4046972644084408E+000                  8.4577925394252720E+000                  3.9586572605552899E+000                  2.0150847648901038E+001                  0.0000000000000000E+000                  6.4713773361791526E-019                  1.0000000000000000E+000                  3.9382450479993544E-002                 -1.0065202836004995E-011                  0.0000000000000000E+000                  3.3578375330905494E-085                  1.1010617528926874E-043                  6.5996032031335244E+003                  3.8195178246524808E+000                 -1.4289564000910804E+001                  5.0000000000000000E-001                  0.0000000000000000E+000                  0.0000000000000000E+000 
                                     823                  4.1631838620715084E-001                 -1.4319306144882507E+000                  8.4656902389956077E+000                  3.9806417748438676E+000                  2.0181066517777619E+001                  0.0000000000000000E+000                  1.0291276277480430E-018                  1.0000000000000000E+000                  3.6988727048610642E-002                 -9.4363041823319028E-012                  0.0000000000000000E+000                  2.4175634104367827E-083                  6.1206411897463106E-043                  5.7072717546502572E+003                  3.7564285521941594E+000                 -1.4847196642308704E+001                  5.0000000000000000E-001                  0.0000000000000000E+000                  0.0000000000000000E+000 
                                     824                  3.8156509007869349E-001                 -1.4473806460474343E+000                  8.4710166796868194E+000                  3.9955640261093497E+000                  2.0201533370510671E+001                  0.0000000000000000E+000                  1.3910428450167434E-018                  1.0000000000000000E+000                  3.5695983644633653E-002                 -9.0730558192198539E-012                  0.0000000000000000E+000                  4.1175128458501930E-082                  1.8757472055162765E-042                  5.2074504001454570E+003                  3.7166251420771586E+000                 -1.4111746550841477E+001                  5.0000000000000011E-001                  0.0000000000000000E+000                  0.0000000000000000E+000 
                                     825                  3.4681179395023609E-001                 -1.4640595064593760E+000                  8.4772995787616185E+000                  4.0126726993692836E+000                  2.0225238544398316E+001                  0.0000000000000000E+000                  1.9823896945513263E-018                  1.0000000000000000E+000                  3.4351087726603863E-002                 -8.7874052941553075E-012                  0.0000000000000000E+000                  1.1198097022386400E-080                  6.9673239163491885E-042                  4.8480051234670937E+003                  3.6855630701294158E+000                 -1.4199642350753642E+001                  5.0000000000000000E-001                  0.0000000000000000E+000                  0.0000000000000000E+000 
                                     826                  3.0164110174025366E-001                 -1.4880275783465005E+000                  8.4850129717717735E+000                  4.0330735206442068E+000                  2.0253807411504123E+001                  0.0000000000000000E+000                  3.0236926534286845E-018                  1.0000000000000000E+000                  3.2506665451325280E-002                 -8.3854954754286665E-012                  0.0000000000000000E+000                  6.0200671388794984E-079                  3.3348257259252355E-041                  4.3555437562034231E+003                  3.6390423810606181E+000                 -1.4652415604197865E+001                  5.0000000000000011E-001                  0.0000000000000000E+000                  0.0000000000000000E+000 
                                     827                  2.5248838574272309E-001                 -1.5179871566753285E+000                  8.4947057373274237E+000                  4.0583709153856269E+000                  2.0289411442397423E+001                  0.0000000000000000E+000                  5.0280328532840503E-018                  1.0000000000000000E+000                  3.0339809063235686E-002                 -7.8523314230576619E-012                  0.0000000000000000E+000                  8.0644459300474905E-077                  2.2154788421374037E-040                  3.7187111105319859E+003                  3.5703924413396027E+000                 -1.4241143087067060E+001                  5.0000000000000000E-001                  0.0000000000000000E+000                  0.0000000000000000E+000 
                                     828                  1.8688753482020429E-001                 -1.5674661694678191E+000                  8.5063728510713350E+000                  4.0891163588726371E+000                  2.0332537290042872E+001                  0.0000000000000000E+000                  8.9535371732796055E-018                  1.0000000000000000E+000                  2.7072840868546007E-002                 -7.0162167389267673E-012                  0.0000000000000000E+000                  2.4970409736429877E-074                  1.9326597382713567E-039                  2.8051378309459715E+003                  3.4479542052530179E+000                 -1.4262259567064291E+001                  4.9999999999999994E-001                  0.0000000000000000E+000                  0.0000000000000000E+000 
                                     829                  1.2212025609497486E-001                 -1.6354577498495890E+000                  8.5163019939107265E+000                  4.1156269841028248E+000                  2.0369551391332408E+001                  0.0000000000000000E+000                  1.4164611092161080E-017                  1.0000000000000000E+000                  2.3149533842973951E-002                 -6.0089805480926661E-012                  0.0000000000000000E+000                  2.8693042159201882E-072                  1.1011028218170242E-038                  1.8732712525799541E+003                  3.2726006684426157E+000                 -1.5116768516622377E+001                  5.0000000000000000E-001                  0.0000000000000000E+000                  0.0000000000000000E+000 
                                     830                  8.6506817019272708E-002                 -1.6891971555410656E+000                  8.5250516391258060E+000                  4.1385183139693513E+000                  2.0401756178247378E+001                  0.0000000000000000E+000                  2.0695096097401456E-017                  1.0000000000000000E+000                  2.0455158283938270E-002                 -5.3136216824269016E-012                  0.0000000000000000E+000                  1.6901667554696087E-070                  4.6945194796868480E-038                  1.3448051391411643E+003                  3.1286593600807189E+000                 -1.4249666223067283E+001                  5.0000000000000000E-001                  0.0000000000000000E+000                  0.0000000000000000E+000 
                                     831                  4.0732180850227305E-002                 -1.8041788140424257E+000                  8.5338806042718165E+000                  4.1620855050993697E+000                  2.0434672731666694E+001                  0.0000000000000000E+000                  2.9662662666960123E-017                  1.0000000000000000E+000                  1.5697163648031930E-002                 -4.0833977559725434E-012                  0.0000000000000000E+000                  9.3991763305145902E-069                  1.8888937249839582E-037                  6.4640989040532020E+002                  2.8105079927473366E+000                 -1.6165202874620640E+001                  5.0000000000000000E-001                  0.0000000000000000E+000                  0.0000000000000000E+000 
                                     832                  2.0467000895364934E-002                 -1.9070255999618937E+000                  8.5389073351285418E+000                  4.1753751843861551E+000                  2.0453301965994367E+001                  0.0000000000000000E+000                  3.6069278305608971E-017                  1.0000000000000000E+000                  1.2387235664666421E-002                 -3.2239896713062941E-012                  0.0000000000000000E+000                  8.8814678974582549E-068                  4.0446782435632832E-037                  3.2836445705063670E+002                  2.5163561419243536E+000                 -1.6426898353371335E+001                  4.9999999999999994E-001                  0.0000000000000000E+000                  0.0000000000000000E+000 
                                     833                  1.0127697028491336E-002                 -2.0109116292084597E+000                  8.5419608300840437E+000                  4.1834287966382488E+000                  2.0464602010424517E+001                  0.0000000000000000E+000                  4.0494554089215279E-017                  1.0000000000000000E+000                  9.7518805003034090E-003                 -2.5387326668608541E-012                  0.0000000000000000E+000                  3.4256907161004120E-067                  6.3585803541742340E-037                  1.6358962485820524E+002                  2.2137557564886512E+000                 -1.6854476829658111E+001                  5.0000000000000000E-001                  0.0000000000000000E+000                  0.0000000000000000E+000 
                                     834                  5.5523466560803555E-003                 -2.0990221132976168E+000                  8.5437695306050365E+000                  4.1881826434317251E+000                  2.0471280997662252E+001                  0.0000000000000000E+000                  4.3323100050477912E-017                  1.0000000000000000E+000                  7.9611881280704285E-003                 -2.0727520377644563E-012                  0.0000000000000000E+000                  7.5825781098670499E-067                  8.2839094993530801E-037                  9.0009949006034617E+001                  1.9542905156573089E+000                 -1.5844468895118505E+001                  5.0000000000000000E-001                  0.0000000000000000E+000                  0.0000000000000000E+000 
                                     835                  2.8361884913379958E-003                 -2.1970755946320142E+000                  8.5450268222232051E+000                  4.1914867593088054E+000                  2.0475923514020373E+001                  0.0000000000000000E+000                  4.5385257224904820E-017                  1.0000000000000000E+000                  6.3522035382156429E-003                 -1.6539543449915594E-012                  0.0000000000000000E+000                  1.3144542076954192E-066                  9.9418593959192127E-037                  4.6099011340152231E+001                  1.6636916114174016E+000                 -1.6380045438886309E+001                  5.0000000000000011E-001                  0.0000000000000000E+000                  0.0000000000000000E+000 
                                     836                  1.4781094089656465E-003                 -2.2919183380113441E+000                  8.5458051877935191E+000                  4.1935307907404260E+000                  2.0478796341298267E+001                  0.0000000000000000E+000                  4.6702695057758061E-017                  1.0000000000000000E+000                  5.1060100113350026E-003                 -1.3295266694753780E-012                  0.0000000000000000E+000                  1.8461745717947433E-066                  1.1124144929131146E-036                  2.4064002360110539E+001                  1.3813678615055862E+000                 -1.6625834474411889E+001                  5.0000000000000011E-001                  0.0000000000000000E+000                  0.0000000000000000E+000 
                                     837                  7.9906986777979400E-004                 -2.3812661722404993E+000                  8.5462818669047707E+000                  4.1947820150647397E+000                  2.0480555211033820E+001                  5.7290048754362953E-068                  4.7525260129411333E-017                  1.0000000000000000E+000                  4.1565578353614258E-003                 -1.0823260766177470E-012                  0.0000000000000000E+000                  3.1981302783423563E-046                  1.1914010671335787E-036                  1.3022002247273642E+001                  1.1146777659593079E+000                 -1.7296680507053079E+001                  4.9999999999999989E-001                  0.0000000000000000E+000                  0.0000000000000000E+000 
                                     838                  4.5955009718686780E-004                 -2.4615357452343760E+000                  8.5465680796664785E+000                  4.1955330788297776E+000                  2.0481611111266272E+001                  0.0000000000000000E+000                  4.8024982870363919E-017                  1.0000000000000000E+000                  3.4551289047019497E-003                 -8.9969058085294998E-013                  0.0000000000000000E+000                  2.5738580623406169E-066                  1.2414000943939500E-036                  7.4935255664638385E+000                  8.7468619337624465E-001                 -1.7482615448854524E+001                  5.0000000000000000E-001                  0.0000000000000000E+000                  0.0000000000000000E+000 
                                     839                  2.8979021189107050E-004                 -2.5283945929468090E+000                  8.5467348256802342E+000                  4.1959705689453832E+000                  2.0482226208399396E+001                  0.0000000000000000E+000                  4.8318151302525331E-017                  1.0000000000000000E+000                  2.9621388150440817E-003                 -7.7132331749019159E-013                  0.0000000000000000E+000                  2.7675022678012368E-066                  1.2714568744214165E-036                  4.7270470321876514E+000                  6.7458992337715840E-001                 -1.7139420446638916E+001                  4.9999999999999994E-001                  0.0000000000000000E+000                  0.0000000000000000E+000 
                                     840                  2.0491026924250583E-004                 -2.5786298553961267E+000                  8.5468595402875192E+000                  4.1962976971515697E+000                  2.0482686185259340E+001                  0.0000000000000000E+000                  4.8538404866951459E-017                  1.0000000000000000E+000                  2.6385792610287445E-003                 -6.8707162156397519E-013                  0.0000000000000000E+000                  2.9217512126465640E-066                  1.2943950971349956E-036                  3.3431559614928017E+000                  5.2415663732717155E-001                 -1.7707938439318220E+001                  5.0000000000000000E-001                  0.0000000000000000E+000                  0.0000000000000000E+000 
                                     841                  1.2003032659429494E-004                 -2.6561264825385167E+000                  8.5469867003115496E+000                  4.1966312808498998E+000                  2.0483155218793648E+001                  0.0000000000000000E+000                  4.8763847747621035E-017                  1.0000000000000000E+000                  2.2073617744001917E-003                 -5.7478684709323060E-013                  0.0000000000000000E+000                  3.0878275002882874E-066                  1.3181948311269902E-036                  1.9587778174763899E+000                  2.9198517712985012E-001                 -1.7463677683624859E+001                  5.0000000000000000E-001                  0.0000000000000000E+000                  0.0000000000000000E+000 
                                     842                  6.0015163189021717E-005                 -2.7565333243832173E+000                  8.5470861971780643E+000                  4.1968923121805917E+000                  2.0483522232078673E+001                  0.0000000000000000E+000                  4.8940860862651958E-017                  1.0000000000000000E+000                  1.7517280150579921E-003                 -4.5614380222920186E-013                  0.0000000000000000E+000                  3.2242794451775431E-066                  1.3371114163426516E-036                  9.7958921581863045E-001                 -8.9560046173935790E-003                 -1.7479770383176284E+001                  4.9999999999999994E-001                  0.0000000000000000E+000                  0.0000000000000000E+000 
                                     843                  3.0007581488123402E-005                 -2.8569166489276601E+000                  8.5471488582351220E+000                  4.1970566954790209E+000                  2.0483753361922833E+001                  0.0000000000000000E+000                  4.9052617512068056E-017                  1.0000000000000000E+000                  1.3902194206048286E-003                 -3.6200917345548423E-013                  0.0000000000000000E+000                  3.3132716175872673E-066                  1.3491589412470128E-036                  4.8985766541836756E-001                 -3.0993009161049750E-001                 -1.8292402759645579E+001                  5.0000000000000000E-001                  0.0000000000000000E+000                  0.0000000000000000E+000 
                                     844                  1.5003790637480711E-005                 -2.9572851650327556E+000                  8.5471883250697704E+000                  4.1971602281999800E+000                  2.0483898935229846E+001                  0.0000000000000000E+000                  4.9123117346670502E-017                  1.0000000000000000E+000                  1.1033539013403143E-003                 -2.8731067546860837E-013                  0.0000000000000000E+000                  3.3705729943573037E-066                  1.3568007708038587E-036                  2.4494869179311368E-001                 -6.1092487565467679E-001                 -1.8020270449727803E+001                  4.9999999999999994E-001                  0.0000000000000000E+000                  0.0000000000000000E+000 
                                     845                  7.5018952121593651E-006                 -3.0576443518037841E+000                  8.5472131847767603E+000                  4.1972254408870082E+000                  2.0483990629007533E+001                  0.0000000000000000E+000                  4.9167568260631573E-017                  1.0000000000000000E+000                  8.7570060186466562E-004                 -2.2803054179488991E-013                  0.0000000000000000E+000                  3.4071717094286501E-066                  1.3616357185175172E-036                  1.2248060379724342E-001                 -9.1193268134666139E-001                 -2.0225475779988141E+001                  5.0000000000000000E-001                  0.0000000000000000E+000                  0.0000000000000000E+000 
                                     846                  3.7509474994986923E-006                 -3.1579976548459925E+000                  8.5472288442818485E+000                  4.1972665187900100E+000                  2.0484048387832374E+001                  0.0000000000000000E+000                  4.9195585949561181E-017                  1.0000000000000000E+000                  6.9502807067232030E-004                 -1.8098392101783166E-013                  0.0000000000000000E+000                  3.4304285938731169E-066                  1.3646898623148656E-036                  6.1242274911705828E-002                 -1.2129486853276203E+000                 -1.9133738629094257E+001                  5.0000000000000011E-001                  0.0000000000000000E+000                  0.0000000000000000E+000 
                                     847                  1.8754736440364152E-006                 -3.2583472359240782E+000                  8.5472387087007480E+000                  4.1972923948430561E+000                  2.0484084771760035E+001                  0.0000000000000000E+000                  4.9213242084455763E-017                  1.0000000000000000E+000                  5.5163620755478574E-004                 -1.4364501984950941E-013                  0.0000000000000000E+000                  3.4451599019071401E-066                  1.3666171597258798E-036                  3.0621758386601458E-002                 -1.5139698745237153E+000                 -1.9120571793463270E+001                  5.0000000000000000E-001                  0.0000000000000000E+000                  0.0000000000000000E+000 
                                     848                  9.3773674387064486E-007                 -3.3586944364194156E+000                  8.5472449227108314E+000                  4.1973086951671990E+000                  2.0484107691446557E+001                  0.0000000000000000E+000                  4.9224367166340548E-017                  1.0000000000000000E+000                  4.3783004796928599E-004                 -1.1401012723137734E-013                  0.0000000000000000E+000                  3.4544720822049177E-066                  1.3678325945640252E-036                  1.5311072041769130E-002                 -1.8149944000577869E+000                 -1.9572060937738154E+001                  4.9999999999999994E-001                  0.0000000000000000E+000                  0.0000000000000000E+000 
                                     849                  4.6886836715797032E-007                 -3.4590400493599587E+000                  8.5472501420362601E+000                  4.1973223861571345E+000                  2.0484126942244448E+001                  0.0000000000000000E+000                  4.9233713082638278E-017                  1.0000000000000000E+000                  3.4750411415809893E-004                 -9.0489404309256366E-014                  0.0000000000000000E+000                  3.4623130078818981E-066                  1.3688542796814097E-036                  7.6555926926276645E-003                 -2.1160211807758591E+000                 -1.9892924036694694E+001                  5.0000000000000000E-001                  0.0000000000000000E+000                  0.0000000000000000E+000 
