                                       1                                        2                                        3                                        4                                        5                                        6                                        7                                        8                                        9                                       10                                       11                                       12                                       13                                       14                                       15                                       16                                       17                                       18                                       19                                       20                                       21                                       22                                       23                                       24                                       25                                       26                                       27                                       28                                       29                                       30                                       31                                       32                                       33                                       34                                       35                                       36                                       37                                       38                                       39                                       40                                       41                                       42                                       43                                       44                                       45                                       46                                       47                                       48                                       49 
                            model_number                                num_zones                             initial_mass                                initial_z                                 star_age                                time_step                                     Teff                            photosphere_L                            photosphere_r                               center_eta                                center_h1                               center_he3                               center_he4                               center_c12                               center_n14                               center_o16                              center_ne20                                star_mass                                star_mdot                             star_mass_h1                            star_mass_he3                            star_mass_he4                            star_mass_c12                            star_mass_n14                            star_mass_o16                           star_mass_ne20                             he_core_mass                             co_core_mass                             fe_core_mass                   neutron_rich_core_mass                             dynamic_time                             kh_timescale                            nuc_timescale                           power_nuc_burn                             power_h_burn                            power_he_burn                                power_neu                                burn_min1                                burn_min2                             time_seconds                           version_number                                 compiler                                    build                         MESA_SDK_version                             math_backend                                     date                                     msun                                     rsun                                     lsun 
                                    1103                                     1076                  1.2000000000000000E+001                  2.0000000000000000E-002                  1.7885239406305224E+007                  1.2946054294244854E+002                  3.3593267404202643E+003                  3.1859794263055333E+004                  5.2695089978789940E+002                 -2.5580012433318822E+000                  0.0000000000000000E+000                  0.0000000000000000E+000                  9.4251477695462276E-008                  3.4380758483060347E-001                  0.0000000000000000E+000                  6.3162211916505817E-001                  2.0436695803310190E-002                  1.2000000000000000E+001                  0.0000000000000000E+000                  5.8363234008407030E+000                  2.0273399774309317E-004                  4.0553565323397187E+000                  6.8323564085777422E-001                  4.6408924668885014E-002                  1.2691761922103961E+000                  6.0280082778770804E-002                  3.4893343843111242E+000                  1.9093507657799222E+000                  0.0000000000000000E+000                  0.0000000000000000E+000                  3.4947946241952986E+007                  2.0199019242224705E+002                  3.7665026650580787E+006                  1.4224055091582331E+004                  1.0216371214130322E+004                  1.1323666784774537E+003                  9.3072034059018722E+002                  5.0000000000000000E+001                  1.0000000000000000E+003                  5.6441523108841775E+014                                "027d9db"                               "gfortran"                                 "13.3.0"                   "x86_64-linux-25.12.1"                                 "CRMATH"                               "20260324"                  1.9884098706980504E+033                  6.9570000000000000E+010                  3.8280000000000003E+033 

                                       1                                        2                                        3                                        4                                        5                                        6                                        7                                        8                                        9                                       10                                       11                                       12                                       13                                       14                                       15                                       16                                       17                                       18                                       19                                       20 
                                    zone                                     mass                                     logR                                     logT                                   logRho                                     logP                        x_mass_fraction_H                       y_mass_fraction_He                   z_mass_fraction_metals                                   radius                                 v_div_cs                                       pp                                      cno                                tri_alpha                               luminosity                                     logL                            log_rel_E_err                            zbar_div_abar                                dvdt_drag                        FdotV_drag_energy 
                                       1                  1.2000000000000000E+001                  2.7217701504220231E+000                  3.5262522471189937E+000                 -8.5499376544113961E+000                  2.7792550162403984E+000                  7.0000000000000007E-001                  2.8000000000000003E-001                  1.9999999999999907E-002                  5.2695089978789940E+002                  4.9816603980729951E-005                  4.1336572869146364E-028                  0.0000000000000000E+000                  0.0000000000000000E+000                  3.1859794263055333E+004                  4.5032429669858818E+000                 -1.8284358104053140E+001                  8.5000496627254196E-001                  0.0000000000000000E+000                  1.9441522297026552E-007 
                                       2                  1.1999999999976000E+001                  2.7217701504101486E+000                  3.5262522477498970E+000                 -8.5499376500110902E+000                  2.7792550212849263E+000                  7.0000000000000018E-001                  2.8000000000000003E-001                  1.9999999999999796E-002                  5.2695089977349176E+002                  4.9816603967141570E-005                  4.1336573287993345E-028                  0.0000000000000000E+000                  0.0000000000000000E+000                  3.1859794263055544E+004                  4.5032429669858844E+000                 -1.9262604128940367E+001                  8.5000496627254196E-001                 -6.8983374996354400E-009                  1.9441522300687595E-007 
                                       3                  1.1999999999899838E+001                  2.7217701503724627E+000                  3.5262522495089081E+000                 -8.5499376377426586E+000                  2.7792550353495020E+000                  7.0000000000000007E-001                  2.8000000000000008E-001                  1.9999999999999796E-002                  5.2695089972776555E+002                  4.9816603873444846E-005                  4.1336574455774554E-028                  0.0000000000000000E+000                  0.0000000000000000E+000                  3.1859794263055552E+004                  4.5032429669858844E+000                 -1.8255462267718006E+001                  8.5000496627254207E-001                 -6.8983375006171578E-009                  1.9441522310757694E-007 
                                       4                  1.1999999999696742E+001                  2.7217701502719658E+000                  3.5262522541463017E+000                 -8.5499376053986111E+000                  2.7792550724288367E+000                  7.0000000000000007E-001                  2.8000000000000008E-001                  1.9999999999999796E-002                  5.2695089960582777E+002                  4.9816603623395624E-005                  4.1336577534470759E-028                  0.0000000000000000E+000                  0.0000000000000000E+000                  3.1859794263055559E+004                  4.5032429669858844E+000                 -1.7976587517800166E+001                  8.5000496627254207E-001                 -6.8983375032085625E-009                  1.9441522337027971E-007 
                                       5                  1.1999999999163609E+001                  2.7217701500081657E+000                  3.5262522677386641E+000                 -8.5499375105971112E+000                  2.7792551811096291E+000                  7.0000000000000007E-001                  2.8000000000000003E-001                  1.9999999999999907E-002                  5.2695089928574635E+002                  4.9816602966492849E-005                  4.1336586558234907E-028                  0.0000000000000000E+000                  0.0000000000000000E+000                  3.1859794263055599E+004                  4.5032429669858853E+000                 -1.8743805077680303E+001                  8.5000496627254196E-001                 -6.8983375099385081E-009                  1.9441522413647104E-007 
                                       6                  1.1999999997538831E+001                  2.7217701492042039E+000                  3.5262523009999889E+000                 -8.5499372786123971E+000                  2.7792554470578064E+000                  7.0000000000000018E-001                  2.8000000000000003E-001                  1.9999999999999796E-002                  5.2695089831025962E+002                  4.9816600964113602E-005                  4.1336608639912403E-028                  0.0000000000000000E+000                  0.0000000000000000E+000                  3.1859794263055705E+004                  4.5032429669858871E+000                 -1.8185430258572104E+001                  8.5000496627254196E-001                 -6.8983375303949427E-009                  1.9441522601010482E-007 
                                       7                  1.1999999993883078E+001                  2.7217701473952891E+000                  3.5262523547298725E+000                 -8.5499369038682502E+000                  2.7792558766660616E+000                  7.0000000000000018E-001                  2.7999999999999992E-001                  1.9999999999999907E-002                  5.2695089611541414E+002                  4.9816596458740145E-005                  4.1336644310302030E-028                  0.0000000000000000E+000                  0.0000000000000000E+000                  3.1859794263055937E+004                  4.5032429669858898E+000                 -1.8418644796068204E+001                  8.5000496627254196E-001                 -6.8983375764197129E-009                  1.9441522903612989E-007 
                                       8                  1.1999999989008741E+001                  2.7217701449834060E+000                  3.5262524238112407E+000                 -8.5499364220550493E+000                  2.7792564290189223E+000                  7.0000000000000018E-001                  2.7999999999999997E-001                  1.9999999999999796E-002                  5.2695089318895725E+002                  4.9816590451420862E-005                  4.1336690172210029E-028                  0.0000000000000000E+000                  0.0000000000000000E+000                  3.1859794263056250E+004                  4.5032429669858942E+000                 -1.8336734731590699E+001                  8.5000496627254196E-001                 -6.8983376377658665E-009                  1.9441523292661665E-007 
                                       9                  1.1999999982915819E+001                  2.7217701419685540E+000                  3.5262525235955962E+000                 -8.5499357261040316E+000                  2.7792572268607239E+000                  7.0000000000000018E-001                  2.8000000000000003E-001                  1.9999999999999796E-002                  5.2695088953088907E+002                  4.9816582942368475E-005                  4.1336756417146368E-028                  0.0000000000000000E+000                  0.0000000000000000E+000                  3.1859794263056639E+004                  4.5032429669858995E+000                 -1.8117623930246086E+001                  8.5000496627254196E-001                 -6.8983377144638925E-009                  1.9441523854600922E-007 
                                      10                  1.1999999973167142E+001                  2.7217701371447984E+000                  3.5262527385162792E+000                 -8.5499342271380687E+000                  2.7792589452843162E+000                  7.0000000000000007E-001                  2.8000000000000003E-001                  1.9999999999999907E-002                  5.2695088367798860E+002                  4.9816570927673443E-005                  4.1336899098388635E-028                  0.0000000000000000E+000                  0.0000000000000000E+000                  3.1859794263057272E+004                  4.5032429669859084E+000                 -1.9109040378666897E+001                  8.5000496627254196E-001                 -6.8983378371559374E-009                  1.9441525064773900E-007 
                                      11                  1.1999999948795457E+001                  2.7217701250854529E+000                  3.5262530916025390E+000                 -8.5499317645679671E+000                  2.7792617683943357E+000                  7.0000000000000018E-001                  2.8000000000000003E-001                  1.9999999999999796E-002                  5.2695086904579102E+002                  4.9816540890597169E-005                  4.1337133502753147E-028                  0.0000000000000000E+000                  0.0000000000000000E+000                  3.1859794263058840E+004                  4.5032429669859297E+000                 -1.8286182989422691E+001                  8.5000496627254196E-001                 -6.8983381438634525E-009                  1.9441527052829025E-007 
                                      12                  1.1999999917112264E+001                  2.7217701094083888E+000                  3.5262535982087444E+000                 -8.5499282313510552E+000                  2.7792658189120130E+000                  7.0000000000000007E-001                  2.7999999999999997E-001                  2.0000000000000018E-002                  5.2695085002403823E+002                  4.9816501841908949E-005                  4.1337469820968679E-028                  0.0000000000000000E+000                  0.0000000000000000E+000                  3.1859794263060881E+004                  4.5032429669859573E+000                 -1.8657981480519659E+001                  8.5000496627254185E-001                 -6.8983385425674599E-009                  1.9441529905156732E-007 
                                      13                  1.1999999868368889E+001                  2.7217700852900237E+000                  3.5262541969329209E+000                 -8.5499240557868212E+000                  2.7792706058397938E+000                  7.0000000000000007E-001                  2.8000000000000003E-001                  1.9999999999999907E-002                  5.2695082076004041E+002                  4.9816441766044717E-005                  4.1337867286171330E-028                  0.0000000000000000E+000                  0.0000000000000000E+000                  3.1859794263064017E+004                  4.5032429669859999E+000                 -1.8235091635201879E+001                  8.5000496627254196E-001                 -6.8983391559403675E-009                  1.9441533276046800E-007 
                                      14                  1.1999999822062682E+001                  2.7217700623777912E+000                  3.5262551794661294E+000                 -8.5499172037035454E+000                  2.7792784611983072E+000                  7.0000000000000007E-001                  2.8000000000000003E-001                  1.9999999999999907E-002                  5.2695079295950450E+002                  4.9816384693039663E-005                  4.1338519533172401E-028                  0.0000000000000000E+000                  0.0000000000000000E+000                  3.1859794263067004E+004                  4.5032429669860408E+000                 -1.8479772390676576E+001                  8.5000496627254196E-001                 -6.8983397386431310E-009                  1.9441538807432271E-007 
                                      15                  1.1999999712390089E+001                  2.7217700081128227E+000                  3.5262570064163516E+000                 -8.5499044635365831E+000                  2.7792930668850184E+000                  7.0000000000000007E-001                  2.8000000000000003E-001                  1.9999999999999907E-002                  5.2695072711716125E+002                  4.9816249515711327E-005                  4.1339732291805336E-028                  0.0000000000000000E+000                  0.0000000000000000E+000                  3.1859794263074069E+004                  4.5032429669861367E+000                 -1.8222100744397068E+001                  8.5000496627254196E-001                 -6.8983411186132822E-009                  1.9441549091398647E-007 
                                      16                  1.1999999532039606E+001                  2.7217699188796725E+000                  3.5262588795147067E+000                 -8.5498914027813875E+000                  2.7793080402844867E+000                  7.0000000000000018E-001                  2.8000000000000003E-001                  1.9999999999999796E-002                  5.2695061884622851E+002                  4.9816027211177897E-005                  4.1340975604723768E-028                  0.0000000000000000E+000                  0.0000000000000000E+000                  3.1859794263085685E+004                  4.5032429669862957E+000                 -1.8364694714190161E+001                  8.5000496627254196E-001                 -6.8983433876490067E-009                  1.9441559633848260E-007 
                                      17                  1.1999999415055507E+001                  2.7217698610004182E+000                  3.5262608447910355E+000                 -8.5498777003015949E+000                  2.7793237495339360E+000                  7.0000000000000007E-001                  2.8000000000000008E-001                  1.9999999999999796E-002                  5.2695054861851906E+002                  4.9815883005417764E-005                  4.1342280046531584E-028                  0.0000000000000000E+000                  0.0000000000000000E+000                  3.1859794263093219E+004                  4.5032429669863978E+000                 -1.9098646079965544E+001                  8.5000496627254207E-001                 -6.8983448593346380E-009                  1.9441570693474197E-007 
                                      18                  1.1999999220082010E+001                  2.7217697645379908E+000                  3.5262628101702540E+000                 -8.5498639984838007E+000                  2.7793394582288755E+000                  7.0000000000000007E-001                  2.8000000000000003E-001                  1.9999999999999907E-002                  5.2695043157599218E+002                  4.9815642647683736E-005                  4.1343584466476318E-028                  0.0000000000000000E+000                  0.0000000000000000E+000                  3.1859794263105785E+004                  4.5032429669865692E+000                 -1.8702002873737271E+001                  8.5000496627254196E-001                 -6.8983473118759436E-009                  1.9441581752272233E-007 
                                      19                  1.1999999103097911E+001                  2.7217697066623283E+000                  3.5262652669656114E+000                 -8.5498468720746565E+000                  2.7793590933088321E+000                  7.0000000000000007E-001                  2.8000000000000003E-001                  1.9999999999999907E-002                  5.2695036135266594E+002                  4.9815498424395740E-005                  4.1345214967113651E-028                  0.0000000000000000E+000                  0.0000000000000000E+000                  3.1859794263113323E+004                  4.5032429669866723E+000                 -1.8248552795123647E+001                  8.5000496627254196E-001                 -6.8983487832669786E-009                  1.9441595573711907E-007 
                                      20                  1.1999998830135015E+001                  2.7217695716243520E+000                  3.5262678467912063E+000                 -8.5498288904742719E+000                  2.7793797092125865E+000                  7.0000000000000007E-001                  2.8000000000000003E-001                  1.9999999999999907E-002                  5.2695019750462620E+002                  4.9815161877566178E-005                  4.1346926954478643E-028                  0.0000000000000000E+000                  0.0000000000000000E+000                  3.1859794263130920E+004                  4.5032429669869121E+000                 -1.8033320340084362E+001                  8.5000496627254196E-001                 -6.8983522160590959E-009                  1.9441610085047566E-007 
                                      21                  1.1999998693653566E+001                  2.7217695041081122E+000                  3.5262694131687771E+000                 -8.5498179736011206E+000                  2.7793922255414905E+000                  7.0000000000000007E-001                  2.8000000000000003E-001                  1.9999999999999907E-002                  5.2695011558396050E+002                  4.9814993590711688E-005                  4.1347966359780316E-028                  0.0000000000000000E+000                  0.0000000000000000E+000                  3.1859794263139713E+004                  4.5032429669870320E+000                 -1.8598535220933918E+001                  8.5000496627254196E-001                 -6.8983539322408246E-009                  1.9441618894406783E-007 
                                      22                  1.1999998581543805E+001                  2.7217694486497153E+000                  3.5262718703006173E+000                 -8.5498008498829901E+000                  2.7794118582817653E+000                  7.0000000000000007E-001                  2.8000000000000003E-001                  1.9999999999999907E-002                  5.2695004829365848E+002                  4.9814855348373416E-005                  4.1349596777007037E-028                  0.0000000000000000E+000                  0.0000000000000000E+000                  3.1859794263146945E+004                  4.5032429669871306E+000                 -1.8282121161068073E+001                  8.5000496627254196E-001                 -6.8983553418323094E-009                  1.9441632711170721E-007 
                                      23                  1.1999998303706571E+001                  2.7217693112146657E+000                  3.5262761398801947E+000                 -8.5497710998177681E+000                  2.7794459680998136E+000                  7.0000000000000007E-001                  2.8000000000000003E-001                  1.9999999999999907E-002                  5.2694988153723523E+002                  4.9814512722097066E-005                  4.1352429551778265E-028                  0.0000000000000000E+000                  0.0000000000000000E+000                  3.1859794263164862E+004                  4.5032429669873748E+000                 -1.9094220621608127E+001                  8.5000496627254196E-001                 -6.8983588347602074E-009                  1.9441656713909803E-007 
                                      24                  1.1999997904010900E+001                  2.7217691135144002E+000                  3.5262836354542824E+000                 -8.5497188838590663E+000                  2.7795058379560298E+000                  7.0000000000000007E-001                  2.8000000000000003E-001                  1.9999999999999907E-002                  5.2694964165827707E+002                  4.9814019756294604E-005                  4.1357401978209347E-028                  0.0000000000000000E+000                  0.0000000000000000E+000                  3.1859794263190637E+004                  4.5032429669877265E+000                 -1.8584744931525179E+001                  8.5000496627254196E-001                 -6.8983638585761153E-009                  1.9441698833792768E-007 
                                      25                  1.1999997114368236E+001                  2.7217687229819885E+000                  3.5262950040658261E+000                 -8.5496397218221283E+000                  2.7795966087900030E+000                  7.0000000000000007E-001                  2.8000000000000003E-001                  1.9999999999999907E-002                  5.2694916780739845E+002                  4.9813045622721806E-005                  4.1364941568823076E-028                  0.0000000000000000E+000                  0.0000000000000000E+000                  3.1859794263241587E+004                  4.5032429669884202E+000                 -1.8759279262042149E+001                  8.5000496627254196E-001                 -6.8983737798838617E-009                  1.9441762675327300E-007 
                                      26                  1.1999996100506047E+001                  2.7217682216475056E+000                  3.5263112316664653E+000                 -8.5495267921862172E+000                  2.7797261089653342E+000                  7.0000000000000007E-001                  2.8000000000000003E-001                  1.9999999999999907E-002                  5.2694855951591148E+002                  4.9811794444687425E-005                  4.1375699649239089E-028                  0.0000000000000000E+000                  0.0000000000000000E+000                  3.1859794263307049E+004                  4.5032429669893128E+000                 -1.9392589802300684E+001                  8.5000496627254196E-001                 -6.8983865110227242E-009                  1.9441853710799477E-007 
                                      27                  1.1999994540718067E+001                  2.7217674505608240E+000                  3.5263359519619595E+000                 -8.5493549144416257E+000                  2.7799232296495662E+000                  7.0000000000000007E-001                  2.8000000000000008E-001                  1.9999999999999796E-002                  5.2694762392342216E+002                  4.9809868594521582E-005                  4.1392078707237181E-028                  0.0000000000000000E+000                  0.0000000000000000E+000                  3.1859794263407854E+004                  4.5032429669906868E+000                 -1.8836441347401667E+001                  8.5000496627254196E-001                 -6.8984060812967271E-009                  1.9441992184407076E-007 
                                      28                  1.1999992181538747E+001                  2.7217662847458985E+000                  3.5263690559281913E+000                 -8.5491250476293459E+000                  2.7801869007911977E+000                  6.9999999999999996E-001                  2.8000000000000019E-001                  1.9999999999999796E-002                  5.2694620939340632E+002                  4.9806953527442094E-005                  4.1413993957665960E-028                  0.0000000000000000E+000                  0.0000000000000000E+000                  3.1859794263560532E+004                  4.5032429669927687E+000                 -1.8896720954734192E+001                  8.5000496627254207E-001                 -6.8984356443918526E-009                  1.9442177243248032E-007 
                                      29                  1.1999989295930984E+001                  2.7217648595322372E+000                  3.5264132688712544E+000                 -8.5488185531182577E+000                  2.7805385443786186E+000                  6.9999999999999851E-001                  2.8000000000000158E-001                  1.9999999999999907E-002                  5.2694448012965688E+002                  4.9803384366025997E-005                  4.1443232860435190E-028                  0.0000000000000000E+000                  0.0000000000000000E+000                  3.1859794263747637E+004                  4.5032429669953187E+000                 -1.9107784557715853E+001                  8.5000496627254141E-001                 -6.8984717438284756E-009                  1.9442423710366623E-007 
                                      30                  1.1999985181990189E+001                  2.7217628290490152E+000                  3.5264652562500958E+000                 -8.5484589721031838E+000                  2.7809512147946394E+000                  6.9999999999999152E-001                  2.8000000000000863E-001                  1.9999999999999796E-002                  5.2694201648006197E+002                  4.9798288992239766E-005                  4.1477562416761641E-028                  0.0000000000000000E+000                  0.0000000000000000E+000                  3.1859794264015054E+004                  4.5032429669989638E+000                 -1.8700595827089543E+001                  8.5000496627253896E-001                 -6.8985230952804677E-009                  1.9442712558702184E-007 
                                      31                  1.1999981074548506E+001                  2.7217608034229510E+000                  3.5265424245585724E+000                 -8.5479265773415101E+000                  2.7815624153838803E+000                  6.9999999999998219E-001                  2.8000000000001785E-001                  2.0000000000000018E-002                  5.2693955873528660E+002                  4.9793193629255000E-005                  4.1528442902340328E-028                  0.0000000000000000E+000                  0.0000000000000000E+000                  3.1859794264282835E+004                  4.5032429670026142E+000                 -1.8335702317341934E+001                  8.5000496627253586E-001                 -6.8985742316737112E-009                  1.9443139211863469E-007 
                                      32                  1.1999972991272257E+001                  2.7217568218753860E+000                  3.5266599245767458E+000                 -8.5471195326639240E+000                  2.7824894589285627E+000                  6.9999999999997564E-001                  2.8000000000002456E-001                  1.9999999999999796E-002                  5.2693472785350662E+002                  4.9783142689995827E-005                  4.1605690477928040E-028                  0.0000000000000000E+000                  0.0000000000000000E+000                  3.1859794264812077E+004                  4.5032429670098288E+000                 -1.8433694931483615E+001                  8.5000496627253386E-001                 -6.8986744767403288E-009                  1.9443784488344965E-007 
                                      33                  1.1999962552066245E+001                  2.7217516892616529E+000                  3.5268828602232531E+000                 -8.5455983146543364E+000                  2.7842383654333860E+000                  6.9999999999995721E-001                  2.8000000000004283E-001                  2.0000000000000018E-002                  5.2692850042821863E+002                  4.9770116670382488E-005                  4.1751687204801639E-028                  0.0000000000000000E+000                  0.0000000000000000E+000                  3.1859794265500004E+004                  4.5032429670192062E+000                 -1.8208829777547685E+001                  8.5000496627252764E-001                 -6.8988031802235264E-009                  1.9444992997009747E-007 
                                      34                  1.1999937941622715E+001                  2.7217396307107014E+000                  3.5271921601025897E+000                 -8.5435150178900123E+000                  2.7866375985319052E+000                  6.9999999999991847E-001                  2.8000000000008152E-001                  2.0000000000000018E-002                  5.2691387001907481E+002                  4.9739202616906711E-005                  4.1952460243212463E-028                  0.0000000000000000E+000                  0.0000000000000000E+000                  3.1859794267141322E+004                  4.5032429670415794E+000                 -1.8002153580050159E+001                  8.5000496627251465E-001                 -6.8991032515161750E-009                  1.9446640878542476E-007 
                                      35                  1.1999914244348959E+001                  2.7217280742141621E+000                  3.5276627985371292E+000                 -8.5403917809293848E+000                  2.7902416196335853E+000                  6.9999999999977125E-001                  2.8000000000022890E-001                  1.9999999999999796E-002                  5.2689984912414661E+002                  4.9709167072048560E-005                  4.2255265336434744E-028                  0.0000000000000000E+000                  0.0000000000000000E+000                  3.1859794268747093E+004                  4.5032429670634686E+000                 -1.8543194754814344E+001                  8.5000496627246569E-001                 -6.8993878254913058E-009                  1.9449076219263472E-007 
                                      36                  1.1999864880162187E+001                  2.7217041702599563E+000                  3.5282589172100458E+000                 -8.5365371154272278E+000                  2.7947053952837080E+000                  6.9999999999737816E-001                  2.8000000000262187E-001                  2.0000000000000018E-002                  5.2687084888634467E+002                  4.9645754231205536E-005                  4.2631999191226546E-028                  0.0000000000000000E+000                  0.0000000000000000E+000                  3.1859794272169922E+004                  4.5032429671101264E+000                 -1.9470727711479473E+001                  8.5000496627166799E-001                 -6.8999672211977655E-009                  1.9452058770262451E-007 
                                      37                  1.1999822928929596E+001                  2.7216840323736640E+000                  3.5288729995634225E+000                 -8.5326625510898602E+000                  2.7992073848117460E+000                  6.9999969731171763E-001                  2.8000030059765957E-001                  2.0000002090622804E-002                  5.2684641887467899E+002                  4.9590979806115302E-005                  4.3014025677378010E-028                  0.0000000000000000E+000                  0.0000000000000000E+000                  3.1859794275157852E+004                  4.5032429671508565E+000                 -1.8806076517183879E+001                  8.5000486471747472E-001                 -6.9004458668155549E-009                  1.9455005064659745E-007 
                                      38                  1.1999771844356745E+001                  2.7216597242728131E+000                  3.5297199488700213E+000                 -8.5274713060349452E+000                  2.8052600776979681E+000                  6.9999100168780071E-001                  2.8000408494370532E-001                  2.0004913368493971E-002                  5.2681693133104181E+002                  4.9523302680293373E-005                  4.3530215526895859E-028                  0.0000000000000000E+000                  0.0000000000000000E+000                  3.1859794278890109E+004                  4.5032429672017322E+000                 -1.7973666991402997E+001                  8.5000076364195554E-001                 -6.9010123139419099E-009                  1.9458873592562055E-007 
                                      39                  1.1999696345223231E+001                  2.7216242182763049E+000                  3.5309813284371088E+000                 -8.5200039878950715E+000                  2.8139372044841484E+000                  6.9982872752687175E-001                  2.8006333915332254E-001                  2.0107933319805760E-002                  5.2677386286874491E+002                  4.9422876402109009E-005                  4.4264661321641972E-028                  0.0000000000000000E+000                  0.0000000000000000E+000                  3.1859794284584463E+004                  4.5032429672793546E+000                 -1.8416530788523797E+001                  8.4991914598019913E-001                 -6.9018179612840483E-009                  1.9464249861536820E-007 
                                      40                  1.1999587328183242E+001                  2.7215738083944916E+000                  3.5324528838688849E+000                 -8.5118753380211185E+000                  2.8235417792137079E+000                  6.9976878738697568E-001                  2.8009198879881680E-001                  2.0139223814207519E-002                  5.2671272217228568E+002                  4.9273724750718906E-005                  4.5093280465232723E-028                  0.0000000000000000E+000                  0.0000000000000000E+000                  3.1859794293150888E+004                  4.5032429673961270E+000                 -1.8646237213635253E+001                  8.4988897347216386E-001                 -6.9029189456222240E-009                  1.9470021648874114E-007 
                                      41                  1.1999487857052008E+001                  2.7215286505657326E+000                  3.5344214613693117E+000                 -8.5016330326788569E+000                  2.8357405574741481E+000                  6.9963926344589966E-001                  2.8020805275397814E-001                  2.0152683800122251E-002                  5.2665795756587818E+002                  4.9131827044305620E-005                  4.6152358523037580E-028                  0.0000000000000000E+000                  0.0000000000000000E+000                  3.1859794301279871E+004                  4.5032429675069370E+000                 -1.8872301646085610E+001                  8.4982411339011543E-001                 -6.9038645993258255E-009                  1.9476961038262451E-007 
                                      42                  1.1999315903281717E+001                  2.7214523746307093E+000                  3.5367736426993068E+000                 -8.4903513638305697E+000                  2.8492259125325643E+000                  6.9916333675917297E-001                  2.8068260664424688E-001                  2.0154056596580094E-002                  5.2656546778682514E+002                  4.8881610708245010E-005                  4.7302611971552034E-028                  0.0000000000000000E+000                  0.0000000000000000E+000                  3.1859794315937994E+004                  4.5032429677067478E+000                 -1.8232829080388722E+001                  8.4958609747931169E-001                 -6.9053791416237993E-009                  1.9484363890773594E-007 
                                      43                  1.1999179010971552E+001                  2.7213931808024889E+000                  3.5398014655070309E+000                 -8.4696694841139948E+000                  2.8654859322822204E+000                  6.8146228250023522E-001                  2.9843149564918237E-001                  2.0106221850582418E-002                  5.2649370242239092E+002                  4.8815239849274854E-005                  4.7129653931760416E-028                  0.0000000000000000E+000                  0.0000000000000000E+000                  3.1859794328027205E+004                  4.5032429678715413E+000                 -1.8527079326923648E+001                  8.4073513979001036E-001                 -6.9064887146174298E-009                  1.9492555310364065E-007 
                                      44                  1.1998930735846036E+001                  2.7212907593046989E+000                  3.5427427999280194E+000                 -8.4583509921126829E+000                  2.8798067722881284E+000                  6.8146225217684164E-001                  2.9843152605392503E-001                  2.0106221769233379E-002                  5.2636955183395071E+002                  4.8671143633132903E-005                  4.8374149393409134E-028                  0.0000000000000000E+000                  0.0000000000000000E+000                  3.1859794350525844E+004                  4.5032429681782293E+000                 -1.7956478717775372E+001                  8.4073512462764510E-001                 -6.9082820877486572E-009                  1.9499547028236885E-007 
                                      45                  1.1998827951231570E+001                  2.7212494276141581E+000                  3.5455029928615174E+000                 -8.4484830845873855E+000                  2.8924894334609275E+000                  6.8146222290371317E-001                  2.9843155540545452E-001                  2.0106221690832315E-002                  5.2631945976711211E+002                  4.8501146150020128E-005                  4.9485934298453681E-028                  0.0000000000000000E+000                  0.0000000000000000E+000                  3.1859794359957312E+004                  4.5032429683067940E+000                 -1.8427638575418932E+001                  8.4073510999044143E-001                 -6.9089661783795113E-009                  1.9505292989497276E-007 
                                      46                  1.1998610139311049E+001                  2.7211637713218422E+000                  3.5505853636461859E+000                 -8.4325867109894723E+000                  2.9135625537907868E+000                  6.8146219250032825E-001                  2.9843158588966451E-001                  2.0106221610007191E-002                  5.2621566354167123E+002                  4.8133147693924875E-005                  5.1330917697085031E-028                  0.0000000000000000E+000                  0.0000000000000000E+000                  3.1859794380026557E+004                  4.5032429685803663E+000                 -1.8297428124712294E+001                  8.4073509478810027E-001                 -6.9103176634602509E-009                  1.9514392568203584E-007 
                                      47                  1.1998274540466673E+001                  2.7210364441249864E+000                  3.5571161449529716E+000                 -8.4159297294165878E+000                  2.9368593271039019E+000                  6.8146217076388660E-001                  2.9843160768369453E-001                  2.0106221552418813E-002                  5.2606140934937787E+002                  4.7542194557610080E-005                  5.3338029148091924E-028                  0.0000000000000000E+000                  0.0000000000000000E+000                  3.1859794410476112E+004                  4.5032429689954370E+000                 -1.8543496666393253E+001                  8.4073508391942675E-001                 -6.9121892172287395E-009                  1.9524074266422761E-007 
                                      48                  1.1997966990042078E+001                  2.7209240562016586E+000                  3.5670613961669093E+000                 -8.3954354472413826E+000                  2.9674376394077298E+000                  6.8146216258794445E-001                  2.9843161588121142E-001                  2.0106221530844071E-002                  5.2592529134083077E+002                  4.6985310614196153E-005                  5.5915533151526434E-028                  0.0000000000000000E+000                  0.0000000000000000E+000                  3.1859794436738204E+004                  4.5032429693534270E+000                 -1.8461902638282716E+001                  8.4073507983131179E-001                 -6.9137461655268907E-009                  1.9536187717127621E-007 
                                      49                  1.1997377181355978E+001                  2.7207182315017997E+000                  3.5786597466938823E+000                 -8.3793272834290704E+000                  2.9952736638939159E+000                  6.8146216258475789E-001                  2.9843161588440620E-001                  2.0106221530835855E-002                  5.2567609920790176E+002                  4.5873811891660082E-005                  5.8028537433370343E-028                  0.0000000000000000E+000                  0.0000000000000000E+000                  3.1859794479398905E+004                  4.5032429699349539E+000                 -1.8471591886520972E+001                  8.4073507982971840E-001                 -6.9164774284919555E-009                  1.9547579384646860E-007 
                                      50                  1.1997094923094471E+001                  2.7206232200163223E+000                  3.5871077929672968E+000                 -8.3700027707876412E+000                  3.0131211719795949E+000                  6.8146216258353376E-001                  2.9843161588563361E-001                  2.0106221530832635E-002                  5.2556110855931809E+002                  4.5327646997176715E-005                  5.9287988924550539E-028                  0.0000000000000000E+000                  0.0000000000000000E+000                  3.1859794492811419E+004                  4.5032429701177854E+000                 -1.8159653737309561E+001                  8.4073507982910634E-001                 -6.9177780294377085E-009                  1.9555331481640358E-007 
                                      51                  1.1996788407706156E+001                  2.7205221665273736E+000                  3.5966466221129210E+000                 -8.3617611429681737E+000                  3.0309718821401126E+000                  6.8146216258267656E-001                  2.9843161588649303E-001                  2.0106221530830415E-002                  5.2543883298948583E+002                  4.4734394658156384E-005                  6.0423915792512947E-028                  0.0000000000000000E+000                  0.0000000000000000E+000                  3.1859794501056753E+004                  4.5032429702301808E+000                 -1.7991310753677418E+001                  8.4073507982867757E-001                 -6.9192203080440036E-009                  1.9563604807834126E-007 
                                      52                  1.1996481892317840E+001                  2.7204229440425327E+000                  3.6059555981195515E+000                 -8.3552591851504090E+000                  3.0468400006800911E+000                  6.8146216258205328E-001                  2.9843161588711797E-001                  2.0106221530828750E-002                  5.2531880062980383E+002                  4.4140265806098283E-005                  6.1335405044927917E-028                  0.0000000000000000E+000                  0.0000000000000000E+000                  3.1859794502427481E+004                  4.5032429702488654E+000                 -1.8109641277822277E+001                  8.4073507982836593E-001                 -6.9207047433683687E-009                  1.9571387626577520E-007 
                                      53                  1.1996222403806765E+001                  2.7203401408591663E+000                  3.6161268671323739E+000                 -8.3490041558748072E+000                  3.0633189272566508E+000                  6.8146216258144199E-001                  2.9843161588773093E-001                  2.0106221530827084E-002                  5.2521865217213394E+002                  4.3647539507062991E-005                  6.2225252479172272E-028                  0.0000000000000000E+000                  0.0000000000000000E+000                  3.1859794499367737E+004                  4.5032429702071575E+000                 -1.9207629735585005E+001                  8.4073507982806039E-001                 -6.9219729643403434E-009                  1.9579741355060671E-007 
                                      54                  1.1995872248035292E+001                  2.7202299299269663E+000                  3.6302547805036243E+000                 -8.3409730572730556E+000                  3.0855388394284766E+000                  6.8146216258060044E-001                  2.9843161588857459E-001                  2.0106221530824975E-002                  5.2508538431914826E+002                  4.3013756885841725E-005                  6.3386720752891521E-028                  0.0000000000000000E+000                  0.0000000000000000E+000                  3.1859794491422985E+004                  4.5032429700988592E+000                 -1.7983652855626037E+001                  8.4073507982763951E-001                 -6.9236586445997464E-009                  1.9591055965380679E-007 
                                      55                  1.1995363721545486E+001                  2.7200726594948117E+000                  3.6419647192591373E+000                 -8.3343012473605285E+000                  3.1039634855410592E+000                  6.8146216257983105E-001                  2.9843161588934602E-001                  2.0106221530822976E-002                  5.2489527033383649E+002                  4.2163002740601524E-005                  6.4368076134599195E-028                  0.0000000000000000E+000                  0.0000000000000000E+000                  3.1859794476937579E+004                  4.5032429699014020E+000                 -1.8920041413936044E+001                  8.4073507982725482E-001                 -6.9259728064809161E-009                  1.9600415487573658E-007 
                                      56                  1.1995127196836874E+001                  2.7200005682931163E+000                  3.6539160370193100E+000                 -8.3274160235609465E+000                  3.1228392928395343E+000                  6.8146216257896353E-001                  2.9843161589021577E-001                  2.0106221530820756E-002                  5.2480814698348627E+002                  4.1798871671671396E-005                  6.5396755822019601E-028                  0.0000000000000000E+000                  0.0000000000000000E+000                  3.1859794470921170E+004                  4.5032429698193894E+000                 -1.8048142116346202E+001                  8.4073507982682105E-001                 -6.9269667009666134E-009                  1.9609261189241218E-007 
                                      57                  1.1994567443874461E+001                  2.7198325033472375E+000                  3.6659700322901441E+000                 -8.3195775244816339E+000                  3.1427680839037637E+000                  6.8146216257783687E-001                  2.9843161589134543E-001                  2.0106221530817647E-002                  5.2460509400365424E+002                  4.1022351249413976E-005                  6.6587885238606721E-028                  0.0000000000000000E+000                  0.0000000000000000E+000                  3.1859794460206609E+004                  4.5032429696733347E+000                 -1.8762392141105682E+001                  8.4073507982625773E-001                 -6.9290982534550725E-009                  1.9618304727381054E-007 
                                      58                  1.1994249399653782E+001                  2.7197386342445711E+000                  3.6765466104864539E+000                 -8.3123661517594698E+000                  3.1605872400517314E+000                  6.8146216257669623E-001                  2.9843161589248907E-001                  2.0106221530814761E-002                  5.2449171727426312E+002                  4.0631907680273748E-005                  6.7702869562223483E-028                  0.0000000000000000E+000                  0.0000000000000000E+000                  3.1859794457556360E+004                  4.5032429696372080E+000                 -1.8471129577918020E+001                  8.4073507982568729E-001                 -6.9301615750158749E-009                  1.9625531044935992E-007 
                                      59                  1.1993748408356920E+001                  2.7195930839511879E+000                  3.6867727952674421E+000                 -8.3049316476121433E+000                  3.1782790539129588E+000                  6.8146216257545500E-001                  2.9843161589373346E-001                  2.0106221530811541E-002                  5.2431596755700707E+002                  4.0084211706754664E-005                  6.8871902680079049E-028                  0.0000000000000000E+000                  0.0000000000000000E+000                  3.1859794457408501E+004                  4.5032429696351928E+000                 -1.8770899253024819E+001                  8.4073507982506668E-001                 -6.9316504784420105E-009                  1.9632422446434269E-007 
                                      60                  1.1993403382918885E+001                  2.7194944637734024E+000                  3.6972308297893055E+000                 -8.2974932423784722E+000                  3.1962108550766208E+000                  6.8146216257423597E-001                  2.9843161589495576E-001                  2.0106221530808321E-002                  5.2419691869601854E+002                  3.9746819214286023E-005                  7.0061751693595957E-028                  0.0000000000000000E+000                  0.0000000000000000E+000                  3.1859794457223736E+004                  4.5032429696326739E+000                 -1.8634563514819288E+001                  8.4073507982445705E-001                 -6.9325951602141452E-009                  1.9639262209960542E-007 
                                      61                  1.1992855799591045E+001                  2.7193404692107332E+000                  3.7074987572385969E+000                 -8.2912075814686883E+000                  3.2128057527955183E+000                  6.8146216257340675E-001                  2.9843161589578709E-001                  2.0106221530806101E-002                  5.2401107897525014E+002                  3.9250321851862245E-005                  7.1083218327795317E-028                  0.0000000000000000E+000                  0.0000000000000000E+000                  3.1859794449703568E+004                  4.5032429695301639E+000                 -1.8065659784046840E+001                  8.4073507982404250E-001                 -6.9340653130836774E-009                  1.9646120616385835E-007 
                                      62                  1.1992545012811824E+001                  2.7192542523161523E+000                  3.7159422588694779E+000                 -8.2870123322183655E+000                  3.2254854602157996E+000                  6.8146216257292758E-001                  2.9843161589626760E-001                  2.0106221530804769E-002                  5.2390706171123543E+002                  3.8981034846111224E-005                  7.1773251384899414E-028                  0.0000000000000000E+000                  0.0000000000000000E+000                  3.1859794431449252E+004                  4.5032429692813309E+000                 -1.8078524254868064E+001                  8.4073507982380302E-001                 -6.9350162458919886E-009                  1.9652551347245886E-007 
                                      63                  1.1992177999019487E+001                  2.7191533508093904E+000                  3.7247143424451736E+000                 -8.2841430483875982E+000                  3.2371786741837862E+000                  6.8146216257264014E-001                  2.9843161589655587E-001                  2.0106221530803992E-002                  5.2378535426694975E+002                  3.8666680942025082E-005                  7.2249043644203714E-028                  0.0000000000000000E+000                  0.0000000000000000E+000                  3.1859794389093429E+004                  4.5032429687039608E+000                 -1.9381020030326315E+001                  8.4073507982365936E-001                 -6.9363349685896676E-009                  1.9659749229397918E-007 
                                      64                  1.1991902738675236E+001                  2.7190781272598130E+000                  3.7338185970619264E+000                 -8.2824792885039304E+000                  3.2480128359496998E+000                  6.8146216257245495E-001                  2.9843161589674139E-001                  2.0106221530803658E-002                  5.2369463798316701E+002                  3.8431795434362710E-005                  7.2526376128673125E-028                  0.0000000000000000E+000                  0.0000000000000000E+000                  3.1859794333854315E+004                  4.5032429679509729E+000                 -1.8308520865207157E+001                  8.4073507982356677E-001                 -6.9375562611939009E-009                  1.9668496401803229E-007 
                                      65                  1.1991567685825604E+001                  2.7189868611661949E+000                  3.7439194174137129E+000                 -8.2825045909413060E+000                  3.2581811038215784E+000                  6.8146216257235115E-001                  2.9843161589684553E-001                  2.0106221530803325E-002                  5.2358459619325083E+002                  3.8148918671890331E-005                  7.2522150498323543E-028                  0.0000000000000000E+000                  0.0000000000000000E+000                  3.1859794227801271E+004                  4.5032429665053186E+000                 -1.8639917302919148E+001                  8.4073507982351492E-001                 -6.9394209949953922E-009                  1.9678974093873910E-007 
                                      66                  1.1991316396188383E+001                  2.7189183698255190E+000                  3.7528173374479175E+000                 -8.2837963896054880E+000                  3.2658900828771111E+000                  6.8146216257230019E-001                  2.9843161589689660E-001                  2.0106221530803214E-002                  5.2350202967485188E+002                  3.7944535301956991E-005                  7.2306740670101852E-028                  0.0000000000000000E+000                  0.0000000000000000E+000                  3.1859794103220389E+004                  4.5032429648071028E+000                 -1.8277835338511945E+001                  8.4073507982348938E-001                 -6.9412520067143375E-009                  1.9689451730122322E-007 
                                      67                  1.1991114192611631E+001                  2.7188630695354954E+000                  3.7599566126864348E+000                 -8.2856644974557554E+000                  3.2712619529151534E+000                  6.8146216257227643E-001                  2.9843161589692047E-001                  2.0106221530803103E-002                  5.2343537450834390E+002                  3.7793058036995303E-005                  7.1996361415216070E-028                  0.0000000000000000E+000                  0.0000000000000000E+000                  3.1859793960510222E+004                  4.5032429628617603E+000                 -1.8526145987260520E+001                  8.4073507982347728E-001                 -6.9431157282588449E-009                  1.9698476154120682E-007 
                                      68                  1.1990995752247287E+001                  2.7188305279894389E+000                  3.7656843869486383E+000                 -8.2875594636890444E+000                  3.2751893941832408E+000                  6.8146216257226300E-001                  2.9843161589693390E-001                  2.0106221530803103E-002                  5.2339615513319779E+002                  3.7714755237645980E-005                  7.1682880941740232E-028                  0.0000000000000000E+000                  0.0000000000000000E+000                  3.1859793851306164E+004                  4.5032429613731528E+000                 -1.9352892581960443E+001                  8.4073507982347095E-001                 -6.9444335714860967E-009                  1.9706545578855462E-007 
                                      69                  1.1990877311882942E+001                  2.7187978367792551E+000                  3.7719943338581206E+000                 -8.2900975151920964E+000                  3.2790827652194730E+000                  6.8146216257225312E-001                  2.9843161589694384E-001                  2.0106221530802992E-002                  5.2335675834033634E+002                  3.7648807999151056E-005                  7.1265153520726911E-028                  0.0000000000000000E+000                  0.0000000000000000E+000                  3.1859793717357901E+004                  4.5032429595472463E+000                 -1.8339494848569608E+001                  8.4073507982346596E-001                 -6.9459599132255123E-009                  1.9715973153747568E-007 
                                      70                  1.1990758871518597E+001                  2.7187649465105497E+000                  3.7825729257743843E+000                 -8.2951518007531977E+000                  3.2848598315990505E+000                  6.8146216257224257E-001                  2.9843161589695433E-001                  2.0106221530803103E-002                  5.2331712465089697E+002                  3.7600877535709292E-005                  7.0440526420555546E-028                  0.0000000000000000E+000                  0.0000000000000000E+000                  3.1859793550059028E+004                  4.5032429572667239E+000                 -1.8145685705264640E+001                  8.4073507982346052E-001                 -6.9477557112818009E-009                  1.9734353989934098E-007 
                                      71                  1.1990521990789910E+001                  2.7186983730863474E+000                  3.7965458560466812E+000                 -8.3038801931100714E+000                  3.2905644201252970E+000                  6.8146216257223757E-001                  2.9843161589695938E-001                  2.0106221530802992E-002                  5.2323691100723659E+002                  3.7568921945610082E-005                  6.9038859244853096E-028                  0.0000000000000000E+000                  0.0000000000000000E+000                  3.1859793070329470E+004                  4.5032429507273246E+000                 -1.8079574112895887E+001                  8.4073507982345796E-001                 -6.9524341599780930E-009                  1.9756585191383354E-007 
                                      72                  1.1990403550425565E+001                  2.7186643988177077E+000                  3.8069801028726888E+000                 -8.3110193889850983E+000                  3.2943274065220818E+000                  6.8146216257223502E-001                  2.9843161589696193E-001                  2.0106221530802992E-002                  5.2319598049391846E+002                  3.7594639883765799E-005                  6.7913158584102984E-028                  0.0000000000000000E+000                  0.0000000000000000E+000                  3.1859792703871262E+004                  4.5032429457319765E+000                 -1.8317830684924431E+001                  8.4073507982345663E-001                 -6.9555833797549017E-009                  1.9775653332212604E-007 
                                      73                  1.1990285110061221E+001                  2.7186298532692490E+000                  3.8196446840249880E+000                 -8.3201819906788490E+000                  3.2985928529794926E+000                  6.8146216257223258E-001                  2.9843161589696449E-001                  2.0106221530802992E-002                  5.2315436501403963E+002                  3.7650069443407507E-005                  6.6495264214633151E-028                  0.0000000000000000E+000                  0.0000000000000000E+000                  3.1859792246412500E+004                  4.5032429394961602E+000                 -1.8205542949623027E+001                  8.4073507982345563E-001                 -6.9591441295560485E-009                  1.9799201282030491E-007 
                                      74                  1.1990132629663846E+001                  2.7185844184354222E+000                  3.8332573022492107E+000                 -8.3301825990521472E+000                  3.3033465602485750E+000                  6.8146216257222991E-001                  2.9843161589696698E-001                  2.0106221530803103E-002                  5.2309963673789559E+002                  3.7721300288821065E-005                  6.4981457341832122E-028                  0.0000000000000000E+000                  0.0000000000000000E+000                  3.1859791557132801E+004                  4.5032429301002930E+000                 -1.8340797505672676E+001                  8.4073507982345408E-001                 -6.9638650832715621E-009                  1.9825110401787160E-007 
                                      75                  1.1989980149266469E+001                  2.7185379104565497E+000                  3.8451992193786899E+000                 -8.3387913090248507E+000                  3.3080507414725733E+000                  6.8146216257222747E-001                  2.9843161589696948E-001                  2.0106221530802992E-002                  5.2304362174053313E+002                  3.7750743458406887E-005                  6.3705976124737818E-028                  0.0000000000000000E+000                  0.0000000000000000E+000                  3.1859790812596606E+004                  4.5032429199512007E+000                 -1.8072660833105534E+001                  8.4073507982345297E-001                 -6.9682510462628970E-009                  1.9848766536233092E-007 
                                      76                  1.1989827668869093E+001                  2.7184904559873369E+000                  3.8554199109634437E+000                 -8.3458872839144149E+000                  3.3127064783025464E+000                  6.8146216257222503E-001                  2.9843161589697204E-001                  2.0106221530802992E-002                  5.2298647295676597E+002                  3.7721351228101867E-005                  6.2673469913870024E-028                  0.0000000000000000E+000                  0.0000000000000000E+000                  3.1859790042940953E+004                  4.5032429094596935E+000                 -1.8092007697458655E+001                  8.4073507982345164E-001                 -6.9721749297358111E-009                  1.9869892749065942E-007 
                                      77                  1.1989675188471717E+001                  2.7184422038389369E+000                  3.8684590688818963E+000                 -8.3546029948522040E+000                  3.3196007702928934E+000                  6.8146216257222114E-001                  2.9843161589697587E-001                  2.0106221530802992E-002                  5.2292836994111133E+002                  3.7635192688476030E-005                  6.1428154763722699E-028                  0.0000000000000000E+000                  0.0000000000000000E+000                  3.1859789260563070E+004                  4.5032428987947650E+000                 -1.8399588782152922E+001                  8.4073507982344997E-001                 -6.9756679971384232E-009                  1.9896714638651888E-007 
                                      78                  1.1989370227676961E+001                  2.7183436933444591E+000                  3.8817715230952037E+000                 -8.3624137849956419E+000                  3.3286340272031500E+000                  6.8146216257221581E-001                  2.9843161589698114E-001                  2.0106221530802992E-002                  5.2280976818017348E+002                  3.7372842657329148E-005                  6.0333175370569642E-028                  0.0000000000000000E+000                  0.0000000000000000E+000                  3.1859787675544656E+004                  4.5032428771886970E+000                 -1.8373278047426780E+001                  8.4073507982344708E-001                 -6.9815848670914210E-009                  1.9927856589449184E-007 
                                      79                  1.1989065266882209E+001                  2.7182433261914269E+000                  3.8938910442742749E+000                 -8.3687462844820910E+000                  3.3386498506993054E+000                  6.8146216257220937E-001                  2.9843161589698758E-001                  2.0106221530802992E-002                  5.2268895875865542E+002                  3.7056324429805360E-005                  5.9459778126139373E-028                  0.0000000000000000E+000                  0.0000000000000000E+000                  3.1859786053337441E+004                  4.5032428550756913E+000                 -1.8339991090862295E+001                  8.4073507982344386E-001                 -6.9865868963335466E-009                  1.9957656004340301E-007 
                                      80                  1.1988679586892516E+001                  2.7181144267322530E+000                  3.9047587033383717E+000                 -8.3734750905434527E+000                  3.3495822930393162E+000                  6.8146216257220193E-001                  2.9843161589699502E-001                  2.0106221530802992E-002                  5.2253384666425836E+002                  3.6628368836332748E-005                  5.8815823480044326E-028                  0.0000000000000000E+000                  0.0000000000000000E+000                  3.1859783948607557E+004                  4.5032428263852102E+000                 -1.8422709914602354E+001                  8.4073507982344009E-001                 -6.9920245604168329E-009                  1.9986831239635861E-007 
                                      81                  1.1988293906902825E+001                  2.7179839993159534E+000                  3.9187738272909374E+000                 -8.3788519321488657E+000                  3.3660996177692124E+000                  6.8146216257218983E-001                  2.9843161589700723E-001                  2.0106221530802992E-002                  5.2237694274401429E+002                  3.6194742051179027E-005                  5.8092090518913205E-028                  0.0000000000000000E+000                  0.0000000000000000E+000                  3.1859781780592741E+004                  4.5032427968320619E+000                 -1.8205114885942297E+001                  8.4073507982343421E-001                 -6.9968007721627849E-009                  2.0024836255547846E-007 
                                      82                  1.1987478120941782E+001                  2.7177042880180937E+000                  3.9329300929347251E+000                 -8.3816572723098339E+000                  3.3876217724834530E+000                  6.8146216257217207E-001                  2.9843161589702499E-001                  2.0106221530802992E-002                  5.2204060945967740E+002                  3.5326267365051214E-005                  5.7718028901616307E-028                  0.0000000000000000E+000                  0.0000000000000000E+000                  3.1859777038273904E+004                  4.5032427321874557E+000                 -1.7788453047077791E+001                  8.4073507982342521E-001                 -7.0053163660695605E-009                  2.0069928197213318E-007 
                                      83                  1.1986662334980737E+001                  2.7174222172894309E+000                  3.9458143786974551E+000                 -8.3825167017838265E+000                  3.4111042899659365E+000                  6.8146216257215064E-001                  2.9843161589704642E-001                  2.0106221530802992E-002                  5.2170165842074425E+002                  3.4549163224570576E-005                  5.7603916033114448E-028                  0.0000000000000000E+000                  0.0000000000000000E+000                  3.1859772088901500E+004                  4.5032426647204016E+000                 -1.8774253689663414E+001                  8.4073507982341433E-001                 -7.0125576183410063E-009                  2.0113624945063435E-007 
                                      84                  1.1985607967669260E+001                  2.7170561125324482E+000                  3.9555340554663472E+000                 -8.3810724528503755E+000                  3.4323247799525642E+000                  6.8146216257212944E-001                  2.9843161589706779E-001                  2.0106221530802770E-002                  5.2126205583488581E+002                  3.3657434053240683E-005                  5.7795808974770692E-028                  0.0000000000000000E+000                  0.0000000000000000E+000                  3.1859765474335381E+004                  4.5032425745543501E+000                 -1.8622713648396509E+001                  8.4073507982340401E-001                 -7.0205676875529186E-009                  2.0150454940708526E-007 
                                      85                  1.1984888947895106E+001                  2.7168067488004306E+000                  3.9663317150246931E+000                 -8.3788839909156430E+000                  3.4580078413909083E+000                  6.8146216257210157E-001                  2.9843161589709571E-001                  2.0106221530802770E-002                  5.2096284286531011E+002                  3.3108554429524415E-005                  5.8087802166714809E-028                  0.0000000000000000E+000                  0.0000000000000000E+000                  3.1859760852204603E+004                  4.5032425115480468E+000                 -1.8830134502393246E+001                  8.4073507982338991E-001                 -7.0254012046296444E-009                  2.0189809643096253E-007 
                                      86                  1.1983347515197581E+001                  2.7162734109324944E+000                  3.9785102724782977E+000                 -8.3729756997587756E+000                  3.4920396114420709E+000                  6.8146216257206060E-001                  2.9843161589713685E-001                  2.0106221530802548E-002                  5.2032346408868773E+002                  3.2060381076460739E-005                  5.8883498325672536E-028                  0.0000000000000000E+000                  0.0000000000000000E+000                  3.1859750772432668E+004                  4.5032423741461987E+000                 -1.8222833147489840E+001                  8.4073507982336959E-001                 -7.0342752186945535E-009                  2.0237850149053809E-007 
                                      87                  1.1981695492322096E+001                  2.7157073872139676E+000                  3.9892876389251239E+000                 -8.3652144017967895E+000                  3.5259383525857761E+000                  6.8146216257201531E-001                  2.9843161589718220E-001                  2.0106221530802548E-002                  5.1964575899685724E+002                  3.1111094363003577E-005                  5.9945334692910015E-028                  0.0000000000000000E+000                  0.0000000000000000E+000                  3.1859739783121873E+004                  4.5032422243459731E+000                 -1.7843398963944875E+001                  8.4073507982334683E-001                 -7.0421189855649557E-009                  2.0280260595290679E-007 
                                      88                  1.1979925199408227E+001                  2.7151091840379808E+000                  3.9990912226494442E+000                 -8.3559472977787461E+000                  3.5597191556946779E+000                  6.8146216257196590E-001                  2.9843161589723172E-001                  2.0106221530802326E-002                  5.1893048452867743E+002                  3.0236916136579786E-005                  6.1238293664091070E-028                  0.0000000000000000E+000                  0.0000000000000000E+000                  3.1859727902794890E+004                  4.5032420623998473E+000                 -1.8267592392904223E+001                  8.4073507982332207E-001                 -7.0490172472557287E-009                  2.0317378784561389E-007 
                                      89                  1.1978028442200216E+001                  2.7144791114254230E+000                  4.0082025185099406E+000                 -8.3454325373503888E+000                  3.5933957213847063E+000                  6.8146216257191239E-001                  2.9843161589728551E-001                  2.0106221530802104E-002                  5.1817816821917290E+002                  2.9426124000566416E-005                  6.2739133452082984E-028                  0.0000000000000000E+000                  0.0000000000000000E+000                  3.1859715149258103E+004                  4.5032418885505363E+000                 -1.8056830759595957E+001                  8.4073507982329543E-001                 -7.0550087432090445E-009                  2.0349384107425979E-007 
                                      90                  1.1975996478686007E+001                  2.7138173251481854E+000                  4.0168191456426801E+000                 -8.3338510359505502E+000                  3.6269805479557529E+000                  6.8146216257185455E-001                  2.9843161589734346E-001                  2.0106221530801993E-002                  5.1738915967462447E+002                  2.8669083607362952E-005                  6.4434842269961233E-028                  0.0000000000000000E+000                  0.0000000000000000E+000                  3.1859701532754607E+004                  4.5032417029376530E+000                 -1.7970778430535045E+001                  8.4073507982326634E-001                 -7.0601220358817144E-009                  2.0376380240078046E-007 
                                      91                  1.1973819983099373E+001                  2.7131238818605445E+000                  4.0250889538297301E+000                 -8.3213527526791236E+000                  3.6604850906499840E+000                  6.8146216257179248E-001                  2.9843161589740563E-001                  2.0106221530801882E-002                  5.1656369729144069E+002                  2.7957845695273674E-005                  6.6316237201626022E-028                  0.0000000000000000E+000                  0.0000000000000000E+000                  3.1859687066966490E+004                  4.5032415057476891E+000                 -1.9046309987665872E+001                  8.4073507982323537E-001                 -7.0643687164991758E-009                  2.0398458918328583E-007 
                                      92                  1.1971489006813005E+001                  2.7123987440303292E+000                  4.0331291527891384E+000                 -8.3080651997473964E+000                  3.6939198997123444E+000                  6.8146216257172620E-001                  2.9843161589747208E-001                  2.0106221530801660E-002                  5.1570191490239165E+002                  2.7285536905225449E-005                  6.8376728417525051E-028                  0.0000000000000000E+000                  0.0000000000000000E+000                  3.1859671767450560E+004                  4.5032412971926918E+000                 -1.8469325069860695E+001                  8.4073507982320239E-001                 -7.0677724374675142E-009                  2.0415738835658642E-007 
                                      93                  1.1968992937422250E+001                  2.7116417805626467E+000                  4.0410379369981753E+000                 -8.2940929101048333E+000                  3.7272947352511503E+000                  6.8146216257165559E-001                  2.9843161589754280E-001                  2.0106221530801660E-002                  5.1480384337802468E+002                  2.6646150479503040E-005                  7.0612494837665755E-028                  0.0000000000000000E+000                  0.0000000000000000E+000                  3.1859655642553244E+004                  4.5032410773864191E+000                 -1.8259682794976914E+001                  8.4073507982316686E-001                 -7.0703534248262511E-009                  2.0428332260616455E-007 
                                      94                  1.1966320455410827E+001                  2.7108527757061918E+000                  4.0489040766434314E+000                 -8.2795331111104531E+000                  3.7606186262741130E+000                  6.8146216257158088E-001                  2.9843161589761780E-001                  2.0106221530801327E-002                  5.1386942213532188E+002                  2.6034333223358461E-005                  7.3020089355424617E-028                  0.0000000000000000E+000                  0.0000000000000000E+000                  3.1859638726938429E+004                  4.5032408468013747E+000                 -1.7756032203848569E+001                  8.4073507982312956E-001                 -7.0721324323096892E-009                  2.0436434656685171E-007 
                                      95                  1.1963459494804288E+001                  2.7100314177584730E+000                  4.0568127599889570E+000                 -8.2644880422789502E+000                  3.7938997828572760E+000                  6.8146216257150183E-001                  2.9843161589769696E-001                  2.0106221530801216E-002                  5.1289848678359476E+002                  2.5444904699687468E-005                  7.5594201732869634E-028                  0.0000000000000000E+000                  0.0000000000000000E+000                  3.1859621033521020E+004                  4.5032406056135903E+000                 -1.9517170993426706E+001                  8.4073507982309004E-001                 -7.0731578562985094E-009                  2.0440327126092941E-007 
                                      96                  1.1960397222911393E+001                  2.7091772710436133E+000                  4.0648508762504960E+000                 -8.2490410368114073E+000                  3.8271452080954451E+000                  6.8146216257141878E-001                  2.9843161589778028E-001                  2.0106221530800994E-002                  5.1189073731461735E+002                  2.4872853463480140E-005                  7.8331527316164006E-028                  0.0000000000000000E+000                  0.0000000000000000E+000                  3.1859602594920991E+004                  4.5032403542677075E+000                 -1.7755260471493678E+001                  8.4073507982304874E-001                 -7.0734795082291175E-009                  2.0440314063942375E-007 
                                      97                  1.1957120069078336E+001                  2.7082898066944026E+000                  4.0709909757614744E+000                 -8.2372250537416871E+000                  3.8520161800838459E+000                  6.8146216257135428E-001                  2.9843161589784506E-001                  2.0106221530800661E-002                  5.1084577598518422E+002                  2.4312533931083571E-005                  8.0492132840901024E-028                  0.0000000000000000E+000                  0.0000000000000000E+000                  3.1859583482025831E+004                  4.5032400937300139E+000                 -1.9295420017133608E+001                  8.4073507982301643E-001                 -7.0731533360732009E-009                  2.0438349196708395E-007 
                                      98                  1.1955366951155282E+001                  2.7078256365744502E+000                  4.0751946115799127E+000                 -8.2292983741124104E+000                  3.8686133590527541E+000                  6.8146216257130976E-001                  2.9843161589788963E-001                  2.0106221530800550E-002                  5.1030008018523978E+002                  2.4030879463039868E-005                  8.1974862485912676E-028                  0.0000000000000000E+000                  0.0000000000000000E+000                  3.1859573487619513E+004                  4.5032399574910640E+000                 -1.8132438435528123E+001                  8.4073507982299411E-001                 -7.0727995541338265E-009                  2.0436013129708453E-007 
                                      99                  1.1953613833232231E+001                  2.7073684088010483E+000                  4.0816976508280840E+000                 -8.2173331094231692E+000                  3.8935462602667528E+000                  6.8146216257124081E-001                  2.9843161589795875E-001                  2.0106221530800439E-002                  5.0976311598206922E+002                  2.3759977073458261E-005                  8.4264927213973753E-028                  0.0000000000000000E+000                  0.0000000000000000E+000                  3.1859563669716907E+004                  4.5032398236580864E+000                 -1.9066208556749139E+001                  8.4073507982295959E-001                 -7.0723448814467503E-009                  2.0431057734463339E-007 
                                     100                  1.1949863784124867E+001                  2.7064122884181878E+000                  4.0907646271216995E+000                 -8.2013375841430509E+000                  3.9267036019128878E+000                  6.8146216257114645E-001                  2.9843161589805334E-001                  2.0106221530800217E-002                  5.0864208219592012E+002                  2.3206955527956792E-005                  8.7426598624409548E-028                  0.0000000000000000E+000                  0.0000000000000000E+000                  3.1859543354697460E+004                  4.5032395467332753E+000                 -1.8179512600117338E+001                  8.4073507982291240E-001                 -7.0710844194901740E-009                  2.0423148166089618E-007 
                                     101                  1.1945854537180189E+001                  2.7054203953311489E+000                  4.1004724131421000E+000                 -8.1854420566563544E+000                  3.9598323908578821E+000                  6.8146216257104886E-001                  2.9843161589815120E-001                  2.0106221530799884E-002                  5.0748171086978357E+002                  2.2644323079876260E-005                  9.0686017758233960E-028                  0.0000000000000000E+000                  0.0000000000000000E+000                  3.1859522585939772E+004                  4.5032392636231346E+000                 -1.7918640672552524E+001                  8.4073507982286366E-001                 -7.0696068903139278E-009                  2.0414721939987804E-007 
                                     102                  1.1941569684979378E+001                  2.7043912567544699E+000                  4.1110444329852251E+000                 -8.1698283223544337E+000                  3.9929350780374260E+000                  6.8146216257094860E-001                  2.9843161589825173E-001                  2.0106221530799662E-002                  5.0628056576924286E+002                  2.2061683407207047E-005                  9.4005938085111763E-028                  0.0000000000000000E+000                  0.0000000000000000E+000                  3.1859501497513884E+004                  4.5032389761552354E+000                 -1.7858234903289880E+001                  8.4073507982281337E-001                 -7.0681670240813414E-009                  2.0407556952043121E-007 
                                     103                  1.1936991517062735E+001                  2.7033227867453511E+000                  4.1227717307264671E+000                 -8.1547413552846049E+000                  4.0260168494575490E+000                  6.8146216257084624E-001                  2.9843161589835432E-001                  2.0106221530799440E-002                  5.0503652344367248E+002                  2.1444873567923727E-005                  9.7329267829155995E-028                  0.0000000000000000E+000                  0.0000000000000000E+000                  3.1859480260353048E+004                  4.5032386866596559E+000                 -1.8091242212664419E+001                  8.4073507982276230E-001                 -7.0671257288651673E-009                  2.0404136235591391E-007 
                                     104                  1.1932100949368706E+001                  2.7022120486708516E+000                  4.1360131170755015E+000                 -8.1404667222469751E+000                  4.0590849482256717E+000                  6.8146216257074232E-001                  2.9843161589845846E-001                  2.0106221530799218E-002                  5.0374650807629939E+002                  2.0778327494309801E-005                  1.0058176347210970E-027                  0.0000000000000000E+000                  0.0000000000000000E+000                  3.1859459050263304E+004                  4.5032383975329058E+000                 -1.7712919834590327E+001                  8.4073507982271034E-001                 -7.0669823325631665E-009                  2.0407649355123337E-007 
                                     105                  1.1926877531669728E+001                  2.7010550468914678E+000                  4.1473160468815644E+000                 -8.1307190073548821E+000                  4.0838489626655612E+000                  6.8146216257066461E-001                  2.9843161589853656E-001                  2.0106221530798774E-002                  5.0240626555720775E+002                  2.0052302800361699E-005                  1.0286503097366132E-027                  0.0000000000000000E+000                  0.0000000000000000E+000                  3.1859438076359605E+004                  4.5032381116255520E+000                 -1.9339010385685047E+001                  8.4073507982267159E-001                 -7.0683423947638797E-009                  2.0415802825067865E-007 
                                     106                  1.1924088481855549E+001                  2.7004472817125045E+000                  4.1596725888482071E+000                 -8.1211758764115469E+000                  4.1089520030574862E+000                  6.8146216257058356E-001                  2.9843161589861772E-001                  2.0106221530798774E-002                  5.0170367436255952E+002                  1.9670332286790432E-005                  1.0515058292946630E-027                  0.0000000000000000E+000                  0.0000000000000000E+000                  3.1859427539543714E+004                  4.5032379679920780E+000                 -1.7656103794297312E+001                  8.4073507982263096E-001                 -7.0698057840522745E-009                  2.0433106201441072E-007 
                                     107                  1.1918321404785102E+001                  2.6992100282080393E+000                  4.1774483954931680E+000                 -8.1094635773766033E+000                  4.1420266272817674E+000                  6.8146216257047521E-001                  2.9843161589872635E-001                  2.0106221530798440E-002                  5.0027641407143028E+002                  1.8973644767628045E-005                  1.0802517245249513E-027                  0.0000000000000000E+000                  0.0000000000000000E+000                  3.1859406833137509E+004                  4.5032376857308583E+000                 -1.8355242843997470E+001                  8.4073507982257678E-001                 -7.0743318582342191E-009                  2.0461610782949153E-007 
                                     108                  1.1912163980795464E+001                  2.6979128752922690E+000                  4.1909071645218514E+000                 -8.1006915849978380E+000                  4.1665437395607858E+000                  6.8146216257039172E-001                  2.9843161589880995E-001                  2.0106221530798329E-002                  4.9878441525682803E+002                  1.8436562023171896E-005                  1.1022946684354958E-027                  0.0000000000000000E+000                  0.0000000000000000E+000                  3.1859385894415675E+004                  4.5032374003026208E+000                 -1.8116596396444773E+001                  8.4073507982253504E-001                 -7.0796677385173438E-009                  2.0482398487856963E-007 
                                     109                  1.1908984584062098E+001                  2.6972520252405010E+000                  4.2043253277364947E+000                 -8.0914641324599241E+000                  4.1914139482253532E+000                  6.8146216257030245E-001                  2.9843161589889955E-001                  2.0106221530797996E-002                  4.9802601039361201E+002                  1.8268357339689616E-005                  1.1259677520790196E-027                  0.0000000000000000E+000                  0.0000000000000000E+000                  3.1859375439908225E+004                  4.5032372577909081E+000                 -1.7967792978541230E+001                  8.4073507982249052E-001                 -7.0815207031881356E-009                  2.0491961195588534E-007 
                                     110                  1.1902196693041311E+001                  2.6958609770781745E+000                  4.2203772576745919E+000                 -8.0772283255017570E+000                  4.2245657174144737E+000                  6.8146216257017433E-001                  2.9843161589902806E-001                  2.0106221530797663E-002                  4.9643338167643850E+002                  1.8050430704054722E-005                  1.1634909230207329E-027                  0.0000000000000000E+000                  0.0000000000000000E+000                  3.1859352642042308E+004                  4.5032369470192508E+000                 -1.7752095408855673E+001                  8.4073507982242635E-001                 -7.0829731478110669E-009                  2.0488787075672754E-007 
                                     111                  1.1894951769663761E+001                  2.6944099743644481E+000                  4.2347364972808164E+000                 -8.0613028770855504E+000                  4.2577651105325343E+000                  6.8146216257003533E-001                  2.9843161589916739E-001                  2.0106221530797219E-002                  4.9477753701924905E+002                  1.7851083636320308E-005                  1.2069516129334243E-027                  0.0000000000000000E+000                  0.0000000000000000E+000                  3.1859327861654008E+004                  4.5032366092223661E+000                 -1.7980726932635331E+001                  8.4073507982235685E-001                 -7.0804234949601404E-009                  2.0464079319547882E-007 
                                     112                  1.1887220393181957E+001                  2.6929019645271750E+000                  4.2445364279946487E+000                 -8.0483441594386935E+000                  4.2826761514262843E+000                  6.8146216256992476E-001                  2.9843161589927825E-001                  2.0106221530796997E-002                  4.9306248992147982E+002                  1.7604587425039898E-005                  1.2435113250776016E-027                  0.0000000000000000E+000                  0.0000000000000000E+000                  3.1859301504515333E+004                  4.5032362499315273E+000                 -1.7992563240863230E+001                  8.4073507982230145E-001                 -7.0744295986338920E-009                  2.0435422644074272E-007 
                                     113                  1.1883096113385564E+001                  2.6921149536847215E+000                  4.2543017551513431E+000                 -8.0350945293160283E+000                  4.3079329761095533E+000                  6.8146216256980729E-001                  2.9843161589939599E-001                  2.0106221530796775E-002                  4.9216979117940696E+002                  1.7452331575545447E-005                  1.2820370823509135E-027                  0.0000000000000000E+000                  0.0000000000000000E+000                  3.1859287484571661E+004                  4.5032360588166807E+000                 -1.7716837435645061E+001                  8.4073507982224260E-001                 -7.0705099422091665E-009                  2.0397528278444901E-007 
                                     114                  1.1874573008354490E+001                  2.6905244104211667E+000                  4.2668182115208504E+000                 -8.0171204927682016E+000                  4.3412673960906538E+000                  6.8146216256964665E-001                  2.9843161589955708E-001                  2.0106221530796331E-002                  4.9037058431199870E+002                  1.7099744271166663E-005                  1.3362148617504453E-027                  0.0000000000000000E+000                  0.0000000000000000E+000                  3.1859259521856904E+004                  4.5032356776387266E+000                 -1.7725810184857657E+001                  8.4073507982216245E-001                 -7.0613062452138456E-009                  2.0341835660542924E-007 
                                     115                  1.1865484248434457E+001                  2.6888787798442437E+000                  4.2761557450129350E+000                 -8.0037231447826098E+000                  4.3660160688133587E+000                  6.8146216256952463E-001                  2.9843161589967943E-001                  2.0106221530795887E-002                  4.8851598586449967E+002                  1.6693979836208024E-005                  1.3780815434427582E-027                  0.0000000000000000E+000                  0.0000000000000000E+000                  3.1859231214360210E+004                  4.5032352917604834E+000                 -1.7790234600209434E+001                  8.4073507982210149E-001                 -7.0512036516406054E-009                  2.0298574401346011E-007 
                                     116                  1.1860794313749102E+001                  2.6880483307313154E+000                  4.2859252851016922E+000                 -7.9903434317726587E+000                  4.3911056791686764E+000                  6.8146216256939696E-001                  2.9843161589980749E-001                  2.0106221530795554E-002                  4.8758274803339532E+002                  1.6469678696679011E-005                  1.4212023527858767E-027                  0.0000000000000000E+000                  0.0000000000000000E+000                  3.1859217133059079E+004                  4.5032350998088111E+000                 -1.8261144528774089E+001                  8.4073507982203755E-001                 -7.0462943818098800E-009                  2.0256898039484120E-007 
                                     117                  1.1850797666031720E+001                  2.6863166729354191E+000                  4.2997280137289460E+000                 -7.9730644886370223E+000                  4.4245751585132718E+000                  6.8146216256922543E-001                  2.9843161589997946E-001                  2.0106221530795110E-002                  4.8564248526259200E+002                  1.5958260359835971E-005                  1.4788923229784225E-027                  0.0000000000000000E+000                  0.0000000000000000E+000                  3.1859189126881865E+004                  4.5032347180375476E+000                 -1.7529814410718739E+001                  8.4073507982195184E-001                 -7.0367215574636947E-009                  2.0206356905835064E-007 
                                     118                  1.1840148026402431E+001                  2.6845221345336387E+000                  4.3109368861797810E+000                 -7.9607787907884973E+000                  4.4496977221804714E+000                  6.8146216256909642E-001                  2.9843161590010875E-001                  2.0106221530794777E-002                  4.8363991317872848E+002                  1.5385798609872520E-005                  1.5213301669707685E-027                  0.0000000000000000E+000                  0.0000000000000000E+000                  3.1859161877175415E+004                  4.5032343465779299E+000                 -1.9038775408189927E+001                  8.4073507982188733E-001                 -7.0287157582032684E-009                  2.0174340425362863E-007 
                                     119                  1.1834477733159915E+001                  2.6835844905726964E+000                  4.3188187231665269E+000                 -7.9528773755904290E+000                  4.4664706719458573E+000                  6.8146216256900904E-001                  2.9843161590019640E-001                  2.0106221530794555E-002                  4.8259685856981736E+002                  1.5073972834538474E-005                  1.5492649269493528E-027                  0.0000000000000000E+000                  0.0000000000000000E+000                  3.1859148402145944E+004                  4.5032341628903554E+000                 -1.7965192929616869E+001                  8.4073507982184370E-001                 -7.0255758943189277E-009                  2.0158545162410336E-007 
                                     120                  1.1828807439917400E+001                  2.6826578035959794E+000                  4.3312461163169296E+000                 -7.9414447998160345E+000                  4.4916729942012985E+000                  6.8146216256887548E-001                  2.9843161590033024E-001                  2.0106221530794333E-002                  4.8156820300982116E+002                  1.4765538082607961E-005                  1.5905943332497267E-027                  0.0000000000000000E+000                  0.0000000000000000E+000                  3.1859135588379278E+004                  4.5032339882168451E+000                 -1.7552662893825229E+001                  8.4073507982177687E-001                 -7.0232130114642050E-009                  2.0144192254270827E-007 
                                     121                  1.1816736263328721E+001                  2.6807171722816503E+000                  4.3489973618579381E+000                 -7.9271490673803777E+000                  4.5253049156064566E+000                  6.8146216256869563E-001                  2.9843161590051065E-001                  2.0106221530793666E-002                  4.7942113118496917E+002                  1.4156442086143973E-005                  1.6438290189468314E-027                  0.0000000000000000E+000                  0.0000000000000000E+000                  3.1859110199838731E+004                  4.5032336421274977E+000                 -1.7642164485338416E+001                  8.4073507982168683E-001                 -7.0205735771528490E-009                  2.0135684322269860E-007 
                                     122                  1.1803893276420304E+001                  2.6786917643439381E+000                  4.3676503346337840E+000                 -7.9135202189221907E+000                  4.5589967935983413E+000                  6.8146216256850978E-001                  2.9843161590069683E-001                  2.0106221530793444E-002                  4.7719047283552436E+002                  1.3607940938355811E-005                  1.6962385329133155E-027                  0.0000000000000000E+000                  0.0000000000000000E+000                  3.1859085569568535E+004                  4.5032333063744119E+000                 -1.7774407289421156E+001                  8.4073507982159401E-001                 -7.0202472345144547E-009                  2.0137423927036437E-007 
                                     123                  1.1790235842315370E+001                  2.6765743756043845E+000                  4.3818930395831517E+000                 -7.9034443008784852E+000                  4.5843043699439159E+000                  6.8146216256836611E-001                  2.9843161590084094E-001                  2.0106221530793000E-002                  4.7486960832299064E+002                  1.3141251799366353E-005                  1.7360567469615934E-027                  0.0000000000000000E+000                  0.0000000000000000E+000                  3.1859061348699783E+004                  4.5032329762019208E+000                 -1.7797158644063515E+001                  8.4073507982152218E-001                 -7.0211800590532089E-009                  2.0141528902834942E-007 
                                     124                  1.1782978000002231E+001                  2.6754626192581532E+000                  4.3914526711352790E+000                 -7.8967577087542313E+000                  4.6011985552441974E+000                  6.8146216256826708E-001                  2.9843161590094025E-001                  2.0106221530792667E-002                  4.7365553778006711E+002                  1.2935371738866934E-005                  1.7629956018477134E-027                  0.0000000000000000E+000                  0.0000000000000000E+000                  3.1859049255755097E+004                  4.5032328113539961E+000                 -1.8436147183608224E+001                  8.4073507982147266E-001                 -7.0216783429399680E-009                  2.0144095336093908E-007 
                                     125                  1.1775720157689092E+001                  2.6743594416390435E+000                  4.4058278146488483E+000                 -7.8867285311863666E+000                  4.6265761122384612E+000                  6.8146216256811309E-001                  2.9843161590109474E-001                  2.0106221530792112E-002                  4.7245390358573405E+002                  1.2754332209481710E-005                  1.8041867807209803E-027                  0.0000000000000000E+000                  0.0000000000000000E+000                  3.1859037598350867E+004                  4.5032326524431880E+000                 -1.7478763039756430E+001                  8.4073507982139584E-001                 -7.0220747041883188E-009                  2.0146187069910548E-007 
                                     126                  1.1760301541097439E+001                  2.6720421469390194E+000                  4.4246836388059174E+000                 -7.8729814093738213E+000                  4.6604699730903629E+000                  6.8146216256789871E-001                  2.9843161590130962E-001                  2.0106221530791668E-002                  4.6993971259095571E+002                  1.2418740948423273E-005                  1.8622163391219634E-027                  0.0000000000000000E+000                  0.0000000000000000E+000                  3.1859014010407565E+004                  4.5032323308980891E+000                 -1.7669959860458007E+001                  8.4073507982128848E-001                 -7.0224074671984514E-009                  2.0145038920203385E-007 
                                     127                  1.1743934555672594E+001                  2.6696196305771065E+000                  4.4385291581390298E+000                 -7.8623230920233729E+000                  4.6859447913958743E+000                  6.8146216256773062E-001                  2.9843161590147810E-001                  2.0106221530791224E-002                  4.6732566277607685E+002                  1.2111716012439580E-005                  1.9084889117055447E-027                  0.0000000000000000E+000                  0.0000000000000000E+000                  3.1858990739783323E+004                  4.5032320136783719E+000                 -1.7918455026859554E+001                  8.4073507982120443E-001                 -7.0216744793301557E-009                  2.0140346349208014E-007 
                                     128                  1.1735253621914735E+001                  2.6683497924727595E+000                  4.4477042530280055E+000                 -7.8551612496606147E+000                  4.7029464150141029E+000                  6.8146216256761438E-001                  2.9843161590159467E-001                  2.0106221530791002E-002                  4.6596124015882953E+002                  1.1966237101646017E-005                  1.9402258739354480E-027                  0.0000000000000000E+000                  0.0000000000000000E+000                  3.1858979130587348E+004                  4.5032318554244366E+000                 -1.8015533115566974E+001                  8.4073507982114648E-001                 -7.0207716528202976E-009                  2.0134145962111605E-007 
                                     129                  1.1726572688156875E+001                  2.6670897611591418E+000                  4.4613797230626338E+000                 -7.8443358959247860E+000                  4.7284769474415480E+000                  6.8146216256743330E-001                  2.9843161590177630E-001                  2.0106221530790336E-002                  4.6461129241946674E+002                  1.1832686225984742E-005                  1.9892019679680914E-027                  0.0000000000000000E+000                  0.0000000000000000E+000                  3.1858967988268876E+004                  4.5032317035348157E+000                 -1.7489378712323660E+001                  8.4073507982105578E-001                 -7.0195127387348245E-009                  2.0119521894180428E-007 
                                     130                  1.1708167424055741E+001                  2.6644486992377030E+000                  4.4790677887505490E+000                 -7.8292914162473126E+000                  4.7625980575676925E+000                  6.8146216256718006E-001                  2.9843161590203010E-001                  2.0106221530789892E-002                  4.6179443949585163E+002                  1.1581556121828028E-005                  2.0593259939353753E-027                  0.0000000000000000E+000                  0.0000000000000000E+000                  3.1858945759503473E+004                  4.5032314005170422E+000                 -1.7543868782127284E+001                  8.4073507982092921E-001                 -7.0156713056909720E-009                  2.0091468856282865E-007 
                                     131                  1.1688667012971973E+001                  2.6616949300341237E+000                  4.4918836077908013E+000                 -7.8174904783473229E+000                  4.7882643104420577E+000                  6.8146216256698089E-001                  2.9843161590222983E-001                  2.0106221530789226E-002                  4.5887556266250175E+002                  1.1355635688437252E-005                  2.1160573144900402E-027                  0.0000000000000000E+000                  0.0000000000000000E+000                  3.1858924261567514E+004                  4.5032311074615796E+000                 -1.8156609523301249E+001                  8.4073507982082951E-001                 -7.0097238258300836E-009                  2.0062952902435170E-007 
                                     132                  1.1678341246308420E+001                  2.6602551364196882E+000                  4.5003145379442389E+000                 -7.8095158452389297E+000                  4.8053932305430331E+000                  6.8146216256684289E-001                  2.9843161590236827E-001                  2.0106221530788781E-002                  4.5735679562133737E+002                  1.1253063069700704E-005                  2.1552765707928706E-027                  0.0000000000000000E+000                  0.0000000000000000E+000                  3.1858913741608103E+004                  4.5032309640555734E+000                 -1.7774851709027573E+001                  8.4073507982076057E-001                 -7.0057152906542018E-009                  2.0038253132571680E-007 
                                     133                  1.1668015479644868E+001                  2.6588274697174268E+000                  4.5127777366212047E+000                 -7.7973805137217145E+000                  4.8311179250854854E+000                  6.8146216256662728E-001                  2.9843161590258438E-001                  2.0106221530788337E-002                  4.5585578412749044E+002                  1.1164575878359481E-005                  2.2163574251587474E-027                  0.0000000000000000E+000                  0.0000000000000000E+000                  3.1858903752005714E+004                  4.5032308278792463E+000                 -1.7494565159488022E+001                  8.4073507982065265E-001                 -7.0010936819761582E-009                  1.9991080969551984E-007 
                                     134                  1.1646152194031986E+001                  2.6558427936550668E+000                  4.5327173388337938E+000                 -7.7759179722845477E+000                  4.8744561381820422E+000                  6.8146216256624137E-001                  2.9843161590297135E-001                  2.0106221530787227E-002                  4.5273366925898233E+002                  1.1018463448697156E-005                  2.3286540432280158E-027                  0.0000000000000000E+000                  0.0000000000000000E+000                  3.1858883866557495E+004                  4.5032305568045352E+000                 -1.7305366525079162E+001                  8.4073507982045970E-001                 -6.9892145412057651E-009                  1.9883014014163081E-007 
                                     135                  1.1610768451946077E+001                  2.6511213963513320E+000                  4.5505248523455215E+000                 -7.7523347517399479E+000                  4.9176813642504937E+000                  6.8146216256582681E-001                  2.9843161590338696E-001                  2.0106221530786228E-002                  4.4783846892229604E+002                  1.0862815694006777E-005                  2.4586185869010227E-027                  0.0000000000000000E+000                  0.0000000000000000E+000                  3.1858854465415057E+004                  4.5032301560133501E+000                 -1.7412900844964643E+001                  8.4073507982025253E-001                 -6.9632091206253206E-009                  1.9740192076324332E-007 
                                     136                  1.1585571268418315E+001                  2.6478477014803663E+000                  4.5603685886467140E+000                 -7.7374067341069557E+000                  4.9435414496900432E+000                  6.8146216256556247E-001                  2.9843161590365203E-001                  2.0106221530785451E-002                  4.4447537137884342E+002                  1.0789846315227271E-005                  2.5446092327368202E-027                  0.0000000000000000E+000                  0.0000000000000000E+000                  3.1858836226724106E+004                  4.5032299073865483E+000                 -1.7608652937206589E+001                  8.4073507982012030E-001                 -6.9390164080177206E-009                  1.9631379551007365E-007 
                                     137                  1.1572617543056776E+001                  2.6461936409796856E+000                  4.5700273273630305E+000                 -7.7221128268779928E+000                  4.9696754395473457E+000                  6.8146216256528092E-001                  2.9843161590393413E-001                  2.0106221530785007E-002                  4.4278575538012768E+002                  1.0758587483942498E-005                  2.6358276401147280E-027                  0.0000000000000000E+000                  0.0000000000000000E+000                  3.1858827578407945E+004                  4.5032297894940907E+000                 -1.7489401830183592E+001                  8.4073507981997941E-001                 -6.9248537821927210E-009                  1.9496911365710041E-007 
                                     138                  1.1545211499959326E+001                  2.6427553725234514E+000                  4.5818299599617829E+000                 -7.7003826892387588E+000                  5.0047156129061445E+000                  6.8146216256488257E-001                  2.9843161590433365E-001                  2.0106221530783785E-002                  4.3929410209474196E+002                  1.0688256082738899E-005                  2.7710862989776540E-027                  0.0000000000000000E+000                  0.0000000000000000E+000                  3.1858810427715485E+004                  4.5032295556985096E+000                 -1.7409531485366013E+001                  8.4073507981978024E-001                 -6.8914202105451783E-009                  1.9292016168678158E-007 
                                     139                  1.1516224546008678E+001                  2.6392118273356431E+000                  4.5927734169384706E+000                 -7.6775964839783875E+000                  5.0399395981930413E+000                  6.8146216256445724E-001                  2.9843161590476008E-001                  2.0106221530782675E-002                  4.3572434661729352E+002                  1.0597572317286651E-005                  2.9203801108300971E-027                  0.0000000000000000E+000                  0.0000000000000000E+000                  3.1858793878109707E+004                  4.5032293300967297E+000                 -1.7350578094472230E+001                  8.4073507981956763E-001                 -6.8520475031088857E-009                  1.9056598597610773E-007 
                                     140                  1.1485570031533975E+001                  2.6355665869049574E+000                  4.6030307328288451E+000                 -7.6539181292824745E+000                  5.0753556080820870E+000                  6.8146216256400538E-001                  2.9843161590521317E-001                  2.0106221530781454E-002                  4.3208241028546337E+002                  1.0480275444005276E-005                  3.0840476010713459E-027                  0.0000000000000000E+000                  0.0000000000000000E+000                  3.1858779138268321E+004                  4.5032291291652919E+000                 -1.7264561875891136E+001                  8.4073507981934170E-001                 -6.8072908138057307E-009                  1.8794931992918101E-007 
                                     141                  1.1453156790690379E+001                  2.6318223840361656E+000                  4.6127798091517285E+000                 -7.6295229752580660E+000                  5.1109701735016371E+000                  6.8146216256352798E-001                  2.9843161590569184E-001                  2.0106221530780122E-002                  4.2837329022811264E+002                  1.0336000672973264E-005                  3.2622689280703577E-027                  0.0000000000000000E+000                  0.0000000000000000E+000                  3.1858766182743086E+004                  4.5032289525573237E+000                 -1.7430808371353351E+001                  8.4073507981910311E-001                 -6.7579280143028315E-009                  1.8511741686723585E-007 
                                     142                  1.1418888959965161E+001                  2.6279808351485467E+000                  4.6197825846120457E+000                 -7.6106914274382031E+000                  5.1378637538760970E+000                  6.8146216256315506E-001                  2.9843161590606571E-001                  2.0106221530779234E-002                  4.2460082644985806E+002                  1.0168627403201708E-005                  3.4068585563296189E-027                  0.0000000000000000E+000                  0.0000000000000000E+000                  3.1858756834237069E+004                  4.5032288251197086E+000                 -1.7588530862068801E+001                  8.4073507981891660E-001                 -6.7046906755560669E-009                  1.8288396145600337E-007 
                                     143                  1.1400777395072133E+001                  2.6259970642998804E+000                  4.6268534451968488E+000                 -7.5917321760889607E+000                  5.1650245367616305E+000                  6.8146216256276293E-001                  2.9843161590645878E-001                  2.0106221530778345E-002                  4.2266575716250986E+002                  1.0074956268888523E-005                  3.5589036534669291E-027                  0.0000000000000000E+000                  0.0000000000000000E+000                  3.1858753275858791E+004                  4.5032287766123504E+000                 -1.7249739055145849E+001                  8.4073507981872053E-001                 -6.6765428347752841E-009                  1.8054896524003947E-007 
                                     144                  1.1363523742457234E+001                  2.6220096479327282E+000                  4.6336126745062831E+000                 -7.5726608235048181E+000                  5.1919064332893861E+000                  6.8146216256236902E-001                  2.9843161590685380E-001                  2.0106221530777235E-002                  4.1880286879823700E+002                  9.8754917200573189E-006                  3.7186948369373000E-027                  0.0000000000000000E+000                  0.0000000000000000E+000                  3.1858750238540866E+004                  4.5032287352080154E+000                 -1.7568111192429843E+001                  8.4073507981852369E-001                 -6.6188973325806946E-009                  1.7819602660064835E-007 
                                     145                  1.1344381654735363E+001                  2.6200077825613231E+000                  4.6405166535841538E+000                 -7.5535273679356640E+000                  5.2190524564780194E+000                  6.8146216256195613E-001                  2.9843161590726769E-001                  2.0106221530776125E-002                  4.1687685384066026E+002                  9.7708194588685016E-006                  3.8862168370941318E-027                  0.0000000000000000E+000                  0.0000000000000000E+000                  3.1858750461087788E+004                  4.5032287382417477E+000                 -1.7272674750863583E+001                  8.4073507981831719E-001                 -6.5897166499376385E-009                  1.7578567370035351E-007 
                                     146                  1.1303925606706368E+001                  2.6158726468918085E+000                  4.6473785472191240E+000                 -7.5340766798114744E+000                  5.2464293935468538E+000                  6.8146216256153647E-001                  2.9843161590768846E-001                  2.0106221530775015E-002                  4.1292639713278032E+002                  9.5463831992268154E-006                  4.0642542553025954E-027                  0.0000000000000000E+000                  0.0000000000000000E+000                  3.1858756740238256E+004                  4.5032288238383291E+000                 -1.7431644882042370E+001                  8.4073507981810713E-001                 -6.5291528238042505E-009                  1.7333434311388025E-007 
                                     147                  1.1282553682883847E+001                  2.6137380559791410E+000                  4.6520178392199671E+000                 -7.5211563329051634E+000                  5.2647104297070477E+000                  6.8146216256124970E-001                  2.9843161590797607E-001                  2.0106221530774238E-002                  4.1090181157968453E+002                  9.4276365068490296E-006                  4.1870037414914748E-027                  0.0000000000000000E+000                  0.0000000000000000E+000                  3.1858762204890412E+004                  4.5032288983317592E+000                 -1.7635094375540941E+001                  8.4073507981796380E-001                 -6.4980258531245181E-009                  1.7169838917469040E-007 
                                     148                  1.1261181759061325E+001                  2.6116354874209660E+000                  4.6591054677094768E+000                 -7.5018761943266350E+000                  5.2921755744720107E+000                  6.8146216256080883E-001                  2.9843161590841816E-001                  2.0106221530773016E-002                  4.0891730268299870E+002                  9.3076984558939491E-006                  4.3771026316373405E-027                  0.0000000000000000E+000                  0.0000000000000000E+000                  3.1858769307688090E+004                  4.5032289951561575E+000                 -1.7273554800614448E+001                  8.4073507981774365E-001                 -6.4675320585870787E-009                  1.6925246179608716E-007 
                                     149                  1.1216029237708204E+001                  2.6072907158910659E+000                  4.6687935722416203E+000                 -7.4761140268508974E+000                  5.3290673511737188E+000                  6.8146216256020975E-001                  2.9843161590901868E-001                  2.0106221530771573E-002                  4.0484680468557229E+002                  9.0542949333562985E-006                  4.6446537431238857E-027                  0.0000000000000000E+000                  0.0000000000000000E+000                  3.1858791246241995E+004                  4.5032292942194871E+000                 -1.7214587750040963E+001                  8.4073507981744366E-001                 -6.4052290777324033E-009                  1.6599130949734442E-007 
                                     150                  1.1168342567693202E+001                  2.6028328931180864E+000                  4.6763102043922045E+000                 -7.4568205660018378E+000                  5.3569508976034612E+000                  6.8146216255975334E-001                  2.9843161590947637E-001                  2.0106221530770352E-002                  4.0071250267864389E+002                  8.7903933136786084E-006                  4.8556818167923484E-027                  0.0000000000000000E+000                  0.0000000000000000E+000                  3.1858823389881964E+004                  4.5032297323967656E+000                 -1.7456607970003969E+001                  8.4073507981721574E-001                 -6.3429098121392522E-009                  1.6355763558048535E-007 
                                     151                  1.1143167321830729E+001                  2.6005284711729142E+000                  4.6814694218233335E+000                 -7.4440830052632547E+000                  5.3755666437971525E+000                  6.8146216255944270E-001                  2.9843161590978773E-001                  2.0106221530769575E-002                  3.9859190206513028E+002                  8.6527040541802764E-006                  5.0002311204873807E-027                  0.0000000000000000E+000                  0.0000000000000000E+000                  3.1858843409939433E+004                  4.5032300053069614E+000                 -1.7687364952075811E+001                  8.4073507981706019E-001                 -6.3115432070183865E-009                  1.6196649878004298E-007 
                                     152                  1.1117992075968255E+001                  2.5982549897016551E+000                  4.6894515271115926E+000                 -7.4251840790320101E+000                  5.4035272572717306E+000                  6.8146216255896697E-001                  2.9843161591026479E-001                  2.0106221530768242E-002                  3.9651077146908557E+002                  8.5159953109105896E-006                  5.2226686877632263E-027                  0.0000000000000000E+000                  0.0000000000000000E+000                  3.1858866049408414E+004                  4.5032303139243473E+000                 -1.7244194375817450E+001                  8.4073507981682249E-001                 -6.2812084044842515E-009                  1.5963535002857988E-007 
                                     153                  1.1064844511024953E+001                  2.5935478354723562E+000                  4.6977665610703019E+000                 -7.4063363475253645E+000                  5.4317629668891048E+000                  6.8146216255848868E-001                  2.9843161591074430E-001                  2.0106221530767021E-002                  3.9223634692218752E+002                  8.2346968527806638E-006                  5.4543593266840571E-027                  0.0000000000000000E+000                  0.0000000000000000E+000                  3.1858922057411048E+004                  4.5032310774149584E+000                 -1.7422490395672877E+001                  8.4073507981658346E-001                 -6.2204811701357028E-009                  1.5731748784598080E-007 
                                     154                  1.1036803981511882E+001                  2.5911103360688368E+000                  4.7034935393262378E+000                 -7.3939313318151907E+000                  5.4506112154710999E+000                  6.8146216255816339E-001                  2.9843161591107042E-001                  2.0106221530766133E-002                  3.9004106721641790E+002                  8.0912982085134004E-006                  5.6124325086552538E-027                  0.0000000000000000E+000                  0.0000000000000000E+000                  3.1858955592711114E+004                  4.5032315345612508E+000                 -1.7567335608697377E+001                  8.4073507981642048E-001                 -6.1902254940949762E-009                  1.5581634002161500E-007 
                                     155                  1.1008763451998814E+001                  2.5887014894849250E+000                  4.7123619250264008E+000                 -7.3755709295295553E+000                  5.4789156280017268E+000                  6.8146216255766467E-001                  2.9843161591157036E-001                  2.0106221530765023E-002                  3.8788366411142357E+002                  7.9521596244820820E-006                  5.8548409907893865E-027                  0.0000000000000000E+000                  0.0000000000000000E+000                  3.1858991990228573E+004                  4.5032320307241562E+000                 -1.7117025449299227E+001                  8.4073507981617113E-001                 -6.1611292284529455E-009                  1.5363343308329732E-007 
                                     156                  1.0949609728680230E+001                  2.5837041677190222E+000                  4.7215852948191035E+000                 -7.3572604114138409E+000                  5.5075198065613318E+000                  6.8146216255716185E-001                  2.9843161591207462E-001                  2.0106221530763468E-002                  3.8344596117522099E+002                  7.6745239224084462E-006                  6.1070188402677963E-027                  0.0000000000000000E+000                  0.0000000000000000E+000                  3.1859077467092116E+004                  4.5032331959236194E+000                 -1.7572494688211489E+001                  8.4073507981591988E-001                 -6.1032999573388380E-009                  1.5146853435394968E-007 
                                     157                  1.0918425604018797E+001                  2.5811113063287237E+000                  4.7312031670009809E+000                 -7.3391448708168010E+000                  5.5363441653172227E+000                  6.8146216255663794E-001                  2.9843161591259992E-001                  2.0106221530762136E-002                  3.8116350014390417E+002                  7.5378668704571511E-006                  6.3671997491140682E-027                  0.0000000000000000E+000                  0.0000000000000000E+000                  3.1859127387789395E+004                  4.5032338764287720E+000                 -1.7192294780437475E+001                  8.4073507981565809E-001                 -6.0745129696438298E-009                  1.4937248743072707E-007 
                                     158                  1.0854377801803532E+001                  2.5758635041549480E+000                  4.7409355398417006E+000                 -7.3212948191279796E+000                  5.5649895427935352E+000                  6.8146216255611569E-001                  2.9843161591312350E-001                  2.0106221530760804E-002                  3.7658542210803387E+002                  7.2792091067216843E-006                  6.6344087025711223E-027                  0.0000000000000000E+000                  0.0000000000000000E+000                  3.1859238968864560E+004                  4.5032353974673045E+000                 -1.7409040293607227E+001                  8.4073507981539664E-001                 -6.0186518892332127E-009                  1.4732288354434557E-007 
                                     159                  1.0821514124249699E+001                  2.5732075988757379E+000                  4.7510136074263096E+000                 -7.3036136293017435E+000                  5.5938464353746893E+000                  6.8146216255557024E-001                  2.9843161591367040E-001                  2.0106221530759361E-002                  3.7428946114792149E+002                  7.1576827965905259E-006                  6.9101448012569298E-027                  0.0000000000000000E+000                  0.0000000000000000E+000                  3.1859301385518636E+004                  4.5032362483094079E+000                 -1.7130573198623534E+001                  8.4073507981512408E-001                 -5.9913557530148622E-009                  1.4531575093378074E-007 
                                     160                  1.0752280133910840E+001                  2.5676819063141214E+000                  4.7612639378957846E+000                 -7.2857383939982441E+000                  5.6230547123189805E+000                  6.8146216255501335E-001                  2.9843161591422873E-001                  2.0106221530757917E-002                  3.6955740282529410E+002                  6.9247480496437231E-006                  7.2005594159851218E-027                  0.0000000000000000E+000                  0.0000000000000000E+000                  3.1859442245735772E+004                  4.5032381684607330E+000                 -1.7282177157493098E+001                  8.4073507981484552E-001                 -5.9364634179873392E-009                  1.4330503772409043E-007 
                                     161                  1.0715834459012232E+001                  2.5648081059938654E+000                  4.7682004793907886E+000                 -7.2739171886374185E+000                  5.6425489061406138E+000                  6.8146216255463143E-001                  2.9843161591461165E-001                  2.0106221530756918E-002                  3.6712005182456807E+002                  6.8127086990019739E-006                  7.3992897939977127E-027                  0.0000000000000000E+000                  0.0000000000000000E+000                  3.1859522135741816E+004                  4.5032392574862410E+000                 -1.7591381152277776E+001                  8.4073507981465456E-001                 -5.9086392900836821E-009                  1.4197671757052339E-007 
                                     162                  1.0679388784113625E+001                  2.5619556107287478E+000                  4.7787400319299351E+000                 -7.2563213270407356E+000                  5.6718161742160165E+000                  6.8146216255404102E-001                  2.9843161591520362E-001                  2.0106221530755364E-002                  3.6471666730280981E+002                  6.7081362934893263E-006                  7.7053048206361153E-027                  0.0000000000000000E+000                  0.0000000000000000E+000                  3.1859605642055612E+004                  4.5032403958047507E+000                 -1.7045049558904903E+001                  8.4073507981435958E-001                 -5.8814395716325392E-009                  1.3999408759047649E-007 
                                     163                  1.0602685916277084E+001                  2.5560131873762089E+000                  4.7929015769076857E+000                 -7.2325534942487542E+000                  5.7112518783046804E+000                  6.8146216255322478E-001                  2.9843161591602191E-001                  2.0106221530753254E-002                  3.5976025913025774E+002                  6.5064538459676585E-006                  8.1388507909707311E-027                  0.0000000000000000E+000                  0.0000000000000000E+000                  3.1859792022919915E+004                  4.5032429364496362E+000                 -1.7080528468713656E+001                  8.4073507981395135E-001                 -5.8259283070617631E-009                  1.3732799444765236E-007 
                                     164                  1.0522013803510374E+001                  2.5498433517326968E+000                  4.8035687343576035E+000                 -7.2144323231935132E+000                  5.7411655118038567E+000                  6.8146216255258896E-001                  2.9843161591665951E-001                  2.0106221530751478E-002                  3.5468543255381917E+002                  6.3148290294594377E-006                  8.4857161062773129E-027                  0.0000000000000000E+000                  0.0000000000000000E+000                  3.1860004060576495E+004                  4.5032458268162063E+000                 -1.7321963537161800E+001                  8.4073507981363338E-001                 -5.7694168624239657E-009                  1.3530467606502319E-007 
                                     165                  1.0479612496975216E+001                  2.5466303837875848E+000                  4.8107302645767041E+000                 -7.2023994471117456E+000                  5.7611328186340334E+000                  6.8146216255215120E-001                  2.9843161591709838E-001                  2.0106221530750368E-002                  3.5207110536468207E+002                  6.2212186474837120E-006                  8.7241723973977950E-027                  0.0000000000000000E+000                  0.0000000000000000E+000                  3.1860122199918645E+004                  4.5032474372105167E+000                 -1.7296314187159176E+001                  8.4073507981341433E-001                 -5.7402913164592562E-009                  1.3394655120367621E-007 
                                     166                  1.0437211190440060E+001                  2.5434352743982256E+000                  4.8215435048244562E+000                 -7.1844313126845769E+000                  5.7911127660110431E+000                  6.8146216255147252E-001                  2.9843161591777884E-001                  2.0106221530748591E-002                  3.4949041899100001E+002                  6.1319614106308315E-006                  9.0927808826486757E-027                  0.0000000000000000E+000                  0.0000000000000000E+000                  3.1860244758824065E+004                  4.5032491078429651E+000                 -1.7036209446431410E+001                  8.4073507981307505E-001                 -5.7115071428909800E-009                  1.3189183748310952E-007 
                                     167                  1.0348113472999618E+001                  2.5367708177086619E+000                  4.8323091499198227E+000                 -7.1658984960831473E+000                  5.8215754222019314E+000                  6.8146216255077074E-001                  2.9843161591848238E-001                  2.0106221530746815E-002                  3.4416826120526616E+002                  5.9551522260944716E-006                  9.4892988893753034E-027                  0.0000000000000000E+000                  0.0000000000000000E+000                  3.1860515875181412E+004                  4.5032528034780066E+000                 -1.7271404599517897E+001                  8.4073507981272411E-001                 -5.6519977767138955E-009                  1.2980122198836812E-007 
                                     168                  1.0301333237622160E+001                  2.5332981649460451E+000                  4.8395250513449577E+000                 -7.1535798202747882E+000                  5.8419122697603072E+000                  6.8146216255028713E-001                  2.9843161591896733E-001                  2.0106221530745483E-002                  3.4142723809923530E+002                  5.8673149250744571E-006                  9.7623843723502110E-027                  0.0000000000000000E+000                  0.0000000000000000E+000                  3.1860665908473082E+004                  4.5032548485948380E+000                 -1.7321196620446937E+001                  8.4073507981248241E-001                 -5.6211985325096935E-009                  1.2839289529264249E-007 
                                     169                  1.0254553002244700E+001                  2.5298408598015403E+000                  4.8504087255602704E+000                 -7.1351731078482805E+000                  5.8724506803216769E+000                  6.8146216254953662E-001                  2.9843161591971978E-001                  2.0106221530743595E-002                  3.3872001491713138E+002                  5.7826374409459543E-006                  1.0185147708758699E-026                  0.0000000000000000E+000                  0.0000000000000000E+000                  3.1860821049906492E+004                  4.5032569633310642E+000                 -1.6980319793309263E+001                  8.4073507981210704E-001                 -5.5906749099752084E-009                  1.2625711213288912E-007 
                                     170                  1.0156359246073883E+001                  2.5226243271470858E+000                  4.8649040771966137E+000                 -7.1100303788388972E+000                  5.9137430441027625E+000                  6.8146216254849068E-001                  2.9843161592076844E-001                  2.0106221530740820E-002                  3.3313811738589004E+002                  5.6135545528554959E-006                  1.0792366016484934E-026                  0.0000000000000000E+000                  0.0000000000000000E+000                  3.1861162754620156E+004                  4.5032616210790728E+000                 -1.7044953540844791E+001                  8.4073507981158413E-001                 -5.5274153670878703E-009                  1.2335424904901045E-007 
                                     171                  1.0053358805037632E+001                  2.5151074516924870E+000                  4.8757699294194188E+000                 -7.0906875294285490E+000                  5.9451825573715862E+000                  6.8146216254767045E-001                  2.9843161592159084E-001                  2.0106221530738710E-002                  3.2742169444190233E+002                  5.4471195254264153E-006                  1.1284042876958754E-026                  0.0000000000000000E+000                  0.0000000000000000E+000                  3.1861544635935959E+004                  4.5032668264118341E+000                 -1.7292901197230236E+001                  8.4073507981117401E-001                 -5.4621037135319224E-009                  1.2113496051733249E-007 
                                     172                  9.9993670432843960E+000                  2.5111866493368460E+000                  4.8830514829480656E+000                 -7.0778243406479291E+000                  5.9661784618577718E+000                  6.8146216254710457E-001                  2.9843161592215822E-001                  2.0106221530737267E-002                  3.2447904068470990E+002                  5.3638958024803086E-006                  1.1623353533853714E-026                  0.0000000000000000E+000                  0.0000000000000000E+000                  3.1861754439455908E+004                  4.5032696861668162E+000                 -1.7257227248293990E+001                  8.4073507981089113E-001                 -5.4282491725554913E-009                  1.1963864261132316E-007 
                                     173                  9.9453752815311578E+000                  2.5072759075134510E+000                  4.8940337913652883E+000                 -7.0585978704303187E+000                  5.9977156663654769E+000                  6.8146216254622538E-001                  2.9843161592303963E-001                  2.0106221530735047E-002                  3.2157028275406964E+002                  5.2832065308032145E-006                  1.2149636742101925E-026                  0.0000000000000000E+000                  0.0000000000000000E+000                  3.1861970675693658E+004                  4.5032726335841140E+000                 -1.7032510367904322E+001                  8.4073507981045148E-001                 -5.3946333331921493E-009                  1.1736836604606607E-007 
                                     174                  9.8322294486083415E+000                  2.4991020675385105E+000                  4.9049831444624825E+000                 -7.0386077589906133E+000                  6.0299342681105141E+000                  6.8146216254531133E-001                  2.9843161592395623E-001                  2.0106221530732382E-002                  3.1557461971526533E+002                  5.1211980833849690E-006                  1.2722109256426164E-026                  0.0000000000000000E+000                  0.0000000000000000E+000                  3.1862444201283171E+004                  4.5032790879250744E+000                 -1.7173845425604107E+001                  8.4073507980999462E-001                 -5.3248940658218466E-009                  1.1505762518804527E-007 
                                     175                  9.7729847044136466E+000                  2.4948347896434746E+000                  4.9161177393035764E+000                 -7.0187490207319572E+000                  6.0623092888955838E+000                  6.8146216254434966E-001                  2.9843161592492029E-001                  2.0106221530730051E-002                  3.1248903986081177E+002                  5.0397807030537641E-006                  1.3317529546101002E-026                  0.0000000000000000E+000                  0.0000000000000000E+000                  3.1862703301153520E+004                  4.5032826195181226E+000                 -1.6989884991876096E+001                  8.4073507980951367E-001                 -5.2887491548929732E-009                  1.1270220714011350E-007 
                                     176                  9.6517322999431698E+000                  2.4861096717504880E+000                  4.9270749718689455E+000                 -6.9983731475946076E+000                  6.0949512259126539E+000                  6.8146216254336356E-001                  2.9843161592590911E-001                  2.0106221530727275E-002                  3.0627367644793122E+002                  4.8794297221755148E-006                  1.3957435905931228E-026                  0.0000000000000000E+000                  0.0000000000000000E+000                  3.1863256903992213E+004                  4.5032901651606592E+000                 -1.7183421280898891E+001                  8.4073507980902074E-001                 -5.2154984750517637E-009                  5.5565220359056723E-008 
                                     177                  9.5897246396673879E+000                  2.4816534060631952E+000                  4.9344869654362427E+000                 -6.9847329999738292E+000                  6.1169216962686086E+000                  6.8146216254267700E-001                  2.9843161592659734E-001                  2.0106221530725721E-002                  3.0314709167205581E+002                  4.8004348248205817E-006                  1.4402900275652795E-026                  0.0000000000000000E+000                  0.0000000000000000E+000                  3.1863552231253743E+004                  4.5032941904367334E+000                 -1.7183049120340854E+001                  8.4073507980867723E-001                  0.0000000000000000E+000                  0.0000000000000000E+000 
                                     178                  9.5248632667488788E+000                  2.4769916762737725E+000                  4.9419262648052245E+000                 -6.9709620927689997E+000                  6.1390599975344431E+000                  6.8146216254197090E-001                  2.9843161592730533E-001                  2.0106221530723722E-002                  2.9991050373259486E+002                  4.7197957588973198E-006                  1.4867061268657057E-026                  0.0000000000000000E+000                  0.0000000000000000E+000                  3.1863869888384168E+004                  4.5032985200246660E+000                 -1.7350415608636204E+001                  8.4073507980832407E-001                  0.0000000000000000E+000                  0.0000000000000000E+000 
                                     179                  9.4600018938303698E+000                  2.4723276083426917E+000                  4.9531681280019733E+000                 -6.9503868007054885E+000                  6.1723339302893567E+000                  6.8146216254087266E-001                  2.9843161592840639E-001                  2.0106221530720947E-002                  2.9670687422423799E+002                  4.6411478343383515E-006                  1.5588593437178259E-026                  0.0000000000000000E+000                  0.0000000000000000E+000                  3.1864196505081905E+004                  4.5033029716842732E+000                 -1.6859202002942098E+001                  8.4073507980777507E-001                  0.0000000000000000E+000                  0.0000000000000000E+000 
                                     180                  9.3243918118058513E+000                  2.4625532245869826E+000                  4.9644480136679334E+000                 -6.9288722903937519E+000                  6.2065278036929756E+000                  6.8146216253972602E-001                  2.9843161592955608E-001                  2.0106221530717949E-002                  2.9010367109688258E+002                  4.4829790245549254E-006                  1.6380547409644376E-026                  0.0000000000000000E+000                  0.0000000000000000E+000                  3.1864907534810933E+004                  4.5033126625874313E+000                 -1.7197086662946262E+001                  8.4073507980720186E-001                  0.0000000000000000E+000                  0.0000000000000000E+000 
                                     181                  9.2535543414013830E+000                  2.4574370942126915E+000                  4.9759333852866270E+000                 -6.9075488568166081E+000                  6.2408629820422279E+000                  6.8146216253851899E-001                  2.9843161593076623E-001                  2.0106221530714841E-002                  2.8670620632383668E+002                  4.4036134632220699E-006                  1.7205168274450167E-026                  0.0000000000000000E+000                  0.0000000000000000E+000                  3.1865294714181477E+004                  4.5033179395160525E+000                 -1.6926867637944753E+001                  8.4073507980659812E-001                  0.0000000000000000E+000                  0.0000000000000000E+000 
                                     182                  9.1087596114737881E+000                  2.4469303169246421E+000                  4.9873163648967536E+000                 -6.8854956813614487E+000                  6.2757404965044614E+000                  6.8146216253727387E-001                  2.9843161593201462E-001                  2.0106221530711510E-002                  2.7985322557207007E+002                  4.2478162587585965E-006                  1.8101710146407824E-026                  0.0000000000000000E+000                  0.0000000000000000E+000                  3.1866117925704257E+004                  4.5033291589824662E+000                 -1.7216372836983908E+001                  8.4073507980597550E-001                  0.0000000000000000E+000                  0.0000000000000000E+000 
                                     183                  9.0348023519506633E+000                  2.4415406831364339E+000                  4.9950268374182425E+000                 -6.8707373747358771E+000                  6.2992268436790440E+000                  6.8146216253640601E-001                  2.9843161593288475E-001                  2.0106221530709290E-002                  2.7640168301438047E+002                  4.1713357176673146E-006                  1.8727639616457448E-026                  0.0000000000000000E+000                  0.0000000000000000E+000                  3.1866555832298447E+004                  4.5033351270489614E+000                 -1.7100955351897468E+001                  8.4073507980554152E-001                  0.0000000000000000E+000                  0.0000000000000000E+000 
                                     184                  8.9576395363696619E+000                  2.4358941748238956E+000                  5.0047833332748146E+000                 -6.8521113030598970E+000                  6.3289273827017487E+000                  6.8146216253527747E-001                  2.9843161593401624E-001                  2.0106221530706292E-002                  2.7283128897830483E+002                  4.0935794471879597E-006                  1.9548602466922571E-026                  0.0000000000000000E+000                  0.0000000000000000E+000                  3.1867024918292136E+004                  4.5033415199569449E+000                 -1.7044201741238187E+001                  8.4073507980497719E-001                  0.0000000000000000E+000                  0.0000000000000000E+000 
                                     185                  8.8402505724565525E+000                  2.4272490031819975E+000                  5.0155575846727665E+000                 -6.8311193435814568E+000                  6.3621283380856530E+000                  6.8146216253398784E-001                  2.9843161593530926E-001                  2.0106221530702850E-002                  2.6745394190352880E+002                  3.9789457794383415E-006                  2.0517067320502674E-026                  0.0000000000000000E+000                  0.0000000000000000E+000                  3.1867762086279701E+004                  4.5033515662128218E+000                 -1.7048380462341274E+001                  8.4073507980433249E-001                  0.0000000000000000E+000                  0.0000000000000000E+000 
                                     186                  8.7388423929842816E+000                  2.4197241495514805E+000                  5.0274474905946764E+000                 -6.8080928087464496E+000                  6.3986845807285073E+000                  6.8146216253251435E-001                  2.9843161593678663E-001                  2.0106221530699075E-002                  2.6285978573266874E+002                  3.8831397750347242E-006                  2.1634675110490289E-026                  0.0000000000000000E+000                  0.0000000000000000E+000                  3.1868422413457447E+004                  4.5033605650712190E+000                 -1.6968700479453837E+001                  8.4073507980359574E-001                  0.0000000000000000E+000                  0.0000000000000000E+000 
                                     187                  8.5938368306119362E+000                  2.4088517370042588E+000                  5.0384342644134250E+000                 -6.7861522217286145E+000                  6.4330763937623363E+000                  6.8146216253110026E-001                  2.9843161593820439E-001                  2.0106221530695301E-002                  2.5636087014443223E+002                  3.7507821489362422E-006                  2.2756178577671289E-026                  0.0000000000000000E+000                  0.0000000000000000E+000                  3.1869403764285216E+004                  4.5033739384563782E+000                 -1.7135193317294799E+001                  8.4073507980288875E-001                  0.0000000000000000E+000                  0.0000000000000000E+000 
                                     188                  8.5074255881000482E+000                  2.4023090109730596E+000                  5.0465184539770025E+000                 -6.7701349729725289E+000                  6.4582932259007286E+000                  6.8146216253003011E-001                  2.9843161593927736E-001                  2.0106221530692525E-002                  2.5252769286938954E+002                  3.6742676350848148E-006                  2.3611459077732318E-026                  0.0000000000000000E+000                  0.0000000000000000E+000                  3.1870010276714809E+004                  4.5033822035151445E+000                 -1.7269847927586213E+001                  8.4073507980235362E-001                  0.0000000000000000E+000                  0.0000000000000000E+000 
                                     189                  8.4210143455881621E+000                  2.3957103948256182E+000                  5.0546378963960557E+000                 -6.7539805140662734E+000                  6.4836964283336451E+000                  6.8146216252892844E-001                  2.9843161594038198E-001                  2.0106221530689528E-002                  2.4871982005260023E+002                  3.5993241702431427E-006                  2.4506635876094826E-026                  0.0000000000000000E+000                  0.0000000000000000E+000                  3.1870632751540226E+004                  4.5033906859329234E+000                 -1.7226874170401651E+001                  8.4073507980180295E-001                  0.0000000000000000E+000                  0.0000000000000000E+000 
                                     190                  8.3319775982128554E+000                  2.3888478350716218E+000                  5.0670623583737742E+000                 -6.7296018945744036E+000                  6.5223105686474634E+000                  6.8146216252719183E-001                  2.9843161594212309E-001                  2.0106221530685087E-002                  2.4482053072618180E+002                  3.5236356998016151E-006                  2.5922221897053408E-026                  0.0000000000000000E+000                  0.0000000000000000E+000                  3.1871290988240089E+004                  4.5033996554948619E+000                 -1.6893326953735162E+001                  8.4073507980093443E-001                  0.0000000000000000E+000                  0.0000000000000000E+000 
                                     191                  8.1485798000495713E+000                  2.3744713355893219E+000                  5.0796390270349994E+000                 -6.7037392257232682E+000                  6.5624577610090986E+000                  6.8146216252536318E-001                  2.9843161594395656E-001                  2.0106221530680202E-002                  2.3684888010476277E+002                  3.3725439592133822E-006                  2.7513491649684361E-026                  0.0000000000000000E+000                  0.0000000000000000E+000                  3.1872699656987803E+004                  4.5034188503101804E+000                 -1.7174381568037479E+001                  8.4073507980001994E-001                  0.0000000000000000E+000                  0.0000000000000000E+000 
                                     192                  8.0541832491594736E+000                  2.3669493976494711E+000                  5.0881984419509489E+000                 -6.6864115768801069E+000                  6.5895689789064429E+000                  6.8146216252408198E-001                  2.9843161594524115E-001                  2.0106221530676871E-002                  2.3278200130790151E+002                  3.2971918652774600E-006                  2.8633918562817024E-026                  0.0000000000000000E+000                  0.0000000000000000E+000                  3.1873454847322755E+004                  4.5034291403425071E+000                 -1.7180985384577202E+001                  8.4073507979937956E-001                  0.0000000000000000E+000                  0.0000000000000000E+000 
                                     193                  7.9572709702822362E+000                  2.3591251969896057E+000                  5.0968185124686300E+000                 -6.6688806676238119E+000                  6.6169600887999875E+000                  6.8146216252275960E-001                  2.9843161594656692E-001                  2.0106221530673540E-002                  2.2862577832858892E+002                  3.2213901433964446E-006                  2.9813939170022675E-026                  0.0000000000000000E+000                  0.0000000000000000E+000                  3.1874250942313916E+004                  4.5034399874673561E+000                 -1.7162669881602191E+001                  8.4073507979871820E-001                  0.0000000000000000E+000                  0.0000000000000000E+000 
                                     194                  7.8603586914049988E+000                  2.3511902076409417E+000                  5.1077498087622946E+000                 -6.6468005487783355E+000                  6.6515948486025422E+000                  6.8146216252103675E-001                  2.9843161594829437E-001                  2.0106221530668877E-002                  2.2448648903690730E+002                  3.1471349344762652E-006                  3.1369627161213415E-026                  0.0000000000000000E+000                  0.0000000000000000E+000                  3.1875068312527215E+004                  4.5034511241940685E+000                 -1.6925269516472170E+001                  8.4073507979785678E-001                  0.0000000000000000E+000                  0.0000000000000000E+000 
                                     195                  7.7095577337316614E+000                  2.3385950338942791E+000                  5.1189317698411365E+000                 -6.6235864578162778E+000                  6.6875878382720755E+000                  6.8146216251921754E-001                  2.9843161595011819E-001                  2.0106221530664214E-002                  2.1806955326884543E+002                  3.0345652349272419E-006                  3.3092844982676853E-026                  0.0000000000000000E+000                  0.0000000000000000E+000                  3.1876382025994360E+004                  4.5034690230342243E+000                 -1.7190516949185891E+001                  8.4073507979694717E-001                  0.0000000000000000E+000                  0.0000000000000000E+000 
                                     196                  7.6068398524590775E+000                  2.3298385391144896E+000                  5.1309019524053303E+000                 -6.5992275891743013E+000                  6.7257387744326254E+000                  6.8146216251720970E-001                  2.9843161595213136E-001                  2.0106221530658885E-002                  2.1371673911898714E+002                  2.9598079929198157E-006                  3.5002935249646803E-026                  0.0000000000000000E+000                  0.0000000000000000E+000                  3.1877308194933390E+004                  4.5034816412860676E+000                 -1.6901516915924784E+001                  8.4073507979594320E-001                  0.0000000000000000E+000                  0.0000000000000000E+000 
                                     197                  7.4359149252649015E+000                  2.3148913471192678E+000                  5.1425574019525770E+000                 -6.5746043103346761E+000                  6.7636833988067835E+000                  6.8146216251518854E-001                  2.9843161595415785E-001                  2.0106221530653556E-002                  2.0648634984645119E+002                  2.8386066319248781E-006                  3.7045860689727014E-026                  0.0000000000000000E+000                  0.0000000000000000E+000                  3.1878903198403557E+004                  4.5035033709714023E+000                 -1.7107499972533859E+001                  8.4073507979493256E-001                  0.0000000000000000E+000                  0.0000000000000000E+000 
                                     198                  7.3420163867854056E+000                  2.3064781287760003E+000                  5.1514684827500909E+000                 -6.5560828610377699E+000                  6.7924616516871046E+000                  6.8146216251360148E-001                  2.9843161595574902E-001                  2.0106221530649560E-002                  2.0252476120693649E+002                  2.7735950167864465E-006                  3.8660756543901867E-026                  0.0000000000000000E+000                  0.0000000000000000E+000                  3.1879811465912586E+004                  4.5035157443565739E+000                 -1.7083626657511790E+001                  8.4073507979413908E-001                  0.0000000000000000E+000                  0.0000000000000000E+000 
                                     199                  7.2326606978468986E+000                  2.2964729336540444E+000                  5.1599484905444113E+000                 -6.5382224447190271E+000                  6.8200630825771071E+000                  6.8146216251205560E-001                  2.9843161595729900E-001                  2.0106221530645341E-002                  1.9791236733307232E+002                  2.6991354301198845E-006                  4.0284672055610268E-026                  0.0000000000000000E+000                  0.0000000000000000E+000                  3.1880896915747067E+004                  4.5035305310452882E+000                 -1.7186432854030592E+001                  8.4073507979336615E-001                  0.0000000000000000E+000                  0.0000000000000000E+000 
                                     200                  7.1494472367167399E+000                  2.2887030544131162E+000                  5.1692080567931020E+000                 -6.5189460755232629E+000                  6.8500350795647043E+000                  6.8146216251032843E-001                  2.9843161595903062E-001                  2.0106221530640900E-002                  1.9440304109204558E+002                  2.6433246289864806E-006                  4.2113971463494088E-026                  0.0000000000000000E+000                  0.0000000000000000E+000                  3.1881743793396665E+004                  4.5035420674021900E+000                 -1.7014760170468403E+001                  8.4073507979250239E-001                  0.0000000000000000E+000                  0.0000000000000000E+000 
                                     201                  7.0222263087791674E+000                  2.2765316990257674E+000                  5.1824935108504411E+000                 -6.4911408768479779E+000                  6.8932012551489530E+000                  6.8146216250777558E-001                  2.9843161596159029E-001                  2.0106221530634127E-002                  1.8903041988960433E+002                  2.5592864662919693E-006                  4.4899986535059865E-026                  0.0000000000000000E+000                  0.0000000000000000E+000                  3.1883072685889423E+004                  4.5035601692554872E+000                 -1.6930431015077879E+001                  8.4073507979122608E-001                  0.0000000000000000E+000                  0.0000000000000000E+000 
                                     202                  6.8493109630299269E+000                  2.2593648955221877E+000                  5.1955936961301159E+000                 -6.4629182004908090E+000                  6.9364745123817624E+000                  6.8146216250516922E-001                  2.9843161596420337E-001                  2.0106221530627355E-002                  1.8170417054642303E+002                  2.4475095043393430E-006                  4.7916425462273927E-026                  0.0000000000000000E+000                  0.0000000000000000E+000                  3.1884947202227348E+004                  4.5035857021826020E+000                 -1.6914961536052349E+001                  8.4073507978992290E-001                  0.0000000000000000E+000                  0.0000000000000000E+000 
                                     203                  6.7313048024205315E+000                  2.2472130333154809E+000                  5.2043391152357543E+000                 -6.4440539869905251E+000                  6.9654045422886295E+000                  6.8146216250338065E-001                  2.9843161596599671E-001                  2.0106221530622692E-002                  1.7669043230187376E+002                  2.3726811764160288E-006                  5.0044837802615820E-026                  0.0000000000000000E+000                  0.0000000000000000E+000                  3.1886277415268352E+004                  4.5036038202032929E+000                 -1.7127043922654813E+001                  8.4073507978902851E-001                  0.0000000000000000E+000                  0.0000000000000000E+000 
                                     204                  6.6570692628190065E+000                  2.2393687290639570E+000                  5.2132438585004337E+000                 -6.4251882180036715E+000                  6.9946004171038698E+000                  6.8146216250151859E-001                  2.9843161596786349E-001                  2.0106221530617918E-002                  1.7352766745270918E+002                  2.3260970117308322E-006                  5.2268007927825829E-026                  0.0000000000000000E+000                  0.0000000000000000E+000                  3.1887136038344364E+004                  4.5036155145832479E+000                 -1.6973024777243555E+001                  8.4073507978809747E-001                  0.0000000000000000E+000                  0.0000000000000000E+000 
                                     205                  6.5361749987200417E+000                  2.2262202498326098E+000                  5.2231710390703299E+000                 -6.4036888033716286E+000                  7.0275538799985000E+000                  6.8146216249939129E-001                  2.9843161596999646E-001                  2.0106221530612256E-002                  1.6835276355173093E+002                  2.2510712346947068E-006                  5.4922217875394472E-026                  0.0000000000000000E+000                  0.0000000000000000E+000                  3.1888568748909176E+004                  4.5036350272893682E+000                 -1.7012152090302148E+001                  8.4073507978703388E-001                  0.0000000000000000E+000                  0.0000000000000000E+000 
                                     206                  6.4435850653877900E+000                  2.2158232425380198E+000                  5.2318822572356352E+000                 -6.3848895359479663E+000                  7.0564358911867231E+000                  6.8146216249748015E-001                  2.9843161597191259E-001                  2.0106221530607260E-002                  1.6437026015835863E+002                  2.1943005915666901E-006                  5.7353338236070509E-026                  0.0000000000000000E+000                  0.0000000000000000E+000                  3.1889698139632681E+004                  4.5036504083331970E+000                 -1.6998516784539053E+001                  8.4073507978607820E-001                  0.0000000000000000E+000                  0.0000000000000000E+000 
                                     207                  6.3509951320555373E+000                  2.2051138973226703E+000                  5.2422828165714703E+000                 -6.3625440546760528E+000                  7.0908626597350608E+000                  6.8146216249514224E-001                  2.9843161597425649E-001                  2.0106221530601265E-002                  1.6036659102042648E+002                  2.1380413445973782E-006                  6.0383462797426549E-026                  0.0000000000000000E+000                  0.0000000000000000E+000                  3.1890855606415971E+004                  4.5036661711764934E+000                 -1.6914252900498884E+001                  8.4073507978490902E-001                  0.0000000000000000E+000                  0.0000000000000000E+000 
                                     208                  6.2253125437697339E+000                  2.1900223963020573E+000                  5.2515665992129978E+000                 -6.3420282204803069E+000                  7.1220754631425667E+000                  6.8146216249300173E-001                  2.9843161597640278E-001                  2.0106221530595492E-002                  1.5488964925021844E+002                  2.0625540569743007E-006                  6.3306290110583892E-026                  0.0000000000000000E+000                  0.0000000000000000E+000                  3.1892471917484232E+004                  4.5036881817866448E+000                 -1.7290261410356237E+001                  8.4073507978383877E-001                  0.0000000000000000E+000                  0.0000000000000000E+000 
                                     209                  6.1615210785154364E+000                  2.1821091673378441E+000                  5.2578758154303156E+000                 -6.3282757927057345E+000                  7.1431454742587261E+000                  6.8146216249151847E-001                  2.9843161597788992E-001                  2.0106221530591606E-002                  1.5209297933745225E+002                  2.0245744172201052E-006                  6.5344371910486471E-026                  0.0000000000000000E+000                  0.0000000000000000E+000                  3.1893315470257803E+004                  4.5036996686814463E+000                 -1.7445659308144709E+001                  8.4073507978309714E-001                  0.0000000000000000E+000                  0.0000000000000000E+000 
                                     210                  6.0977296132611416E+000                  2.1740066051548221E+000                  5.2651402487106527E+000                 -6.3124734081162837E+000                  7.1673915841196596E+000                  6.8146216248978086E-001                  2.9843161597963197E-001                  2.0106221530587165E-002                  1.4928171135588656E+002                  1.9867661292308750E-006                  6.7767422705893084E-026                  0.0000000000000000E+000                  0.0000000000000000E+000                  3.1894174018394890E+004                  4.5037113594603557E+000                 -1.7200914404136846E+001                  8.4073507978222850E-001                  0.0000000000000000E+000                  0.0000000000000000E+000 
                                     211                  6.0164598761802441E+000                  2.1633890179027535E+000                  5.2734419856641859E+000                 -6.2942727607801858E+000                  7.1952292627595540E+000                  6.8146216248775493E-001                  2.9843161598166329E-001                  2.0106221530581836E-002                  1.4567633875077337E+002                  1.9388802235318271E-006                  7.0669794062919578E-026                  0.0000000000000000E+000                  0.0000000000000000E+000                  3.1895289725226659E+004                  4.5037265514777225E+000                 -1.7158233662743321E+001                  8.4073507978121531E-001                  0.0000000000000000E+000                  0.0000000000000000E+000 
                                     212                  5.9351901390993458E+000                  2.1524191917194080E+000                  5.2817567503456333E+000                 -6.2759708873200433E+000                  7.2231851336789621E+000                  6.8146216248568225E-001                  2.9843161598374141E-001                  2.0106221530576285E-002                  1.4204278921750864E+002                  1.8912893360312380E-006                  7.3713704105495131E-026                  0.0000000000000000E+000                  0.0000000000000000E+000                  3.1896431580377684E+004                  4.5037420989933290E+000                 -1.7097878463981068E+001                  8.4073507978017903E-001                  0.0000000000000000E+000                  0.0000000000000000E+000 
                                     213                  5.8569735879027389E+000                  2.1415023063931566E+000                  5.2900859240246092E+000                 -6.2575967087457975E+000                  7.2512381484004313E+000                  6.8146216248356140E-001                  2.9843161598586776E-001                  2.0106221530570845E-002                  1.3851675420677930E+002                  1.8457234420492087E-006                  7.6901580423347711E-026                  0.0000000000000000E+000                  0.0000000000000000E+000                  3.1897556348636786E+004                  4.5037574133094349E+000                 -1.7140201659441416E+001                  8.4073507977911854E-001                  0.0000000000000000E+000                  0.0000000000000000E+000 
                                     214                  5.7787570367061338E+000                  2.1302032777137518E+000                  5.2995683484729570E+000                 -6.2367179147505158E+000                  7.2831640376095343E+000                  6.8146216248109159E-001                  2.9843161598834406E-001                  2.0106221530564294E-002                  1.3495944316604457E+002                  1.8003494003872268E-006                  8.0691723857960212E-026                  0.0000000000000000E+000                  0.0000000000000000E+000                  3.1898707445920205E+004                  4.5037730855500531E+000                 -1.7216101771983560E+001                  8.4073507977788364E-001                  0.0000000000000000E+000                  0.0000000000000000E+000 
                                     215                  5.6827341052526421E+000                  2.1157559274734616E+000                  5.3081769170136504E+000                 -6.2173682604656069E+000                  7.3124784847336555E+000                  6.8146216247879665E-001                  2.9843161599064505E-001                  2.0106221530558299E-002                  1.3054370292497850E+002                  1.7449343988432137E-006                  1.1449126134087641E-025                  0.0000000000000000E+000                  0.0000000000000000E+000                  3.1900157263525198E+004                  4.5037928240763918E+000                 -1.7295316893772533E+001                  8.4073507977673612E-001                  0.0000000000000000E+000                  0.0000000000000000E+000 
                                     216                  5.6259378785760799E+000                  2.1068954476297703E+000                  5.3146863755926388E+000                 -6.2028805449752049E+000                  7.3345422452476665E+000                  6.8146216247702829E-001                  2.9843161599241808E-001                  2.0106221530553636E-002                  1.2790733420405289E+002                  1.7122619259409725E-006                  1.5608855210137746E-025                  0.0000000000000000E+000                  0.0000000000000000E+000                  3.1901036892960758E+004                  4.5038047993447252E+000                 -1.7397122630885605E+001                  8.4073507977585205E-001                  0.0000000000000000E+000                  0.0000000000000000E+000 
                                     217                  5.5691416518995185E+000                  2.0977767181589866E+000                  5.3259810950718531E+000                 -6.1782952266205964E+000                  7.3724151529097863E+000                  6.8146216247389046E-001                  2.9843161599556406E-001                  2.0106221530545421E-002                  1.2524970687750249E+002                  1.6795900562534411E-006                  2.6600744635998571E-025                  0.0000000000000000E+000                  0.0000000000000000E+000                  3.1901932460428405E+004                  4.5038169912540784E+000                 -1.7016464413680136E+001                  8.4073507977428297E-001                  0.0000000000000000E+000                  0.0000000000000000E+000 
                                     218                  5.4318539480553385E+000                  2.0745036827418066E+000                  5.3388220105969566E+000                 -6.1487837879777212E+000                  7.4167314978603924E+000                  6.8146216247020863E-001                  2.9843161599925561E-001                  2.0106221530535762E-002                  1.1871447677824426E+002                  1.6010637705230362E-006                  4.8688363505473948E-025                  0.0000000000000000E+000                  0.0000000000000000E+000                  3.1904155697409227E+004                  4.5038472560636285E+000                 -1.7148324795992060E+001                  8.4073507977244200E-001                  0.0000000000000000E+000                  0.0000000000000000E+000 
                                     219                  5.3625473543729631E+000                  2.0620766078743769E+000                  5.3476666420958603E+000                 -6.1288785663757261E+000                  7.4469460986172908E+000                  6.8146216246760416E-001                  2.9843161600186680E-001                  2.0106221530528989E-002                  1.1536567404807055E+002                  1.5615114578720710E-006                  7.3527810802915534E-025                  0.0000000000000000E+000                  0.0000000000000000E+000                  3.1905325213808377E+004                  4.5038631757831267E+000                 -1.7473289231714670E+001                  8.4073507977113959E-001                  0.0000000000000000E+000                  0.0000000000000000E+000 
                                     220                  5.2932407606905851E+000                  2.0491188671307485E+000                  5.3568399861517682E+000                 -6.1081738421103484E+000                  7.4783483401436452E+000                  6.8146216246484070E-001                  2.9843161600463752E-001                  2.0106221530521773E-002                  1.1197443174340493E+002                  1.5219377667438601E-006                  1.1246367990958130E-024                  0.0000000000000000E+000                  0.0000000000000000E+000                  3.1906523543372117E+004                  4.5038794871086010E+000                 -1.7028478350880139E+001                  8.4073507976975803E-001                  0.0000000000000000E+000                  0.0000000000000000E+000 
                                     221                  5.2234937309048348E+000                  2.0354906424822010E+000                  5.3658488076746309E+000                 -6.0877139294231055E+000                  7.5093032889773337E+000                  6.8146216246206370E-001                  2.9843161600742185E-001                  2.0106221530514445E-002                  1.0851521681703234E+002                  1.4821377934017339E-006                  1.7030563501446407E-024                  0.0000000000000000E+000                  0.0000000000000000E+000                  3.1907760249985713E+004                  4.5038963201693560E+000                 -1.7368020559781659E+001                  8.4073507976836959E-001                  0.0000000000000000E+000                  0.0000000000000000E+000 
                                     222                  5.1616045590423933E+000                  2.0228583649562211E+000                  5.3746099169146841E+000                 -6.0678203927792937E+000                  7.5394209189541108E+000                  6.8146216245930180E-001                  2.9843161601019097E-001                  2.0106221530507229E-002                  1.0540430886950536E+002                  1.4468105865948818E-006                  2.5432625640986405E-024                  0.0000000000000000E+000                  0.0000000000000000E+000                  3.1908885754506195E+004                  4.5039116390691500E+000                 -1.7190383540621621E+001                  8.4073507976698869E-001                  0.0000000000000000E+000                  0.0000000000000000E+000 
                                     223                  5.0997153871799528E+000                  2.0096663199207643E+000                  5.3811253122987903E+000                 -6.0527710635987253E+000                  7.5620254093437094E+000                  6.8146216245720770E-001                  2.9843161601229057E-001                  2.0106221530501678E-002                  1.0225070708357160E+002                  1.4114874288970654E-006                  3.4234979252234329E-024                  0.0000000000000000E+000                  0.0000000000000000E+000                  3.1910038612351789E+004                  4.5039273297065519E+000                 -1.7447992582437596E+001                  8.4073507976594142E-001                  0.0000000000000000E+000                  0.0000000000000000E+000 
                                     224                  5.0731312514112252E+000                  2.0038190879438380E+000                  5.3877404862953648E+000                 -6.0379157407677830E+000                  7.5846592536962154E+000                  6.8146216245504709E-001                  2.9843161601445672E-001                  2.0106221530496127E-002                  1.0088325537948216E+002                  1.3962737486096015E-006                  4.6184575341990064E-024                  0.0000000000000000E+000                  0.0000000000000000E+000                  3.1910543797663864E+004                  4.5039342052061198E+000                 -1.7258773988328475E+001                  8.4073507976486095E-001                  0.0000000000000000E+000                  0.0000000000000000E+000 
                                     225                  5.0108206447550181E+000                  1.9896303389015699E+000                  5.3953801299713628E+000                 -6.0202400673445569E+000                  7.6112083899996890E+000                  6.8146216245250513E-001                  2.9843161601700541E-001                  2.0106221530489465E-002                  9.7640577385954941E+001                  1.3605924325703797E-006                  6.5227023637428666E-024                  0.0000000000000000E+000                  0.0000000000000000E+000                  3.1911746719878211E+004                  4.5039505763665924E+000                 -1.7428463842506282E+001                  8.4073507976359008E-001                  0.0000000000000000E+000                  0.0000000000000000E+000 
                                     226                  4.9750941738675385E+000                  1.9811821388261146E+000                  5.4035711542873068E+000                 -6.0017387415303691E+000                  7.6393435923331978E+000                  6.8146216244972591E-001                  2.9843161601979190E-001                  2.0106221530482138E-002                  9.5759559324731768E+001                  1.3400807621952220E-006                  9.4153641839306874E-024                  0.0000000000000000E+000                  0.0000000000000000E+000                  3.1912452542016632E+004                  4.5039601819601911E+000                 -1.7155564229806203E+001                  8.4073507976220041E-001                  0.0000000000000000E+000                  0.0000000000000000E+000 
                                     227                  4.9077214569628955E+000                  1.9645397693044073E+000                  5.4133801646359903E+000                 -5.9789875874328482E+000                  7.6735085082776191E+000                  6.8146216244631941E-001                  2.9843161602320734E-001                  2.0106221530473256E-002                  9.2159427729345452E+001                  1.3013382150320053E-006                  1.4592324924084114E-023                  0.0000000000000000E+000                  0.0000000000000000E+000                  3.1913809700464320E+004                  4.5039786510481274E+000                 -1.7424625924480040E+001                  8.4073507976049711E-001                  0.0000000000000000E+000                  0.0000000000000000E+000 
                                     228                  4.8581109525377855E+000                  1.9516592366872529E+000                  5.4224195126629704E+000                 -5.9581959675712914E+000                  7.7048775320659644E+000                  6.8146216244310565E-001                  2.9843161602642942E-001                  2.0106221530464929E-002                  8.9466250519767840E+001                  1.2727150272690053E-006                  2.1784648247604830E-023                  0.0000000000000000E+000                  0.0000000000000000E+000                  3.1914838600044306E+004                  4.5039926524541398E+000                 -1.7487177510953686E+001                  8.4073507975889006E-001                  0.0000000000000000E+000                  0.0000000000000000E+000 
                                     229                  4.8038050882906616E+000                  1.9368725601749095E+000                  5.4298590439843233E+000                 -5.9407513690197868E+000                  7.7309585074849076E+000                  6.8146216244040503E-001                  2.9843161602913715E-001                  2.0106221530457824E-002                  8.6471413892527039E+001                  1.2412934621822312E-006                  3.0261024492950124E-023                  0.0000000000000000E+000                  0.0000000000000000E+000                  3.1915992460672598E+004                  4.5040083538102236E+000                 -1.7527907135731837E+001                  8.4073507975753980E-001                  0.0000000000000000E+000                  0.0000000000000000E+000 
                                     230                  4.7766521561671000E+000                  1.9291948731775539E+000                  5.4349333866234684E+000                 -5.9290077847542237E+000                  7.7486369608618331E+000                  6.8146216243853452E-001                  2.9843161603101259E-001                  2.0106221530452828E-002                  8.4956159806903770E+001                  1.2255153300205673E-006                  3.7814475006914486E-023                  0.0000000000000000E+000                  0.0000000000000000E+000                  3.1916583074940365E+004                  4.5040163904753676E+000                 -1.7593975173385672E+001                  8.4073507975660466E-001                  0.0000000000000000E+000                  0.0000000000000000E+000 
                                     231                  4.7493982010793321E+000                  1.9212792261921185E+000                  5.4436300063959520E+000                 -5.9092440110772646E+000                  7.7786750406390404E+000                  6.8146216243527313E-001                  2.9843161603428253E-001                  2.0106221530444390E-002                  8.3421736567235470E+001                  1.2095935018256162E-006                  5.5252603648118822E-023                  0.0000000000000000E+000                  0.0000000000000000E+000                  3.1917184078530438E+004                  4.5040245683584672E+000                 -1.7055055538792377E+001                  8.4073507975497375E-001                  0.0000000000000000E+000                  0.0000000000000000E+000 
                                     232                  4.6853209761691952E+000                  1.9017401807631225E+000                  5.4539250722060073E+000                 -5.8848766120301761E+000                  7.8149820836045674E+000                  6.8146216243131608E-001                  2.9843161603824986E-001                  2.0106221530434065E-002                  7.9751742501350265E+001                  1.1721408115989496E-006                  8.6495754749254778E-023                  0.0000000000000000E+000                  0.0000000000000000E+000                  3.1918623173871481E+004                  4.5040441495682160E+000                 -1.7346230072863069E+001                  8.4073507975299522E-001                  0.0000000000000000E+000                  0.0000000000000000E+000 
                                     233                  4.6484977063468262E+000                  1.8899035885366700E+000                  5.4617055251669129E+000                 -5.8667248446367157E+000                  7.8422369351430721E+000                  6.8146216242825830E-001                  2.9843161604131568E-001                  2.0106221530425961E-002                  7.7607481231174773E+001                  1.1504845474428472E-006                  1.2103344933278063E-022                  0.0000000000000000E+000                  0.0000000000000000E+000                  3.1919478803392576E+004                  4.5040557913673327E+000                 -1.7476493230947735E+001                  8.4073507975146622E-001                  0.0000000000000000E+000                  0.0000000000000000E+000 
                                     234                  4.6116744365244573E+000                  1.8775631691424124E+000                  5.4700634984342491E+000                 -5.8472084406137004E+000                  7.8715410287751251E+000                  6.8146216242490631E-001                  2.9843161604467644E-001                  2.0106221530417301E-002                  7.5433310737326607E+001                  1.1286839006632716E-006                  1.7329352625965343E-022                  0.0000000000000000E+000                  0.0000000000000000E+000                  3.1920352729507114E+004                  4.5040676817899747E+000                 -1.7318862618193148E+001                  8.4073507974979023E-001                  0.0000000000000000E+000                  0.0000000000000000E+000 
                                     235                  4.5724616273657794E+000                  1.8638158159117484E+000                  5.4768459371596530E+000                 -5.8310969798509360E+000                  7.8955341734664195E+000                  6.8146216242213375E-001                  2.9843161604745622E-001                  2.0106221530409973E-002                  7.3082907347957502E+001                  1.1053713092798159E-006                  2.3167674603699166E-022                  0.0000000000000000E+000                  0.0000000000000000E+000                  3.1921304449412015E+004                  4.5040806302854026E+000                 -1.7685636815240880E+001                  8.4073507974840378E-001                  0.0000000000000000E+000                  0.0000000000000000E+000 
                                     236                  4.5528552227864418E+000                  1.8566955121856983E+000                  5.4834908622331069E+000                 -5.8156893263698572E+000                  7.9187700351518604E+000                  6.8146216241937252E-001                  2.9843161605022478E-001                  2.0106221530402646E-002                  7.1894474255933090E+001                  1.0936253628332302E-006                  3.0723594743058606E-022                  0.0000000000000000E+000                  0.0000000000000000E+000                  3.1921790861423127E+004                  4.5040872479486387E+000                 -1.7263908757796600E+001                  8.4073507974702311E-001                  0.0000000000000000E+000                  0.0000000000000000E+000 
                                     237                  4.5158915320304729E+000                  1.8427665622695004E+000                  5.4902074871639526E+000                 -5.7996578853292355E+000                  7.9426029852201365E+000                  6.8146216241653323E-001                  2.9843161605307150E-001                  2.0106221530395318E-002                  6.9625217084278248E+001                  1.0713972282669872E-006                  4.0856894389302543E-022                  0.0000000000000000E+000                  0.0000000000000000E+000                  3.1922721754593291E+004                  4.5040999125223191E+000                 -1.7687079425410960E+001                  8.4073507974560358E-001                  0.0000000000000000E+000                  0.0000000000000000E+000 
                                     238                  4.4985342458538415E+000                  1.8359936710811755E+000                  5.4967583030942722E+000                 -5.7844286156284577E+000                  7.9655561870961211E+000                  6.8146216241371893E-001                  2.9843161605589319E-001                  2.0106221530387880E-002                  6.8547823699180100E+001                  1.0608824535217474E-006                  5.3831961232255599E-022                  0.0000000000000000E+000                  0.0000000000000000E+000                  3.1923168713364550E+004                  4.5041059931557497E+000                 -1.7358711624107737E+001                  8.4073507974419637E-001                  0.0000000000000000E+000                  0.0000000000000000E+000 
                                     239                  4.4638196735005788E+000                  1.8219436028747127E+000                  5.5050350499440457E+000                 -5.7647758191201710E+000                  7.9948703752611383E+000                  6.8146216241009494E-001                  2.9843161605952667E-001                  2.0106221530378443E-002                  6.6365688286731555E+001                  1.0397477672251860E-006                  7.6208386019955245E-022                  0.0000000000000000E+000                  0.0000000000000000E+000                  3.1924075588549804E+004                  4.5041183304427568E+000                 -1.7399472213462115E+001                  8.4073507974238426E-001                  0.0000000000000000E+000                  0.0000000000000000E+000 
                                     240                  4.4359928772890393E+000                  1.8101741254564727E+000                  5.5133533078361223E+000                 -5.7451735755576232E+000                  8.0242347257189923E+000                  6.8146216240637658E-001                  2.9843161606325475E-001                  2.0106221530368673E-002                  6.4591314869121391E+001                  1.0226874861840231E-006                  1.0782029719777743E-021                  0.0000000000000000E+000                  0.0000000000000000E+000                  3.1924820770705250E+004                  4.5041284677674902E+000                 -1.7347213076042113E+001                  8.4073507974052530E-001                  0.0000000000000000E+000                  0.0000000000000000E+000 
                                     241                  4.4033012854570659E+000                  1.7957056214417180E+000                  5.5227992237210684E+000                 -5.7227673589170260E+000                  8.0577019853399463E+000                  6.8146216240205804E-001                  2.9843161606758462E-001                  2.0106221530357349E-002                  6.2474907450621444E+001                  1.0024976417881495E-006                  1.5955866780098731E-021                  0.0000000000000000E+000                  0.0000000000000000E+000                  3.1925715136747291E+004                  4.5041406342507111E+000                 -1.7489389084470726E+001                  8.4073507973836581E-001                  0.0000000000000000E+000                  0.0000000000000000E+000 
                                     242                  4.3706096936250916E+000                  1.7804813247350348E+000                  5.5302890774624620E+000                 -5.7046941086098073E+000                  8.0844726764429371E+000                  6.8146216239855928E-001                  2.9843161607109248E-001                  2.0106221530348245E-002                  6.0322776773836630E+001                  9.8218356648815291E-007                  2.1747369510307639E-021                  0.0000000000000000E+000                  0.0000000000000000E+000                  3.1926633369039660E+004                  4.5041531250432048E+000                 -1.7688503572480208E+001                  8.4073507973661632E-001                  0.0000000000000000E+000                  0.0000000000000000E+000 
                                     243                  4.3542189791461743E+000                  1.7725470089044963E+000                  5.5366861945559123E+000                 -5.6895910560266216E+000                  8.1071033235486905E+000                  6.8146216239551916E-001                  2.9843161607414054E-001                  2.0106221530340251E-002                  5.9230719592354113E+001                  9.7189009291993963E-007                  2.8274016044591877E-021                  0.0000000000000000E+000                  0.0000000000000000E+000                  3.1927106107458345E+004                  4.5041595556043061E+000                 -1.7960861977415131E+001                  8.4073507973509620E-001                  0.0000000000000000E+000                  0.0000000000000000E+000 
                                     244                  4.3296329074277971E+000                  1.7602213294897440E+000                  5.5447054461765690E+000                 -5.6704669296314458E+000                  8.1356212897493982E+000                  6.8146216239163560E-001                  2.9843161607803420E-001                  2.0106221530330259E-002                  5.7573327352316561E+001                  9.5634157243374660E-007                  3.9241816019206371E-021                  0.0000000000000000E+000                  0.0000000000000000E+000                  3.1927825950229886E+004                  4.5041693472909765E+000                 -1.7324720592321398E+001                  8.4073507973315420E-001                  0.0000000000000000E+000                  0.0000000000000000E+000 
                                     245                  4.3050468357094198E+000                  1.7473547420154749E+000                  5.5513045089001531E+000                 -5.6545255622995922E+000                  8.1592440412710570E+000                  6.8146216238837831E-001                  2.9843161608130003E-001                  2.0106221530321600E-002                  5.5892655277126849E+001                  9.4070625415960110E-007                  5.1346544136907305E-021                  0.0000000000000000E+000                  0.0000000000000000E+000                  3.1928562075393871E+004                  4.5041793602311566E+000                 -1.7635842327837068E+001                  8.4073507973152573E-001                  0.0000000000000000E+000                  0.0000000000000000E+000 
                                     246                  4.2909976518703479E+000                  1.7397464129000071E+000                  5.5586803530865252E+000                 -5.6371473801143450E+000                  8.1853402655667278E+000                  6.8146216238467272E-001                  2.9843161608501545E-001                  2.0106221530311830E-002                  5.4922008737582665E+001                  9.3167250660398448E-007                  6.9174941123133229E-021                  0.0000000000000000E+000                  0.0000000000000000E+000                  3.1928992301856815E+004                  4.5041852121614614E+000                 -1.7462565328717460E+001                  8.4073507972967298E-001                  0.0000000000000000E+000                  0.0000000000000000E+000 
                                     247                  4.2627713547520907E+000                  1.7238227501898327E+000                  5.5691373290842616E+000                 -5.6120529420503962E+000                  8.2226822135546556E+000                  6.8146216237928958E-001                  2.9843161609041258E-001                  2.0106221530297841E-002                  5.2944731499044615E+001                  9.1339502076362344E-007                  1.0538609732973817E-020                  0.0000000000000000E+000                  0.0000000000000000E+000                  3.1929868972780328E+004                  4.5041971363748585E+000                 -1.7238327314674706E+001                  8.4073507972698125E-001                  0.0000000000000000E+000                  0.0000000000000000E+000 
                                     248                  4.2344171281937246E+000                  1.7069131071485546E+000                  5.5797900011962103E+000                 -5.5863401143857354E+000                  8.2608480439825911E+000                  6.8146216237364698E-001                  2.9843161609606994E-001                  2.0106221530283075E-002                  5.0922897525514585E+001                  8.9484912004441458E-007                  1.6137453583493381E-020                  0.0000000000000000E+000                  0.0000000000000000E+000                  3.1930776361180851E+004                  4.5042094780533128E+000                 -1.7248169199032130E+001                  8.4073507972415984E-001                  0.0000000000000000E+000                  0.0000000000000000E+000 
                                     249                  4.2084257538485543E+000                  1.6905223678789096E+000                  5.5876544055108743E+000                 -5.5670214946933338E+000                  8.2892744498260509E+000                  6.8146216236937229E-001                  2.9843161610035585E-001                  2.0106221530271862E-002                  4.9036827804211363E+001                  8.7764333046415290E-007                  2.2075820140822173E-020                  0.0000000000000000E+000                  0.0000000000000000E+000                  3.1931635972836026E+004                  4.5042211695815473E+000                 -1.7761087746824476E+001                  8.4073507972202233E-001                  0.0000000000000000E+000                  0.0000000000000000E+000 
                                     250                  4.1966114927825675E+000                  1.6827733441670829E+000                  5.5951798969101505E+000                 -5.5491374046054158E+000                  8.3160582392582416E+000                  6.8146216236519752E-001                  2.9843161610454161E-001                  2.0106221530260870E-002                  4.8169633741988882E+001                  8.6967662439654930E-007                  2.9706035889125129E-020                  0.0000000000000000E+000                  0.0000000000000000E+000                  3.1932039589687785E+004                  4.5042266590423390E+000                 -1.7241134995170210E+001                  8.4073507971993500E-001                  0.0000000000000000E+000                  0.0000000000000000E+000 
                                     251                  4.1729829706505948E+000                  1.6666274521955400E+000                  5.6031843346903694E+000                 -5.5294330881744767E+000                  8.3450389759142070E+000                  6.8146216236064772E-001                  2.9843161610910335E-001                  2.0106221530248991E-002                  4.6411697418639150E+001                  8.5362092403972770E-007                  4.0731192600547424E-020                  0.0000000000000000E+000                  0.0000000000000000E+000                  3.1932857930858088E+004                  4.5042377888199914E+000                 -1.7512150531194663E+001                  8.4073507971765993E-001                  0.0000000000000000E+000                  0.0000000000000000E+000 
                                     252                  4.1611687095846088E+000                  1.6582268262411670E+000                  5.6100192747354907E+000                 -5.5130137388051192E+000                  8.3695069588953945E+000                  6.8146216235668033E-001                  2.9843161611308117E-001                  2.0106221530238555E-002                  4.5522575643976133E+001                  8.4546877813535325E-007                  5.3208355866750005E-020                  0.0000000000000000E+000                  0.0000000000000000E+000                  3.1933280971965221E+004                  4.5042435422418077E+000                 -1.7496243946196330E+001                  8.4073507971567629E-001                  0.0000000000000000E+000                  0.0000000000000000E+000 
                                     253                  4.1434473179856290E+000                  1.6451622626804896E+000                  5.6186128467630141E+000                 -5.4921415118563246E+000                  8.4004418339655551E+000                  6.8146216235156654E-001                  2.9843161611820829E-001                  2.0106221530225232E-002                  4.4173545933068731E+001                  8.3309353842464586E-007                  7.4361529959574087E-020                  0.0000000000000000E+000                  0.0000000000000000E+000                  3.1933925593487536E+004                  4.5042523090435873E+000                 -1.7419651733901123E+001                  8.4073507971311923E-001                  0.0000000000000000E+000                  0.0000000000000000E+000 
                                     254                  4.1257259263866501E+000                  1.6315073714990809E+000                  5.6272087677461116E+000                 -5.4711651004792943E+000                  8.4314655604605999E+000                  6.8146216234630574E-001                  2.9843161612348290E-001                  2.0106221530211354E-002                  4.2806268524819821E+001                  8.2056618442079461E-007                  1.0375259161229396E-019                  0.0000000000000000E+000                  0.0000000000000000E+000                  3.1934587058066565E+004                  4.5042613047256443E+000                 -1.7330883612831279E+001                  8.4073507971048878E-001                  0.0000000000000000E+000                  0.0000000000000000E+000 
                                     255                  4.1096412137642711E+000                  1.6185610805616268E+000                  5.6357573003893302E+000                 -5.4503201728324520E+000                  8.4623182921373648E+000                  6.8146216234092138E-001                  2.9843161612888136E-001                  2.0106221530197255E-002                  4.1549048303997708E+001                  8.0901602329939248E-007                  1.4420911649600062E-019                  0.0000000000000000E+000                  0.0000000000000000E+000                  3.1935204460589215E+004                  4.5042697010113484E+000                 -1.7356090385030321E+001                  8.4073507970779660E-001                  0.0000000000000000E+000                  0.0000000000000000E+000 
                                     256                  4.0935565011418920E+000                  1.6050407519424583E+000                  5.6432328860817336E+000                 -5.4318829137540270E+000                  8.4894525387663204E+000                  6.8146216233607360E-001                  2.9843161613374192E-001                  2.0106221530184487E-002                  4.0275482497697077E+001                  7.9730194973381773E-007                  1.9211557455923226E-019                  0.0000000000000000E+000                  0.0000000000000000E+000                  3.1935838343013573E+004                  4.5042783212444615E+000                 -1.7511747578866814E+001                  8.4073507970537253E-001                  0.0000000000000000E+000                  0.0000000000000000E+000 
                                     257                  4.0828333593936392E+000                  1.5956899744664481E+000                  5.6500774484025875E+000                 -5.4152172004651007E+000                  8.5141540453370599E+000                  6.8146216233152279E-001                  2.9843161613830443E-001                  2.0106221530172830E-002                  3.9417581520085882E+001                  7.8935457561032735E-007                  2.4937025061349009E-019                  0.0000000000000000E+000                  0.0000000000000000E+000                  3.1936273518888684E+004                  4.5042842391474620E+000                 -1.7674532499778042E+001                  8.4073507970309702E-001                  0.0000000000000000E+000                  0.0000000000000000E+000 
                                     258                  4.0697272972568852E+000                  1.5838578946785293E+000                  5.6559758470528587E+000                 -5.4005841524498308E+000                  8.5356339781146922E+000                  6.8146216232749512E-001                  2.9843161614234270E-001                  2.0106221530162172E-002                  3.8358171333872164E+001                  7.7952955829634081E-007                  3.1211393994955057E-019                  0.0000000000000000E+000                  0.0000000000000000E+000                  3.1936815401083259E+004                  4.5042916080238058E+000                 -1.7735306141213254E+001                  8.4073507970108308E-001                  0.0000000000000000E+000                  0.0000000000000000E+000 
                                     259                  4.0631742661885077E+000                  1.5777714350504135E+000                  5.6619709484822858E+000                 -5.3860768407534856E+000                  8.5572186844358367E+000                  6.8146216232331591E-001                  2.9843161614653285E-001                  2.0106221530151291E-002                  3.7824346647778938E+001                  7.7453682716338189E-007                  3.9139240825068775E-019                  0.0000000000000000E+000                  0.0000000000000000E+000                  3.1937093315987091E+004                  4.5042953872479545E+000                 -1.7367835519214360E+001                  8.4073507969899353E-001                  0.0000000000000000E+000                  0.0000000000000000E+000 
                                     260                  4.0500682040517528E+000                  1.5652185853611595E+000                  5.6703335019311245E+000                 -5.3655302980989683E+000                  8.5875500233119464E+000                  6.8146216231729329E-001                  2.9843161615257136E-001                  2.0106221530135304E-002                  3.6746720439301136E+001                  7.6443398657115302E-007                  5.3625063623867571E-019                  0.0000000000000000E+000                  0.0000000000000000E+000                  3.1937655785991887E+004                  4.5043030358923017E+000                 -1.7460142473955145E+001                  8.4073507969598205E-001                  0.0000000000000000E+000                  0.0000000000000000E+000 
                                     261                  4.0369621419149997E+000                  1.5521377768247535E+000                  5.6800590783406211E+000                 -5.3417388577282967E+000                  8.6227665022365123E+000                  6.8146216231000178E-001                  2.9843161615988184E-001                  2.0106221530116430E-002                  3.5656423294333294E+001                  7.5417046843681419E-007                  7.7148932168118000E-019                  0.0000000000000000E+000                  0.0000000000000000E+000                  3.1938233863111473E+004                  4.5043108966267527E+000                 -1.7293992844866946E+001                  8.4073507969233618E-001                  0.0000000000000000E+000                  0.0000000000000000E+000 
                                     262                  4.0208774292926206E+000                  1.5352884703435967E+000                  5.6891297417537370E+000                 -5.3190099791806000E+000                  8.6559921678187379E+000                  6.8146216230284695E-001                  2.9843161616705538E-001                  2.0106221530097668E-002                  3.4299553797183087E+001                  7.4138964881054048E-007                  1.0820625659131177E-018                  0.0000000000000000E+000                  0.0000000000000000E+000                  3.1938962465999110E+004                  4.5043208040188052E+000                 -1.7620135560991841E+001                  8.4073507968875882E-001                  0.0000000000000000E+000                  0.0000000000000000E+000 
                                     263                  4.0113457477386181E+000                  1.5248735198872185E+000                  5.6978287631696043E+000                 -5.2977588766237442E+000                  8.6874943799802402E+000                  6.8146216229569490E-001                  2.9843161617422626E-001                  2.0106221530078905E-002                  3.3486790096734261E+001                  7.3361252603442963E-007                  1.4919691907707095E-018                  0.0000000000000000E+000                  0.0000000000000000E+000                  3.1939414467226688E+004                  4.5043269501248391E+000                 -1.7402496672732926E+001                  8.4073507968518291E-001                  0.0000000000000000E+000                  0.0000000000000000E+000 
                                     264                  3.9970482254076130E+000                  1.5085637260203757E+000                  5.7066061759191076E+000                 -5.2756805098612229E+000                  8.7197229974177421E+000                  6.8146216228804979E-001                  2.9843161618189135E-001                  2.0106221530058921E-002                  3.2252525406881944E+001                  7.2176817404187559E-007                  2.0621694629997176E-018                  0.0000000000000000E+000                  0.0000000000000000E+000                  3.1940105780627335E+004                  4.5043363501201430E+000                 -1.7627840670565554E+001                  8.4073507968135985E-001                  0.0000000000000000E+000                  0.0000000000000000E+000 
                                     265                  3.9886893142672064E+000                  1.4986381270830422E+000                  5.7142421576703475E+000                 -5.2568628021646386E+000                  8.7475049636430082E+000                  6.8146216228109113E-001                  2.9843161618886832E-001                  2.0106221530040491E-002                  3.1523768322228253E+001                  7.1466957775199403E-007                  2.7260947289674390E-018                  0.0000000000000000E+000                  0.0000000000000000E+000                  3.1940529034270799E+004                  4.5043421051262520E+000                 -1.7579829573942931E+001                  8.4073507967788064E-001                  0.0000000000000000E+000                  0.0000000000000000E+000 
                                     266                  3.9779101031769959E+000                  1.4853607079889886E+000                  5.7217556287654610E+000                 -5.2380012867024544E+000                  8.7750824803741860E+000                  6.8146216227383705E-001                  2.9843161619614128E-001                  2.0106221530021617E-002                  3.0574594650383464E+001                  7.0535529503413881E-007                  3.5854682065151831E-018                  0.0000000000000000E+000                  0.0000000000000000E+000                  3.1941086600393402E+004                  4.5043496862710910E+000                 -1.7509099013381451E+001                  8.4073507967425354E-001                  0.0000000000000000E+000                  0.0000000000000000E+000 
                                     267                  3.9707239624501898E+000                  1.4762006795332467E+000                  5.7279412002139756E+000                 -5.2226107639696382E+000                  8.7976990551736627E+000                  6.8146216226757206E-001                  2.9843161620242270E-001                  2.0106221530005186E-002                  2.9936476268461124E+001                  6.9901857865667272E-007                  4.4867008953317045E-018                  0.0000000000000000E+000                  0.0000000000000000E+000                  3.1941471822922627E+004                  4.5043549240080534E+000                 -1.7863735610365843E+001                  8.4073507967112093E-001                  0.0000000000000000E+000                  0.0000000000000000E+000 
                                     268                  3.9635378217233819E+000                  1.4667734765218998E+000                  5.7343225772417252E+000                 -5.2067093912815787E+000                  8.8210530101364384E+000                  6.8146216226076195E-001                  2.9843161620925057E-001                  2.0106221529987423E-002                  2.9293649204759067E+001                  6.9256512736160521E-007                  5.6492069846027197E-018                  0.0000000000000000E+000                  0.0000000000000000E+000                  3.1941865679117651E+004                  4.5043602790686643E+000                 -1.7574263857847711E+001                  8.4073507966771543E-001                  0.0000000000000000E+000                  0.0000000000000000E+000 
                                     269                  3.9563516809965749E+000                  1.4570643231176794E+000                  5.7409113472134079E+000                 -5.1902660137206604E+000                  8.8451887450711872E+000                  6.8146216225329448E-001                  2.9843161621673758E-001                  2.0106221529967883E-002                  2.8646022131522997E+001                  6.8600226554178476E-007                  7.1593244446944454E-018                  0.0000000000000000E+000                  0.0000000000000000E+000                  3.1942268763911343E+004                  4.5043657595374276E+000                 -1.8102017576755788E+001                  8.4073507966398153E-001                  0.0000000000000000E+000                  0.0000000000000000E+000 
                                     270                  3.9491655402697687E+000                  1.4470572456893336E+000                  5.7477201157698348E+000                 -5.1732468217187826E+000                  8.8701544960399392E+000                  6.8146216224500877E-001                  2.9843161622504499E-001                  2.0106221529946233E-002                  2.7993502862742687E+001                  6.7932081846962262E-007                  9.1356113565137378E-018                  0.0000000000000000E+000                  0.0000000000000000E+000                  3.1942681721491161E+004                  4.5043713741680032E+000                 -1.7557910225587399E+001                  8.4073507965983874E-001                  0.0000000000000000E+000                  0.0000000000000000E+000 
                                     271                  3.9419793995429626E+000                  1.4367349426249054E+000                  5.7547626258316686E+000                 -5.1556150130394949E+000                  8.8960027697291117E+000                  6.8146216223565781E-001                  2.9843161623442049E-001                  2.0106221529921697E-002                  2.7335998541864232E+001                  6.7251064293096129E-007                  1.1742325392351100E-017                  0.0000000000000000E+000                  0.0000000000000000E+000                  3.1943105404637299E+004                  4.5043771345494816E+000                 -1.7964157027509067E+001                  8.4073507965516325E-001                  0.0000000000000000E+000                  0.0000000000000000E+000 
                                     272                  3.9347932588161565E+000                  1.4260786371819869E+000                  5.7611562847786661E+000                 -5.1394847362195293E+000                  8.9195568363387263E+000                  6.8146216222616229E-001                  2.9843161624394093E-001                  2.0106221529896828E-002                  2.6673415931479656E+001                  6.6557202303687884E-007                  1.4736732351631981E-017                  0.0000000000000000E+000                  0.0000000000000000E+000                  3.1943540726554886E+004                  4.5043830530917157E+000                 -1.7548078743257022E+001                  8.4073507965041550E-001                  0.0000000000000000E+000                  0.0000000000000000E+000 
                                     273                  3.9293896359355611E+000                  1.4178362477806623E+000                  5.7667877143553348E+000                 -5.1253497009272646E+000                  8.9402592020769802E+000                  6.8146216221676981E-001                  2.9843161625335785E-001                  2.0106221529872403E-002                  2.6171959994528766E+001                  6.6024563577879872E-007                  1.7983074158143714E-017                  0.0000000000000000E+000                  0.0000000000000000E+000                  3.1943878065058656E+004                  4.5043876394172706E+000                 -1.7884365533435741E+001                  8.4073507964571892E-001                  0.0000000000000000E+000                  0.0000000000000000E+000 
                                     274                  3.9239860130549680E+000                  1.4093843045478067E+000                  5.7754402838708998E+000                 -5.1040206392002183E+000                  8.9718191143785084E+000                  6.8146216219966105E-001                  2.9843161627051151E-001                  2.0106221529827439E-002                  2.5667543371966264E+001                  6.5479019345976076E-007                  2.4360390158585485E-017                  0.0000000000000000E+000                  0.0000000000000000E+000                  3.1944223040639859E+004                  4.5043923295235260E+000                 -1.7365196218830409E+001                  8.4073507963716421E-001                  0.0000000000000000E+000                  0.0000000000000000E+000 
                                     275                  3.9131787672937803E+000                  1.3917835720735259E+000                  5.7846601280638987E+000                 -5.0802798017294020E+000                  9.0061266763416477E+000                  6.8146213443944703E-001                  2.9843164410341061E-001                  2.0106221457142359E-002                  2.4648107081894540E+001                  6.4373533239694910E-007                  3.3675542270139553E-017                  0.0000000000000000E+000                  0.0000000000000000E+000                  3.1944922748757392E+004                  4.5044018422309087E+000                 -1.7797618182494102E+001                  8.4073506575665669E-001                  0.0000000000000000E+000                  0.0000000000000000E+000 
                                     276                  3.9077751444131859E+000                  1.3826409617900701E+000                  5.7909663193638137E+000                 -5.0643665829275681E+000                  9.0293833618138830E+000                  6.8146074825189018E-001                  2.9843303391881598E-001                  2.0106217829293893E-002                  2.4134647594605486E+001                  6.3778789165533665E-007                  4.1944628443943806E-017                  0.0000000000000000E+000                  0.0000000000000000E+000                  3.1945410882872475E+004                  4.5044084784132714E+000                 -1.7820089122921157E+001                  8.4073437264450590E-001                  0.0000000000000000E+000                  0.0000000000000000E+000 
                                     277                  3.9023715215325905E+000                  1.3732445630010566E+000                  5.7973634911986700E+000                 -5.0476340412311256E+000                  9.0533666745077443E+000                  6.8146073326578926E-001                  2.9843304894285211E-001                  2.0106217791358683E-002                  2.3618078568295360E+001                  6.3117575911494156E-007                  5.2431624705073793E-017                  0.0000000000000000E+000                  0.0000000000000000E+000                  3.1946206340460958E+004                  4.5044192924404101E+000                 -1.7762498251070831E+001                  8.4073436515323174E-001                  0.0000000000000000E+000                  0.0000000000000000E+000 
                                     278                  3.8969678986519960E+000                  1.3635884257562356E+000                  5.8038704488689259E+000                 -5.0300769517997228E+000                  9.0781159260907298E+000                  6.8146071077275017E-001                  2.9843307149244364E-001                  2.0106217734806142E-002                  2.3098747196182149E+001                  6.2405631056360609E-007                  6.5809283887365603E-017                  0.0000000000000000E+000                  0.0000000000000000E+000                  3.1947294355432055E+004                  4.5044340832686816E+000                 -1.7714643947429444E+001                  8.4073435390873430E-001                  0.0000000000000000E+000                  0.0000000000000000E+000 
                                     279                  3.8915642757714024E+000                  1.3536661933117342E+000                  5.8110535369878988E+000                 -5.0102417695128976E+000                  9.1057351721064723E+000                  6.8146067621337114E-001                  2.9843310613872143E-001                  2.0106217647907432E-002                  2.2576997937676033E+001                  6.1642995772125350E-007                  8.4566063054704327E-017                  0.0000000000000000E+000                  0.0000000000000000E+000                  3.1948661545594117E+004                  4.5044526685808446E+000                 -1.7558452571812712E+001                  8.4073433663160613E-001                  0.0000000000000000E+000                  0.0000000000000000E+000 
                                     280                  3.8852600490773757E+000                  1.3417413167319021E+000                  5.8189940636367652E+000                 -4.9876306006139224E+000                  9.1367146187865345E+000                  6.8146063138534552E-001                  2.9843315107946561E-001                  2.0106217535188931E-002                  2.1965511288184395E+001                  6.0691273733650607E-007                  1.1160252003255128E-016                  0.0000000000000000E+000                  0.0000000000000000E+000                  3.1950592675227017E+004                  4.5044789186194052E+000                 -1.7710447787535976E+001                  8.4073431422093969E-001                  0.0000000000000000E+000                  0.0000000000000000E+000 
                                     281                  3.8789558223833476E+000                  1.3294334192080295E+000                  5.8258114227767122E+000                 -4.9675927782131915E+000                  9.1637198867825180E+000                  6.8146062071484970E-001                  2.9843316177674717E-001                  2.0106217508403135E-002                  2.1351747217181618E+001                  5.9675891295944415E-007                  1.4165635073024421E-016                  0.0000000000000000E+000                  0.0000000000000000E+000                  3.1952871053409952E+004                  4.5045098868021993E+000                 -1.7826439458010402E+001                  8.4073430888945400E-001                  0.0000000000000000E+000                  0.0000000000000000E+000 
                                     282                  3.8747530045873289E+000                  1.3210153329260221E+000                  5.8313675648315408E+000                 -4.9512125014694979E+000                  9.1857613293653753E+000                  6.8146062013920516E-001                  2.9843316235377787E-001                  2.0106217507017021E-002                  2.0941863905645956E+001                  5.8961473731073724E-007                  1.7192884858780367E-016                  0.0000000000000000E+000                  0.0000000000000000E+000                  3.1954577448120039E+004                  4.5045330790223268E+000                 -1.8070424170888124E+001                  8.4073430860573617E-001                  0.0000000000000000E+000                  0.0000000000000000E+000 
                                     283                  3.8705501867913110E+000                  1.3124182070829387E+000                  5.8370423643407605E+000                 -4.9342910540319256E+000                  9.2083981542940361E+000                  6.8146061956147719E-001                  2.9843316293289202E-001                  2.0106217505630797E-002                  2.0531383119272149E+001                  5.8216568616321356E-007                  2.0947668342707898E-016                  0.0000000000000000E+000                  0.0000000000000000E+000                  3.1956427057159643E+004                  4.5045582163208566E+000                 -1.7728260029742255E+001                  8.4073430832132390E-001                  0.0000000000000000E+000                  0.0000000000000000E+000 
                                     284                  3.8663473689952941E+000                  1.3036382015485968E+000                  5.8428440089628477E+000                 -4.9168192313322594E+000                  9.2316530877403853E+000                  6.8146060117173324E-001                  2.9843318136882530E-001                  2.0106217459441522E-002                  2.0120473717130626E+001                  5.7442986909763441E-007                  2.5626319910362220E-016                  0.0000000000000000E+000                  0.0000000000000000E+000                  3.1958415495630888E+004                  4.5045852387720267E+000                 -1.7720681468999196E+001                  8.4073429913121844E-001                  0.0000000000000000E+000                  0.0000000000000000E+000 
                                     285                  3.8621445511992754E+000                  1.2946713412727269E+000                  5.8513002307537745E+000                 -4.8915783458345850E+000                  9.2654014815653216E+000                  6.8146059919263346E-001                  2.9843318335277280E-001                  2.0106217454593733E-002                  1.9709306408957932E+001                  5.6638314841809944E-007                  3.4314934803979482E-016                  0.0000000000000000E+000                  0.0000000000000000E+000                  3.1960538107439279E+004                  4.5046140827547259E+000                 -1.7561292843601738E+001                  8.4073429815031597E-001                  0.0000000000000000E+000                  0.0000000000000000E+000 
                                     286                  3.8543393181495289E+000                  1.2774805618218721E+000                  5.8597618566897625E+000                 -4.8649773543272614E+000                  9.3000478699419862E+000                  6.8146059666215497E-001                  2.9843318588947065E-001                  2.0106217448374375E-002                  1.8944387210586015E+001                  5.5080124342734797E-007                  4.6026956553635280E-016                  0.0000000000000000E+000                  0.0000000000000000E+000                  3.1964810884798175E+004                  4.5046721393367042E+000                 -1.7735963294256468E+001                  8.4073429689475776E-001                  0.0000000000000000E+000                  0.0000000000000000E+000 
                                     287                  3.8507369028957994E+000                  1.2693314530873583E+000                  5.8652042738819024E+000                 -4.8481826199128388E+000                  9.3221269813603165E+000                  6.8146059336077935E-001                  2.9843318919904355E-001                  2.0106217440177154E-002                  1.8592228706765809E+001                  5.4329626426642220E-007                  5.5508317006895341E-016                  0.0000000000000000E+000                  0.0000000000000000E+000                  3.1966933378507187E+004                  4.5047009759441412E+000                 -1.7478492758050024E+001                  8.4073429525118371E-001                  0.0000000000000000E+000                  0.0000000000000000E+000 
                                     288                  3.8471344876420694E+000                  1.2610332466702221E+000                  5.8707687437929366E+000                 -4.8309473635436415E+000                  9.3447430973091414E+000                  6.8146059135357295E-001                  2.9843319121117812E-001                  2.0106217435248874E-002                  1.8240353328757639E+001                  5.3555997188239156E-007                  6.7189047880107881E-016                  0.0000000000000000E+000                  0.0000000000000000E+000                  3.1969144444763697E+004                  4.5047310138791348E+000                 -1.7724632550841637E+001                  8.4073429425557744E-001                  0.0000000000000000E+000                  0.0000000000000000E+000 
                                     289                  3.8435320723883390E+000                  1.2525829985634143E+000                  5.8764600712979824E+000                 -4.8132616154411085E+000                  9.3679126105452823E+000                  6.8146059013569105E-001                  2.9843319243199273E-001                  2.0106217432316220E-002                  1.7888873729522725E+001                  5.2762686210453844E-007                  8.1635984225882140E-016                  0.0000000000000000E+000                  0.0000000000000000E+000                  3.1971444117796455E+004                  4.5047622533572564E+000                 -1.7813366828112933E+001                  8.4073429365530283E-001                  0.0000000000000000E+000                  0.0000000000000000E+000 
                                     290                  3.8399296571346095E+000                  1.2439777243731962E+000                  5.8851643643522751E+000                 -4.7866657834064874E+000                  9.4030524978623173E+000                  6.8146058866145021E-001                  2.9843319390970208E-001                  2.0106217428847772E-002                  1.7537905449410559E+001                  5.1946839478904462E-007                  1.0969703000023915E-015                  0.0000000000000000E+000                  0.0000000000000000E+000                  3.1973833050521836E+004                  4.5047947029875246E+000                 -1.7476027214667273E+001                  8.4073429293402602E-001                  0.0000000000000000E+000                  0.0000000000000000E+000 
                                     291                  3.8327248266271492E+000                  1.2262570335964040E+000                  5.8943492506696318E+000                 -4.7572605131618388E+000                  9.4410101189405378E+000                  6.8146058760725203E-001                  2.9843319496627374E-001                  2.0106217426474227E-002                  1.6836702325524030E+001                  5.0267297357357151E-007                  1.5002336872804384E-015                  0.0000000000000000E+000                  0.0000000000000000E+000                  3.1978865615281553E+004                  4.5048630539767736E+000                 -1.7584870296750406E+001                  8.4073429242525766E-001                  0.0000000000000000E+000                  0.0000000000000000E+000 
                                     292                  3.8291224113734206E+000                  1.2171692516908790E+000                  5.9006134584019669E+000                 -4.7376252281369524E+000                  9.4666239262677117E+000                  6.8146058730342529E-001                  2.9843319527065792E-001                  2.0106217425916784E-002                  1.6488048326497385E+001                  4.9400956478350910E-007                  1.8535934276232508E-015                  0.0000000000000000E+000                  0.0000000000000000E+000                  3.1981521247074576E+004                  4.5048991177434550E+000                 -1.7544679492691944E+001                  8.4073429228696572E-001                  0.0000000000000000E+000                  0.0000000000000000E+000 
                                     293                  3.8255028200972774E+000                  1.2078696116135337E+000                  5.9102282926799194E+000                 -4.7081077301934400E+000                  9.5055321651526299E+000                  6.8146058674172372E-001                  2.9843319583339262E-001                  2.0106217424883610E-002                  1.6138739501343700E+001                  4.8505832496730351E-007                  2.5566420058956515E-015                  0.0000000000000000E+000                  0.0000000000000000E+000                  3.1984274418904984E+004                  4.5049365029529085E+000                 -1.7365022518147821E+001                  8.4073429203101657E-001                  0.0000000000000000E+000                  0.0000000000000000E+000 
                                     294                  3.8182636375449883E+000                  1.1887081809556237E+000                  5.9204163088738753E+000                 -4.6753528211544433E+000                  9.5477296187532179E+000                  6.8146058615146354E-001                  2.9843319642469757E-001                  2.0106217423838890E-002                  1.5442164728442400E+001                  4.6675758188492898E-007                  3.5991119827899469E-015                  0.0000000000000000E+000                  0.0000000000000000E+000                  3.1990011329766021E+004                  4.5050143938963600E+000                 -1.7601555411656989E+001                  8.4073429176464232E-001                  0.0000000000000000E+000                  0.0000000000000000E+000 
                                     295                  3.8146440462688451E+000                  1.1788826249562550E+000                  5.9273567132563771E+000                 -4.6536101908780232E+000                  9.5761018864802434E+000                  6.8146058576747515E-001                  2.9843319680932312E-001                  2.0106217423201733E-002                  1.5096720859478875E+001                  4.5738781377506755E-007                  4.5316644672397843E-015                  0.0000000000000000E+000                  0.0000000000000000E+000                  3.1993008945599347E+004                  4.5050550874431989E+000                 -1.7748264666099736E+001                  8.4073429159404356E-001                  0.0000000000000000E+000                  0.0000000000000000E+000 
                                     296                  3.8110244549927015E+000                  1.1688742809437940E+000                  5.9344770939318661E+000                 -4.6313279964092144E+000                  9.6051942403372763E+000                  6.8146058539088383E-001                  2.9843319718648009E-001                  2.0106217422636075E-002                  1.4752794093076579E+001                  4.4783129737509022E-007                  5.7336766395946173E-015                  0.0000000000000000E+000                  0.0000000000000000E+000                  3.1996085369196437E+004                  4.5050968468650989E+000                 -1.7808283812586033E+001                  8.4073429143042744E-001                  0.0000000000000000E+000                  0.0000000000000000E+000 
                                     297                  3.8074048637165574E+000                  1.1586794132442146E+000                  5.9417829475986510E+000                 -4.6084936774748586E+000                  9.6350260364390472E+000                  6.8146058502168694E-001                  2.9843319755617104E-001                  2.0106217422142025E-002                  1.4410512061009211E+001                  4.3813601839154811E-007                  7.2905937474054445E-015                  0.0000000000000000E+000                  0.0000000000000000E+000                  3.1999242214504109E+004                  4.5051396937587773E+000                 -1.7668293075007959E+001                  8.4073429127379284E-001                  0.0000000000000000E+000                  0.0000000000000000E+000 
                                     298                  3.8037852724404138E+000                  1.1482942348073570E+000                  5.9474177694894257E+000                 -4.5906784644968210E+000                  9.6581687900148268E+000                  6.8146058487872052E-001                  2.9843319769914689E-001                  2.0106217422132588E-002                  1.4070004450512332E+001                  4.2832890381193599E-007                  8.7721069271125713E-015                  0.0000000000000000E+000                  0.0000000000000000E+000                  3.2002482799413181E+004                  4.5051836728279371E+000                 -1.7557680938718089E+001                  8.4073429122473797E-001                  0.0000000000000000E+000                  0.0000000000000000E+000 
                                     299                  3.8019754768023430E+000                  1.1430327543435601E+000                  5.9512146798531589E+000                 -4.5788419724248151E+000                  9.6736526097974931E+000                  6.8146058477516580E-001                  2.9843319780270489E-001                  2.0106217422129369E-002                  1.3900574649258925E+001                  4.2337517034339338E-007                  9.9291224212659201E-015                  0.0000000000000000E+000                  0.0000000000000000E+000                  3.2004137648061886E+004                  4.5052061296185517E+000                 -1.9036156423059513E+001                  8.4073429118928578E-001                  0.0000000000000000E+000                  0.0000000000000000E+000 
                                     300                  3.8001656811642706E+000                  1.1377223343016505E+000                  5.9569793700842304E+000                 -4.5611150292820977E+000                  9.6970003891394772E+000                  6.8146058461764392E-001                  2.9843319796023138E-001                  2.0106217422124706E-002                  1.3731637635618611E+001                  4.1837032250729932E-007                  1.1970506365418940E-014                  0.0000000000000000E+000                  0.0000000000000000E+000                  3.2005815064600800E+004                  4.5052288914771692E+000                 -1.7710871101497887E+001                  8.4073429113537468E-001                  0.0000000000000000E+000                  0.0000000000000000E+000 
                                     301                  3.7965375018769190E+000                  1.1269190638643398E+000                  5.9648887685185548E+000                 -4.5364708789291086E+000                  9.7292467585665747E+000                  6.8146058437675183E-001                  2.9843319820111680E-001                  2.0106217422131367E-002                  1.3394270454070105E+001                  4.0825684252964198E-007                  1.5465502980488180E-014                  0.0000000000000000E+000                  0.0000000000000000E+000                  3.2009243836536745E+004                  4.5052754148033509E+000                 -1.7461434835637398E+001                  8.4073429105319919E-001                  0.0000000000000000E+000                  0.0000000000000000E+000 
                                     302                  3.7929093225895678E+000                  1.1159132830016718E+000                  5.9709907550452819E+000                 -4.5172197885398955E+000                  9.7542818328206291E+000                  6.8146058417415056E-001                  2.9843319840370514E-001                  2.0106217422144246E-002                  1.3059101067588877E+001                  3.9808482232072082E-007                  1.8838741723064252E-014                  0.0000000000000000E+000                  0.0000000000000000E+000                  3.2012763881673101E+004                  4.5053231713869009E+000                 -1.8644715273806558E+001                  8.4073429098425356E-001                  0.0000000000000000E+000                  0.0000000000000000E+000 
                                     303                  3.7910952329458922E+000                  1.1103377094527678E+000                  5.9751024214940296E+000                 -4.5044472674612122E+000                  9.7710196552640536E+000                  6.8146058403489340E-001                  2.9843319854294931E-001                  2.0106217422157346E-002                  1.2892516902492691E+001                  3.9296397726558688E-007                  2.1498361514733159E-014                  0.0000000000000000E+000                  0.0000000000000000E+000                  3.2014557772206950E+004                  4.5053475071467002E+000                 -1.7660819622645342E+001                  8.4073429093689145E-001                  0.0000000000000000E+000                  0.0000000000000000E+000 
                                     304                  3.7892811433022167E+000                  1.1047101350321875E+000                  5.9813360713524792E+000                 -4.4853761527967730E+000                  9.7962021373410693E+000                  6.8146058380928476E-001                  2.9843319876852770E-001                  2.0106217422187544E-002                  1.2726533793006938E+001                  3.8780155621693551E-007                  2.6228962144138108E-014                  0.0000000000000000E+000                  0.0000000000000000E+000                  3.2016372167231126E+004                  4.5053721196815477E+000                 -1.7635254260371664E+001                  8.4073429086026974E-001                  0.0000000000000000E+000                  0.0000000000000000E+000 
                                     305                  3.7856529640148673E+000                  1.0932873951822635E+000                  5.9898910869184592E+000                 -4.4588765622220246E+000                  9.8309779949560774E+000                  6.8146058335074122E-001                  2.9843319922724215E-001                  2.0106217422016570E-002                  1.2396166337827099E+001                  3.7743058535119592E-007                  3.4442528279158363E-014                  0.0000000000000000E+000                  0.0000000000000000E+000                  3.2020057083938507E+004                  4.5054221018249230E+000                 -1.7587345809090912E+001                  8.4073429068207750E-001                  0.0000000000000000E+000                  0.0000000000000000E+000 
                                     306                  3.7820247847275170E+000                  1.0816499765088190E+000                  5.9986778214281902E+000                 -4.4317460745179522E+000                  9.8666384563848624E+000                  6.8146058299053891E-001                  2.9843319958758974E-001                  2.0106217421871353E-002                  1.2068407790037273E+001                  3.6702666248575385E-007                  4.5484473487440828E-014                  0.0000000000000000E+000                  0.0000000000000000E+000                  3.2023820113726440E+004                  4.5054731375568471E+000                 -1.7553949320694024E+001                  8.4073429056086413E-001                  0.0000000000000000E+000                  0.0000000000000000E+000 
                                     307                  3.7783966054401663E+000                  1.0697933029696982E+000                  6.0077018882864017E+000                 -4.4039700469994854E+000                  9.9032044454492478E+000                  6.8146058258305231E-001                  2.9843319999478735E-001                  2.0106217422160344E-002                  1.1743385101793432E+001                  3.5657628507062445E-007                  6.0410285403614823E-014                  8.2556712278216296E-040                  0.0000000000000000E+000                  3.2027664909292878E+004                  4.5055252760357583E+000                 -1.7516685460221119E+001                  8.4073429042381675E-001                  0.0000000000000000E+000                  0.0000000000000000E+000 
                                     308                  3.7747684261528152E+000                  1.0577127142115545E+000                  6.0169679350912668E+000                 -4.3755305225655459E+000                  9.9406971294317863E+000                  6.8146058214008498E-001                  2.9843320043753191E-001                  2.0106217422383166E-002                  1.1421225707976230E+001                  3.4608979223847893E-007                  8.0696416908076255E-014                  2.2804886418152609E-039                  0.0000000000000000E+000                  3.2031597785879942E+004                  4.5055786024878612E+000                 -1.7339824857329340E+001                  8.4073429027493718E-001                  0.0000000000000000E+000                  0.0000000000000000E+000 
                                     309                  3.7711402468654640E+000                  1.0454035551210952E+000                  6.0243201441044212E+000                 -4.3526956798647038E+000                  9.9706242580233262E+000                  6.8146058176775770E-001                  2.9843320080963465E-001                  2.0106217422607653E-002                  1.1102059616976867E+001                  3.3560179440453855E-007                  1.0147857030272100E-013                  5.0853348882700391E-039                  0.0000000000000000E+000                  3.2035623828728567E+004                  4.5056331854134601E+000                 -1.7671132747291086E+001                  8.4073429014977796E-001                  0.0000000000000000E+000                  0.0000000000000000E+000 
                                     310                  3.7691749830848154E+000                  1.0386455616445140E+000                  6.0321370105371468E+000                 -4.3292459970100392E+000                  1.0001894201982529E+001                  6.8146058133675480E-001                  2.9843320124030887E-001                  2.0106217422936279E-002                  1.0930639259291272E+001                  3.2990029997205997E-007                  1.2907810282799398E-013                  1.1850981495066382E-038                  0.0000000000000000E+000                  3.2037846685929737E+004                  4.5056633187778354E+000                 -1.7648059104955117E+001                  8.4073429000511957E-001                  0.0000000000000000E+000                  0.0000000000000000E+000 
                                     311                  3.7652444555235194E+000                  1.0249044075697029E+000                  6.0402291172167715E+000                 -4.3041335354706280E+000                  1.0034819577906076E+001                  6.8146058087275618E-001                  2.9843320170388676E-001                  2.0106217423357053E-002                  1.0590205988099440E+001                  3.1850728132153354E-007                  1.6569314552878733E-013                  2.8364127052380951E-038                  0.0000000000000000E+000                  3.2042371112520726E+004                  4.5057246460820499E+000                 -1.7505864569912241E+001                  8.4073428984954657E-001                  0.0000000000000000E+000                  0.0000000000000000E+000 
                                     312                  3.7632791917428712E+000                  1.0179371069965317E+000                  6.0456844535920844E+000                 -4.2875564319950259E+000                  1.0056782766373933E+001                  6.8146058053756930E-001                  2.9843320203871393E-001                  2.0106217423716766E-002                  1.0421664955684966E+001                  3.1283162606838605E-007                  1.9577419567959111E-013                  5.0895011759460823E-038                  0.0000000000000000E+000                  3.2044677174702287E+004                  4.5057559007616632E+000                 -1.7978835676803040E+001                  8.4073428973727216E-001                  0.0000000000000000E+000                  0.0000000000000000E+000 
                                     313                  3.7613139279622225E+000                  1.0108983550930246E+000                  6.0512181197637265E+000                 -4.2707702996901729E+000                  1.0079042043176626E+001                  6.8146058019123157E-001                  2.9843320238465221E-001                  2.0106217424116224E-002                  1.0254119045610352E+001                  3.0714917279056561E-007                  2.3172024805671897E-013                  9.1869201891504213E-038                  0.0000000000000000E+000                  3.2047009561844716E+004                  4.5057875099427491E+000                 -1.7560844794070309E+001                  8.4073428962129626E-001                  0.0000000000000000E+000                  0.0000000000000000E+000 
                                     314                  3.7593486641815743E+000                  1.0037873115922724E+000                  6.0596108332494865E+000                 -4.2458335147592328E+000                  1.0112455659872060E+001                  6.8146057964516704E-001                  2.9843320293002856E-001                  2.0106217424804340E-002                  1.0087587424836151E+001                  3.0146432532993100E-007                  2.9853086930516833E-013                  2.2371570867957584E-037                  0.0000000000000000E+000                  3.2049367091012788E+004                  4.5058194575180268E+000                 -1.7488054443925215E+001                  8.4073428943852679E-001                  0.0000000000000000E+000                  0.0000000000000000E+000 
                                     315                  3.7554181366202770E+000                  9.8932458185293382E-001                  6.0683082055260487E+000                 -4.2190723683331042E+000                  1.0147691401674118E+001                  6.8146057903239998E-001                  2.9843320354170766E-001                  2.0106217425892359E-002                  9.7571859524470916E+000                  2.9017498018783694E-007                  3.8843179180047496E-013                  5.6065069584660763E-037                  0.0000000000000000E+000                  3.2054147230368610E+004                  4.5058842273881590E+000                 -1.7585834771548164E+001                  8.4073428923355975E-001                  0.0000000000000000E+000                  0.0000000000000000E+000 
                                     316                  3.7534528728396275E+000                  9.8199149169625877E-001                  6.0741725043126040E+000                 -4.2014471480917539E+000                  1.0171171793387796E+001                  6.8146057858471243E-001                  2.9843320398849504E-001                  2.0106217426792528E-002                  9.5938183599270346E+000                  2.8457643988073927E-007                  4.6305302531502461E-013                  1.0372414305418295E-036                  0.0000000000000000E+000                  3.2056570407475039E+004                  4.5059170572326934E+000                 -1.7588241011136446E+001                  8.4073428908389014E-001                  0.0000000000000000E+000                  0.0000000000000000E+000 
                                     317                  3.7514876090589793E+000                  9.7458224001245308E-001                  6.0830684226303244E+000                 -4.1753117543875575E+000                  1.0206391831980399E+001                  6.8146057785441705E-001                  2.9843320471717844E-001                  2.0106217428404571E-002                  9.4315319440331979E+000                  2.7897197343041225E-007                  6.0292327020727604E-013                  2.6207154569534927E-036                  0.0000000000000000E+000                  3.2059010892365481E+004                  4.5059501190594791E+000                 -1.7411873199884266E+001                  8.4073428883984891E-001                  0.0000000000000000E+000                  0.0000000000000000E+000 
                                     318                  3.7475570814976824E+000                  9.5950763523374105E-001                  6.0922997375107073E+000                 -4.1472239083175291E+000                  1.0243580855805986E+001                  6.8146057709190677E-001                  2.9843320547773683E-001                  2.0106217430356343E-002                  9.1097746781538085E+000                  2.6788388174773314E-007                  7.9342289187845875E-013                  6.8290528971220837E-036                  0.0000000000000000E+000                  3.2063928576679769E+004                  4.5060167324487992E+000                 -1.7813788883774407E+001                  8.4073428858497223E-001                  0.0000000000000000E+000                  0.0000000000000000E+000 
                                     319                  3.7455918177170346E+000                  9.5186307365349532E-001                  6.0985261850478443E+000                 -4.1287651750172527E+000                  1.0268342112123104E+001                  6.8146057653257031E-001                  2.9843320603523532E-001                  2.0106217432194429E-002                  8.9508251535650096E+000                  2.6240824148864807E-007                  9.5292522957503028E-013                  1.2967319638183280E-035                  0.0000000000000000E+000                  3.2066402344473114E+004                  4.5060502374592142E+000                 -1.7570946479032933E+001                  8.4073428839785003E-001                  0.0000000000000000E+000                  0.0000000000000000E+000 
                                     320                  3.7436265539363864E+000                  9.4413718497391219E-001                  6.1052106966106416E+000                 -4.1090804542315267E+000                  1.0294837530583290E+001                  6.8146057596784215E-001                  2.9843320659849853E-001                  2.0106217433659257E-002                  8.7930022638937917E+000                  2.5695379997376803E-007                  1.1587450952887564E-012                  2.5721423028724078E-035                  0.0000000000000000E+000                  3.2068879457203879E+004                  4.5060837851839715E+000                 -1.7562334679418345E+001                  8.4073428820903440E-001                  0.0000000000000000E+000                  0.0000000000000000E+000 
                                     321                  3.7414345289502782E+000                  9.3542077267748214E-001                  6.1123858158274826E+000                 -4.0880047135198589E+000                  1.0323242043514345E+001                  6.8146057528230253E-001                  2.9843320728131972E-001                  2.0106217436377749E-002                  8.6182834304326299E+000                  2.5092090534771849E-007                  1.4279087091382788E-012                  5.3445554535705278E-035                  0.0000000000000000E+000                  3.2071641659966259E+004                  4.5061211908488286E+000                 -1.7938840907078099E+001                  8.4073428797951577E-001                  0.0000000000000000E+000                  0.0000000000000000E+000 
                                     322                  3.7392425039641708E+000                  9.2659875194023189E-001                  6.1196873188055916E+000                 -4.0666751110365338E+000                  1.0352069261038068E+001                  6.8146057453702336E-001                  2.9843320802308426E-001                  2.0106217439892382E-002                  8.4449824609752238E+000                  2.4494725594737059E-007                  1.7639026088940974E-012                  1.1202321123699163E-034                  0.0000000000000000E+000                  3.2074399639976702E+004                  4.5061585361152297E+000                 -1.7440812873244706E+001                  8.4073428772981396E-001                  0.0000000000000000E+000                  0.0000000000000000E+000 
                                     323                  3.7370504789780630E+000                  9.1766846796114432E-001                  6.1271180550608646E+000                 -4.0450903169065935E+000                  1.0381325928676512E+001                  6.8146057373518976E-001                  2.9843320882068325E-001                  2.0106217444126995E-002                  8.2731036979890309E+000                  2.3903357169526235E-007                  2.1843360818529092E-012                  2.3687686909005285E-034                  0.0000000000000000E+000                  3.2077151191299970E+004                  4.5061957911321899E+000                 -1.7634785524277998E+001                  8.4073428746101220E-001                  0.0000000000000000E+000                  0.0000000000000000E+000 
                                     324                  3.7348584539919547E+000                  9.0862705520336473E-001                  6.1350678831111338E+000                 -4.0221873960126429E+000                  1.0412501213802585E+001                  6.8146057282427441E-001                  2.9843320972655696E-001                  2.0106217449168629E-002                  8.1026495441080577E+000                  2.3317989906756867E-007                  2.7414573294129072E-012                  5.2520016429177765E-034                  0.0000000000000000E+000                  3.2079896003641188E+004                  4.5062329517219144E+000                 -1.7433716107592982E+001                  8.4073428715551024E-001                  0.0000000000000000E+000                  0.0000000000000000E+000 
                                     325                  3.7324396678003877E+000                  8.9851600270001297E-001                  6.1435750423470319E+000                 -3.9977574509033778E+000                  1.0445810693383221E+001                  6.8146057183343745E-001                  2.9843321071098111E-001                  2.0106217455581499E-002                  7.9161862331622297E+000                  2.2679439547147859E-007                  3.4908943393100832E-012                  1.2248492289487835E-033                  0.0000000000000000E+000                  3.2082918600871173E+004                  4.5062738694187781E+000                 -1.7400128936557643E+001                  8.4073428682303497E-001                  0.0000000000000000E+000                  0.0000000000000000E+000 
                                     326                  3.7300208816088212E+000                  8.8826155806056339E-001                  6.1522465653554299E+000                 -3.9729941878756545E+000                  1.0479672857438569E+001                  6.8146057077844446E-001                  2.9843321175815263E-001                  2.0106217463402909E-002                  7.7314607962650870E+000                  2.2048887057838400E-007                  4.4586649477452760E-012                  2.8871667636253822E-033                  0.0000000000000000E+000                  3.2085941290077844E+004                  4.5063147845058209E+000                 -1.7458601280379057E+001                  8.4073428646881909E-001                  0.0000000000000000E+000                  0.0000000000000000E+000 
                                     327                  3.7276020954172551E+000                  8.7785920871161360E-001                  6.1588917186645382E+000                 -3.9538317744103724E+000                  1.0505745266228688E+001                  6.8146056993728010E-001                  2.9843321259208294E-001                  2.0106217470637011E-002                  7.5484747857970467E+000                  2.1427319069177411E-007                  5.3756978342253109E-012                  5.5519064988639940E-033                  0.0000000000000000E+000                  3.2088972352541772E+004                  4.5063558090628844E+000                 -1.7883140904120371E+001                  8.4073428618607382E-001                  0.0000000000000000E+000                  0.0000000000000000E+000 
                                     328                  3.7263927023214718E+000                  8.7260517080330202E-001                  6.1633520914137101E+000                 -3.9411983773847936E+000                  1.0523094904970147E+001                  6.8146056934131793E-001                  2.9843321318230498E-001                  2.0106217476377086E-002                  7.4577044945714412E+000                  2.1119386903876616E-007                  6.0889137740962663E-012                  8.5911582684510019E-033                  0.0000000000000000E+000                  3.2090495375816394E+004                  4.5063764212813240E+000                 -1.7741490667774482E+001                  8.4073428598556388E-001                  0.0000000000000000E+000                  0.0000000000000000E+000 
                                     329                  3.7251833092256881E+000                  8.6731244248291117E-001                  6.1700872322380098E+000                 -3.9224472263653944E+000                  1.0549079074191010E+001                  6.8146056843286040E-001                  2.9843321408213030E-001                  2.0106217485009292E-002                  7.3673693414908392E+000                  2.0812146965381986E-007                  7.3388099139435302E-012                  1.6552797247638035E-032                  0.0000000000000000E+000                  3.2092023265007912E+004                  4.5063970983709432E+000                 -1.7513520663638417E+001                  8.4073428567995478E-001                  0.0000000000000000E+000                  0.0000000000000000E+000 
                                     330                  3.7227645230341202E+000                  8.5659992822318676E-001                  6.1792585461781160E+000                 -3.8965960873469263E+000                  1.0584672515354516E+001                  6.8146056711162684E-001                  2.9843321538779938E-001                  2.0106217500573731E-002                  7.1878652727342560E+000                  2.0203796344093377E-007                  9.4581519082302354E-012                  4.0252568291301150E-032                  0.0000000000000000E+000                  3.2095092756740461E+004                  4.5064386351591752E+000                 -1.7388701386384991E+001                  8.4073428523456728E-001                  0.0000000000000000E+000                  0.0000000000000000E+000 
                                     331                  3.7203457368425532E+000                  8.4572520774119408E-001                  6.1883128215099532E+000                 -3.8711190055454976E+000                  1.0619783993970415E+001                  6.8146056576300307E-001                  2.9843321671914336E-001                  2.0106217517853575E-002                  7.0101160519849692E+000                  1.9605115531186709E-007                  1.2131535831195230E-011                  9.6212245251547464E-032                  0.0000000000000000E+000                  3.2098187569016063E+004                  4.5064805105669450E+000                 -1.7530386815024418E+001                  8.4073428477950474E-001                  0.0000000000000000E+000                  0.0000000000000000E+000 
                                     332                  3.7180781247879584E+000                  8.3537968701817833E-001                  6.1972264613470900E+000                 -3.8461746722039618E+000                  1.0654261490010986E+001                  6.8146056436515001E-001                  2.9843321809631368E-001                  2.0106217538536253E-002                  6.8450982646345189E+000                  1.9051520837239978E-007                  1.5474283857868994E-011                  2.2554140701298192E-031                  0.0000000000000000E+000                  3.2101112616269304E+004                  4.5065200852002700E+000                 -1.7472138837063767E+001                  8.4073428430703878E-001                  0.0000000000000000E+000                  0.0000000000000000E+000 
                                     333                  3.7158105127333632E+000                  8.2488258976352558E-001                  6.2062984728283075E+000                 -3.8208739116883250E+000                  1.0689296262687055E+001                  6.8146056287355627E-001                  2.9843321956322194E-001                  2.0106217563221840E-002                  6.6816325717685325E+000                  1.8505475353946119E-007                  1.9792060808284829E-011                  5.3364860189428318E-031                  0.0000000000000000E+000                  3.2104058499283492E+004                  4.5065599380880066E+000                 -1.7395262123517803E+001                  8.4073428380214166E-001                  0.0000000000000000E+000                  0.0000000000000000E+000 
                                     334                  3.7135429006787701E+000                  8.1422911038369683E-001                  6.2155330059435876E+000                 -3.7952087979650706E+000                  1.0724902314873029E+001                  6.8146056127503130E-001                  2.9843322113048515E-001                  2.0106217594483500E-002                  6.5197224880571421E+000                  1.7967316145271912E-007                  2.5384836811625349E-011                  1.2745927209630048E-030                  0.0000000000000000E+000                  3.2107025021158552E+004                  4.5066000664898676E+000                 -1.7433489219477138E+001                  8.4073428325967081E-001                  0.0000000000000000E+000                  0.0000000000000000E+000 
                                     335                  3.7112752886241753E+000                  8.0341412183025185E-001                  6.2249332216803301E+000                 -3.7691670435210654E+000                  1.0761094543356691E+001                  6.8146055958957263E-001                  2.9843322278061540E-001                  2.0106217629811907E-002                  6.3593704107225468E+000                  1.7437052663389626E-007                  3.2649176154874914E-011                  3.0731954080481577E-030                  0.0000000000000000E+000                  3.2110017113326940E+004                  4.5066405370277751E+000                 -1.7460593399903395E+001                  8.4073428268701689E-001                  0.0000000000000000E+000                  0.0000000000000000E+000 
                                     336                  3.7090076765695801E+000                  7.9243224766426013E-001                  6.2345008327015599E+000                 -3.7427304002702999E+000                  1.0797888791304928E+001                  6.8146055775033432E-001                  2.9843322457299554E-001                  2.0106217676670202E-002                  6.2005790365336537E+000                  1.6914543870863666E-007                  4.2110310166452510E-011                  7.4795412846600714E-030                  0.0000000000000000E+000                  3.2113046593059982E+004                  4.5066815094216830E+000                 -1.7432720007510042E+001                  8.4073428205974610E-001                  0.0000000000000000E+000                  0.0000000000000000E+000 
                                     337                  3.7067400645149871E+000                  7.8127798865171671E-001                  6.2442360347764314E+000                 -3.7158743326342876E+000                  1.0835301857671791E+001                  6.8146055583453313E-001                  2.9843322643738274E-001                  2.0106217728084186E-002                  6.0433533613065622E+000                  1.6399513422148301E-007                  5.4465236973268254E-011                  1.8371161320015156E-029                  0.0000000000000000E+000                  3.2116133005267850E+004                  4.5067232478278143E+000                 -1.7349766252720517E+001                  8.4073428140560147E-001                  0.0000000000000000E+000                  0.0000000000000000E+000 
                                     338                  3.7044724524603918E+000                  7.6994587928971925E-001                  6.2516844370552720E+000                 -3.6949904732435908E+000                  1.0864146994343242E+001                  6.8146055428242447E-001                  2.9843322794001975E-001                  2.0106217777555724E-002                  5.8877027967943629E+000                  1.5892695802532942E-007                  6.6295334825455180E-011                  3.6408790250210904E-029                  0.0000000000000000E+000                  3.2119304668259225E+004                  4.5067661349252370E+000                 -1.7723436295311721E+001                  8.4073428087344715E-001                  0.0000000000000000E+000                  0.0000000000000000E+000 
                                     339                  3.7033386464330942E+000                  7.6421698314070186E-001                  6.2566770298866450E+000                 -3.6812349299055787E+000                  1.0883324719585810E+001                  6.8146055319423227E-001                  2.9843322899017066E-001                  2.0106217815597072E-002                  5.8105465278340107E+000                  1.5641627632526752E-007                  7.5550512662625849E-011                  5.7436668400217366E-029                  0.0000000000000000E+000                  3.2120939028772678E+004                  4.5067882330279749E+000                 -1.7900630486596871E+001                  8.4073428049941001E-001                  0.0000000000000000E+000                  0.0000000000000000E+000 
                                     340                  3.7022048404057970E+000                  7.5844172803585863E-001                  6.2642037852896628E+000                 -3.6608276872344239E+000                  1.0912024201079396E+001                  6.8146055153399843E-001                  2.9843323059144727E-001                  2.0106217874554355E-002                  5.7337892760397331E+000                  1.5390897894267719E-007                  9.1861865118461367E-011                  1.1375772110692740E-028                  0.0000000000000000E+000                  3.2122610327796647E+004                  4.5068108294116174E+000                 -1.7347091526834426E+001                  8.4073427992840699E-001                  0.0000000000000000E+000                  0.0000000000000000E+000 
                                     341                  3.6999372283512026E+000                  7.4673803623060742E-001                  6.2744238361847442E+000                 -3.6324919235262598E+000                  1.0951402143184801E+001                  6.8146054917296517E-001                  2.9843323285741752E-001                  2.0106217969617313E-002                  5.5813343051588360E+000                  1.4893994430947171E-007                  1.1978433174713579E-010                  2.8642697209260833E-028                  0.0000000000000000E+000                  3.2126081677605016E+004                  4.5068577591784633E+000                 -1.7426761568073662E+001                  8.4073427911352216E-001                  0.0000000000000000E+000                  0.0000000000000000E+000 
                                     342                  3.6976696162966078E+000                  7.3484255645534657E-001                  6.2847923505713998E+000                 -3.6035605750937583E+000                  1.0991473914409381E+001                  6.8146054665522848E-001                  2.9843323526300586E-001                  2.0106218081765714E-002                  5.4305342418746152E+000                  1.4403114683054352E-007                  1.5659471092336741E-010                  7.2616093936939507E-028                  0.0000000000000000E+000                  3.2129803214954190E+004                  4.5069080656411149E+000                 -1.7320618929455367E+001                  8.4073427824177405E-001                  0.0000000000000000E+000                  0.0000000000000000E+000 
                                     343                  3.6954020042420144E+000                  7.2275259985743601E-001                  6.2952972741445485E+000                 -3.5739643514111994E+000                  1.1032258696291731E+001                  6.8146054391595212E-001                  2.9843323785439085E-001                  2.0106218229656969E-002                  5.2814430344355738E+000                  1.3915858589732252E-007                  2.0521510857828040E-010                  1.8517002801988661E-027                  0.0000000000000000E+000                  3.2133864118123038E+004                  4.5069629528865311E+000                 -1.7599272954960590E+001                  8.4073427728494954E-001                  0.0000000000000000E+000                  0.0000000000000000E+000 
                                     344                  3.6931343921874196E+000                  7.1046725480946982E-001                  6.3085360312679688E+000                 -3.5368183762352885E+000                  1.1083562074623497E+001                  6.8146054033821679E-001                  2.9843324123884979E-001                  2.0106218422933475E-002                  5.1341346539342965E+000                  1.3429961255525114E-007                  2.8771971031451120E-010                  5.9617615390278819E-027                  0.0000000000000000E+000                  3.2138369432933767E+004                  4.5070238386923185E+000                 -1.7226417682530556E+001                  8.4073427602860362E-001                  0.0000000000000000E+000                  0.0000000000000000E+000 
                                     345                  3.6897329741055280E+000                  6.9163820219809558E-001                  6.3207240502140447E+000                 -3.5000423655052577E+000                  1.1132453243368625E+001                  6.8146053683424201E-001                  2.9843324448929598E-001                  2.0106218676462007E-002                  4.9162980288637543E+000                  1.2707372791920008E-007                  3.9409965268794895E-010                  1.7425538014700850E-026                  0.0000000000000000E+000                  3.2146145643163189E+004                  4.5071289080143853E+000                 -1.7444792288093890E+001                  8.4073427480017249E-001                  0.0000000000000000E+000                  0.0000000000000000E+000 
                                     346                  3.6880322650645816E+000                  6.8209240634510648E-001                  6.3288635520235204E+000                 -3.4758653836480167E+000                  1.1164857565685431E+001                  6.8146053418068475E-001                  2.9843324693253581E-001                  2.0106218886779437E-002                  4.8094166919291235E+000                  1.2348040845780571E-007                  4.8519230912214766E-010                  3.5450242324548265E-026                  0.0000000000000000E+000                  3.2150603896105720E+004                  4.5071891348429212E+000                 -1.7606684428681273E+001                  8.4073427384651722E-001                  0.0000000000000000E+000                  0.0000000000000000E+000 
                                     347                  3.6863315560236365E+000                  6.7244470806651568E-001                  6.3400300835403565E+000                 -3.4428573858381117E+000                  1.1209209646574967E+001                  6.8146053032395570E-001                  2.9843325049933456E-001                  2.0106219176709739E-002                  4.7037551634558818E+000                  1.1987210544749779E-007                  6.4405731216278402E-010                  9.3254351312323108E-026                  0.0000000000000000E+000                  3.2155455320850844E+004                  4.5072546635668340E+000                 -1.7239852850497435E+001                  8.4073427244529364E-001                  0.0000000000000000E+000                  0.0000000000000000E+000 
                                     348                  3.6833759026774979E+000                  6.5541175069659807E-001                  6.3543994802246573E+000                 -3.3982393502204613E+000                  1.1267660859044598E+001                  6.8146052485633624E-001                  2.9843325545510169E-001                  2.0106219688562077E-002                  4.5228454808187486E+000                  1.1363197417226603E-007                  9.2927328824053794E-010                  3.2167259955704185E-025                  0.0000000000000000E+000                  3.2164833673200614E+004                  4.5073813099724216E+000                 -1.7217652112602959E+001                  8.4073427042935911E-001                  0.0000000000000000E+000                  0.0000000000000000E+000 
                                     349                  3.6804202493313589E+000                  6.3810678065625159E-001                  6.3661792308289122E+000                 -3.3600902251272902E+000                  1.1316592380642707E+001                  6.8146052033734106E-001                  2.9843325946889304E-001                  2.0106220193765845E-002                  4.3461707100746869E+000                  1.0748616911495443E-007                  1.2566904816897091E-009                  8.8251060589402824E-025                  0.0000000000000000E+000                  3.2175411352283736E+004                  4.5075241079271606E+000                 -1.7437814034231621E+001                  8.4073426878865420E-001                  0.0000000000000000E+000                  0.0000000000000000E+000 
                                     350                  3.6785984020125171E+000                  6.2733844482155432E-001                  6.3751952740581848E+000                 -3.3311223774327390E+000                  1.1353897308228261E+001                  6.8146051573817168E-001                  2.9843326361680517E-001                  2.0106220645023098E-002                  4.2397323883983198E+000                  1.0374065501938059E-007                  1.5802175744355071E-009                  1.8988212745031797E-024                  0.0000000000000000E+000                  3.2182511342099999E+004                  4.5076199309830391E+000                 -1.7477214147384974E+001                  8.4073426697400255E-001                  0.0000000000000000E+000                  0.0000000000000000E+000 
                                     351                  3.6767765546936770E+000                  6.1648385226751712E-001                  6.3842713030370364E+000                 -3.3015934220333381E+000                  1.1391690773613979E+001                  6.8146050971140548E-001                  2.9843326912631124E-001                  2.0106221162283333E-002                  4.1350793920471052E+000                  1.0002055271652107E-007                  1.9893222660308837E-009                  4.0895904049988235E-024                  0.0000000000000000E+000                  3.2190043455173593E+004                  4.5077215629648721E+000                 -1.7311959308412625E+001                  8.4073426446587773E-001                  0.0000000000000000E+000                  0.0000000000000000E+000 
                                     352                  3.6749547073748361E+000                  6.0555019494882845E-001                  6.3934072826123218E+000                 -3.2715183706384918E+000                  1.1429964352349014E+001                  6.8146050414156845E-001                  2.9843327407702530E-001                  2.0106221781406308E-002                  4.0322754804071907E+000                  9.6341763109216353E-008                  2.5070963853700501E-009                  8.8158315489778543E-024                  0.0000000000000000E+000                  3.2198000314710833E+004                  4.5078289002904244E+000                 -1.7409023947764272E+001                  8.4073426220373471E-001                  0.0000000000000000E+000                  0.0000000000000000E+000 
                                     353                  3.6731328600559947E+000                  5.9454501079555400E-001                  6.4026022090234003E+000                 -3.2409129344015515E+000                  1.1468707305534110E+001                  6.8146049865284841E-001                  2.9843327889090604E-001                  2.0106222456245604E-002                  3.9313798808378264E+000                  9.2709034683673171E-008                  3.1628927743281044E-009                  1.9017720276215230E-023                  0.0000000000000000E+000                  3.2206375388925044E+004                  4.5079418506450404E+000                 -1.7262421970752797E+001                  8.4073426000112439E-001                  0.0000000000000000E+000                  0.0000000000000000E+000 
                                     354                  3.6713110127371529E+000                  5.8347618162367298E-001                  6.4118542116425283E+000                 -3.2097938304330600E+000                  1.1507906582040254E+001                  6.8146049286396548E-001                  2.9843328380050699E-001                  2.0106223335527584E-002                  3.8324472121214548E+000                  8.9127131958399661E-008                  3.9940004645357134E-009                  4.1045078379494236E-023                  0.0000000000000000E+000                  3.2215162189807492E+004                  4.5080603221781308E+000                 -1.7282428674346288E+001                  8.4073425766438659E-001                  0.0000000000000000E+000                  0.0000000000000000E+000 
                                     355                  3.6694891654183119E+000                  5.7235192104332022E-001                  6.4200090125211702E+000                 -3.1818709055175676E+000                  1.1542785205238124E+001                  6.8146048297200656E-001                  2.9843329293835269E-001                  2.0106224089640801E-002                  3.7355273548197632E+000                  8.5604388234919527E-008                  4.9064133466822700E-009                  8.0617537628462642E-023                  0.0000000000000000E+000                  3.2224352918548866E+004                  4.5081842052581758E+000                 -1.7346596056892867E+001                  8.4073425321574324E-001                  0.0000000000000000E+000                  0.0000000000000000E+000 
                                     356                  3.6681227799291820E+000                  5.6398248087133784E-001                  6.4270188225927152E+000                 -3.1579089905326021E+000                  1.1572745074070118E+001                  6.8146047424999923E-001                  2.9843330088166015E-001                  2.0106224868340572E-002                  3.6642279311639845E+000                  8.3002870591819614E-008                  5.8506153434362585E-009                  1.4356484587412656E-022                  0.0000000000000000E+000                  3.2231503455866798E+004                  4.5082805638852186E+000                 -1.7433353009504891E+001                  8.4073424929155050E-001                  0.0000000000000000E+000                  0.0000000000000000E+000 
                                     357                  3.6667563944400499E+000                  5.5559026495889330E-001                  6.4340562781346193E+000                 -3.1336881894713922E+000                  1.1602935583766717E+001                  6.8146046418920070E-001                  2.9843331006603757E-001                  2.0106225744761730E-002                  3.5941008977391316E+000                  8.0434545753644583E-008                  6.9790764768028294E-009                  2.5560848886528960E-022                  0.0000000000000000E+000                  3.2238871050925103E+004                  4.5083798251635070E+000                 -1.7527559916760080E+001                  8.4073424470825442E-001                  0.0000000000000000E+000                  0.0000000000000000E+000 
                                     358                  3.6653900089509182E+000                  5.4717901039092087E-001                  6.4411200350581188E+000                 -3.1092189198024576E+000                  1.1633347994473441E+001                  6.8146045265229704E-001                  2.9843332061877670E-001                  2.0106226728926258E-002                  3.5251614355170502E+000                  7.7904343003166799E-008                  8.3278155871585844E-009                  4.5493549574165447E-022                  0.0000000000000000E+000                  3.2246450270251768E+004                  4.5084819139204031E+000                 -1.7302703529437622E+001                  8.4073423939825431E-001                  0.0000000000000000E+000                  0.0000000000000000E+000 
                                     359                  3.6640236234617878E+000                  5.3875249655397295E-001                  6.4482086561744199E+000                 -3.0845122878334652E+000                  1.1663972921481612E+001                  6.8146043935434486E-001                  2.9843333285087909E-001                  2.0106227794776110E-002                  3.4574228392171333E+000                  7.5414183024765038E-008                  9.9397985402027234E-009                  8.0929708497464885E-022                  0.0000000000000000E+000                  3.2254235035448612E+004                  4.5085867463130604E+000                 -1.7451140997944769E+001                  8.4073423322203966E-001                  0.0000000000000000E+000                  0.0000000000000000E+000 
                                     360                  3.6626572379726579E+000                  5.3031452878951224E-001                  6.4553206431339101E+000                 -3.0595801197645156E+000                  1.1694800368865083E+001                  6.8146042557243125E-001                  2.9843334539104721E-001                  2.0106229036521484E-002                  3.3908964589061199E+000                  7.2965989625798893E-008                  1.1866239696694880E-008                  1.4387463620972205E-021                  0.0000000000000000E+000                  3.2262218006564133E+004                  4.5086942215432968E+000                 -1.7323281997012526E+001                  8.4073422680525356E-001                  0.0000000000000000E+000                  0.0000000000000000E+000 
                                     361                  3.6612908524835275E+000                  5.2186892026506693E-001                  6.4624546644628076E+000                 -3.0344355762550692E+000                  1.1725819768595526E+001                  6.8146041134036262E-001                  2.9843335826595568E-001                  2.0106230393681646E-002                  3.3255916439182149E+000                  7.0561766649050025E-008                  1.4168163553058275E-008                  2.5557495634874167E-021                  0.0000000000000000E+000                  3.2270389365294181E+004                  4.5088042055086008E+000                 -1.7375546234420362E+001                  8.4073422016549360E-001                  0.0000000000000000E+000                  0.0000000000000000E+000 
                                     362                  3.6599244669943971E+000                  5.1341946035208841E-001                  6.4696098541160705E+000                 -3.0090939397544512E+000                  1.1757020028491153E+001                  6.8146039524582436E-001                  2.9843337274020465E-001                  2.0106232013970993E-002                  3.2615156017674791E+000                  6.8203592315245038E-008                  1.6918281493914768E-008                  4.5358945326992104E-021                  0.0000000000000000E+000                  3.2278736003956503E+004                  4.5089165199392909E+000                 -1.7429525158126580E+001                  8.4073421260672443E-001                  0.0000000000000000E+000                  0.0000000000000000E+000 
                                     363                  3.6585580815052654E+000                  5.0496986533997035E-001                  6.4779701168856816E+000                 -2.9796043851850471E+000                  1.1793404432835446E+001                  6.8146037477562071E-001                  2.9843339116906231E-001                  2.0106234055316974E-002                  3.1986731536770012E+000                  6.5891419517622882E-008                  2.0790493478195572E-008                  8.8321768490885931E-021                  0.0000000000000000E+000                  3.2287241521324890E+004                  4.5090309424082680E+000                 -1.7204152563895679E+001                  8.4073420295472523E-001                  0.0000000000000000E+000                  0.0000000000000000E+000 
                                     364                  3.6567362341864236E+000                  4.9370276518105038E-001                  6.4875758582282996E+000                 -2.9452736205439605E+000                  1.1835522172048726E+001                  6.8146035090836965E-001                  2.9843341235931975E-001                  2.0106236732310601E-002                  3.1167557199673248E+000                  6.2884884143225502E-008                  2.6341555739614835E-008                  1.8921182352183790E-020                  0.0000000000000000E+000                  3.2298803609002855E+004                  4.5091864357790525E+000                 -1.7377966952276360E+001                  8.4073419168409447E-001                  0.0000000000000000E+000                  0.0000000000000000E+000 
                                     365                  3.6549143868675831E+000                  4.8244994043102007E-001                  6.4987098650663082E+000                 -2.9057927212731589E+000                  1.1884149718890562E+001                  6.8146032206580098E-001                  2.9843343763836716E-001                  2.0106240295831856E-002                  3.0370360035104524E+000                  5.9972120156765339E-008                  3.4575948772435108E-008                  4.5434369705322538E-020                  0.0000000000000000E+000                  3.2310558875580460E+004                  4.5093444700721630E+000                 -1.7038802711166902E+001                  8.4073417803071382E-001                  0.0000000000000000E+000                  0.0000000000000000E+000 
                                     366                  3.6525232122616043E+000                  4.6769945149785735E-001                  6.5083002652233848E+000                 -2.8706513570255985E+000                  1.1926818753147918E+001                  6.8146029744826087E-001                  2.9843345856836295E-001                  2.0106243983376126E-002                  2.9356173885840007E+000                  5.6302091723731793E-008                  4.3760262838303995E-008                  9.6349093096879245E-020                  0.0000000000000000E+000                  3.2326203933759421E+004                  4.5095547084032166E+000                 -1.7548435952540601E+001                  8.4073416636127962E-001                  0.0000000000000000E+000                  0.0000000000000000E+000 
                                     367                  3.6513276249586148E+000                  4.6035570463925118E-001                  6.5146911636774192E+000                 -2.8478096836862163E+000                  1.1954872578336600E+001                  6.8146028084339560E-001                  2.9843347232413847E-001                  2.0106246832465979E-002                  2.8863946084723309E+000                  5.4538426261306347E-008                  5.1095282864647440E-008                  1.5834710339491376E-019                  0.0000000000000000E+000                  3.2334055203498781E+004                  4.5096601754454460E+000                 -1.7298103377481716E+001                  8.4073415847796829E-001                  0.0000000000000000E+000                  0.0000000000000000E+000 
                                     368                  3.6501320376556241E+000                  4.5302600163587897E-001                  6.5242728406873356E+000                 -2.8143575749520386E+000                  1.1996404049299631E+001                  6.8146025675717015E-001                  2.9843349220847615E-001                  2.0106251034353706E-002                  2.8380889425190001E+000                  5.2810184782052054E-008                  6.4275497871511023E-008                  3.3151247116282050E-019                  0.0000000000000000E+000                  3.2341924056294341E+004                  4.5097658529907720E+000                 -1.7060840868668826E+001                  8.4073414707539817E-001                  0.0000000000000000E+000                  0.0000000000000000E+000 
                                     369                  3.6477408630496448E+000                  4.3838816252050455E-001                  6.5339896423770565E+000                 -2.7790368637501173E+000                  1.2039488778314166E+001                  6.8146023033655101E-001                  2.9843351314841843E-001                  2.0106256515030507E-002                  2.7440256238691290E+000                  4.9486529644556495E-008                  8.1278110849968390E-008                  7.0004697982267052E-019                  0.0000000000000000E+000                  3.2357717468822426E+004                  4.5099778786492122E+000                 -1.7380195469535206E+001                  8.4073413445952017E-001                  0.0000000000000000E+000                  0.0000000000000000E+000 
                                     370                  3.6465452757466554E+000                  4.3110797552410807E-001                  6.5404630321602601E+000                 -2.7561237822946558E+000                  1.2067778240607490E+001                  6.8146021173537619E-001                  2.9843352751106528E-001                  2.0106260753558480E-002                  2.6984102354482209E+000                  4.7897769262605160E-008                  9.4833338393598206E-008                  1.1469877432217814E-018                  0.0000000000000000E+000                  3.2365600284475979E+004                  4.5100836662842090E+000                 -1.7388781048080240E+001                  8.4073412553521176E-001                  0.0000000000000000E+000                  0.0000000000000000E+000 
                                     371                  3.6453496884436665E+000                  4.2384620328858602E-001                  6.5501625401005068E+000                 -2.7226201145237918E+000                  1.2109606583099479E+001                  6.8146018346907988E-001                  2.9843354928259391E-001                  2.0106267248326204E-002                  2.6536656529027463E+000                  4.6345032612673244E-008                  1.1914022263603479E-007                  2.3889979908096776E-018                  0.0000000000000000E+000                  3.2373483834921924E+004                  4.5101894380145318E+000                 -1.7077420086818385E+001                  8.4073411196707015E-001                  0.0000000000000000E+000                  0.0000000000000000E+000 
                                     372                  3.6429585138376863E+000                  4.0935646725537900E-001                  6.5632039139842870E+000                 -2.6767358963129606E+000                  1.2166440823921983E+001                  6.8146014255236043E-001                  2.9843357936486514E-001                  2.0106278082774431E-002                  2.5665898193310728E+000                  4.3362112999975801E-008                  1.6192012396347036E-007                  6.3695700508402260E-018                  0.0000000000000000E+000                  3.2389285140582993E+004                  4.5104013628627184E+000                 -1.6967205402594196E+001                  8.4073409217005457E-001                  0.0000000000000000E+000                  0.0000000000000000E+000 
                                     373                  3.6405673392317062E+000                  3.9495121577579767E-001                  6.5730589196471572E+000                 -2.6414977596392162E+000                  1.2209796099568392E+001                  6.8146010930635059E-001                  2.9843360306657996E-001                  2.0106287627069452E-002                  2.4828541910478759E+000                  4.0558944603475652E-008                  2.0413764451885041E-007                  1.3303132726469252E-017                  0.0000000000000000E+000                  3.2405100004077198E+004                  4.5106133660499896E+000                 -1.7360153209992010E+001                  8.4073407599047889E-001                  0.0000000000000000E+000                  0.0000000000000000E+000 
                                     374                  3.6393717519287168E+000                  3.8779421563043315E-001                  6.5796127236138675E+000                 -2.6186653413736356E+000                  1.2238217820565515E+001                  6.8146008726525531E-001                  2.9843361808653524E-001                  2.0106294648209455E-002                  2.4422730415383933E+000                  3.9220817055726677E-008                  2.3765065020440381E-007                  2.1619310476757362E-017                  0.0000000000000000E+000                  3.2412999788400546E+004                  4.5107192263812186E+000                 -1.7248507848332153E+001                  8.4073406522215710E-001                  0.0000000000000000E+000                  0.0000000000000000E+000 
                                     375                  3.6381761646257269E+000                  3.8066017712504191E-001                  6.5861728651376144E+000                 -2.5958597842253837E+000                  1.2266637751241475E+001                  6.8146006484070809E-001                  2.9843363272366280E-001                  2.0106302435629164E-002                  2.4024821914921906E+000                  3.7919244172568996E-008                  2.7652393391613947E-007                  3.5068831355900216E-017                  0.0000000000000000E+000                  3.2420907144744764E+004                  4.5108251623460935E+000                 -1.7274691416515271E+001                  8.4073405422072645E-001                  0.0000000000000000E+000                  0.0000000000000000E+000 
                                     376                  3.6369805773227379E+000                  3.7354973001216557E-001                  6.5927378978050779E+000                 -2.5730852245051943E+000                  1.2295050025581505E+001                  6.8146004170203089E-001                  2.9843364691865215E-001                  2.0106311379316955E-002                  2.3634680186740300E+000                  3.6656683233378604E-008                  3.2158164728865421E-007                  5.6773914690799602E-017                  0.0000000000000000E+000                  3.2428821834678569E+004                  4.5109311706898563E+000                 -1.7244735460509240E+001                  8.4073404279499764E-001                  0.0000000000000000E+000                  0.0000000000000000E+000 
                                     377                  3.6357849900197485E+000                  3.6646345955920812E-001                  6.6003914766264451E+000                 -2.5467802502409347E+000                  1.2328006734434618E+001                  6.8146001374788046E-001                  2.9843366405309896E-001                  2.0106322199020532E-002                  2.3252168397709077E+000                  3.5431637641915676E-008                  3.8298110573305650E-007                  9.9223862048137671E-017                  0.0000000000000000E+000                  3.2436743204745730E+004                  4.5110372426041083E+000                 -1.7147487562626704E+001                  8.4073402897662108E-001                  0.0000000000000000E+000                  0.0000000000000000E+000 
                                     378                  3.6341908736157627E+000                  3.5704958195500458E-001                  6.6091535187789558E+000                 -2.5165160380503679E+000                  1.2365848251980847E+001                  6.8145998259262797E-001                  2.9843368045695873E-001                  2.0106336950413306E-002                  2.2753571858981552E+000                  3.3855751900785121E-008                  4.6753460476745841E-007                  1.8739802766692426E-016                  0.0000000000000000E+000                  3.2447319641831215E+004                  4.5111788270889130E+000                 -1.7136899933067941E+001                  8.4073401339899523E-001                  0.0000000000000000E+000                  0.0000000000000000E+000 
                                     379                  3.6325967572117759E+000                  3.4768089082625309E-001                  6.6210093564295898E+000                 -2.4765011223052369E+000                  1.2416403556812950E+001                  6.8145994090664708E-001                  2.9843369951115700E-001                  2.0106359582195976E-002                  2.2267983499600823E+000                  3.2343466649480773E-008                  6.1016495552955211E-007                  4.3934523948776905E-016                  0.0000000000000000E+000                  3.2457901728871679E+004                  4.5113204410285119E+000                 -1.6848546968386373E+001                  8.4073399243438252E-001                  0.0000000000000000E+000                  0.0000000000000000E+000 
                                     380                  3.6298620468147229E+000                  3.3168700034026738E-001                  6.6323354332063369E+000                 -2.4366730682005784E+000                  1.2465841641413373E+001                  6.8145989944125163E-001                  2.9843371625054060E-001                  2.0106384308207770E-002                  2.1462830724517632E+000                  2.9894672148315316E-008                  7.8852504911972172E-007                  9.8871987499814484E-016                  0.0000000000000000E+000                  3.2476103083148122E+004                  4.5115639112397004E+000                 -1.7134512952087817E+001                  8.4073397136947925E-001                  0.0000000000000000E+000                  0.0000000000000000E+000 
                                     381                  3.6284946916161958E+000                  3.2375934091944375E-001                  6.6398515254511796E+000                 -2.4110130997324619E+000                  1.2498111565649975E+001                  6.8145986958771565E-001                  2.9843372633446003E-001                  2.0106404077824269E-002                  2.1074600026108494E+000                  2.8742757712711912E-008                  9.3234146890408996E-007                  1.6847723704368161E-015                  0.0000000000000000E+000                  3.2485164801702002E+004                  4.5116850743425214E+000                 -1.7221876338801248E+001                  8.4073395600807133E-001                  0.0000000000000000E+000                  0.0000000000000000E+000 
                                     382                  3.6271273364176704E+000                  3.1586681954155077E-001                  6.6482987709710804E+000                 -2.3824313843508507E+000                  1.2534201920869897E+001                  6.8145983530806586E-001                  2.9843373625317060E-001                  2.0106428438763535E-002                  2.0695066179428729E+000                  2.7630420024128953E-008                  1.1239238498871556E-006                  3.0548180406826216E-015                  0.0000000000000000E+000                  3.2494218011181416E+004                  4.5118060899254848E+000                 -1.7111753858152998E+001                  8.4073393825087750E-001                  0.0000000000000000E+000                  0.0000000000000000E+000 
                                     383                  3.6254164454280686E+000                  3.0603738954230553E-001                  6.6576927265996471E+000                 -2.3505571340950451E+000                  1.2574406487635301E+001                  6.8145979184321093E-001                  2.9843374810212797E-001                  2.0106460054661102E-002                  2.0231933531622301E+000                  2.6296524204344264E-008                  1.3824415374611147E-006                  5.8979602139602419E-015                  0.0000000000000000E+000                  3.2505535300497795E+004                  4.5119573223871319E+000                 -1.6987418503963081E+001                  8.4073391551102805E-001                  0.0000000000000000E+000                  0.0000000000000000E+000 
                                     384                  3.6237055544384686E+000                  2.9626367283110983E-001                  6.6670791285273179E+000                 -2.3188347031077079E+000                  1.2614494970779733E+001                  6.8145974480984262E-001                  2.9843376060051918E-001                  2.0106494589638202E-002                  1.9781702804051409E+000                  2.5026200329128144E-008                  1.6978578226790815E-006                  1.1329291357844717E-014                  0.0000000000000000E+000                  3.2516828265490174E+004                  4.5121081773287504E+000                 -1.7016652028092604E+001                  8.4073389078124494E-001                  0.0000000000000000E+000                  0.0000000000000000E+000 
                                     385                  3.6219946634488673E+000                  2.8654569750384346E-001                  6.6764559575567075E+000                 -2.2872706224476858E+000                  1.2654458284502089E+001                  6.8145969233398551E-001                  2.9843377211453981E-001                  2.0106535551474680E-002                  1.9343973898298374E+000                  2.3816152131351532E-008                  2.0820264065031973E-006                  2.1649200540847287E-014                  0.0000000000000000E+000                  3.2528095940752915E+004                  4.5122586422358628E+000                 -1.7014304639376245E+001                  8.4073386289309693E-001                  0.0000000000000000E+000                  0.0000000000000000E+000 
                                     386                  3.6202837724592665E+000                  2.7688333909899721E-001                  6.6842741934774725E+000                 -2.2607923685248279E+000                  1.2687898469480658E+001                  6.8145964528215330E-001                  2.9843378094796053E-001                  2.0106573769886227E-002                  1.8918353624441364E+000                  2.2664699555215206E-008                  2.4669718449092761E-006                  3.7042113239762916E-014                  0.0000000000000000E+000                  3.2539340776811794E+004                  4.5124087502021597E+000                 -1.7132444993251816E+001                  8.4073383771899202E-001                  0.0000000000000000E+000                  0.0000000000000000E+000 
                                     387                  3.6191431784661998E+000                  2.7047621676194256E-001                  6.6905110143826212E+000                 -2.2399461861050929E+000                  1.2714379193193553E+001                  6.8145960484772794E-001                  2.9843378795968062E-001                  2.0106607192591497E-002                  1.8641300902326552E+000                  2.1928383956569973E-008                  2.8212410782326905E-006                  5.6700065339711490E-014                  0.0000000000000000E+000                  3.2546820577076680E+004                  4.5125085697621863E+000                 -1.7137217922198008E+001                  8.4073381597626695E-001                  0.0000000000000000E+000                  0.0000000000000000E+000 
                                     388                  3.6180025844731327E+000                  2.6409355575206256E-001                  6.6967402820308264E+000                 -2.2191728790303764E+000                  1.2740795695558633E+001                  6.8145956197100155E-001                  2.9843379478530574E-001                  2.0106643243692712E-002                  1.8369340132013952E+000                  2.1215175205345623E-008                  3.2240510324271287E-006                  8.6576438581584212E-014                  0.0000000000000000E+000                  3.2554295118506798E+004                  4.5126082962285432E+000                 -1.7130861454102881E+001                  8.4073379282246197E-001                  0.0000000000000000E+000                  0.0000000000000000E+000 
                                     389                  3.6168619904800652E+000                  2.5773526822694448E-001                  6.7029610677404481E+000                 -2.1984723803569861E+000                  1.2767146166272799E+001                  6.8145951429463480E-001                  2.9843380126202967E-001                  2.0106684443335521E-002                  1.8102362951404138E+000                  2.0524980361526163E-008                  3.6816759539904121E-006                  1.3186331503488166E-013                  0.0000000000000000E+000                  3.2561766736525045E+004                  4.5127079608089256E+000                 -1.7225323385168334E+001                  8.4073376691426305E-001                  0.0000000000000000E+000                  0.0000000000000000E+000 
                                     390                  3.6157213964869976E+000                  2.5140126371276977E-001                  6.7108140564730103E+000                 -2.1726656333767820E+000                  1.2800178623143113E+001                  6.8145945041802425E-001                  2.9843380919185669E-001                  2.0106740390119060E-002                  1.7840263463548360E+000                  1.9856565324763083E-008                  4.3472257181284051E-006                  2.2353080055034162E-013                  0.0000000000000000E+000                  3.2569237790945586E+004                  4.5128075950076179E+000                 -1.6952255067916724E+001                  8.4073373209287106E-001                  0.0000000000000000E+000                  0.0000000000000000E+000 
                                     391                  3.6139723483221289E+000                  2.4172951938984474E-001                  6.7203143003672903E+000                 -2.1411793412725975E+000                  1.2840335570975904E+001                  6.8145936294263376E-001                  2.9843381811082875E-001                  2.0106818946537430E-002                  1.7447351853357695E+000                  1.8872572755009202E-008                  5.3134137105948007E-006                  4.2191182779115610E-013                  0.0000000000000000E+000                  3.2580708762874332E+004                  4.5129605277458849E+000                 -1.7016048670370033E+001                  8.4073368411475635E-001                  0.0000000000000000E+000                  0.0000000000000000E+000 
                                     392                  3.6122233001572615E+000                  2.3211451279822290E-001                  6.7283600977439493E+000                 -2.1143397444137366E+000                  1.2874473635246469E+001                  6.8145928150016366E-001                  2.9843382518567085E-001                  2.0106893314165486E-002                  1.7065323003781898E+000                  1.7938483950861591E-008                  6.2953028193234724E-006                  7.2047538421202779E-013                  0.0000000000000000E+000                  3.2592188659523617E+004                  4.5131135255721704E+000                 -1.7232470809739649E+001                  8.4073363925900979E-001                  0.0000000000000000E+000                  0.0000000000000000E+000 
                                     393                  3.6110063918136617E+000                  2.2546163538181355E-001                  6.7349372196216484E+000                 -2.0926479523835559E+000                  1.2902202477729807E+001                  6.8145920836149754E-001                  2.9843383053378053E-001                  2.0106961104721988E-002                  1.6805894595791566E+000                  1.7316333043915708E-008                  7.2232470562480927E-006                  1.1127011647534233E-012                  0.0000000000000000E+000                  3.2600177325195709E+004                  4.5132199623729861E+000                 -1.7122650108413364E+001                  8.4073359883182364E-001                  0.0000000000000000E+000                  0.0000000000000000E+000 
                                     394                  3.6097894834700615E+000                  2.1883587076626493E-001                  6.7449455837869925E+000                 -2.0603987514144362E+000                  1.2943849501647405E+001                  6.8145908259949917E-001                  2.9843383774558724E-001                  2.0107079654913651E-002                  1.6551443305842146E+000                  1.6714335489880553E-008                  8.8805112103124710E-006                  2.1438186685053378E-012                  0.0000000000000000E+000                  3.2608175581699634E+004                  4.5133265008309316E+000                 -1.6839195147375825E+001                  8.4073352902706155E-001                  0.0000000000000000E+000                  0.0000000000000000E+000 
                                     395                  3.6072793524323270E+000                  2.0523247941567088E-001                  6.7586154199324886E+000                 -2.0154715245874022E+000                  1.3001376526118152E+001                  6.8145888443391345E-001                  2.9843384590774991E-001                  2.0107269658336646E-002                  1.6041038435245671E+000                  1.5534976379067198E-008                  1.1777688594665909E-005                  5.2223344696748408E-012                  0.0000000000000000E+000                  3.2624754063731325E+004                  4.5135472465021387E+000                 -1.6758468475206353E+001                  8.4073341857976769E-001                  0.0000000000000000E+000                  0.0000000000000000E+000 
                                     396                  3.6046929070440603E+000                  1.9133381874889061E-001                  6.7690095356436419E+000                 -1.9806198412471869E+000                  1.3045626420338449E+001                  6.8145870882486459E-001                  2.9843385060478494E-001                  2.0107440570350521E-002                  1.5535807048457753E+000                  1.4409735804743432E-008                  1.4601256256065666E-005                  1.0235506275807968E-011                  0.0000000000000000E+000                  3.2641894651248087E+004                  4.5137753588042964E+000                 -1.7099360082046875E+001                  8.4073332036875481E-001                  0.0000000000000000E+000                  0.0000000000000000E+000 
                                     397                  3.6033996843499270E+000                  1.8444087977777715E-001                  6.7758914970944089E+000                 -1.9581052212813410E+000                  1.3074518169481742E+001                  6.8145857518766118E-001                  2.9843385267064027E-001                  2.0107572141698560E-002                  1.5291175744801027E+000                  1.3879275598230283E-008                  1.6801225244848693E-005                  1.5917379707444908E-011                  0.0000000000000000E+000                  3.2650460627758835E+004                  4.5138893126151576E+000                 -1.7011561337144350E+001                  8.4073324546105344E-001                  0.0000000000000000E+000                  0.0000000000000000E+000 
                                     398                  3.6021064616557927E+000                  1.7757771667258418E-001                  6.7827533516572069E+000                 -1.9356832426819512E+000                  1.3103307439532973E+001                  6.8145843030200304E-001                  2.9843385400788480E-001                  2.0107715690112160E-002                  1.5051428388893064E+000                  1.3367508718995683E-008                  1.9313647594271065E-005                  2.4667605769441100E-011                  0.0000000000000000E+000                  3.2659040550527861E+004                  4.5140034219887699E+000                 -1.6942047339192740E+001                  8.4073316413352406E-001                  0.0000000000000000E+000                  0.0000000000000000E+000 
                                     399                  3.6008132389616581E+000                  1.7074414435732707E-001                  6.7895953728147029E+000                 -1.9133553757004123E+000                  1.3131993563237732E+001                  6.8145826946819132E-001                  2.9843385433446296E-001                  2.0107876197345664E-002                  1.4816449473934095E+000                  1.2874655635023719E-008                  2.2180098691784032E-005                  3.8096729264009267E-011                  0.0000000000000000E+000                  3.2667631331452092E+004                  4.5141176457404066E+000                 -1.7031426346331791E+001                  8.4073307376439999E-001                  0.0000000000000000E+000                  0.0000000000000000E+000 
                                     400                  3.5995200162675247E+000                  1.6393994658087715E-001                  6.7997893806026992E+000                 -1.8808319841014338E+000                  1.3174191387687989E+001                  6.8145799867101653E-001                  2.9843385294402647E-001                  2.0108148384957003E-002                  1.4586125521462472E+000                  1.2399404425701131E-008                  2.7186770094100027E-005                  7.2392114790899360E-011                  0.0000000000000000E+000                  3.2676228907723053E+004                  4.5142319297738291E+000                 -1.6709567432247137E+001                  8.4073292143840905E-001                  0.0000000000000000E+000                  0.0000000000000000E+000 
                                     401                  3.5969335708792567E+000                  1.5039789235682494E-001                  6.8133639680307754E+000                 -1.8366813780198630E+000                  1.3231003517341369E+001                  6.8145757441792632E-001                  2.9843384723845928E-001                  2.0108578343614347E-002                  1.4138322777106291E+000                  1.1499171860853723E-008                  3.5658407427029360E-005                  1.6931029382208116E-010                  0.0000000000000000E+000                  3.2693478408270996E+004                  4.5144611296091970E+000                 -1.6677320092358336E+001                  8.4073268264578027E-001                  0.0000000000000000E+000                  0.0000000000000000E+000 
                                     402                  3.5943471254909900E+000                  1.3697052907487237E-001                  6.8263094569660367E+000                 -1.7946191552311734E+000                  1.3285156536319739E+001                  6.8145708698700158E-001                  2.9843383690772457E-001                  2.0109076105273793E-002                  1.3707887422264740E+000                  1.0666345899997013E-008                  4.6097678432117609E-005                  3.7777168324644993E-010                  0.0000000000000000E+000                  3.2710696045504927E+004                  4.5146897855039398E+000                 -1.6681925007200654E+001                  8.4073240830266682E-001                  0.0000000000000000E+000                  0.0000000000000000E+000 
                                     403                  3.5919793868818770E+000                  1.2478027531607157E-001                  6.8380590290498438E+000                 -1.7566184991202998E+000                  1.3334181272847472E+001                  6.8145655619551382E-001                  2.9843382258840795E-001                  2.0109621216078288E-002                  1.3328469279305120E+000                  9.9579842742937946E-009                  5.8084660194036912E-005                  7.7734217594350929E-010                  0.0000000000000000E+000                  3.2726409903927979E+004                  4.5148983656981496E+000                 -1.6640057902575204E+001                  8.4073210981544688E-001                  0.0000000000000000E+000                  0.0000000000000000E+000 
                                     404                  3.5898303550519191E+000                  1.1379768955902379E-001                  6.8497192519941263E+000                 -1.7193071113170091E+000                  1.3382541060222794E+001                  6.8145592714513892E-001                  2.9843380295200456E-001                  2.0110269902856581E-002                  1.2995640519795255E+000                  9.3562217152033786E-009                  7.2890098325109260E-005                  1.5797462511330369E-009                  0.0000000000000000E+000                  3.2740639245861068E+004                  4.5150871545578957E+000                 -1.6693233307758668E+001                  8.4073175659822841E-001                  0.0000000000000000E+000                  0.0000000000000000E+000 
                                     405                  3.5874721254332052E+000                  1.0182620630149530E-001                  6.8623994293867865E+000                 -1.6788562754055600E+000                  1.3435041867793849E+001                  6.8145510903557782E-001                  2.9843377501471252E-001                  2.0111115949709601E-002                  1.2642303331361011E+000                  8.7373628933117788E-009                  9.3130664281939837E-005                  3.3916869728650569E-009                  0.0000000000000000E+000                  3.2756250958991750E+004                  4.5152941897613355E+000                 -1.6612960221639149E+001                  8.4073129826098336E-001                  0.0000000000000000E+000                  0.0000000000000000E+000 
                                     406                  3.5849046980257335E+000                  8.8885541540816321E-002                  6.8744718048011011E+000                 -1.6400764965175958E+000                  1.3485226773807367E+001                  6.8145417792838237E-001                  2.9843374159585234E-001                  2.0112080475765293E-002                  1.2271157817538672E+000                  8.1102258887332925E-009                  1.1749754078654471E-004                  6.9781231506589131E-009                  0.0000000000000000E+000                  3.2773263390776447E+004                  4.5155196883168234E+000                 -1.6623311417463167E+001                  8.4073077811472552E-001                  0.0000000000000000E+000                  0.0000000000000000E+000 
                                     407                  3.5827651751861751E+000                  7.8182510553624615E-002                  6.8864562915629204E+000                 -1.6022048646867115E+000                  1.3534585295630025E+001                  6.8145306020127916E-001                  2.9843370092801264E-001                  2.0113238870708150E-002                  1.1972435625154538E+000                  7.6224139614489001E-009                  1.4756364252285038E-004                  1.4169361594035912E-008                  0.0000000000000000E+000                  3.2787435776420185E+004                  4.5157074529091643E+000                 -1.6497275579947591E+001                  8.4073015603557588E-001                  0.0000000000000000E+000                  0.0000000000000000E+000 
                                     408                  3.5801977477787026E+000                  6.5418867231881242E-002                  6.8994739759552282E+000                 -1.5608999925318781E+000                  1.3588325726094093E+001                  6.8145159342104178E-001                  2.9843364866884475E-001                  2.0114757910113523E-002                  1.1625693452040258E+000                  7.0747713327711840E-009                  1.8877000872526188E-004                  3.0372030409665022E-008                  0.0000000000000000E+000                  3.2804474048737102E+004                  4.5159330791436965E+000                 -1.6459770449006967E+001                  8.4072934324915982E-001                  0.0000000000000000E+000                  0.0000000000000000E+000 
                                     409                  3.5776303203712327E+000                  5.2747474023412497E-002                  6.9107663157715580E+000                 -1.5248362785432725E+000                  1.3635118588130769E+001                  6.8145007480087005E-001                  2.9843359672081549E-001                  2.0116328478314460E-002                  1.1291391716143315E+000                  6.5668079687678672E-009                  2.3354223296524472E-004                  5.8512227355450684E-008                  0.0000000000000000E+000                  3.2821505562717168E+004                  4.5161584987945682E+000                 -1.6580958473118073E+001                  8.4072850566974699E-001                  0.0000000000000000E+000                  0.0000000000000000E+000 
                                     410                  3.5757285222916244E+000                  4.3426106373611530E-002                  6.9233828671959152E+000                 -1.4858335481636242E+000                  1.3686441539932735E+001                  6.8144800040101539E-001                  2.9843353113664967E-001                  2.0118468462335004E-002                  1.1051624140200129E+000                  6.2141604635875633E-009                  2.9493001595465941E-004                  1.2051562023251485E-007                  0.0000000000000000E+000                  3.2834082943319139E+004                  4.5163248909382787E+000                 -1.6327415187963723E+001                  8.4072736808290449E-001                  0.0000000000000000E+000                  0.0000000000000000E+000 
                                     411                  3.5725905554602693E+000                  2.8123342113910609E-002                  6.9364868309429601E+000                 -1.4440541297984302E+000                  1.3740692990426092E+001                  6.8144544512038319E-001                  2.9843345814876637E-001                  2.0121096730850496E-002                  1.0668990836414598E+000                  5.6716426412416467E-009                  3.7633069901992693E-004                  2.5401260567982283E-007                  0.0000000000000000E+000                  3.2854867285364409E+004                  4.5165997172318963E+000                 -1.6453955321362805E+001                  8.4072597461195142E-001                  0.0000000000000000E+000                  0.0000000000000000E+000 
                                     412                  3.5704985775726992E+000                  1.8004148219439089E-002                  6.9468981675380954E+000                 -1.4115383711466722E+000                  1.3783292677790023E+001                  6.8144298724829833E-001                  2.9843339751819747E-001                  2.0123615233504255E-002                  1.0423273852694481E+000                  5.3373686786940510E-009                  4.5551065081553667E-004                  4.5586543904331080E-007                  0.0000000000000000E+000                  3.2868645855743423E+004                  4.5167818120982783E+000                 -1.6429015669732387E+001                  8.4072464265435953E-001                  0.0000000000000000E+000                  0.0000000000000000E+000 
                                     413                  3.5684065996851304E+000                  7.9369011848800450E-003                  6.9559865951800504E+000                 -1.3830239318442550E+000                  1.3820577114953077E+001                  6.8144049296312192E-001                  2.9843334493687246E-001                  2.0126162100005618E-002                  1.0184434072633488E+000                  5.0223086703397825E-009                  5.3786124138633122E-004                  7.5639190868142493E-007                  0.0000000000000000E+000                  3.2882404879237125E+004                  4.5169635724808153E+000                 -1.6546485728585310E+001                  8.4072329812195434E-001                  0.0000000000000000E+000                  0.0000000000000000E+000 
                                     414                  3.5668376162694542E+000                  4.2295467967950242E-004                  6.9675685540551715E+000                 -1.3478939468948576E+000                  1.3867190725777256E+001                  6.8143673909064462E-001                  2.9843328180181189E-001                  2.0129979107543550E-002                  1.0009743635244577E+000                  4.7979251288718090E-009                  6.6217013017623374E-004                  1.4290522674812451E-006                  0.0000000000000000E+000                  3.2892703899923159E+004                  4.5170995755364549E+000                 -1.6228892972933831E+001                  8.4072128676638036E-001                  0.0000000000000000E+000                  0.0000000000000000E+000 
                                     415                  3.5636996494380990E+000                 -1.4551675937373108E-002                  6.9804738035959932E+000                 -1.3073233227870311E+000                  1.3920195028645965E+001                  6.8143178516009972E-001                  2.9843322244920928E-001                  2.0134992390691053E-002                  9.6704865238380955E-001                  4.3769483228562785E-009                  8.3639770825868023E-004                  2.8889168194573911E-006                  0.0000000000000000E+000                  3.2913367592762210E+004                  4.5173723202199518E+000                 -1.6358453296565084E+001                  8.4071864951306952E-001                  0.0000000000000000E+000                  0.0000000000000000E+000 
                                     416                  3.5616029170553296E+000                 -2.4486323230360079E-002                  6.9907790081661325E+000                 -1.2755727548039399E+000                  1.3962038501735060E+001                  6.8142706244112283E-001                  2.9843318971587335E-001                  2.0139747843003875E-002                  9.4517815745253864E-001                  4.1167482357667418E-009                  1.0053701218348634E-003                  5.0258703086914829E-006                  0.0000000000000000E+000                  3.2927108358620273E+004                  4.5175535928729715E+000                 -1.6335756271136862E+001                  8.4071615170316194E-001                  0.0000000000000000E+000                  0.0000000000000000E+000 
                                     417                  3.5594919211869640E+000                 -3.4444625008458310E-002                  7.0010962570128248E+000                 -1.2438886580626412E+000                  1.4003853577562758E+001                  6.8142156160731415E-001                  2.9843317646866363E-001                  2.0145261924022217E-002                  9.2375196448715557E-001                  3.8696498237107345E-009                  1.2073721755598522E-003                  8.6843413811995949E-006                  1.1287475045652556E-058                  3.2940920459059424E+004                  4.5177357303742696E+000                 -1.6306493282993781E+001                  8.4071325864931856E-001                  0.0000000000000000E+000                  0.0000000000000000E+000 
                                     418                  3.5573761708233995E+000                 -4.4383194366984000E-002                  7.0127064614110575E+000                 -1.2086440688978464E+000                  1.4050602268110094E+001                  6.8141427703331658E-001                  2.9843319492539638E-001                  2.0152528041287088E-002                  9.0285250143188622E-001                  3.6362403097712794E-009                  1.4806629704877203E-003                  1.5936594686026966E-005                  6.0353390018867660E-058                  3.2954729843541652E+004                  4.5179177557291865E+000                 -1.6173338513181051E+001                  8.4070945001785780E-001                  0.0000000000000000E+000                  0.0000000000000000E+000 
                                     419                  3.5547136535119486E+000                 -5.6841347429195874E-002                  7.0243463413285552E+000                 -1.1729133977714348E+000                  1.4097766334659889E+001                  6.8140575327467579E-001                  2.9843325798249509E-001                  2.0160988742829122E-002                  8.7732125775558611E-001                  3.3614330505754797E-009                  1.8164445654973954E-003                  2.9051508421501650E-005                  3.2019415176716562E-057                  3.2972072048599839E+004                  4.5181462401670291E+000                 -1.6226397016369081E+001                  8.4070501814429699E-001                  0.0000000000000000E+000                  0.0000000000000000E+000 
                                     420                  3.5525836396627875E+000                 -6.6759398900653896E-002                  7.0320969817191701E+000                 -1.1490499139253458E+000                  1.4129224907170647E+001                  6.8139930660005199E-001                  2.9843333144298062E-001                  2.0167361956967333E-002                  8.5751277960307981E-001                  3.1563702740391458E-009                  2.0803829393874172E-003                  4.3103005050065960E-005                  9.6556672053382363E-057                  3.2985873696132003E+004                  4.5183279917174808E+000                 -1.6516313119123197E+001                  8.4070168075411689E-001                  0.0000000000000000E+000                  0.0000000000000000E+000 
                                     421                  3.5515186327382051E+000                 -7.1701214385649539E-002                  7.0397912626229910E+000                 -1.1261442575540406E+000                  1.4159867828908846E+001                  6.8139215014022858E-001                  2.9843343757391405E-001                  2.0174412285857368E-002                  8.4781048961420735E-001                  3.0583378065726929E-009                  2.3749282646346524E-003                  6.3340645444497206E-005                  2.8606371589423665E-056                  3.2992747078055225E+004                  4.5184184777512009E+000                 -1.6205289920462125E+001                  8.4069798894837500E-001                  0.0000000000000000E+000                  0.0000000000000000E+000 
                                     422                  3.5493886188890431E+000                 -8.1567649770314041E-002                  7.0475101061991667E+000                 -1.1025090897978786E+000                  1.4191099455242886E+001                  6.8138422844422653E-001                  2.9843358102726969E-001                  2.0182190528503785E-002                  8.2876680974847872E-001                  2.8705177964875759E-009                  2.7151951120399634E-003                  9.2869623476789573E-005                  8.4791866456008860E-056                  3.3006499060293143E+004                  4.5185994619422951E+000                 -1.6491501768449677E+001                  8.4069391510283298E-001                  0.0000000000000000E+000                  0.0000000000000000E+000 
                                     423                  3.5483236119644626E+000                 -8.6485032518825902E-002                  7.0539047252266620E+000                 -1.0834218931496933E+000                  1.4216603889598094E+001                  6.8137702224434460E-001                  2.9843373353714614E-001                  2.0189244218509206E-002                  8.1943586364850407E-001                  2.7808409388720422E-009                  3.0292410148516596E-003                  1.2683344533314069E-004                  2.0716767799169336E-055                  3.3013356702795470E+004                  4.5186896843844346E+000                 -1.6303481886660951E+001                  8.4069021931206045E-001                  0.0000000000000000E+000                  0.0000000000000000E+000 
                                     424                  3.5467261015775917E+000                 -9.3849387825462635E-002                  7.0640979910875386E+000                 -1.0532689268091382E+000                  1.4257054532114205E+001                  6.8136426160191943E-001                  2.9843405104256054E-001                  2.0201687355519971E-002                  8.0565779274292837E-001                  2.6508969114446136E-009                  3.6021118167916099E-003                  2.0656060113696746E-004                  8.5217122234831800E-055                  3.3023651399981958E+004                  4.5188250911917880E+000                 -1.6036253234647123E+001                  8.4068369419144529E-001                  0.0000000000000000E+000                  0.0000000000000000E+000 
                                     425                  3.5440635842661403E+000                 -1.0610036575913175E-001                  7.0752120260353024E+000                 -1.0196182989704030E+000                  1.4301737658177549E+001                  6.8134871589735579E-001                  2.9843450666921112E-001                  2.0216777433433086E-002                  7.8324861254563349E-001                  2.4464153820590180E-009                  4.3548840783983146E-003                  3.4793902033915480E-004                  3.9504132502801665E-054                  3.3040870017979767E+004                  4.5190514744544314E+000                 -1.6112682105937630E+001                  8.4067576931224230E-001                  0.0000000000000000E+000                  0.0000000000000000E+000 
                                     426                  3.5420857142633460E+000                 -1.1516730948285286E-001                  7.0842806516605670E+000                 -9.9242974308539633E-001                  1.4337995663256160E+001                  6.8133456564554684E-001                  2.9843498731579787E-001                  2.0230447038655286E-002                  7.6706592464175616E-001                  2.3041451838573982E-009                  5.0777939542463362E-003                  5.2633150808571857E-004                  1.3667433842701111E-053                  3.3053671668130068E+004                  4.5192197088032060E+000                 -1.6117076882946261E+001                  8.4066857535556117E-001                  0.0000000000000000E+000                  0.0000000000000000E+000 
                                     427                  3.5402599881069223E+000                 -1.2351651744200329E-001                  7.0908045159245630E+000                 -9.7268033493339268E-001                  1.4364221393637466E+001                  6.8132359729918146E-001                  2.9843540411401381E-001                  2.0240998586804726E-002                  7.5246011145259850E-001                  2.1794538391349739E-009                  5.6714675183208909E-003                  7.0457665173372813E-004                  3.3241029193631238E-053                  3.3065523558381101E+004                  4.5193754036985725E+000                 -1.6408036167975691E+001                  8.4066300933538585E-001                  0.0000000000000000E+000                  0.0000000000000000E+000 
                                     428                  3.5393471250287094E+000                 -1.2768217319161243E-001                  7.0972860068090426E+000                 -9.5358111071900842E-001                  1.4389886070829572E+001                  6.8131190897993599E-001                  2.9843589172365154E-001                  2.0252199296412421E-002                  7.4527718557021949E-001                  2.1193888402562083E-009                  6.3205640723883244E-003                  9.3421364159611286E-004                  7.9856155713043551E-053                  3.3071458385610706E+004                  4.5194533468598124E+000                 -1.6093327805276367E+001                  8.4065708667951489E-001                  0.0000000000000000E+000                  0.0000000000000000E+000 
                                     429                  3.5375213988722849E+000                 -1.3600561522279589E-001                  7.1037799919333366E+000                 -9.3393842193463172E-001                  1.4415979100663689E+001                  6.8129958680990987E-001                  2.9843645445504707E-001                  2.0263958735043053E-002                  7.3112963026105660E-001                  2.0034737622202344E-009                  7.0517048213369063E-003                  1.2330703644295412E-003                  1.9182542884851544E-052                  3.3083384102650612E+004                  4.5196099271784851E+000                 -1.6364243914230801E+001                  8.4065085038254295E-001                  0.0000000000000000E+000                  0.0000000000000000E+000 
                                     430                  3.5366085357940737E+000                 -1.4015888621758332E-001                  7.1102316719639509E+000                 -9.1493615879407975E-001                  1.4441518577607129E+001                  6.8128667190263359E-001                  2.9843710369979431E-001                  2.0276224397572040E-002                  7.2417097435262912E-001                  1.9476679693136332E-009                  7.8504324371107843E-003                  1.6111734302858025E-003                  4.5522599456677081E-052                  3.3089360024413152E+004                  4.5196883676266495E+000                 -1.6076893874997598E+001                  8.4064432159355529E-001                  0.0000000000000000E+000                  0.0000000000000000E+000 
                                     431                  3.5347828096376497E+000                 -1.4845839895688431E-001                  7.1166951978447344E+000                 -8.9538934979800389E-001                  1.4467486080462244E+001                  6.8127328377047569E-001                  2.9843783323576506E-001                  2.0288882993759305E-002                  7.1046322197419154E-001                  1.8399492851268290E-009                  8.7493178811740846E-003                  2.0943189155392811E-003                  1.0801975345265062E-051                  3.3101375922375475E+004                  4.5198460464366175E+000                 -1.6347911972612518E+001                  8.4063755932609374E-001                  0.0000000000000000E+000                  0.0000000000000000E+000 
                                     432                  3.5338699465594385E+000                 -1.5260013413834927E-001                  7.1231166067186091E+000                 -8.7647397504300950E-001                  1.4492907124197203E+001                  6.8125927732363811E-001                  2.9843869075336227E-001                  2.0302031922999619E-002                  7.0371995436758550E-001                  1.7880802839696086E-009                  9.7306084946423843E-003                  2.6907782306654915E-003                  2.5326961085472519E-051                  3.3107400076855687E+004                  4.5199250769583754E+000                 -1.6045840591359159E+001                  8.4063049218743924E-001                  0.0000000000000000E+000                  0.0000000000000000E+000 
                                     433                  3.5320442204030136E+000                 -1.6087728622194791E-001                  7.1316724949094441E+000                 -8.5091914330724905E-001                  1.4527041260745932E+001                  6.8124004019832218E-001                  2.9843996059942474E-001                  2.0319999202253136E-002                  6.9043486480783800E-001                  1.6878868075759314E-009                  1.1215922728037892E-002                  3.7109543264765765E-003                  7.8470488761659912E-051                  3.3119518391428261E+004                  4.5200840128511910E+000                 -1.6017768360227784E+001                  8.4062079308700133E-001                  0.0000000000000000E+000                  0.0000000000000000E+000 
                                     434                  3.5302184942465904E+000                 -1.6914026234836724E-001                  7.1402014044941717E+000                 -8.2543270525771806E-001                  1.4561076758587030E+001                  6.8122040218513535E-001                  2.9844157979920583E-001                  2.0338018015658821E-002                  6.7742268778622128E-001                  1.5924981585290548E-009                  1.2918327807511560E-002                  5.0351010053891511E-003                  2.4058749268975397E-050                  3.3131709239846234E+004                  4.5202438413840857E+000                 -1.5971999200152622E+001                  8.4061090154516016E-001                  0.0000000000000000E+000                  0.0000000000000000E+000 
                                     435                  3.5283927680901650E+000                 -1.7738959306254751E-001                  7.1483525464138271E+000                 -8.0100809632614256E-001                  1.4593654723037561E+001                  6.8120113861744580E-001                  2.9844330679235298E-001                  2.0355554590201219E-002                  6.6467662643254755E-001                  1.5016262523787909E-009                  1.4783279025532600E-002                  6.6129123358658233E-003                  6.9759999638921262E-050                  3.3143975345486790E+004                  4.5204045972355962E+000                 -1.5981750746135582E+001                  8.4060120511688097E-001                  0.0000000000000000E+000                  0.0000000000000000E+000 
                                     436                  3.5267191857801099E+000                 -1.8493900648128611E-001                  7.1541940024622575E+000                 -7.8332675525736628E-001                  1.4617134381847016E+001                  6.8118752877915856E-001                  2.9844479756547559E-001                  2.0367673655365848E-002                  6.5322228655100301E-001                  1.4221560162677872E-009                  1.6287657613095308E-002                  7.9721176460722000E-003                  1.4914403052399839E-049                  3.3155283484279542E+004                  4.5205527455682502E+000                 -1.6284093774998272E+001                  8.4059435781631842E-001                  0.0000000000000000E+000                  0.0000000000000000E+000 
                                     437                  3.5258823946250821E+000                 -1.8870792119595811E-001                  7.1580739603240229E+000                 -7.7172048276595484E-001                  1.4632626720730320E+001                  6.8117848203714149E-001                  2.9844587193218980E-001                  2.0375646030668770E-002                  6.4757798903481811E-001                  1.3837492985567269E-009                  1.7363803002221945E-002                  8.9703923003209736E-003                  2.4645758802546700E-049                  3.3160955246264362E+004                  4.5206270324996511E+000                 -1.6280446052310502E+001                  8.4058980770379088E-001                  0.0000000000000000E+000                  0.0000000000000000E+000 
                                     438                  3.5250456034700539E+000                 -1.9247420332890586E-001                  7.1631737909538433E+000                 -7.5657128642866922E-001                  1.4652910544296919E+001                  6.8116659290118309E-001                  2.9844739793985942E-001                  2.0386009158957497E-002                  6.4198635374240043E-001                  1.3461504757902843E-009                  1.8881478323112006E-002                  1.0388383374444107E-002                  4.7567338839921644E-049                  3.3166643796769924E+004                  4.5207015265605337E+000                 -1.6044854399803807E+001                  8.4058382994843550E-001                  0.0000000000000000E+000                  0.0000000000000000E+000 
                                     439                  3.5236763088527350E+000                 -1.9863321328352510E-001                  7.1694986928786753E+000                 -7.3762233031798075E-001                  1.4678187197618838E+001                  6.8115233316667845E-001                  2.9844954333399276E-001                  2.0398123499328791E-002                  6.3294618523396551E-001                  1.2863620504431338E-009                  2.0954458362274980E-002                  1.2360251354889999E-002                  1.0723085459050152E-048                  3.3175995059379886E+004                  4.5208239576801645E+000                 -1.6035888275643654E+001                  8.4057666118116425E-001                  0.0000000000000000E+000                  0.0000000000000000E+000 
                                     440                  3.5223070142354165E+000                 -2.0478539001183696E-001                  7.1758088134588398E+000                 -7.1870195052344910E-001                  1.4703416584071027E+001                  6.8113829168777851E-001                  2.9845188685132840E-001                  2.0409821460893096E-002                  6.2404313505931608E-001                  1.2287172185608355E-009                  2.3248661195961872E-002                  1.4462875982200817E-002                  2.4038768861991430E-048                  3.3185391250782108E+004                  4.5209469422750042E+000                 -1.6037859451220051E+001                  8.4056960463990082E-001                  0.0000000000000000E+000                  0.0000000000000000E+000 
                                     441                  3.5209377196180984E+000                 -2.1093085800470956E-001                  7.1821042283284084E+000                 -6.9980900054091177E-001                  1.4728599936866734E+001                  6.8112525315532935E-001                  2.9845474787474596E-001                  2.0419998969924746E-002                  6.1527481994210775E-001                  1.1731198136661527E-009                  2.5791271233914344E-002                  1.6869572030844864E-002                  5.3593298479173308E-048                  3.3194832521847704E+004                  4.5210704818390655E+000                 -1.6020323998996496E+001                  8.4056305366224338E-001                  0.0000000000000000E+000                  0.0000000000000000E+000 
                                     442                  3.5195684250007804E+000                 -2.1706973019177067E-001                  7.1878709402612717E+000                 -6.8243197592926841E-001                  1.4751721264263523E+001                  6.8111340510905749E-001                  2.9845735783428567E-001                  2.0429237056656779E-002                  6.0663892000562114E-001                  1.1195038548813319E-009                  2.8364507393554859E-002                  1.9000610963312001E-002                  1.1137798740668924E-047                  3.3204318974383328E+004                  4.5211945772205349E+000                 -1.6056539239669341E+001                  8.4055710153109486E-001                  0.0000000000000000E+000                  0.0000000000000000E+000 
                                     443                  3.5184247783633795E+000                 -2.2219134778257610E-001                  7.1957006410770505E+000                 -6.5926041144281600E-001                  1.4782798903068928E+001                  6.8109848244808791E-001                  2.9846171877792232E-001                  2.0439798773989715E-002                  5.9952686978337077E-001                  1.0761691488740469E-009                  3.2246989274960960E-002                  2.2209201553846415E-002                  2.9863731459818189E-047                  3.3212274132923500E+004                  4.5212986139171365E+000                 -1.5745317275889199E+001                  8.4054960590630434E-001                  0.0000000000000000E+000                  0.0000000000000000E+000 
                                     444                  3.5161374850885778E+000                 -2.3242988588520519E-001                  7.2035475847675556E+000                 -6.3523457455410892E-001                  1.4814545952365272E+001                  6.8108458875541478E-001                  2.9846672018066966E-001                  2.0448691063915558E-002                  5.8555826339167527E-001                  9.9323716846017742E-010                  3.6745411855108247E-002                  2.5702905160824640E-002                  8.0089630938447429E-047                  3.3228315684429828E+004                  4.5215083278120574E+000                 -1.6004641851822569E+001                  8.4054262821364911E-001                  0.0000000000000000E+000                  0.0000000000000000E+000 
                                     445                  3.5149938384511774E+000                 -2.3753811358301208E-001                  7.2082364810743940E+000                 -6.2105591031374219E-001                  1.4833383523978727E+001                  6.8107715748148501E-001                  2.9847018901519617E-001                  2.0452653503318818E-002                  5.7871119855992981E-001                  9.5371271006260753E-010                  3.9727069587518538E-002                  2.8448903894149828E-002                  1.4389628413473710E-046                  3.3236363590367742E+004                  4.5216135013025474E+000                 -1.6101140679581764E+001                  8.4053889707735185E-001                  0.0000000000000000E+000                  0.0000000000000000E+000 
                                     446                  3.5140784075833289E+000                 -2.4162341106608054E-001                  7.2123966888056552E+000                 -6.0850625823222604E-001                  1.4850074392526103E+001                  6.8107044017761809E-001                  2.9847345729524460E-001                  2.0456102527137254E-002                  5.7329293390816294E-001                  9.2291126300091924E-010                  4.2568559766809962E-002                  3.0762388004071176E-002                  2.4156508821774143E-046                  3.3242826267609969E+004                  4.5216979399089574E+000                 -1.6095217606996744E+001                  8.4053552455047154E-001                  0.0000000000000000E+000                  0.0000000000000000E+000 
                                     447                  3.5131629767154808E+000                 -2.4570590684176644E-001                  7.2186123954468417E+000                 -5.8997285136174227E-001                  1.4874849851196521E+001                  6.8106055354828365E-001                  2.9847882333956660E-001                  2.0460623112149801E-002                  5.6792906231300389E-001                  8.9282959872619375E-010                  4.7178675547214957E-002                  3.4428761373276738E-002                  5.2174753151646770E-046                  3.3249308850222988E+004                  4.5217826221006563E+000                 -1.5768788667845246E+001                  8.4053056145994343E-001                  0.0000000000000000E+000                  0.0000000000000000E+000 
                                     448                  3.5113321149797834E+000                 -2.5386692776938852E-001                  7.2268943774964489E+000                 -5.6490812653697220E-001                  1.4908138683933554E+001                  6.8104843322953312E-001                  2.9848719066134188E-001                  2.0464376109124993E-002                  5.5735650245116852E-001                  8.3475220562377994E-010                  5.4207014561900468E-002                  4.2626212317132338E-002                  1.4501831185102900E-045                  3.3262352139227303E+004                  4.5219529569991925E+000                 -1.5750032618492796E+001                  8.4052447913897332E-001                  0.0000000000000000E+000                  0.0000000000000000E+000 
                                     449                  3.5095012532440877E+000                 -2.6201671242382013E-001                  7.2334441966204750E+000                 -5.4484497202153337E-001                  1.4934645326729465E+001                  6.8103891262475924E-001                  2.9849444618781246E-001                  2.0466641187428358E-002                  5.4699491315216742E-001                  7.7948363506043479E-010                  6.0556863588699432E-002                  5.0354117498098233E-002                  3.2440975836294428E-045                  3.3275469128990168E+004                  4.5221241870226105E+000                 -1.5939526139771875E+001                  8.4051970242683949E-001                  0.0000000000000000E+000                  0.0000000000000000E+000 
                                     450                  3.5084332505649320E+000                 -2.6676330809222720E-001                  7.2368840417635951E+000                 -5.3432401496113835E-001                  1.4948554340626250E+001                  6.8103398485942579E-001                  2.9849865302781980E-001                  2.0467362112754461E-002                  5.4104911613794626E-001                  7.4850711089566257E-010                  6.4203208138746873E-002                  5.5885804500396728E-002                  4.9434019864903827E-045                  3.3283141835561575E+004                  4.5222243157389919E+000                 -1.6317906010524730E+001                  8.4051723075068963E-001                  0.0000000000000000E+000                  0.0000000000000000E+000 
                                     451                  3.5079755351310076E+000                 -2.6879598942106847E-001                  7.2399690181498251E+000                 -5.2502339897226380E-001                  1.4960927362157081E+001                  6.8102916862525631E-001                  2.9850270509408033E-001                  2.0468126280663412E-002                  5.3852269506970030E-001                  7.3549658941329620E-010                  6.7643063123568964E-002                  6.1977864202524602E-002                  7.2014334243573754E-045                  3.3286435164940325E+004                  4.5222672865626592E+000                 -1.6010544182655369E+001                  8.4051481571327225E-001                  0.0000000000000000E+000                  0.0000000000000000E+000 
                                     452                  3.5070601042631595E+000                 -2.7285979304319463E-001                  7.2440810438829226E+000                 -5.1253488921601253E-001                  1.4977488032135581E+001                  6.8102246119810050E-001                  2.9850835168597240E-001                  2.0469187115927046E-002                  5.3350710429422021E-001                  7.0993361757651171E-010                  7.2551100500164653E-002                  7.3656719465346701E-002                  1.1879868972148734E-044                  3.3293036678183227E+004                  4.5223534092279083E+000                 -1.5983903968039028E+001                  8.4051145326603083E-001                  0.0000000000000000E+000                  0.0000000000000000E+000 
                                     453                  3.5061446733953119E+000                 -2.7692077823937922E-001                  7.2471641606936847E+000                 -5.0310406853636214E-001                  1.4989955183140985E+001                  6.8101734601108765E-001                  2.9851316970359310E-001                  2.0469484285319250E-002                  5.2854165682648724E-001                  6.8500148926541857E-010                  7.6493897098621713E-002                  8.3313635952347684E-002                  1.7278673386957477E-044                  3.3299653847899761E+004                  4.5224397190099719E+000                 -1.6285981371820938E+001                  8.4050888952473946E-001                  0.0000000000000000E+000                  0.0000000000000000E+000 
                                     454                  3.5056869579613874E+000                 -2.7894993917898819E-001                  7.2492156350760713E+000                 -4.9686626432546849E-001                  1.4998222734625671E+001                  6.8101389080393337E-001                  2.9851669271567666E-001                  2.0469416480390024E-002                  5.2607790352763173E-001                  6.7276663613959582E-010                  7.9239679821436329E-002                  9.0100568899605424E-002                  2.2155832833893339E-044                  3.3302966746110440E+004                  4.5224829237187461E+000                 -1.6288084872902477E+001                  8.4050715803696974E-001                  0.0000000000000000E+000                  0.0000000000000000E+000 
                                     455                  3.5052292425274638E+000                 -2.8097839294823879E-001                  7.2512656112359597E+000                 -4.9063030382797207E-001                  1.5006486318792067E+001                  6.8101043554040741E-001                  2.9852116338172024E-001                  2.0468401077872400E-002                  5.2362648744212925E-001                  6.6067853051362912E-010                  8.2095447884104777E-002                  9.6198111114946472E-002                  2.8394339963539253E-044                  3.3306283311937877E+004                  4.5225261719534178E+000                 -1.6296253459945991E+001                  8.4050542675367579E-001                  0.0000000000000000E+000                  0.0000000000000000E+000 
                                     456                  3.5047715270935393E+000                 -2.8300613848913125E-001                  7.2533140994843723E+000                 -4.8439597278974073E-001                  1.5014745958757221E+001                  6.8100684521193744E-001                  2.9852372410338807E-001                  2.0469430684674439E-002                  5.2118734438597070E-001                  6.4873837995922061E-010                  8.5053404567592097E-002                  1.0551147105466299E-001                  3.6368924100349707E-044                  3.3309603448580405E+004                  4.5225694624384456E+000                 -1.6284472380805003E+001                  8.4050362788294175E-001                  0.0000000000000000E+000                  0.0000000000000000E+000 
                                     457                  3.5043138116596158E+000                 -2.8503317372298759E-001                  7.2553611099609547E+000                 -4.7816325223814388E-001                  1.5023001677015289E+001                  6.8100281790098027E-001                  2.9852631749036929E-001                  2.0470864608650441E-002                  5.1876041173544296E-001                  6.3694461415881269E-010                  8.8113894250787639E-002                  1.1570256156934997E-001                  4.6557924208574114E-044                  3.3312927054535285E+004                  4.5226127938374940E+000                 -1.6279730964215926E+001                  8.4050161041466831E-001                  0.0000000000000000E+000                  0.0000000000000000E+000 
                                     458                  3.5038560962256917E+000                 -2.8705949645506773E-001                  7.2574066534551642E+000                 -4.7193272966993877E-001                  1.5031253495441824E+001                  6.8099974139656272E-001                  2.9852979941594654E-001                  2.0470459187490686E-002                  5.1634562732140121E-001                  6.2529538931959012E-010                  9.1295324055726199E-002                  1.2686524122641527E-001                  5.9569616585043519E-044                  3.3316254026786621E+004                  4.5226561647950216E+000                 -1.6269819083162368E+001                  8.4050006852213188E-001                  0.0000000000000000E+000                  0.0000000000000000E+000 
                                     459                  3.5033983807917672E+000                 -2.8908510722162728E-001                  7.2604691806146100E+000                 -4.6265818903953648E-001                  1.5043567399144314E+001                  6.8099378110799225E-001                  2.9853637144533290E-001                  2.0469847446674905E-002                  5.1394292605532577E-001                  6.1378670632329543E-010                  9.6281416906350989E-002                  1.4561354104162466E-001                  8.6071932591904248E-044                  3.3319584264963851E+004                  4.5226995739904963E+000                 -1.5973782146242936E+001                  8.4049708312286886E-001                  0.0000000000000000E+000                  0.0000000000000000E+000 
                                     460                  3.5024829499239192E+000                 -2.9313472162163262E-001                  7.2635346055166403E+000                 -4.5324897899108546E-001                  1.5055987171234884E+001                  6.8098772393064921E-001                  2.9854246066656615E-001                  2.0469815402784697E-002                  5.0917289705119739E-001                  5.9119076779260290E-010                  1.0159707060320929E-001                  1.6736848199918261E-001                  1.2437542423816165E-043                  3.3326256816962072E+004                  4.5227865367319273E+000                 -1.6263805269304459E+001                  8.4049404945822015E-001                  0.0000000000000000E+000                  0.0000000000000000E+000 
                                     461                  3.5020252344899956E+000                 -2.9515818199358740E-001                  7.2655743954273317E+000                 -4.4702510684452557E-001                  1.5064223613026725E+001                  6.8098342825552161E-001                  2.9854681004973893E-001                  2.0469761694739463E-002                  5.0680608194133114E-001                  5.8010672764315966E-010                  1.0530502714591555E-001                  1.8369504334417647E-001                  1.5879645898838849E-043                  3.3329596150855148E+004                  4.5228300514187740E+000                 -1.6258555638198406E+001                  8.4049189839951788E-001                  0.0000000000000000E+000                  0.0000000000000000E+000 
                                     462                  3.5015675190560711E+000                 -2.9718092232939985E-001                  7.2682929517772301E+000                 -4.3876127195461306E-001                  1.5075177518106816E+001                  6.8097756130963971E-001                  2.9855292399518013E-001                  2.0469514695180102E-002                  5.0445110497363765E-001                  5.6915556656846960E-010                  1.1047435466207989E-001                  2.0754631352606273E-001                  2.1975694271533544E-043                  3.3332938318745859E+004                  4.5228735986701736E+000                 -1.6030924435081456E+001                  8.4048896080695479E-001                  0.0000000000000000E+000                  0.0000000000000000E+000 
                                     463                  3.5008033761047122E+000                 -3.0055648757739722E-001                  7.2708447833803049E+000                 -4.3092508046291700E-001                  1.5085518817097832E+001                  6.8097166926911212E-001                  2.9855868865094631E-001                  2.0469642079941508E-002                  5.0054544362334763E-001                  5.5117368191690982E-010                  1.1559309406577743E-001                  2.3419190187650674E-001                  2.9804997215497644E-043                  3.3338525352016535E+004                  4.5229463859645200E+000                 -1.6328797529177915E+001                  8.4048601095949627E-001                  0.0000000000000000E+000                  0.0000000000000000E+000 
                                     464                  3.5004213046290338E+000                 -3.0224335656112022E-001                  7.2725433724969077E+000                 -4.2573486720069270E-001                  1.5092382969618148E+001                  6.8096757268298691E-001                  2.9856277756866417E-001                  2.0469649748348973E-002                  4.9860501624964726E-001                  5.4232502259058438E-010                  1.1913370515720985E-001                  2.5376730104758438E-001                  3.6491581523311237E-043                  3.3341320725263155E+004                  4.5229827992212384E+000                 -1.6322197302067103E+001                  8.4048396015477433E-001                  0.0000000000000000E+000                  0.0000000000000000E+000 
                                     465                  3.5000392331533536E+000                 -3.0392971926529500E-001                  7.2750873284082100E+000                 -4.1799925720954056E-001                  1.5102635062746350E+001                  6.8096133120292002E-001                  2.9856902077971709E-001                  2.0469648017362951E-002                  4.9667269018345478E-001                  5.3356500554954719E-010                  1.2463737422036425E-001                  2.8641057120699021E-001                  4.9381057208073344E-043                  3.3344117799306521E+004                  4.5230192315773898E+000                 -1.6024145968749959E+001                  8.4048083564082077E-001                  0.0000000000000000E+000                  0.0000000000000000E+000 
                                     466                  3.4992750902019942E+000                 -3.0730123218531158E-001                  7.2784787833143563E+000                 -4.0762481055851696E-001                  1.5116348669594789E+001                  6.8095231035382531E-001                  2.9857808566748856E-001                  2.0469603978686135E-002                  4.9283185092695797E-001                  5.1631322831512518E-010                  1.3243427012301542E-001                  3.3647230775106429E-001                  7.3863559659803089E-043                  3.3349718394680684E+004                  4.5230921710815748E+000                 -1.6010465937789924E+001                  8.4047632038660147E-001                  0.0000000000000000E+000                  0.0000000000000000E+000 
                                     467                  3.4985109472506357E+000                 -3.1067070433534166E-001                  7.2810220434198651E+000                 -3.9979950757321847E-001                  1.5126666493522965E+001                  6.8094503996817268E-001                  2.9858542250123876E-001                  2.0469537530588555E-002                  4.8902301135316800E-001                  4.9942394721349770E-010                  1.3864886516682992E-001                  3.7968737327458529E-001                  9.9854529589234238E-043                  3.3355324926143054E+004                  4.5231651756269953E+000                 -1.6300756516247105E+001                  8.4047268170972012E-001                  0.0000000000000000E+000                  0.0000000000000000E+000 
                                     468                  3.4981288757749569E+000                 -3.1235451732396208E-001                  7.2827149657488421E+000                 -3.9461642859717821E-001                  1.5133515177600017E+001                  6.8094007677872992E-001                  2.9859043314821243E-001                  2.0469490073057650E-002                  4.8713067991244458E-001                  4.9111267347292987E-010                  1.4295013366249620E-001                  4.1146950945309008E-001                  1.2199347292326397E-042                  3.3358129425081279E+004                  4.5232016893535274E+000                 -1.6303201075245884E+001                  8.4047019782350518E-001                  0.0000000000000000E+000                  0.0000000000000000E+000 
                                     469                  3.4977468042992768E+000                 -3.1403781702704708E-001                  7.2852504929528878E+000                 -3.8689129806751577E-001                  1.5143744331117221E+001                  6.8093245759360543E-001                  2.9859812825755039E-001                  2.0469414148844178E-002                  4.8524624457265586E-001                  4.8288538214945112E-010                  1.4964941976486765E-001                  4.6408342288029131E-001                  1.6455464281230817E-042                  3.3360935213104320E+004                  4.5232382167917677E+000                 -1.5988322272508935E+001                  8.4046638484051783E-001                  0.0000000000000000E+000                  0.0000000000000000E+000 
                                     470                  3.4969826613479191E+000                 -3.1740318047930044E-001                  7.2886308343402648E+000                 -3.7653122963037400E-001                  1.5157427320886461E+001                  6.8092173964084268E-001                  2.9860898755521698E-001                  2.0469272803940397E-002                  4.8150058545785307E-001                  4.6668452492208143E-010                  1.5913819439723700E-001                  5.4484706734628796E-001                  2.4509256253219357E-042                  3.3366552012549597E+004                  4.5233113304398982E+000                 -1.5979621787758552E+001                  8.4046102144956158E-001                  0.0000000000000000E+000                  0.0000000000000000E+000 
                                     471                  3.4962185183965597E+000                 -3.2076647503742584E-001                  7.2920075717476589E+000                 -3.6617584143028814E-001                  1.5171100243026656E+001                  6.8090995483102434E-001                  2.9862097510697866E-001                  2.0469070061996941E-002                  4.7778611549476119E-001                  4.5082385010234544E-010                  1.6928408036162904E-001                  6.3949049941793323E-001                  3.6453992537741621E-042                  3.3372173068797820E+004                  4.5233844871780242E+000                 -1.5967178158854667E+001                  8.4045512479368178E-001                  0.0000000000000000E+000                  0.0000000000000000E+000 
                                     472                  3.4954543754452012E+000                 -3.2412769003598146E-001                  7.2950461216248561E+000                 -3.5683312381643240E-001                  1.5183422092915958E+001                  6.8089917964134117E-001                  2.9863199925315964E-001                  2.0468821105499191E-002                  4.7410257046841858E-001                  4.3529538393956625E-010                  1.7901790104199988E-001                  7.3851312737666341E-001                  5.2067750423380392E-042                  3.3377797809304320E+004                  4.5234576795326502E+000                 -1.6062921839633436E+001                  8.4044973343390927E-001                  0.0000000000000000E+000                  0.0000000000000000E+000 
                                     473                  3.4948423763402117E+000                 -3.2681805142029363E-001                  7.2977454340047521E+000                 -3.4854700705798297E-001                  1.5194357956035722E+001                  6.8088886127225978E-001                  2.9864251779421641E-001                  2.0468620933523862E-002                  4.7117468466987228E-001                  4.2309466694308384E-010                  1.8817160951433118E-001                  8.3912488611244218E-001                  7.1414578837840384E-042                  3.3382304277647461E+004                  4.5235163113883878E+000                 -1.6046741872617176E+001                  8.4044457098513370E-001                  0.0000000000000000E+000                  0.0000000000000000E+000 
                                     474                  3.4942303772352217E+000                 -3.2950706860770379E-001                  7.3004425149810421E+000                 -3.4026402493216490E-001                  1.5205287458861511E+001                  6.8087807030729219E-001                  2.9865349077226155E-001                  2.0468438920446252E-002                  4.6826632977567301E-001                  4.1109869886519656E-010                  1.9782404693000255E-001                  9.5319665536239828E-001                  9.7864030242843942E-042                  3.3386812459961693E+004                  4.5235749576248852E+000                 -1.6049891980055548E+001                  8.4043917229249399E-001                  0.0000000000000000E+000                  0.0000000000000000E+000 
                                     475                  3.4936183781302326E+000                 -3.3219473666707156E-001                  7.3024652397670407E+000                 -3.3402402885749344E-001                  1.5213505484422386E+001                  6.8086961026010917E-001                  2.9866208529561733E-001                  2.0468304444273500E-002                  4.6537737256624823E-001                  3.9930758215399001E-010                  2.0542834521816672E-001                  1.0487698497908331E+000                  1.2391443885657876E-041                  3.3391320699168209E+004                  4.5236335966829371E+000                 -1.6354254519136642E+001                  8.4043493990449170E-001                  0.0000000000000000E+000                  0.0000000000000000E+000 
                                     476                  3.4933123785777385E+000                 -3.3353798618718083E-001                  7.3038121284165083E+000                 -3.2988626736665216E-001                  1.5218965273910559E+001                  6.8086371153773706E-001                  2.9866807016335734E-001                  2.0468218298905549E-002                  4.6394020901436839E-001                  3.9348919010531324E-010                  2.1066168595562523E-001                  1.1175790279828415E+000                  1.4496181140554871E-041                  3.3393572761240721E+004                  4.5236628864842885E+000                 -1.6337510907842571E+001                  8.4043198899698346E-001                  0.0000000000000000E+000                  0.0000000000000000E+000 
                                     477                  3.4930063790252430E+000                 -3.3488090011648841E-001                  7.3058300800351113E+000                 -3.2371355811432984E-001                  1.5227127083115498E+001                  6.8085536109699096E-001                  2.9867653529243782E-001                  2.0468103610571164E-002                  4.6250784105698034E-001                  3.8772005330096990E-010                  2.1875986053276683E-001                  1.2290614810291993E+000                  1.8329304362635270E-041                  3.3395822968339868E+004                  4.5236921501874852E+000                 -1.6032111052849757E+001                  8.4042781148462631E-001                  0.0000000000000000E+000                  0.0000000000000000E+000 
                                     478                  3.4923943799202530E+000                 -3.3756588999554366E-001                  7.3085206067887389E+000                 -3.1545021442000537E-001                  1.5238037662468052E+001                  6.8084140414551964E-001                  2.9869067781047975E-001                  2.0467918044000610E-002                  4.5965724527430735E-001                  3.7633202007203366E-010                  2.3009815227604605E-001                  1.3950102845217995E+000                  2.5051742983135007E-041                  3.3400316678615920E+004                  4.5237505845098704E+000                 -1.6028065555694575E+001                  8.4042082999630507E-001                  0.0000000000000000E+000                  0.0000000000000000E+000 
                                     479                  3.4917823808152635E+000                 -3.4024957991586136E-001                  7.3112089939175116E+000                 -3.0719760984933314E-001                  1.5248941993280265E+001                  6.8082479003610374E-001                  2.9870750529168377E-001                  2.0467704672212483E-002                  4.5682558609759133E-001                  3.6514707897578481E-010                  2.4205681305424614E-001                  1.5828498604018897E+000                  3.4209910539593048E-041                  3.3404797166248492E+004                  4.5238088390639302E+000                 -1.6022532076362523E+001                  8.4041251998153910E-001                  0.0000000000000000E+000                  0.0000000000000000E+000 
                                     480                  3.4911703817102744E+000                 -3.4293201314896116E-001                  7.3138952659281085E+000                 -2.9895864735376931E-001                  1.5259840109033250E+001                  6.8080934900495627E-001                  2.9872315800631705E-001                  2.0467492988726743E-002                  4.5401268473451512E-001                  3.5416161716323840E-010                  2.5467235529729848E-001                  1.7954225227484732E+000                  4.6673237100806786E-041                  3.3409261693772263E+004                  4.5238668783360190E+000                 -1.6011974835598831E+001                  8.4040479656137745E-001                  0.0000000000000000E+000                  0.0000000000000000E+000 
                                     481                  3.4905583826052848E+000                 -3.4561325180361885E-001                  7.3159099608033147E+000                 -2.9275865475266633E-001                  1.5268034565691126E+001                  6.8079730115483605E-001                  2.9873537119735005E-001                  2.0467327647813893E-002                  4.5121834492596447E-001                  3.4337473209895292E-010                  2.6460986303609974E-001                  1.9732241324121158E+000                  5.8900699215464566E-041                  3.3413708353304617E+004                  4.5239246776137012E+000                 -1.6299711017569255E+001                  8.4039877049341360E-001                  0.0000000000000000E+000                  0.0000000000000000E+000 
                                     482                  3.4902523830527898E+000                 -3.4695336712157837E-001                  7.3172515349383476E+000                 -2.8865023892008473E-001                  1.5273478784250663E+001                  6.8078904573188270E-001                  2.9874374000762632E-001                  2.0467214260490918E-002                  4.4982815312475621E-001                  3.3805516625419770E-010                  2.7144423631029846E-001                  2.1010575889525924E+000                  6.8752260687326584E-041                  3.3415924137438793E+004                  4.5239534763003633E+000                 -1.6302857136311438E+001                  8.4039464137055042E-001                  0.0000000000000000E+000                  0.0000000000000000E+000 
                                     483                  3.4899463835002944E+000                 -3.4829320944589515E-001                  7.3182577182749302E+000                 -2.8556388232051594E-001                  1.5277567181047376E+001                  6.8078272956257135E-001                  2.9875014297673980E-001                  2.0467127460688905E-002                  4.4844252635465265E-001                  3.3278352259382688E-010                  2.7669733241035011E-001                  2.2022937440656869E+000                  7.7202003497212006E-041                  3.3418135075728402E+004                  4.5239822101019804E+000                 -1.6597623634917792E+001                  8.4039148223595961E-001                  0.0000000000000000E+000                  0.0000000000000000E+000 
                                     484                  3.4897933837240473E+000                 -3.4896302153965786E-001                  7.3189281202862011E+000                 -2.8351254482791144E-001                  1.5280288116353764E+001                  6.8077846027459465E-001                  2.9875447096025115E-001                  2.0467068765154250E-002                  4.4775142681941082E-001                  3.3016578724761283E-010                  2.8025431507546206E-001                  2.2723781343921710E+000                  8.3394888487783767E-041                  3.3419238656356822E+004                  4.5239965517479952E+000                 -1.6619158525884671E+001                  8.4038934689622480E-001                  0.0000000000000000E+000                  0.0000000000000000E+000 
                                     485                  3.4896403839477990E+000                 -3.4963276886261957E-001                  7.3195146671099787E+000                 -2.8171731255906673E-001                  1.5282669532030580E+001                  6.8077468469292257E-001                  2.9875829846587604E-001                  2.0467016841201335E-002                  4.4706145901986177E-001                  3.2755985235204863E-010                  2.8340682420813534E-001                  2.3355023751058743E+000                  8.9216689034774122E-041                  3.3420341011859076E+004                  4.5240108770000136E+000                 -1.6743602645201651E+001                  8.4038745849928065E-001                  0.0000000000000000E+000                  0.0000000000000000E+000 
                                     486                  3.4895256341156133E+000                 -3.5013503651536576E-001                  7.3199335695661798E+000                 -2.8043545593697533E-001                  1.5284370362805396E+001                  6.8077196492373260E-001                  2.9876105564839428E-001                  2.0466979427873122E-002                  4.4654472504185388E-001                  3.2561324826896836E-010                  2.8568130268748632E-001                  2.3816402098281402E+000                  9.3619901936656110E-041                  3.3421166968328995E+004                  4.5240216101012862E+000                 -1.6930680660775149E+001                  8.4038609818328003E-001                  0.0000000000000000E+000                  0.0000000000000000E+000 
                                     487                  3.4894491342274905E+000                 -3.5046986149704151E-001                  7.3201848872715454E+000                 -2.7966652307765733E-001                  1.5285390789200159E+001                  6.8077032381816627E-001                  2.9876271933295856E-001                  2.0466956848875117E-002                  4.4620058825124959E-001                  3.2431922142071141E-010                  2.8705514036497082E-001                  2.4097504990769454E+000                  9.6364469175509406E-041                  3.3421717220576073E+004                  4.5240287603467451E+000                 -1.7279352878381601E+001                  8.4038527737226298E-001                  0.0000000000000000E+000                  0.0000000000000000E+000 
                                     488                  3.4894108842834282E+000                 -3.5063726800801215E-001                  7.3203314717408396E+000                 -2.7921824735676071E-001                  1.5285985842227980E+001                  6.8076936333650495E-001                  2.9876369303068240E-001                  2.0466943632812651E-002                  4.4602862546559502E-001                  3.2367331021057660E-010                  2.8785955929850021E-001                  2.4262960437050043E+000                  9.8001937861896890E-041                  3.3421992231218195E+004                  4.5240323339247324E+000                 -1.7239049798001727E+001                  8.4038479698100998E-001                  0.0000000000000000E+000                  0.0000000000000000E+000 
                                     489                  3.4893821968253813E+000                 -3.5076282033940709E-001                  7.3204361712285513E+000                 -2.7889807859646504E-001                  1.5286410868963385E+001                  6.8076867582187617E-001                  2.9876439000600230E-001                  2.0466934172121531E-002                  4.4589969948964819E-001                  3.2318935539088696E-010                  2.8843558611330011E-001                  2.4381824149812643E+000                  9.9188407338311765E-041                  3.3422198439007814E+004                  4.5240350134367215E+000                 -1.7538419918647609E+001                  8.4038445311634602E-001                  0.0000000000000000E+000                  0.0000000000000000E+000 
                                     490                  3.4893630718533513E+000                 -3.5084652068291133E-001                  7.3204989894402317E+000                 -2.7870598861502793E-001                  1.5286665880549593E+001                  6.8076826272942303E-001                  2.9876480878314632E-001                  2.0466928487430591E-002                  4.4581377078614348E-001                  3.2286694950948174E-010                  2.8878178014860606E-001                  2.4453416157917975E+000                  9.9907108143385538E-041                  3.3422335886982328E+004                  4.5240367994584956E+000                 -1.7532443423798341E+001                  8.4038424650574761E-001                  0.0000000000000000E+000                  0.0000000000000000E+000 
                                     491                  3.4893535093673349E+000                 -3.5088837049232158E-001                  7.3205303977973841E+000                 -2.7860995414151329E-001                  1.5286793378990957E+001                  6.8076805602056334E-001                  2.9876501833665925E-001                  2.0466925642777412E-002                  4.4577081301620725E-001                  3.2270581538955682E-010                  2.8895503372501596E-001                  2.4489288656093606E+000                  1.0026838387505444E-040                  3.3422404603807445E+004                  4.5240376923735628E+000                 -1.8024109032369779E+001                  8.4038414311914278E-001                  0.0000000000000000E+000                  0.0000000000000000E+000 
                                     492                  3.4893487281243285E+000                 -3.5090929530685522E-001                  7.3205513363264316E+000                 -2.7854593722987497E-001                  1.5286878373422827E+001                  6.8076791815489490E-001                  2.9876515809961190E-001                  2.0466923745493193E-002                  4.4574933577606235E-001                  3.2262526527174641E-010                  2.8907059229695470E-001                  2.4513231815743457E+000                  1.0050994847870122E-040                  3.3422438960431085E+004                  4.5240381388071622E+000                 -1.8312104631388262E+001                  8.4038407416486227E-001                  0.0000000000000000E+000                  0.0000000000000000E+000 
                                     493                  3.4893439468813203E+000                 -3.5093022006152641E-001                  7.3205670402253711E+000                 -2.7849792332534418E-001                  1.5286942120528655E+001                  6.8076781472321435E-001                  2.9876526295471484E-001                  2.0466922322070813E-002                  4.4572785963212941E-001                  3.2254472658630578E-010                  2.8915729446023908E-001                  2.4531204426293445E+000                  1.0069150188229127E-040                  3.3422473315863805E+004                  4.5240385852248277E+000                 -1.8355529084156707E+001                  8.4038402243293941E-001                  0.0000000000000000E+000                  0.0000000000000000E+000 
                                     494                  3.4893415562598151E+000                 -3.5094068241638848E-001                  7.3205775093974079E+000                 -2.7846591557322470E-001                  1.5286984617467043E+001                  6.8076774575380949E-001                  2.9876533287328033E-001                  2.0466921372910174E-002                  4.4571712197124980E-001                  3.2250446156395239E-010                  2.8921510995997790E-001                  2.4543193218972688E+000                  1.0081271679747587E-040                  3.3422490493132907E+004                  4.5240388084276768E+000                 -1.8195415222333445E+001                  8.4038398793751645E-001                  0.0000000000000000E+000                  0.0000000000000000E+000 
                                     495                  3.4893391656383121E+000                 -3.5095114475629358E-001                  7.3205853612769740E+000                 -2.7844190945395131E-001                  1.5287016490491309E+001                  6.8076769401864468E-001                  2.9876538532043068E-001                  2.0466920660924703E-002                  4.4570638458439232E-001                  3.2246419939744115E-010                  2.8925847989779563E-001                  2.4552188628309901E+000                  1.0090372326539356E-040                  3.3422507670105537E+004                  4.5240390316265593E+000                 -1.8240818130332876E+001                  8.4038396206189403E-001                  0.0000000000000000E+000                  0.0000000000000000E+000 
                                     496                  3.4893379703275600E+000                 -3.5095637592063528E-001                  7.3205905958398727E+000                 -2.7842590575381998E-001                  1.5287037738891122E+001                  6.8076765952479512E-001                  2.9876542028899006E-001                  2.0466920186214876E-002                  4.4570101599372164E-001                  3.2244406939552790E-010                  2.8928739670539211E-001                  2.4558187332461663E+000                  1.0096443917042612E-040                  3.3422516258479205E+004                  4.5240391432244929E+000                 -1.7916494421320543E+001                  8.4038394480960943E-001                  0.0000000000000000E+000                  0.0000000000000000E+000 
                                     497                  3.4893367750168083E+000                 -3.5096160708123997E-001                  7.3205945217621826E+000                 -2.7841390290241796E-001                  1.5287053675271096E+001                  6.8076763365238047E-001                  2.9876544651746628E-001                  2.0466919830153252E-002                  4.4569564747155138E-001                  3.2242394010767543E-010                  2.8930908638991032E-001                  2.4562687314862521E+000                  1.0100999995636125E-040                  3.3422524846778688E+004                  4.5240392548214343E+000                 -1.8331069745684925E+001                  8.4038393186938254E-001                  0.0000000000000000E+000                  0.0000000000000000E+000 
                                     498                  3.4893361773614324E+000                 -3.5096422266014138E-001                  7.3205971390378526E+000                 -2.7840590109631730E-001                  1.5287064299453672E+001                  6.8076761640316830E-001                  2.9876546400406562E-001                  2.0466919592766031E-002                  4.4569296323615321E-001                  3.2241387573325185E-010                  2.8932354705868846E-001                  2.4565687744467772E+000                  1.0104038505754232E-040                  3.3422529140900639E+004                  4.5240393106195338E+000                 -1.8393103749571882E+001                  8.4038392324209665E-001                  0.0000000000000000E+000                  0.0000000000000000E+000 
                                     499                  3.4893355797060566E+000                 -3.5096683823810770E-001                  7.3205994291532415E+000                 -2.7839889951128910E-001                  1.5287073595622569E+001                  6.8076760130947900E-001                  2.9876547930547781E-001                  2.0466919385043192E-002                  4.4569027901788066E-001                  3.2240381153701139E-010                  2.8933620077740102E-001                  2.4568313416757865E+000                  1.0106697946450609E-040                  3.3422533435003832E+004                  4.5240393664173819E+000                 -1.8232186335193131E+001                  8.4038391569290727E-001                  0.0000000000000000E+000                  0.0000000000000000E+000 
                                     500                  3.4893351314645247E+000                 -3.5096879992096958E-001                  7.3206010649490434E+000                 -2.7839389838596840E-001                  1.5287080235740511E+001                  6.8076759052791480E-001                  2.9876549023542082E-001                  2.0466919236664438E-002                  4.4568826586541410E-001                  3.2239626350870859E-010                  2.8934523950187863E-001                  2.4570189065385342E+000                  1.0108597971504906E-040                  3.3422536655568896E+004                  4.5240394082656028E+000                 -1.7804354139173597E+001                  8.4038391030045057E-001                  0.0000000000000000E+000                  0.0000000000000000E+000 
                                     501                  3.4893348326368367E+000                 -3.5097010770925308E-001                  7.3206020464261652E+000                 -2.7839089771354431E-001                  1.5287084219810179E+001                  6.8076758405883309E-001                  2.9876549679353182E-001                  2.0466919147635099E-002                  4.4568692376912022E-001                  3.2239123154635533E-010                  2.8935066287814587E-001                  2.4571314521935568E+000                  1.0109738156392926E-040                  3.3422538802606417E+004                  4.5240394361643386E+000                 -1.8604197659866202E+001                  8.4038390706490484E-001                  0.0000000000000000E+000                  0.0000000000000000E+000 
                                     502                  3.4893346832229928E+000                 -3.5097076160330681E-001                  7.3206025371645422E+000                 -2.7838939737989160E-001                  1.5287086211843226E+001                  6.8076758082425226E-001                  2.9876550007262753E-001                  2.0466919103120151E-002                  4.4568625272257917E-001                  3.2238871558207885E-010                  2.8935337460458482E-001                  2.4571877268979407E+000                  1.0110308296446696E-040                  3.3422539876123468E+004                  4.5240394501136834E+000                 -1.8502970492706034E+001                  8.4038390544711183E-001                  0.0000000000000000E+000                  0.0000000000000000E+000 
                                     503                  3.4893346085160708E+000                 -3.5097108855031206E-001                  7.3206028643233694E+000                 -2.7838839715892977E-001                  1.5287087539864162E+001                  6.8076757866785098E-001                  2.9876550225870585E-001                  2.0466919073443224E-002                  4.4568591719970968E-001                  3.2238745760473276E-010                  2.8935518243595837E-001                  2.4572252440575104E+000                  1.0110688407402450E-040                  3.3422540412881128E+004                  4.5240394570883442E+000                 -1.8072136514259363E+001                  8.4038390436857635E-001                  0.0000000000000000E+000                  0.0000000000000000E+000 
                                     504                  3.4893345338091488E+000                 -3.5097141549730354E-001                  7.3206031096924891E+000                 -2.7838764699293089E-001                  1.5287088535880150E+001                  6.8076757705054147E-001                  2.9876550389827322E-001                  2.0466919051185251E-002                  4.4568558167710698E-001                  3.2238619963022068E-010                  2.8935653831759112E-001                  2.4572533822999389E+000                  1.0110973499949832E-040                  3.3422540949638496E+004                  4.5240394640630015E+000                 -1.9497591337447652E+001                  8.4038390355967041E-001                  0.0000000000000000E+000                  0.0000000000000000E+000 
                                     505                  3.4893344964556872E+000                 -3.5097157897079456E-001                  7.3206032732718818E+000                 -2.7838714688262312E-001                  1.5287089199890561E+001                  6.8076757597233184E-001                  2.9876550499132143E-001                  2.0466919036346676E-002                  4.4568541391590516E-001                  3.2238557064433800E-010                  2.8935744224213339E-001                  2.4572721413010008E+000                  1.0111163566047803E-040                  3.3422541218016951E+004                  4.5240394675503275E+000                 -1.8848046341892363E+001                  8.4038390302039812E-001                  0.0000000000000000E+000                  0.0000000000000000E+000 
                                     506                  3.4893344591022268E+000                 -3.5097174244427798E-001                  7.3206034164038432E+000                 -2.7838670928608911E-001                  1.5287089780899683E+001                  6.8076757502889573E-001                  2.9876550594774143E-001                  2.0466919023362840E-002                  4.4568524615477428E-001                  3.2238494165966905E-010                  2.8935823317856557E-001                  2.4572885555423287E+000                  1.0111329876788980E-040                  3.3422541486395072E+004                  4.5240394710376481E+000                 -1.9615043184786213E+001                  8.4038390254853357E-001                  0.0000000000000000E+000                  0.0000000000000000E+000 
                                     507                  3.4893344310871313E+000                 -3.5097186504938893E-001                  7.3206035186409544E+000                 -2.7838639671717436E-001                  1.5287090195906179E+001                  6.8076757435501201E-001                  2.9876550663089924E-001                  2.0466919014088703E-002                  4.4568512033396923E-001                  3.2238446992085829E-010                  2.8935879813453358E-001                  2.4573002800661028E+000                  1.0111448671833606E-040                  3.3422541687678939E+004                  4.5240394736531426E+000                 -1.8750531888547020E+001                  8.4038390221148684E-001                  0.0000000000000000E+000                  0.0000000000000000E+000 
                                     508                  3.4893344124104018E+000                 -3.5097194678612603E-001                  7.3206035799832208E+000                 -2.7838620917582990E-001                  1.5287090444910081E+001                  6.8076757395068077E-001                  2.9876550704079535E-001                  2.0466919008523821E-002                  4.4568503645345592E-001                  3.2238415542918378E-010                  2.8935913710867633E-001                  2.4573073148068190E+000                  1.0111519949525533E-040                  3.3422541821867992E+004                  4.5240394753968038E+000                 -1.8444541541508809E+001                  8.4038390200925872E-001                  0.0000000000000000E+000                  0.0000000000000000E+000 
                                     509                  3.4893344030720357E+000                 -3.5097198765449988E-001                  7.3206036106543548E+000                 -2.7838611540514457E-001                  1.5287090569412044E+001                  6.8076757374851560E-001                  2.9876550724574275E-001                  2.0466919005741602E-002                  4.4568499451319971E-001                  3.2238399818333251E-010                  2.8935930659593606E-001                  2.4573108321847648E+000                  1.0111555588560141E-040                  3.3422541888962434E+004                  4.5240394762686327E+000                 -1.8194114339365907E+001                  8.4038390190814449E-001                  0.0000000000000000E+000                  0.0000000000000000E+000 
                                     510                  3.4893343984028524E+000                 -3.5097200808868534E-001                  7.3206036311017781E+000                 -2.7838605289138352E-001                  1.5287090652413331E+001                  6.8076757361373819E-001                  2.9876550738237473E-001                  2.0466919003887085E-002                  4.4568497354307463E-001                  3.2238391956138160E-010                  2.8935941958747002E-001                  2.4573131771060770E+000                  1.0111579347985159E-040                  3.3422541922509248E+004                  4.5240394767045418E+000                 -1.9038718502204862E+001                  8.4038390184073486E-001                  0.0000000000000000E+000                  0.0000000000000000E+000 
                                     511                  3.4893343937336696E+000                 -3.5097202852287229E-001                  7.3206036464373456E+000                 -2.7838600600604907E-001                  1.5287090714664311E+001                  6.8076757351265482E-001                  2.9876550748484931E-001                  2.0466919002495865E-002                  4.4568495257294893E-001                  3.2238384093902931E-010                  2.8935950433114666E-001                  2.4573149357986250E+000                  1.0111597167591016E-040                  3.3422541956056208E+004                  4.5240394771404535E+000                 -1.8018717865770252E+001                  8.4038390179017741E-001                  0.0000000000000000E+000                  0.0000000000000000E+000 
                                     512                  3.4893343913990784E+000                 -3.5097203873996502E-001                  7.3206036566610555E+000                 -2.7838597474916632E-001                  1.5287090756164950E+001                  6.8076757344526628E-001                  2.9876550755316528E-001                  2.0466919001568495E-002                  4.4568494208788728E-001                  3.2238380162729836E-010                  2.8935956082694170E-001                  2.4573161082607835E+000                  1.0111609047343411E-040                  3.3422541972829946E+004                  4.5240394773584116E+000                 -1.8509623306198854E+001                  8.4038390175647260E-001                  0.0000000000000000E+000                  0.0000000000000000E+000 
                                     513                  3.4893343890644877E+000                 -3.5097204895705619E-001                  7.3206036643288375E+000                 -2.7838595130651389E-001                  1.5287090787290429E+001                  6.8076757339472471E-001                  2.9876550760440213E-001                  2.0466919000873163E-002                  4.4568493160282741E-001                  3.2238376231649777E-010                  2.8935960319879050E-001                  2.4573169876076588E+000                  1.0111617957165898E-040                  3.3422541989603473E+004                  4.5240394775763679E+000                 -1.8226641311894770E+001                  8.4038390173119404E-001                  0.0000000000000000E+000                  0.0000000000000000E+000 
                                     514                  3.4893343878971916E+000                 -3.5097205406560178E-001                  7.3206036694406924E+000                 -2.7838593567807784E-001                  1.5287090808040746E+001                  6.8076757336103066E-001                  2.9876550763856019E-001                  2.0466919000409201E-002                  4.4568492636029761E-001                  3.2238374266175284E-010                  2.8935963144669619E-001                  2.4573175738391138E+000                  1.0111623897052246E-040                  3.3422541997989698E+004                  4.5240394776853394E+000                 -1.8700328714647068E+001                  8.4038390171434185E-001                  0.0000000000000000E+000                  0.0000000000000000E+000 
                                     515                  3.4893343867298965E+000                 -3.5097205917414892E-001                  7.3206036732745847E+000                 -2.7838592395673450E-001                  1.5287090823603496E+001                  6.8076757333575988E-001                  2.9876550766417875E-001                  2.0466919000061368E-002                  4.4568492111776625E-001                  3.2238372300669798E-010                  2.8935965263264435E-001                  2.4573180135129857E+000                  1.0111628351971195E-040                  3.3422542006376258E+004                  4.5240394777943145E+000                 -1.9128621772163275E+001                  8.4038390170170252E-001                  0.0000000000000000E+000                  0.0000000000000000E+000 
                                     516                  3.4893343861462482E+000                 -3.5097206172842088E-001                  7.3206036758305109E+000                 -2.7838591614251351E-001                  1.5287090833978665E+001                  6.8076757331891280E-001                  2.9876550768125770E-001                  2.0466918999829442E-002                  4.4568491849650221E-001                  3.2238371317968761E-010                  2.8935966675659736E-001                  2.4573183066287072E+000                  1.0111631321915748E-040                  3.3422542010569283E+004                  4.5240394778487989E+000                 -1.8315341580960915E+001                  8.4038390169327626E-001                  0.0000000000000000E+000                  0.0000000000000000E+000 
                                     517                  3.4893343855626004E+000                 -3.5097206428269445E-001                  7.3206036777474566E+000                 -2.7838591028185855E-001                  1.5287090841760030E+001                  6.8076757330627746E-001                  2.9876550769406685E-001                  2.0466918999655692E-002                  4.4568491587523656E-001                  3.2238370335210297E-010                  2.8935967734956142E-001                  2.4573185264655728E+000                  1.0111633549375347E-040                  3.3422542014762483E+004                  4.5240394779032860E+000                 -1.8742372620568933E+001                  8.4038390168695676E-001                  0.0000000000000000E+000                  0.0000000000000000E+000 
                                     518                  3.4893343852707766E+000                 -3.5097206555982968E-001                  7.3206036790254210E+000                 -2.7838590637473531E-001                  1.5287090846947613E+001                  6.8076757329785387E-001                  2.9876550770260635E-001                  2.0466918999539785E-002                  4.4568491456460535E-001                  3.2238369843869625E-010                  2.8935968441155296E-001                  2.4573186730236607E+000                  1.0111635034350231E-040                  3.3422542016859101E+004                  4.5240394779305291E+000                 -1.8094614494501670E+001                  8.4038390168274357E-001                  0.0000000000000000E+000                  0.0000000000000000E+000 
                                     519                  3.4893343849789527E+000                 -3.5097206683696808E-001                  7.3206036803033845E+000                 -2.7838562239388170E-001                  1.5287090852135195E+001                  6.8076674504309675E-001                  2.9876633890185278E-001                  2.0466916055050466E-002                  4.4568491325397092E-001                  3.2238374550679103E-010                  2.8935923697898486E-001                  2.4573261510453923E+000                  1.0111733974278130E-040                  3.3422542018955472E+004                  4.5240394779577695E+000                 -1.8811609325157129E+001                  8.4038348755491554E-001                  0.0000000000000000E+000                  0.0000000000000000E+000 
                                     520                  3.4893343846871288E+000                 -3.5097206811410331E-001                  7.3206036815813480E+000                 -2.7838543177085984E-001                  1.5287090857322765E+001                  6.8076619287045115E-001                  2.9876689303753023E-001                  2.0466914092018618E-002                  4.4568491194333970E-001                  3.2238382723010401E-010                  2.8935894104387061E-001                  2.4573311852399318E+000                  1.0111800429640554E-040                  3.3422542021051573E+004                  4.5240394779850064E+000                 -1.8693227960838602E+001                  8.4038321146829276E-001                  0.0000000000000000E+000                  0.0000000000000000E+000 
                                     521                  3.4893343843953049E+000                 -3.5097206939123693E-001                  7.3206036827732923E+000                 -1.8780208203619780E-001                  1.5287090862510354E+001                  4.3895412108913962E-001                  5.4143942351546759E-001                  1.9606455395392741E-002                  4.4568491063271010E-001                  3.3918101841250413E-010                  1.5544331324673918E-001                  3.9855221562936425E+000                  9.1395386068071055E-040                  3.3422542023147791E+004                  4.5240394780122450E+000                 -1.7920507683459043E+001                  7.1947709371135371E-001                  0.0000000000000000E+000                  0.0000000000000000E+000 
                                     522                  3.4893343841034814E+000                 -3.5097207042793843E-001                  7.3206036844321796E+000                 -1.8780207552877917E-001                  1.5287090870291705E+001                  4.3895412100197262E-001                  5.4143942360294395E-001                  1.9606455395083433E-002                  4.4568490956881862E-001                  3.5782475205002857E-010                  1.5544331878530943E-001                  3.9855224773231765E+000                  9.1395404132929867E-040                  3.3422542024851136E+004                  4.5240394780343784E+000                 -1.8263773950295974E+001                  7.1947709366776957E-001                  0.0000000000000000E+000                  0.0000000000000000E+000 
                                     523                  3.4893343835198332E+000                 -3.5097207250133960E-001                  7.3206036874734766E+000                 -1.8780206359849880E-001                  1.5287090884557564E+001                  4.3895412084216667E-001                  5.4143942376331711E-001                  1.9606455394516220E-002                  4.4568490744103745E-001                  3.5782474330590361E-010                  1.5544332893936838E-001                  3.9855230658780942E+000                  9.1395437251886348E-040                  3.3422542028258133E+004                  4.5240394780786488E+000                 -1.8302631663560852E+001                  7.1947709358786560E-001                  0.0000000000000000E+000                  0.0000000000000000E+000 
                                     524                  3.4893343824984488E+000                 -3.5097207612979686E-001                  7.3206036932795922E+000                 -1.8780204082250751E-001                  1.5287090911792372E+001                  4.3895412053708321E-001                  5.4143942406948320E-001                  1.9606455393433642E-002                  4.4568490371741515E-001                  3.5782472800511136E-010                  1.5544334832440171E-001                  3.9855241894836753E+000                  9.1395500479047433E-040                  3.3422542034220271E+004                  4.5240394781561220E+000                 -1.8455246384730152E+001                  7.1947709343532207E-001                  0.0000000000000000E+000                  0.0000000000000000E+000 
                                     525                  3.4893343804556802E+000                 -3.5097208338670666E-001                  7.3206037046153360E+000                 -1.8780199635505593E-001                  1.5287090964965124E+001                  4.3895411994144318E-001                  5.4143942466723693E-001                  1.9606455391319888E-002                  4.4568489627017538E-001                  3.5782469740161462E-010                  1.5544338617138106E-001                  3.9855263831901917E+000                  9.1395623922643600E-040                  3.3422542046145085E+004                  4.5240394783110736E+000                 -1.7927414934896962E+001                  7.1947709313749841E-001                  0.0000000000000000E+000                  0.0000000000000000E+000 
                                     526                  3.4893343765160587E+000                 -3.5097209738216700E-001                  7.3206037270103304E+000                 -1.8780190850486506E-001                  1.5287091070013560E+001                  4.3895411876469170E-001                  5.4143942584816451E-001                  1.9606455387143784E-002                  4.4568488190765077E-001                  3.5782463838027521E-010                  1.5544346094219652E-001                  3.9855307170985346E+000                  9.1395867799334092E-040                  3.3422542069143157E+004                  4.5240394786099118E+000                 -1.7758435871502343E+001                  7.1947709254911540E-001                  0.0000000000000000E+000                  0.0000000000000000E+000 
                                     527                  3.4893343686368143E+000                 -3.5097212537308481E-001                  7.3206037718003270E+000                 -1.8780173280443282E-001                  1.5287091280110532E+001                  4.3895411641118853E-001                  5.4143942821001978E-001                  1.9606455378791687E-002                  4.4568485318260587E-001                  3.5782452033727823E-010                  1.5544361048397382E-001                  3.9855393849309251E+000                  9.1396355554750498E-040                  3.3422542115139506E+004                  4.5240394792075911E+000                 -1.8124695145728623E+001                  7.1947709137234916E-001                  0.0000000000000000E+000                  0.0000000000000000E+000 
                                     528                  3.4893343528783238E+000                 -3.5097218135492181E-001                  7.3206038613803157E+000                 -1.8780138140367367E-001                  1.5287091700304375E+001                  4.3895411170418025E-001                  5.4143943293373265E-001                  1.9606455362087161E-002                  4.4568479573252018E-001                  3.5782428424859908E-010                  1.5544390956793597E-001                  3.9855567206498947E+000                  9.1397331073260950E-040                  3.3422542207133025E+004                  4.5240394804029602E+000                 -1.8748624533931356E+001                  7.1947708901881624E-001                  0.0000000000000000E+000                  0.0000000000000000E+000 
                                     529                  3.4893343213613428E+000                 -3.5097229331857277E-001                  7.3206040405402772E+000                 -1.8780067860260924E-001                  1.5287092540691695E+001                  4.3895410229015941E-001                  5.4143944238116193E-001                  1.9606455328678662E-002                  4.4568468083239471E-001                  3.5782381207039779E-010                  1.5544450773748983E-001                  3.9855913923045239E+000                  9.1399282140992368E-040                  3.3422542391120587E+004                  4.5240394827937056E+000                 -1.8136316289602668E+001                  7.1947708431174784E-001                  0.0000000000000000E+000                  0.0000000000000000E+000 
                                     530                  3.4893342583273785E+000                 -3.5097251724578049E-001                  7.3206043988601124E+000                 -1.8779927300236612E-001                  1.5287094221464923E+001                  4.3895408346210207E-001                  5.4143946127603682E-001                  1.9606455261861111E-002                  4.4568445103232923E-001                  3.5782286771596312E-010                  1.5544570408304270E-001                  3.9856607364761856E+000                  9.1403184399050226E-040                  3.3422542759095086E+004                  4.5240394875751875E+000                 -1.7938483652127204E+001                  7.1947707489760337E-001                  0.0000000000000000E+000                  0.0000000000000000E+000 
                                     531                  3.4893341322594487E+000                 -3.5097296509978865E-001                  7.3206051154994212E+000                 -1.8779646180940790E-001                  1.5287097583005623E+001                  4.3895404580592368E-001                  5.4143949906585043E-001                  1.9606455128225897E-002                  4.4568399143297172E-001                  3.5782097901292805E-010                  1.5544809679989943E-001                  3.9857994282678715E+000                  9.1410989405486063E-040                  3.3422543495043326E+004                  4.5240394971381424E+000                 -1.7917247312971714E+001                  7.1947705606928258E-001                  0.0000000000000000E+000                  0.0000000000000000E+000 
                                     532                  3.4893338801235902E+000                 -3.5097386080616005E-001                  7.3206065487765839E+000                 -1.8779083945356595E-001                  1.5287104306063961E+001                  4.3895397049331103E-001                  5.4143957464573345E-001                  1.9606454860955580E-002                  4.4568307223736658E-001                  3.5781720163178571E-010                  1.5545288233661347E-001                  3.9860768256441670E+000                  9.1426601379762253E-040                  3.3422544966934853E+004                  4.5240395162639864E+000                 -1.7682411262692252E+001                  7.1947701841251299E-001                  0.0000000000000000E+000                  0.0000000000000000E+000 
                                     533                  3.4893333758518672E+000                 -3.5097565221235955E-001                  7.3206094153250723E+000                 -1.8777959486230100E-001                  1.5287117752088449E+001                  4.3895381986706977E-001                  5.4143972580651700E-001                  1.9606454326413170E-002                  4.4568123385855857E-001                  3.5780964697797475E-010                  1.5546245382199825E-001                  3.9866316755685163E+000                  9.1457833175233225E-040                  3.3422547910695168E+004                  4.5240395545153760E+000                 -1.7948089380088454E+001                  7.1947694309846577E-001                  0.0000000000000000E+000                  0.0000000000000000E+000 
                                     534                  3.4893323673084207E+000                 -3.5097923499849315E-001                  7.3206151483986606E+000                 -1.8775710616168620E-001                  1.5287144643768173E+001                  4.3895351861052062E-001                  5.4144002813215608E-001                  1.9606453257323242E-002                  4.4567755715064544E-001                  3.5779453810102655E-010                  1.5548159844051124E-001                  3.9877415961282248E+000                  9.1520328165529093E-040                  3.3422553798123838E+004                  4.5240396310169508E+000                 -1.7976011276686986E+001                  7.1947679246833840E-001                  0.0000000000000000E+000                  0.0000000000000000E+000 
                                     535                  3.4893303502215285E+000                 -3.5098640046572127E-001                  7.3206266144522782E+000                 -1.8771213068805007E-001                  1.5287198425650635E+001                  4.3895291608115372E-001                  5.4144063279972421E-001                  1.9606451119122070E-002                  4.4567020393360390E-001                  3.5776432207130867E-010                  1.5551989426928886E-001                  3.9899623203507719E+000                  9.1645443840721687E-040                  3.3422565572616120E+004                  4.5240397840153177E+000                 -1.7766402031247001E+001                  7.1947649119994928E-001                  0.0000000000000000E+000                  0.0000000000000000E+000 
                                     536                  3.4893263160477419E+000                 -3.5100073098007178E-001                  7.3206495461851882E+000                 -1.8762218744986628E-001                  1.5287305983508597E+001                  4.3895171095734037E-001                  5.4144184220002545E-001                  1.9606446842634240E-002                  4.4565549829457574E-001                  3.5770389691407174E-010                  1.5559651230026300E-001                  3.9944073032812728E+000                  9.1896178747296255E-040                  3.3422589120135410E+004                  4.5240400899928481E+000                 -1.8943190817422632E+001                  7.1947588863063217E-001                  0.0000000000000000E+000                  0.0000000000000000E+000 
                                     537                  3.4893182477001674E+000                 -3.5102939032867198E-001                  7.3206954081532105E+000                 -1.8744233180083081E-001                  1.5287521075601344E+001                  4.3894930044934205E-001                  5.4144426126134126E-001                  1.9606438289316630E-002                  4.4562609019615335E-001                  3.5758307420614305E-010                  1.5574985390707718E-001                  4.0033114236979239E+000                  9.2399669015811283E-040                  3.3422636209314762E+004                  4.5240407018711286E+000                 -1.7659631418715641E+001                  7.1947468336181664E-001                  0.0000000000000000E+000                  0.0000000000000000E+000 
                                     538                  3.4893021110050166E+000                 -3.5108670230832717E-001                  7.3207871260940038E+000                 -1.8708274373913544E-001                  1.5287951165335048E+001                  4.3894447839143219E-001                  5.4144910042725602E-001                  1.9606421181311839E-002                  4.4556728671287132E-001                  3.5734153916728091E-010                  1.5605695970925287E-001                  4.0211764157728123E+000                  9.3414781327547082E-040                  3.3422730364254698E+004                  4.5240419253207991E+000                 -1.7433157424728591E+001                  7.1947227230324573E-001                  0.0000000000000000E+000                  0.0000000000000000E+000 
                                     539                  3.4892698376147151E+000                 -3.5120129942027029E-001                  7.3209705379625047E+000                 -1.8636405997562375E-001                  1.5288810967321549E+001                  4.3893483010429551E-001                  5.4145878293588257E-001                  1.9606386959821975E-002                  4.4544973056084308E-001                  3.5685891020744139E-010                  1.5667286493408983E-001                  4.0571344709828274E+000                  9.5477934426738051E-040                  3.3422918580614351E+004                  4.5240443709946065E+000                 -1.7109120820024071E+001                  7.1946744810051211E-001                  0.0000000000000000E+000                  0.0000000000000000E+000 
                                     540                  3.4892052908341120E+000                 -3.5143038643709168E-001                  7.3213372653918887E+000                 -1.8492865757381588E-001                  1.5290529063976882E+001                  4.3891551771883547E-001                  5.4147816378274605E-001                  1.9606318498418540E-002                  4.4521482119758621E-001                  3.5589541325023164E-010                  1.5791147647109177E-001                  4.1299714417125193E+000                  9.9739217596338028E-040                  3.3423294640499531E+004                  4.5240492574563866E+000                 -1.6928581235369762E+001                  7.1945779178971847E-001                  0.0000000000000000E+000                  0.0000000000000000E+000 
                                     541                  3.4890761972729036E+000                 -3.5188813309808209E-001                  7.3220703329928671E+000                 -1.8206566365066698E-001                  1.5293959248791538E+001                  4.3887680065248635E-001                  5.4151701796270779E-001                  1.9606181384805854E-002                  4.4474581170358496E-001                  3.5397543738057797E-010                  1.6041609589806718E-001                  4.2793986711239267E+000                  1.0882896526442123E-039                  3.3424045278950442E+004                  4.5240590109675223E+000                 -1.6648489556407380E+001                  7.1943843302147381E-001                  0.0000000000000000E+000                  0.0000000000000000E+000 
                                     542                  3.4888180101504855E+000                 -3.5280192848178760E-001                  7.3235349033205166E+000                 -1.7637072952848629E-001                  1.5300795749463539E+001                  4.3879926611418046E-001                  5.4159482631589906E-001                  1.9605907569920422E-002                  4.4381100956389719E-001                  3.5016333015792005E-010                  1.6553763997817247E-001                  4.5938394466241421E+000                  1.2951243018008567E-039                  3.3425540711453570E+004                  4.5240784413970347E+000                 -1.6323788546865984E+001                  7.1939966528698929E-001                  0.0000000000000000E+000                  0.0000000000000000E+000 
                                     543                  3.4883016359056502E+000                 -3.5462281931127709E-001                  7.3251610926677060E+000                 -1.7004478023440611E-001                  1.5308391894633479E+001                  4.3871260508281168E-001                  5.4168179232818148E-001                  1.9605602589006788E-002                  4.4195411373107329E-001                  3.4265157707704073E-010                  1.7142818608029667E-001                  4.9697833835593217E+000                  1.5708375376437574E-039                  3.3428508858351444E+004                  4.5241170045006420E+000                 -1.6484543188317534E+001                  7.1935633426071965E-001                  0.0000000000000000E+000                  0.0000000000000000E+000 
                                     544                  3.4879573864090934E+000                 -3.5583178251367104E-001                  7.3266762353873842E+000                 -1.6419308534123139E-001                  1.5315440471375107E+001                  4.3863096317632699E-001                  5.4176372038354415E-001                  1.9605316440128862E-002                  4.4072553891042032E-001                  3.3772565297349240E-010                  1.7709906000567555E-001                  5.3468023826939044E+000                  1.8795636153239880E-039                  3.3430470864110015E+004                  4.5241424936205243E+000                 -1.6382064927559743E+001                  7.1931551283803485E-001                  0.0000000000000000E+000                  0.0000000000000000E+000 
                                     545                  3.4874983870803509E+000                 -3.5743769350481369E-001                  7.3286931794733778E+000                 -1.5644160153167050E-001                  1.5324798827244132E+001                  4.3852061204938664E-001                  5.4187445651408139E-001                  1.9604931436531969E-002                  4.3909885688196637E-001                  3.3125549574200308E-010                  1.8493832469040983E-001                  5.8922978462723528E+000                  2.3855469597551125E-039                  3.3433067085299401E+004                  4.5241762197610038E+000                 -1.6270610296030078E+001                  7.1926033665747935E-001                  0.0000000000000000E+000                  0.0000000000000000E+000 
                                     546                  3.4868863879753613E+000                 -3.5956834230566809E-001                  7.3309941772306768E+000                 -1.4763047001829235E-001                  1.5335455651322514E+001                  4.3838959647934306E-001                  5.4200592747312271E-001                  1.9604476047534236E-002                  4.3694991348520723E-001                  3.2280114665102861E-010                  1.9430798354166895E-001                  6.5814486059490731E+000                  3.1294426625321764E-039                  3.3436495062098031E+004                  4.5242207467882851E+000                 -1.6232337093601299E+001                  7.1919482817799263E-001                  0.0000000000000000E+000                  0.0000000000000000E+000 
                                     547                  3.4862743888703722E+000                 -3.6168706854320470E-001                  7.3332901697383885E+000                 -1.3889089081648995E-001                  1.5346057877289358E+001                  4.3826478895958393E-001                  5.4213116518178550E-001                  1.9604045858630625E-002                  4.3482342390642859E-001                  3.1453851484269267E-010                  2.0413992003632450E-001                  7.3474309073491195E+000                  4.0999608604902560E-039                  3.3439886269077302E+004                  4.5242647917096770E+000                 -1.6263354268510916E+001                  7.1913242374032116E-001                  0.0000000000000000E+000                  0.0000000000000000E+000 
                                     548                  3.4856623897653822E+000                 -3.6379411429652048E-001                  7.3352953223231019E+000                 -1.3128825106391526E-001                  1.5355301384146969E+001                  4.3816252629591268E-001                  5.4223377761680003E-001                  1.9603696087287292E-002                  4.3271892119612432E-001                  3.0646082667853930E-010                  2.1314246943806192E-001                  8.0873879297150211E+000                  5.1880211254613467E-039                  3.3443243043027665E+004                  4.5243083850169841E+000                 -1.6375498243091812E+001                  7.1908129182683622E-001                  0.0000000000000000E+000                  0.0000000000000000E+000 
                                     549                  3.4852033904366397E+000                 -3.6536684349575654E-001                  7.3370104932918281E+000                 -1.2482149201523789E-001                  1.5363182066931479E+001                  4.3806951609004235E-001                  5.4232710486586067E-001                  1.9603379044097036E-002                  4.3115473158514039E-001                  3.0052111132567516E-010                  2.2114539880737896E-001                  8.7776491020021119E+000                  6.3426066617983420E-039                  3.3445739247646401E+004                  4.5243407995598579E+000                 -1.6335057773325914E+001                  7.1903478623162931E-001                  0.0000000000000000E+000                  0.0000000000000000E+000 
                                     550                  3.4847443911078977E+000                 -3.6693321893613134E-001                  7.3387226378960904E+000                 -1.1838993963287216E-001                  1.5371032733254241E+001                  4.3797406045749054E-001                  5.4242288439014785E-001                  1.9603055152361604E-002                  4.2960248126542422E-001                  2.9468040158938669E-010                  2.2943356516483757E-001                  9.5241258424797550E+000                  7.7488165537026868E-039                  3.3448218427217726E+004                  4.5243729906289882E+000                 -1.6347740163207231E+001                  7.1898705793068285E-001                  0.0000000000000000E+000                  0.0000000000000000E+000 
                                     551                  3.4842853917791548E+000                 -3.6849332473636320E-001                  7.3404316992385636E+000                 -1.1199270763912589E-001                  1.5378853584409418E+001                  4.3787590916350438E-001                  5.4252136714719579E-001                  1.9602723689299828E-002                  4.2806199900375491E-001                  2.8893672334595804E-010                  2.3801770605719000E-001                  1.0331171210886298E+001                  9.4603251873449732E-039                  3.3450681578688193E+004                  4.5244049712173720E+000                 -1.6344714783141697E+001                  7.1893798180704216E-001                  0.0000000000000000E+000                  0.0000000000000000E+000 
                                     552                  3.4838263924504123E+000                 -3.7004724192488220E-001                  7.3421376255974042E+000                 -1.0563096019364232E-001                  1.5386644822461262E+001                  4.3777969326526139E-001                  5.4261790568708579E-001                  1.9602401047652762E-002                  4.2653311862294324E-001                  2.8328759606141986E-010                  2.4691483797846356E-001                  1.1203416305059166E+001                  1.1541593877652303E-038                  3.3453129696326345E+004                  4.5244367542790993E+000                 -1.6422712349308767E+001                  7.1888987339091226E-001                  0.0000000000000000E+000                  0.0000000000000000E+000 
                                     553                  3.4833673931216702E+000                 -3.7159505580222024E-001                  7.3438403604704341E+000                 -9.9296275637030904E-002                  1.5394406650512375E+001                  4.3766713806174751E-001                  5.4273083954374657E-001                  1.9602022394505925E-002                  4.2501567171226295E-001                  2.7773179596703500E-010                  2.5610538479064160E-001                  1.2145960449655908E+001                  1.4072615749278750E-038                  3.3455563775447299E+004                  4.5244683527777800E+000                 -1.6423639672158831E+001                  7.1883359532477664E-001                  0.0000000000000000E+000                  0.0000000000000000E+000 
                                     554                  3.4829083937929273E+000                 -3.7313682170733492E-001                  7.3455398491153652E+000                 -9.2995019236522813E-002                  1.5402139270545410E+001                  4.3755538089664137E-001                  5.4284296901345364E-001                  1.9601650089904998E-002                  4.2350952105595963E-001                  2.7226734723945848E-010                  2.6561022190769096E-001                  1.3164003349653209E+001                  1.7146627638309286E-038                  3.3457984753716744E+004                  4.5244997789247057E+000                 -1.6341542501260697E+001                  7.1877771628275711E-001                  0.0000000000000000E+000                  0.0000000000000000E+000 
                                     555                  3.4824493944641848E+000                 -3.7467261773424188E-001                  7.3472360213240933E+000                 -8.6705348964771750E-002                  1.5409842885050992E+001                  4.3739414693022738E-001                  5.4300475355206657E-001                  1.9601099517706055E-002                  4.2201450886185204E-001                  2.6689430861665133E-010                  2.7541239352445451E-001                  1.4263894004298836E+001                  2.0885329067953580E-038                  3.3460393589243555E+004                  4.5245310451927612E+000                 -1.6492381720727703E+001                  7.1869709884265764E-001                  0.0000000000000000E+000                  0.0000000000000000E+000 
                                     556                  3.4819903951354423E+000                 -3.7620244472810072E-001                  7.3492102222257962E+000                 -7.9361955295200542E-002                  1.5418783742748069E+001                  4.3706788684459796E-001                  5.4333217523447197E-001                  1.9599937920930066E-002                  4.2053055396310568E-001                  2.6161799557785719E-010                  2.8714852557304349E-001                  1.5658462714966529E+001                  2.6291004761998334E-038                  3.3462791099161448E+004                  4.5245621622214243E+000                 -1.6304371314548813E+001                  7.1853396825902860E-001                  0.0000000000000000E+000                  0.0000000000000000E+000 
                                     557                  3.4813783960304523E+000                 -3.7823282052689661E-001                  7.3514610577575841E+000                 -7.1122629807993012E-002                  1.5428966194509437E+001                  4.3697528717560785E-001                  5.4342502504140933E-001                  1.9599687782982822E-002                  4.1856911463125851E-001                  2.5470645582791103E-010                  3.0133403841098910E-001                  1.7411002768474226E+001                  3.4095050023463692E-038                  3.3465971559229081E+004                  4.5246034376373583E+000                 -1.6271535115793256E+001                  7.1848766783890539E-001                  0.0000000000000000E+000                  0.0000000000000000E+000 
                                     558                  3.4807663969254632E+000                 -3.8025310782153549E-001                  7.3537058918195095E+000                 -6.2936386745377854E-002                  1.5439098306339284E+001                  4.3688268692588395E-001                  5.4351790097935093E-001                  1.9599412094765123E-002                  4.1662650181905519E-001                  2.4792341628042034E-010                  3.1627648141231524E-001                  1.9347575686687485E+001                  4.4162948200331579E-038                  3.3469135894144332E+004                  4.5246444998914095E+000                 -1.6203211908359531E+001                  7.1844136716003482E-001                  0.0000000000000000E+000                  0.0000000000000000E+000 
                                     559                  3.4801543978204736E+000                 -3.8226346344225665E-001                  7.3559446472078420E+000                 -5.4800952436649696E-002                  1.5449180567470245E+001                  4.3678876333127692E-001                  5.4361210565968299E-001                  1.9599131009040094E-002                  4.1470238835183965E-001                  2.4128186699922063E-010                  3.3186437302649180E-001                  2.1489887806912520E+001                  5.7137137713432440E-038                  3.3472286047779467E+004                  4.5246853742649202E+000                 -1.6356509687529471E+001                  7.1839440481215744E-001                  0.0000000000000000E+000                  0.0000000000000000E+000 
                                     560                  3.4795423987154845E+000                 -3.8426403401997161E-001                  7.3581772543833370E+000                 -4.6715081731440941E-002                  1.5459213464634107E+001                  4.3669450948809480E-001                  5.4370665615542535E-001                  1.9598834356479911E-002                  4.1279646162014622E-001                  2.3477776894000871E-010                  3.4816183293726610E-001                  2.3857692724838035E+001                  7.3837526540337288E-038                  3.3475423827255414E+004                  4.5247260842553105E+000                 -1.6303026606920813E+001                  7.1834727735072812E-001                  0.0000000000000000E+000                  0.0000000000000000E+000 
                                     561                  3.4789303996104946E+000                 -3.8625496078888394E-001                  7.3604036499641960E+000                 -3.8676053566948615E-002                  1.5469197481639814E+001                  4.3659725224372797E-001                  5.4380420506264804E-001                  1.9598542693624044E-002                  4.1090841872266759E-001                  2.2840731800570623E-010                  3.6518978708480970E-001                  2.6473480726769669E+001                  9.5312809731661165E-038                  3.3478550899636830E+004                  4.5247666515341409E+000                 -1.6219734252226303E+001                  7.1829864819848355E-001                  0.0000000000000000E+000                  0.0000000000000000E+000 
                                     562                  3.4783184005055050E+000                 -3.8823637283330825E-001                  7.3626237781120301E+000                 -3.0683915038262784E-002                  1.5479133098364636E+001                  4.3650074133933986E-001                  5.4390097944037752E-001                  1.9598279220282677E-002                  4.0903797262539965E-001                  2.2216673115204921E-010                  3.8297393186476597E-001                  2.9361571321075246E+001                  1.2289615308524351E-037                  3.3481668770564422E+004                  4.5248070956708766E+000                 -1.6174120784588723E+001                  7.1825039222557496E-001                  0.0000000000000000E+000                  0.0000000000000000E+000 
                                     563                  3.4777064014005159E+000                 -3.9020839980542760E-001                  7.3648375830323927E+000                 -2.2732044200300089E-002                  1.5489020790934667E+001                  4.3639264694000257E-001                  5.4400942254712159E-001                  1.9597930512875839E-002                  4.0718483989751553E-001                  2.1605287864581249E-010                  4.0155243094531429E-001                  3.2549916815914997E+001                  1.5830284079305271E-037                  3.3484778794992366E+004                  4.5248474342731981E+000                 -1.6332962602784306E+001                  7.1819634451619152E-001                  0.0000000000000000E+000                  0.0000000000000000E+000 
                                     564                  3.4770944022955259E+000                 -3.9217114157306343E-001                  7.3681445174606015E+000                 -1.0959888380001677E-002                  1.5503698781909822E+001                  4.3621505795565396E-001                  5.4418764817121990E-001                  1.9597293873126143E-002                  4.0534876897817035E-001                  2.1006194918287906E-010                  4.3082973506462707E-001                  3.7950557894393839E+001                  2.3086719435138700E-037                  3.3487882120269591E+004                  4.5248876822497905E+000                 -1.5886782420316139E+001                  7.1810754927389175E-001                  0.0000000000000000E+000                  0.0000000000000000E+000 
                                     565                  3.4758704040855455E+000                 -3.9606969190316149E-001                  7.3714405705355119E+000                  8.6253820951973645E-004                  1.5518402161009496E+001                  4.3608040674645587E-001                  5.4432240899684103E-001                  1.9597184256703093E-002                  4.0172634003284496E-001                  1.9843190550754568E-010                  4.6228711711215220E-001                  4.4215408427764956E+001                  3.3618403465691031E-037                  3.3494076081506028E+004                  4.5249680024812671E+000                 -1.6071432000777964E+001                  7.1804022294471337E-001                  0.0000000000000000E+000                  0.0000000000000000E+000 
                                     566                  3.4752584049805559E+000                 -3.9800527495933963E-001                  7.3736287322660292E+000                  8.6299908283539450E-003                  1.5528102824653242E+001                  4.3601141085694989E-001                  5.4439153930730222E-001                  1.9597049835747837E-002                  3.9993989204457364E-001                  1.9278901139922589E-010                  4.8435794286347045E-001                  4.8920708607132312E+001                  4.3115449200721934E-037                  3.3497164584315069E+004                  4.5250080471114291E+000                 -1.6171714265444241E+001                  7.1800572453078859E-001                  0.0000000000000000E+000                  0.0000000000000000E+000 
                                     567                  3.4746464058755664E+000                 -3.9993208087857374E-001                  7.3758104740676682E+000                  1.6346196199953776E-002                  1.5537757872101615E+001                  4.3597028154398632E-001                  5.4443283520118679E-001                  1.9596883254826891E-002                  3.9816943522599502E-001                  1.8725354497752927E-010                  5.0741458726340438E-001                  5.4103397638911169E+001                  5.5232833884731610E-037                  3.3500249419896470E+004                  4.5250480405079330E+000                 -1.6241842755444232E+001                  7.1798515941681296E-001                  0.0000000000000000E+000                  0.0000000000000000E+000 
                                     568                  3.4740344067705755E+000                 -4.0185026050277273E-001                  7.3779857806520504E+000                  2.4032700310429912E-002                  1.5547367758357161E+001                  4.3590771023237562E-001                  5.4449557789047387E-001                  1.9596711877150508E-002                  3.9641468969743854E-001                  1.8182566117236803E-010                  5.3141831368673265E-001                  5.9806273425405529E+001                  7.0704659789219022E-037                  3.3503330927633557E+004                  4.5250879870839276E+000                 -1.6540285737679238E+001                  7.1795387331033023E-001                  0.0000000000000000E+000                  0.0000000000000000E+000 
                                     569                  3.4734224076655860E+000                 -4.0375986962545218E-001                  7.3806951299521124E+000                  3.3561251344515111E-002                  1.5559291663344379E+001                  4.3581623566047256E-001                  5.4458722073622523E-001                  1.9596543603302208E-002                  3.9467546595972153E-001                  1.7650422205133923E-010                  5.6274819816728650E-001                  6.7736253022962899E+001                  9.6150517930766307E-037                  3.3506409103731137E+004                  4.5251278868027986E+000                 -1.5774710559298068E+001                  7.1790813547024124E-001                  0.0000000000000000E+000                  0.0000000000000000E+000 
                                     570                  3.4725044090081028E+000                 -4.0660853039959693E-001                  7.3831263684843424E+000                  4.2159922002871067E-002                  1.5570022072946710E+001                  4.3573227470433157E-001                  5.4467135225044538E-001                  1.9596373045223103E-002                  3.9209514932229128E-001                  1.6871487217449054E-010                  5.9243031146574188E-001                  7.5739148694973863E+001                  1.2672609690859773E-036                  3.3511020872669629E+004                  4.5251876582922650E+000                 -1.6418590927886545E+001                  7.1786615450370594E-001                  0.0000000000000000E+000                  0.0000000000000000E+000 
                                     571                  3.4720454096793598E+000                 -4.0802568117654442E-001                  7.3847420175537444E+000                  4.7838596964990071E-002                  1.5577121568531567E+001                  4.3567345865073542E-001                  5.4473028612415331E-001                  1.9596255225111214E-002                  3.9081778484417962E-001                  1.6490581906453645E-010                  6.1293458454756433E-001                  8.1559776686725911E+001                  1.5223455471829378E-036                  3.3513322601492284E+004                  4.5252174870999822E+000                 -1.6346852879144336E+001                  7.1783674615740212E-001                  0.0000000000000000E+000                  0.0000000000000000E+000 
                                     572                  3.4715864103506173E+000                 -4.0943815965577868E-001                  7.3871577435758038E+000                  5.6278032137335968E-002                  1.5587691463485532E+001                  4.3558097116326533E-001                  5.4482295651270807E-001                  1.9596072324026603E-002                  3.8954877263855153E-001                  1.6115133309077332E-010                  6.4479810367758317E-001                  9.1084934500647165E+001                  2.0024953738878072E-036                  3.3515621767272736E+004                  4.5252472806472683E+000                 -1.6190254367489462E+001                  7.1779050194359295E-001                  0.0000000000000000E+000                  0.0000000000000000E+000 
                                     573                  3.4706684116931341E+000                 -4.1224943202957770E-001                  7.3903669957289102E+000                  6.7518535975241822E-002                  1.5601746084848367E+001                  4.3545155334849728E-001                  5.4495262708026038E-001                  1.9595819571242346E-002                  3.8703529181625096E-001                  1.5380327905057314E-010                  6.8956696765337799E-001                  1.0546185291482013E+002                  2.8839553818290285E-036                  3.3520212641375780E+004                  4.5253067649905541E+000                 -1.5949133151700289E+001                  7.1772579242216084E-001                  0.0000000000000000E+000                  0.0000000000000000E+000 
                                     574                  3.4697504130356487E+000                 -4.1504241892741395E-001                  7.3930307325211473E+000                  7.6855413205326295E-002                  1.5613409926954546E+001                  4.3533871209430197E-001                  5.4506568639708719E-001                  1.9595601508610838E-002                  3.8455421957363561E-001                  1.4666729102893278E-010                  7.2892185589903136E-001                  1.1908020355053044E+002                  3.9059389845667725E-036                  3.3524788502644253E+004                  4.5253660467048658E+000                 -1.6261014624868420E+001                  7.1766937129496378E-001                  0.0000000000000000E+000                  0.0000000000000000E+000 
                                     575                  3.4691384139306591E+000                 -4.1689429461672439E-001                  7.3951538605460998E+000                  8.4261221943024475E-002                  1.5622674029622139E+001                  4.3524272092277333E-001                  5.4516186039267422E-001                  1.9595418684552390E-002                  3.8291793253060979E-001                  1.4202487205471455E-010                  7.6174198486221956E-001                  1.3115475866254701E+002                  4.9757520773092039E-036                  3.3527827823370273E+004                  4.5254054175838343E+000                 -1.6144772091363610E+001                  7.1762137531815462E-001                  0.0000000000000000E+000                  0.0000000000000000E+000 
                                     576                  3.4685264148256696E+000                 -4.1873824737235099E-001                  7.3972704289571478E+000                  9.1631571872895945E-002                  1.5631896753552306E+001                  4.3514278959197783E-001                  5.4526198024133421E-001                  1.9595230166687960E-002                  3.8129556392539776E-001                  1.3747163852332778E-010                  7.9576719937152884E-001                  1.4438853806590768E+002                  6.3366583093502178E-036                  3.3530857027040678E+004                  4.5254446538570319E+000                 -1.6100959004851145E+001                  7.1757140926751073E-001                  0.0000000000000000E+000                  0.0000000000000000E+000 
                                     577                  3.4679144157206800E+000                 -4.2057436104379664E-001                  7.3993804352263481E+000                  9.8966172897243035E-002                  1.5641078491000711E+001                  4.3503829824547940E-001                  5.4536666699952474E-001                  1.9595034754995799E-002                  3.7968692241154745E-001                  1.3300626041264091E-010                  8.3110389759422831E-001                  1.5888710698187435E+002                  8.0680475554112649E-036                  3.3533874391445701E+004                  4.5254837332564168E+000                 -1.6449845913743303E+001                  7.1751916321741327E-001                  0.0000000000000000E+000                  0.0000000000000000E+000 
                                     578                  3.4673024166156905E+000                 -4.2240272098829101E-001                  7.4022700466593934E+000                  1.0894314656151882E-001                  1.5653598553832792E+001                  4.3488891505869404E-001                  5.4551632747472967E-001                  1.9594757466576240E-002                  3.7809181781453377E-001                  1.2862681813178092E-010                  8.8167916229983101E-001                  1.8107025739717230E+002                  1.1240707750570021E-035                  3.3536878026916602E+004                  4.5255226313532617E+000                 -1.5956338023579352E+001                  7.1744447111616350E-001                  0.0000000000000000E+000                  0.0000000000000000E+000 
                                     579                  3.4662314181819585E+000                 -4.2558421937471963E-001                  7.4059309833415830E+000                  1.2160642890386206E-001                  1.5669474030494207E+001                  4.3468319422421037E-001                  5.4572242406440352E-001                  1.9594381711386166E-002                  3.7533216214685661E-001                  1.2116371836403605E-010                  9.4981659597174495E-001                  2.1361809289856365E+002                  1.7151822043093478E-035                  3.3542100610698195E+004                  4.5255902572881901E+000                 -1.5867614552297175E+001                  7.1734161006983244E-001                  0.0000000000000000E+000                  0.0000000000000000E+000 
                                     580                  3.4651604197482269E+000                 -4.2874270222267263E-001                  7.4089239250335446E+000                  1.3196870763236335E-001                  1.5682457030890758E+001                  4.3450291762991017E-001                  5.4590302606471275E-001                  1.9594056305377139E-002                  3.7261239509792071E-001                  1.1395095297546123E-010                  1.0090381794442342E+000                  2.4446907345621557E+002                  2.4285929016368832E-035                  3.3547276132059444E+004                  4.5256572634367567E+000                 -1.6383170809699617E+001                  7.1725147127027411E-001                  0.0000000000000000E+000                  0.0000000000000000E+000 
                                     581                  3.4644719207551127E+000                 -4.3076107367827648E-001                  7.4112561748958523E+000                  1.3999664430243783E-001                  1.5692535225843875E+001                  4.3435318783811755E-001                  5.4605302355911578E-001                  1.9593788602766615E-002                  3.7088470721548150E-001                  1.0944202584790870E-010                  1.0573658495046345E+000                  2.7149308254133217E+002                  3.1892624857743812E-035                  3.3550576346911192E+004                  4.5256999850753017E+000                 -1.6131736431239148E+001                  7.1717660599071165E-001                  0.0000000000000000E+000                  0.0000000000000000E+000 
                                     582                  3.4637834217619989E+000                 -4.3277023351475263E-001                  7.4135801314798888E+000                  1.4798154881876691E-001                  1.5702564726796808E+001                  4.3419781556642784E-001                  5.4620867227875725E-001                  1.9593512154814974E-002                  3.6917286035638347E-001                  1.0502922869186029E-010                  1.1075284700870727E+000                  3.0133954445373911E+002                  4.1907045783924065E-035                  3.3553855643121969E+004                  4.5257424317575179E+000                 -1.6076031982075008E+001                  7.1709891947901105E-001                  0.0000000000000000E+000                  0.0000000000000000E+000 
                                     583                  3.4630949227688852E+000                 -4.3477029546414336E-001                  7.4158958020014767E+000                  1.5592517543339257E-001                  1.5712546045453749E+001                  4.3403424374423705E-001                  5.4637253286491250E-001                  1.9593223390850456E-002                  3.6747661271965942E-001                  1.0071048555491500E-010                  1.1595559258020700E+000                  3.3428533012952272E+002                  5.5108999022221902E-035                  3.3557113262405408E+004                  4.5257845937499050E+000                 -1.6086669338077563E+001                  7.1701713319966265E-001                  0.0000000000000000E+000                  0.0000000000000000E+000 
                                     584                  3.4624064237757715E+000                 -4.3676136556162104E-001                  7.4190972048517834E+000                  1.6683171936467428E-001                  1.5726282228175117E+001                  4.3379280110213742E-001                  5.4661439805727374E-001                  1.9592800840588787E-002                  3.6579573241460689E-001                  9.6483206958307172E-011                  1.2348149721013337E+000                  3.8568959562203514E+002                  8.0711277641531131E-035                  3.3560348328025444E+004                  4.5258264597893882E+000                 -1.5639790740027928E+001                  7.1689641138018645E-001                  0.0000000000000000E+000                  0.0000000000000000E+000 
                                     585                  3.4611824255657924E+000                 -4.4027951304433555E-001                  7.4221576459696550E+000                  1.7738211543332805E-001                  1.5739482697902881E+001                  4.3347755960228807E-001                  5.4692906112114781E-001                  1.9593379276564127E-002                  3.6284445198297743E-001                  8.9188358664104307E-011                  1.3106630927632350E+000                  4.4224111506786005E+002                  1.1680966873609164E-034                  3.3566043702701027E+004                  4.5259001556852967E+000                 -1.6248338916686681E+001                  7.1673879016048592E-001                  0.0000000000000000E+000                  0.0000000000000000E+000 
                                     586                  3.4605704264608028E+000                 -4.4202791596427327E-001                  7.4241889272657842E+000                  1.8435787154531658E-001                  1.5748201657198253E+001                  4.3320080883297324E-001                  5.4720664087172954E-001                  1.9592550295297162E-002                  3.6138663236388424E-001                  8.5646874881124642E-011                  1.3627899566567259E+000                  4.8412139621285655E+002                  1.4966968695618083E-034                  3.3568859522328385E+004                  4.5259365866584025E+000                 -1.6183525726169897E+001                  7.1660041446707379E-001                  0.0000000000000000E+000                  0.0000000000000000E+000 
                                     587                  3.4599584273558137E+000                 -4.4376932383999468E-001                  7.4262135280142356E+000                  1.9132193583634710E-001                  1.5756884315736869E+001                  4.3287411730412600E-001                  5.4753584183028037E-001                  1.9590040865593572E-002                  3.5994046730574819E-001                  8.2173418862455531E-011                  1.4162630073772327E+000                  5.2967902695073860E+002                  1.9205197078940608E-034                  3.3571653807614872E+004                  4.5259727360001722E+000                 -1.6311400717636033E+001                  7.1643706839749499E-001                  0.0000000000000000E+000                  0.0000000000000000E+000 
                                     588                  3.4593464282508237E+000                 -4.4550372748788697E-001                  7.4282314015426474E+000                  1.9827507164008934E-001                  1.5765530986182709E+001                  4.3249739417129096E-001                  5.4791367721533024E-001                  1.9588928613378798E-002                  3.5850587125834960E-001                  7.8766499803336361E-011                  1.4710847595289338E+000                  5.7935901783814722E+002                  2.4680682220752391E-034                  3.3574425382727888E+004                  4.5260085885709538E+000                 -1.6182205101262920E+001                  7.1624870652988615E-001                  0.0000000000000000E+000                  0.0000000000000000E+000 
                                     589                  3.4587344291458342E+000                 -4.4723111489834227E-001                  7.4302424904683004E+000                  2.0522785748285977E-001                  1.5774141971507381E+001                  4.3204681947877027E-001                  5.4836442266383045E-001                  1.9588757857399219E-002                  3.5708276180414261E-001                  7.5425111199367013E-011                  1.5270209683177944E+000                  6.3349861347253147E+002                  3.1772497367248972E-034                  3.3577172919268975E+004                  4.5260441272621978E+000                 -1.6179246033850912E+001                  7.1602341888423859E-001                  0.0000000000000000E+000                  0.0000000000000000E+000 
                                     590                  3.4581224300408442E+000                 -4.4895143214083316E-001                  7.4322467816611191E+000                  2.1214039932586051E-001                  1.5782717562042864E+001                  4.3161774952293425E-001                  5.4879397689112064E-001                  1.9588273585945171E-002                  3.5567109162239346E-001                  7.2146590043907885E-011                  1.5848238776810257E+000                  6.9238421346343637E+002                  4.0946573647526282E-034                  3.3579894904231209E+004                  4.5260793325827358E+000                 -1.6169678682174595E+001                  7.1580888361685757E-001                  0.0000000000000000E+000                  0.0000000000000000E+000 
                                     591                  3.4575104309358533E+000                 -4.5066478385923137E-001                  7.4352396532486482E+000                  2.2237811880306729E-001                  1.5795466124693878E+001                  4.3100281343445429E-001                  5.4941005743070914E-001                  1.9587129134836623E-002                  3.5427068425516439E-001                  6.8927829978183346E-011                  1.6743256431413116E+000                  7.9033694961517608E+002                  6.0014646033273219E-034                  3.3582589406124338E+004                  4.5261141796351136E+000                 -1.5942211535983327E+001                  7.1550141515166776E-001                  0.0000000000000000E+000                  0.0000000000000000E+000 
                                     592                  3.4562864327258729E+000                 -4.5407130528767148E-001                  7.4382192800904576E+000                  2.3266502899067201E-001                  1.5808235640944055E+001                  4.3040147229225229E-001                  5.5001278497312445E-001                  1.9585742734623324E-002                  3.5150272379096970E-001                  6.2664484458891496E-011                  1.7680533008969139E+000                  9.0159800533853661E+002                  8.8282119699942740E-034                  3.3587895167849929E+004                  4.5261827890268460E+000                 -1.6090200858875463E+001                  7.1520074417479584E-001                  0.0000000000000000E+000                  0.0000000000000000E+000 
                                     593                  3.4556744336208833E+000                 -4.5576428210762115E-001                  7.4401967620438905E+000                  2.3944804508651737E-001                  1.5816672558103491E+001                  4.2999113981942849E-001                  5.5042395652313691E-001                  1.9584903657434594E-002                  3.5013515499830533E-001                  5.9619724669202356E-011                  1.8323470629077352E+000                  9.8375119625909895E+002                  1.1435204143938603E-033                  3.3590499559579381E+004                  4.5262164627388177E+000                 -1.6077406948242977E+001                  7.1499557767553590E-001                  0.0000000000000000E+000                  0.0000000000000000E+000 
                                     594                  3.4550624345158933E+000                 -4.5745059027197099E-001                  7.4431244621272494E+000                  2.6716054029380115E-001                  1.5829216802531061E+001                  3.8861531332058225E-001                  5.9189217160249696E-001                  1.9492515076920736E-002                  3.4877826241698651E-001                  5.7013331335683576E-011                  1.6672124661008163E+000                  1.1116231101041658E+003                  2.2644019408081804E-033                  3.3593070151370455E+004                  4.5262496968713730E+000                 -1.5857459434926357E+001                  6.9430766237597685E-001                  0.0000000000000000E+000                  0.0000000000000000E+000 
                                     595                  3.4538384363059147E+000                 -4.6066872798580827E-001                  7.4459865446292861E+000                  2.7745513434023183E-001                  1.5841766013987689E+001                  3.8794560131588102E-001                  5.9256244714222572E-001                  1.9491951541893204E-002                  3.4620335482282544E-001                  5.2094499851148058E-011                  1.7542572879979195E+000                  1.2611444466666751E+003                  3.3288626640092040E-033                  3.3597878392279861E+004                  4.5263118538298155E+000                 -1.6194395163511309E+001                  6.9397280608942569E-001                  0.0000000000000000E+000                  0.0000000000000000E+000 
                                     596                  3.4532264372009247E+000                 -4.6226648456587366E-001                  7.4478858322002992E+000                  2.8424302898733705E-001                  1.5850053624861618E+001                  3.8748248159240756E-001                  5.9302595372830791E-001                  1.9491564679284590E-002                  3.4493202292933933E-001                  4.9331290450548588E-011                  1.8136596613128659E+000                  1.3709784749707908E+003                  4.3086882202356818E-033                  3.3600217473422163E+004                  4.5263420883184615E+000                 -1.6149515305987066E+001                  6.9374124604385901E-001                  0.0000000000000000E+000                  0.0000000000000000E+000 
                                     597                  3.4526144380959343E+000                 -4.6385687944099679E-001                  7.4507216498938602E+000                  2.9431619800170639E-001                  1.5862370345327097E+001                  3.8676280937998603E-001                  5.9374622305823110E-001                  1.9490967561782924E-002                  3.4367118513968792E-001                  4.6620419976532673E-011                  1.9047922252590841E+000                  1.5524823183438182E+003                  6.3544136281648558E-033                  3.3602511058660042E+004                  4.5263717326925734E+000                 -1.5776389610990867E+001                  6.9338140967036788E-001                  0.0000000000000000E+000                  0.0000000000000000E+000 
                                     598                  3.4513904398859547E+000                 -4.6701609879737577E-001                  7.4544801103115521E+000                  3.0772290274626068E-001                  1.5878722359034406E+001                  3.8576106316167524E-001                  5.9474879411041259E-001                  1.9490142727912163E-002                  3.4118026422718928E-001                  4.1350378914574606E-011                  2.0307108930938020E+000                  1.8301321347950468E+003                  1.0703225988863482E-032                  3.3606954157345310E+004                  4.5264291535703673E+000                 -1.5808136809537295E+001                  6.9288053621991830E-001                  0.0000000000000000E+000                  0.0000000000000000E+000 
                                     599                  3.4501664416759761E+000                 -4.7014655583341125E-001                  7.4572819131337988E+000                  3.1775484059030601E-001                  1.5890932774002632E+001                  3.8498708710535962E-001                  5.9552332947973430E-001                  1.9489583414906031E-002                  3.3872983000401946E-001                  3.6277267039279410E-011                  2.1285431282123199E+000                  2.0686085630594362E+003                  1.5856982445240115E-032                  3.3611180142712998E+004                  4.5264837615164906E+000                 -1.6076387939503352E+001                  6.9249354794749518E-001                  0.0000000000000000E+000                  0.0000000000000000E+000 
                                     600                  3.4495544425709852E+000                 -4.7170101588370372E-001                  7.4591410880498303E+000                  3.2437414056511366E-001                  1.5898998619410904E+001                  3.8445193647364473E-001                  5.9605887307667194E-001                  1.9489190449683336E-002                  3.3751958945512789E-001                  3.3812359527690058E-011                  2.1949705683188654E+000                  2.2432482774054843E+003                  2.0617059171737756E-032                  3.3613201289449375E+004                  4.5265098762342850E+000                 -1.6181507127880106E+001                  6.9222597247409867E-001                  0.0000000000000000E+000                  0.0000000000000000E+000 
                                     601                  3.4489424434659957E+000                 -4.7324845343069116E-001                  7.4609935715871689E+000                  3.3096771745338754E-001                  1.5907028604292837E+001                  3.8390282278676685E-001                  5.9660839466595750E-001                  1.9488782547275596E-002                  3.3631911115502211E-001                  3.1393392620562361E-011                  2.2625012960611772E+000                  2.4316416238282227E+003                  2.6816916814800368E-032                  3.3615157198134861E+004                  4.5265351465329671E+000                 -1.6115704719948294E+001                  6.9195141547737704E-001                  0.0000000000000000E+000                  0.0000000000000000E+000 
                                     602                  3.4483304443610057E+000                 -4.7478891697030445E-001                  7.4628393615672719E+000                  3.3753685697384245E-001                  1.5915023031638276E+001                  3.8333778618350706E-001                  5.9717385513506627E-001                  1.9488358681426732E-002                  3.3512828420469881E-001                  2.9019447603799475E-011                  2.3310945117766915E+000                  2.6347810231839508E+003                  3.4891991384178104E-032                  3.3617043607004263E+004                  4.5265595175026219E+000                 -1.6126897523471882E+001                  6.9166889702663104E-001                  0.0000000000000000E+000                  0.0000000000000000E+000 
                                     603                  3.4477184452560161E+000                 -4.7632245057877542E-001                  7.4646784563045134E+000                  3.4408119463564985E-001                  1.5922982199543910E+001                  3.8275857500779531E-001                  5.9775350779961689E-001                  1.9487917192587800E-002                  3.3394700236117464E-001                  2.6689552452487638E-011                  2.4007481856654489E+000                  2.8537356283214094E+003                  4.5407261488364308E-032                  3.3618855926198121E+004                  4.5265829300019265E+000                 -1.6078311153037546E+001                  6.9137929129385023E-001                  0.0000000000000000E+000                  0.0000000000000000E+000 
                                     604                  3.4471064461510270E+000                 -4.7784909977369500E-001                  7.4665108527154755E+000                  3.5060345904143353E-001                  1.5930906401473637E+001                  3.8215995577709350E-001                  5.9835257859159852E-001                  1.9487465631307987E-002                  3.3277515946898611E-001                  2.4402776589983067E-011                  2.4713994644946231E+000                  3.0896217600708155E+003                  5.9098631450707447E-032                  3.3620589223529249E+004                  4.5266053204742125E+000                 -1.6074516278055107E+001                  6.9107998153762373E-001                  0.0000000000000000E+000                  0.0000000000000000E+000 
                                     605                  3.4464944470460375E+000                 -4.7936890061889392E-001                  7.4687917741651670E+000                  3.5870028210461274E-001                  1.5940746114150558E+001                  3.8139436961005652E-001                  5.9911874114304486E-001                  1.9486889246898675E-002                  3.3161265778198279E-001                  2.2158164773675870E-011                  2.5610294994273866E+000                  3.4099863816434308E+003                  8.2142255563421484E-032                  3.3622238191030468E+004                  4.5266266205151027E+000                 -1.5802452268809231E+001                  6.9069718828385573E-001                  0.0000000000000000E+000                  0.0000000000000000E+000 
                                     606                  3.4455764483885534E+000                 -4.8163593931766990E-001                  7.4715152435252934E+000                  3.6839711814277154E-001                  1.5952503575622991E+001                  3.8043920241557333E-001                  6.0007462432533454E-001                  1.9486173259092077E-002                  3.2988613348086931E-001                  1.8868010049487479E-011                  2.6707259336235847E+000                  3.8356260677194086E+003                  1.2192772124473421E-031                  3.3624542246502737E+004                  4.5266563807079772E+000                 -1.6010771270311889E+001                  6.9021960449056963E-001                  0.0000000000000000E+000                  0.0000000000000000E+000 
                                     607                  3.4446584497310688E+000                 -4.8388779471045623E-001                  7.4742236286680424E+000                  3.7804788834362640E-001                  1.5964184739613994E+001                  3.7943966126949857E-001                  6.0107491062400720E-001                  1.9485428106494229E-002                  3.2818007149502931E-001                  1.5667886944991931E-011                  2.7824731606164796E+000                  4.3104626193910153E+003                  1.8088351045245003E-031                  3.3626622711600037E+004                  4.5266832511573556E+000                 -1.5937268269880780E+001                  6.8971983373028645E-001                  0.0000000000000000E+000                  0.0000000000000000E+000 
                                     608                  3.4437404510735838E+000                 -4.8612457195160713E-001                  7.4769169142455336E+000                  3.8765424193120135E-001                  1.5975790515343601E+001                  3.7839493544432440E-001                  6.0212040567181402E-001                  1.9484658883861528E-002                  3.2649416796274006E-001                  1.2554939345156560E-011                  2.8961616251627045E+000                  4.8396762996035777E+003                  2.6812101582137355E-031                  3.3628456293685049E+004                  4.5267069315869568E+000                 -1.5901391303767983E+001                  6.8919747063906345E-001                  0.0000000000000000E+000                  0.0000000000000000E+000 
                                     609                  3.4428224524161002E+000                 -4.8834636856306257E-001                  7.4800398478030745E+000                  3.9877495780025363E-001                  1.5989214246499193E+001                  3.7712832492899628E-001                  6.0338794028178777E-001                  1.9483734789215945E-002                  3.2482812962022883E-001                  9.5263927995964734E-012                  3.0310720561593412E+000                  5.5330956374863608E+003                  4.2368478459513077E-031                  3.3630017194636072E+004                  4.5267270893644023E+000                 -1.6011004048913890E+001                  6.8856416518385999E-001                  0.0000000000000000E+000                  0.0000000000000000E+000 
                                     610                  3.4415984542061198E+000                 -4.9128578379603799E-001                  7.4827005902419996E+000                  4.0833454507304845E-001                  1.6000697914409546E+001                  3.7599248653919604E-001                  6.0452460066573677E-001                  1.9482912795067198E-002                  3.2263703374161012E-001                  5.6145305125267281E-012                  3.1491584492584184E+000                  6.2010287941946344E+003                  6.2645113443084237E-031                  3.3631627354037992E+004                  4.5267478822946989E+000                 -1.6101249927146213E+001                  6.8799624582854513E-001                  0.0000000000000000E+000                  0.0000000000000000E+000 
                                     611                  3.4409864551011298E+000                 -4.9274552447910736E-001                  7.4844658802216975E+000                  4.1465658044584752E-001                  1.6008287561147423E+001                  3.7520103421337381E-001                  6.0531662028910249E-001                  1.9482345497523701E-002                  3.2155441397805917E-001                  3.7117260867957011E-012                  3.2284958885718575E+000                  6.6865640191440607E+003                  8.1225129240686551E-031                  3.3632205619282104E+004                  4.5267553495291244E+000                 -1.6100775342266324E+001                  6.8760051956303769E-001                  0.0000000000000000E+000                  0.0000000000000000E+000 
                                     612                  3.4403744559961402E+000                 -4.9419871679447547E-001                  7.4862244264580049E+000                  4.2096432056510963E-001                  1.6015845154307474E+001                  3.7438199655875648E-001                  6.0613624076546690E-001                  1.9481762675776615E-002                  3.2048025920333006E-001                  1.8430474309833145E-012                  3.3084723219823911E+000                  7.2071517497569948E+003                  1.0524008909264775E-030                  3.3632620590875529E+004                  4.5267607080465941E+000                 -1.6034875403309378E+001                  6.8719100063654492E-001                  0.0000000000000000E+000                  0.0000000000000000E+000 
                                     613                  3.4397624568911498E+000                 -4.9564537235496381E-001                  7.4879762211834189E+000                  4.2725483995097840E-001                  1.6023370929327530E+001                  3.7354270074291657E-001                  6.0697613098966308E-001                  1.9481168267420301E-002                  3.1941450026035617E-001                  7.7874073222689649E-015                  3.3891535227425478E+000                  7.7651552186005356E+003                  1.3624300776205540E-030                  3.3632861110054211E+004                  4.5267638138342718E+000                 -1.6020160134414340E+001                  6.8677135263290179E-001                  0.0000000000000000E+000                  0.0000000000000000E+000 
                                     614                  3.4391504577861598E+000                 -4.9708551274735457E-001                  7.4905911478816281E+000                  4.3661604094682976E-001                  1.6034564267692300E+001                  3.7223957253638817E-001                  6.0828017573530935E-001                  1.9480251728302478E-002                  3.1835706137538700E-001                 -1.7947488051504073E-012                  3.5110054535559172E+000                  8.6766595093823744E+003                  2.0031741909745466E-030                  3.3632915279796747E+004                  4.5267645133168779E+000                 -1.5854243439865460E+001                  6.8611978839231924E-001                  0.0000000000000000E+000                  0.0000000000000000E+000 
                                     615                  3.4379264595761811E+000                 -4.9994652739769768E-001                  7.4940541412889159E+000                  4.4910960401868150E-001                  1.6049428748569110E+001                  3.7041632663158913E-001                  6.1010469061964756E-001                  1.9478982748763363E-002                  3.1626670402620899E-001                 -5.3051745015263173E-012                  3.6760173424467228E+000                  1.0047764065249161E+004                  3.3393956548453873E-030                  3.3632419142436032E+004                  4.5267581067563549E+000                 -1.5886689065535375E+001                  6.8520816526808226E-001                  0.0000000000000000E+000                  0.0000000000000000E+000 
                                     616                  3.4367024613662021E+000                 -5.0278164345728815E-001                  7.4974899836275704E+000                  4.6155587316393593E-001                  1.6064169956363799E+001                  3.6847736521948282E-001                  6.1204498300488819E-001                  1.9477651775628990E-002                  3.1420880900477721E-001                 -8.6925964788421828E-012                  3.8429163571847886E+000                  1.1616363643342864E+004                  5.5458270790715474E-030                  3.3631015046959430E+004                  4.5267399753324993E+000                 -1.5935847408758901E+001                  6.8423868440232405E-001                  0.0000000000000000E+000                  0.0000000000000000E+000 
                                     617                  3.4354784631562225E+000                 -5.0559089906502108E-001                  7.5000489430048995E+000                  4.7090480532634843E-001                  1.6075180530771945E+001                  3.6694791342303662E-001                  6.1357547251855427E-001                  1.9476614058409059E-002                  3.1218289302020902E-001                 -1.1962016539890025E-011                  3.9696059540118669E+000                  1.2938812364980366E+004                  8.0933021772107776E-030                  3.3628577018272161E+004                  4.5267084906810595E+000                 -1.6100352298541122E+001                  6.8347395839196801E-001                  0.0000000000000000E+000                  0.0000000000000000E+000 
                                     618                  3.4348664640512330E+000                 -5.0698573652615986E-001                  7.5017464043013842E+000                  4.7709709056201566E-001                  1.6082459709210720E+001                  3.6588545035837128E-001                  6.1463864891544551E-001                  1.9475900726183215E-002                  3.1118185364552525E-001                 -1.3553616182756959E-011                  4.0541460494153094E+000                  1.3894805257437612E+004                  1.0398207256507218E-029                  3.3626922747167155E+004                  4.5266871261587491E+000                 -1.6224673182934950E+001                  6.8294272678830070E-001                  0.0000000000000000E+000                  0.0000000000000000E+000 
                                     619                  3.4342544649462439E+000                 -5.0837410949222261E-001                  7.5034370076548331E+000                  4.8327878279186182E-001                  1.6089708979430419E+001                  3.6479468597037806E-001                  6.1573014123403413E-001                  1.9475172795587747E-002                  3.1018864132260177E-001                 -1.5117504102538484E-011                  4.1390290615543854E+000                  1.4915275156415191E+004                  1.3345124681168674E-029                  3.3624955216197704E+004                  4.5266617145905039E+000                 -1.6277272749611072E+001                  6.8239734452569623E-001                  0.0000000000000000E+000                  0.0000000000000000E+000 
                                     620                  3.4336424658412543E+000                 -5.0975601992950670E-001                  7.5051207311072581E+000                  4.8945760457526816E-001                  1.6096928529972747E+001                  3.6365927979520685E-001                  6.1686629649765723E-001                  1.9474423707135924E-002                  3.0920320014850394E-001                 -1.6654292279715310E-011                  4.2239219894527329E+000                  1.6003689391405796E+004                  1.7110333905780345E-029                  3.3622653850465606E+004                  4.5266319895057743E+000                 -1.6011146057830320E+001                  6.8182964137198365E-001                  0.0000000000000000E+000                  0.0000000000000000E+000 
                                     621                  3.4330304667362634E+000                 -5.1113144550194467E-001                  7.5074246958860194E+000                  4.9790301268459175E-001                  1.6106784403385497E+001                  3.6206329907010515E-001                  6.1846332514534486E-001                  1.9473375784549996E-002                  3.0822549200585708E-001                 -1.8164478450029217E-011                  4.3410056292371202E+000                  1.7618372051875060E+004                  2.4031944689571903E-029                  3.3619996924793159E+004                  4.5265976693787220E+000                 -1.5853561581190121E+001                  6.8103165092282603E-001                  0.0000000000000000E+000                  0.0000000000000000E+000 
                                     622                  3.4319594683025327E+000                 -5.1352298122324869E-001                  7.5103379313643366E+000                  5.0868114464410097E-001                  1.6119277808086672E+001                  3.5991621922842243E-001                  6.2061179159010627E-001                  1.9471989181471305E-002                  3.0653284695320432E-001                 -2.0745393414779749E-011                  4.4902382692978309E+000                  1.9889081893208746E+004                  3.6930338583814660E-029                  3.3614426924556494E+004                  4.5265257115858528E+000                 -1.6000770233825794E+001                  6.7995811089815239E-001                  0.0000000000000000E+000                  0.0000000000000000E+000 
                                     623                  3.4308884698688016E+000                 -5.1589459269767246E-001                  7.5132298154752943E+000                  5.1945191995046169E-001                  1.6131682412303622E+001                  3.5763868619279587E-001                  6.2289077095226209E-001                  1.9470542854941986E-002                  3.0486348318153239E-001                 -2.3249602284730892E-011                  4.6390168417916495E+000                  2.2422346157354841E+004                  5.6566629023968298E-029                  3.3607563462547383E+004                  4.5264370274016885E+000                 -1.5859547662343376E+001                  6.7881934428334945E-001                  0.0000000000000000E+000                  0.0000000000000000E+000 
                                     624                  3.4298174714350700E+000                 -5.1824616111715915E-001                  7.5161002039273326E+000                  5.3020866433948255E-001                  1.6143999078379657E+001                  3.5524934834526589E-001                  6.2528160356742457E-001                  1.9469048087309537E-002                  3.0321720409372166E-001                 -2.5679715655425317E-011                  4.7874381640971606E+000                  2.5244910414114842E+004                  8.6344959158782855E-029                  3.3599259686842634E+004                  4.5263297084177854E+000                 -1.5815980625508715E+001                  6.7762467526925019E-001                  0.0000000000000000E+000                  0.0000000000000000E+000 
                                     625                  3.4287464730013379E+000                 -5.2057760774940720E-001                  7.5187460861438078E+000                  5.4020639546412819E-001                  1.6155366416827277E+001                  3.5290990032165515E-001                  6.2762249033841577E-001                  1.9467609339929082E-002                  3.0159378815898297E-001                 -2.8038374750844663E-011                  4.9243534242242584E+000                  2.8149340411564721E+004                  1.2749992607296186E-028                  3.3589353885745426E+004                  4.5262016499698499E+000                 -1.6119501465984047E+001                  6.7645495117905030E-001                  0.0000000000000000E+000                  0.0000000000000000E+000 
                                     626                  3.4278284743438525E+000                 -5.2255983190828981E-001                  7.5211718663244840E+000                  5.4940970574989945E-001                  1.6165785228711076E+001                  3.5067987340314410E-001                  6.2985387263141024E-001                  1.9466253965445657E-002                  3.0022037845775207E-001                 -3.0004859495107973E-011                  5.0502577411290925E+000                  3.1094386006535318E+004                  1.8219005712676381E-028                  3.3579451877773303E+004                  4.5260736028085429E+000                 -1.5948889316714432E+001                  6.7533993765210898E-001                  0.0000000000000000E+000                  0.0000000000000000E+000 
                                     627                  3.4269104756863680E+000                 -5.2452714650201093E-001                  7.5229802354553250E+000                  5.5634488516901548E-001                  1.6173575142035862E+001                  3.4892154686225518E-001                  6.3161324725982892E-001                  1.9465205877915892E-002                  2.9886348301323323E-001                 -3.1922305454967422E-011                  5.1432031966273284E+000                  3.3481578144113046E+004                  2.3777033917135026E-028                  3.3568121015857265E+004                  4.5259270321838727E+000                 -1.6074228476181155E+001                  6.7446077433332252E-001                  0.0000000000000000E+000                  0.0000000000000000E+000 
                                     628                  3.4264514763576255E+000                 -5.2550512452050191E-001                  7.5241807951901158E+000                  5.6095865611920026E-001                  1.6178737194189480E+001                  3.4770852709740657E-001                  6.3282698072169463E-001                  1.9464492180898851E-002                  2.9819123622121552E-001                 -3.2863194047975447E-011                  5.2049627616802452E+000                  3.5161118856186804E+004                  2.8373053419074489E-028                  3.3561876599007832E+004                  4.5258462362391505E+000                 -1.6216991629906662E+001                  6.7385426442001051E-001                  0.0000000000000000E+000                  0.0000000000000000E+000 
                                     629                  3.4259924770288825E+000                 -5.2647931432624939E-001                  7.5259740553701828E+000                  5.6784666457708322E-001                  1.6186434160554988E+001                  3.4586969811500651E-001                  6.3466688859925358E-001                  1.9463413285739861E-002                  2.9752309673160687E-001                 -3.3792325996351977E-011                  5.2958593074999865E+000                  3.7821469233069052E+004                  3.6931080255910138E-028                  3.3555225120285322E+004                  4.5257601568215016E+000                 -1.6032070989256692E+001                  6.7293484988409158E-001                  0.0000000000000000E+000                  0.0000000000000000E+000 
                                     630                  3.4250744783713980E+000                 -5.2841640552918756E-001                  7.5283497063961260E+000                  5.7707993229084076E-001                  1.6196665250855059E+001                  3.4329821293626162E-001                  6.3723985215766921E-001                  1.9461934906069178E-002                  2.9619900443894648E-001                 -3.5616453978860938E-011                  5.4159008499051016E+000                  4.1646034331509334E+004                  5.2381551768983524E-028                  3.3540634728700898E+004                  4.5255712770107932E+000                 -1.5994053937061459E+001                  6.7164910723834614E-001                  0.0000000000000000E+000                  0.0000000000000000E+000 
                                     631                  3.4241564797139130E+000                 -5.3033819216463907E-001                  7.5307081724637239E+000                  5.8633176176760005E-001                  1.6206834585898516E+001                  3.4060056739955369E-001                  6.3993901865618796E-001                  1.9460413944258348E-002                  2.9489119666961011E-001                 -3.7395939468877510E-011                  5.5341358578463664E+000                  4.5806874876233604E+004                  7.4114170178415556E-028                  3.3524190876271619E+004                  4.5253583047276340E+000                 -1.5727712581243972E+001                  6.7030028441717437E-001                  0.0000000000000000E+000                  0.0000000000000000E+000 
                                     632                  3.4232384810564294E+000                 -5.3224451104328352E-001                  7.5330492885301910E+000                  5.9559348682769275E-001                  1.6216942530739285E+001                  3.3779823130880393E-001                  6.4274290733128714E-001                  1.9458861359908930E-002                  2.9359961987210031E-001                 -3.9132433657061653E-011                  5.6488350284352977E+000                  5.0329261055512921E+004                  1.0459015210002162E-027                  3.3505735325345464E+004                  4.5251191535131108E+000                 -1.5901034346976559E+001                  6.6889911632208021E-001                  0.0000000000000000E+000                  0.0000000000000000E+000 
                                     633                  3.4223204823989439E+000                 -5.3413524074970653E-001                  7.5353728841790977E+000                  6.0487688864497435E-001                  1.6226989428891514E+001                  3.3486857256985231E-001                  6.4567415684860474E-001                  1.9457270581543007E-002                  2.9232419288088402E-001                 -4.0827277962794717E-011                  5.7599802556668003E+000                  5.5235971206664668E+004                  1.4723417465655665E-027                  3.3485094767029084E+004                  4.5248515323819349E+000                 -1.5871063196811777E+001                  6.6743428690589857E-001                  0.0000000000000000E+000                  0.0000000000000000E+000 
                                     634                  3.4214024837414607E+000                 -5.3601021215505407E-001                  7.5376787842913764E+000                  6.1417209158764330E-001                  1.6236975598955173E+001                  3.3183554832685486E-001                  6.4870880188250502E-001                  1.9455649790640184E-002                  2.9106486752327881E-001                 -4.2481704077964622E-011                  5.8678816562101810E+000                  6.0554753011274981E+004                  2.0671847105373767E-027                  3.3462084911973354E+004                  4.5245529969239371E+000                 -1.5877358813794903E+001                  6.6591777474066016E-001                  0.0000000000000000E+000                  0.0000000000000000E+000 
                                     635                  3.4204844850839753E+000                 -5.3786930290628920E-001                  7.5399667626820639E+000                  6.2351705489657172E-001                  1.6246901339968577E+001                  3.2862110963738683E-001                  6.5192490568267636E-001                  1.9453984679936864E-002                  2.8982156489115157E-001                 -4.4097612232534002E-011                  5.9698842382204154E+000                  6.6302683830899608E+004                  2.8961835663893148E-027                  3.3436508285878888E+004                  4.5242209185471349E+000                 -1.5743719032459788E+001                  6.6431055535466699E-001                  0.0000000000000000E+000                  0.0000000000000000E+000 
                                     636                  3.4195664864264907E+000                 -5.3971223235135823E-001                  7.5433669903599547E+000                  6.3750587915437729E-001                  1.6261616919141701E+001                  3.2355441701546733E-001                  6.5699415555361884E-001                  1.9451427430913881E-002                  2.8859431230519511E-001                 -4.5676780043215004E-011                  6.1125323944923071E+000                  7.5787777619034052E+004                  4.7800416954221990E-027                  3.3408158956504434E+004                  4.5238525433705030E+000                 -1.5622074683091377E+001                  6.6177720898658110E-001                  0.0000000000000000E+000                  0.0000000000000000E+000 
                                     637                  3.4177304891115203E+000                 -5.4334938487316131E-001                  7.5467204323876240E+000                  6.5173958563970069E-001                  1.6276319170808101E+001                  3.1816274135210315E-001                  6.6238845306211425E-001                  1.9448805585782658E-002                  2.8618746985541349E-001                 -4.8728438566452197E-011                  6.2437930696231012E+000                  8.6407958807341842E+004                  7.8475962091631587E-027                  3.3342319680422188E+004                  4.5229958111297250E+000                 -1.5839527543158423E+001                  6.5908137110306197E-001                  0.0000000000000000E+000                  0.0000000000000000E+000 
                                     638                  3.4168124904540358E+000                 -5.4514268149641310E-001                  7.5489343034227154E+000                  6.6122620219854544E-001                  1.6286005661781303E+001                  3.1437892305649273E-001                  6.6617405226571291E-001                  1.9447024677794356E-002                  2.8500817583960625E-001                 -5.0202069656592367E-011                  6.3220082293979400E+000                  9.4146490745115967E+004                  1.0888367494412157E-026                  3.3304280465282616E+004                  4.5225000552175310E+000                 -1.6037245724130628E+001                  6.5718946192336292E-001                  0.0000000000000000E+000                  0.0000000000000000E+000 
                                     639                  3.4158944917965504E+000                 -5.4691899649945364E-001                  7.5511290177787389E+000                  6.7074363966312089E-001                  1.6295632824736749E+001                  3.1047068308344589E-001                  6.7008409368115296E-001                  1.9445223235401210E-002                  2.8384483992370141E-001                 -5.1643207724613724E-011                  6.3936637310438709E+000                  1.0245053943320841E+005                  1.5068390791383425E-026                  3.3262514296205205E+004                  4.5219550742189476E+000                 -1.6223036071447748E+001                  6.5523534190704125E-001                  0.0000000000000000E+000                  0.0000000000000000E+000 
                                     640                  3.4149764931390658E+000                 -5.4867815841455425E-001                  7.5533042680962428E+000                  6.8033835224584527E-001                  1.6305200816066716E+001                  3.0634481332616115E-001                  6.7421178913442692E-001                  1.9443397539411933E-002                  2.8269741779205881E-001                 -5.3053552170256681E-011                  6.4550608373720095E+000                  1.1132384134323774E+005                  2.0811897268053400E-026                  3.3216750205960147E+004                  4.5213571405579440E+000                 -1.5793663317549386E+001                  6.5317240700032342E-001                  0.0000000000000000E+000                  0.0000000000000000E+000 
                                     641                  3.4140584944815808E+000                 -5.5041981441923760E-001                  7.5565333968934505E+000                  6.9474828080601503E-001                  1.6319387279485703E+001                  2.9986396244310232E-001                  6.8069541075317386E-001                  1.9440626803723826E-002                  2.8156598340276140E-001                 -5.4435085498484778E-011                  6.5295660454918476E+000                  1.2576356724947694E+005                  3.3630792115757007E-026                  3.3166715097777596E+004                  4.5207024601973851E+000                 -1.5487445236164113E+001                  6.4993198152002885E-001                  0.0000000000000000E+000                  0.0000000000000000E+000 
                                     642                  3.4122224971666122E+000                 -5.5385012031856762E-001                  7.5607631021135164E+000                  7.1428086030276428E-001                  1.6338171814245012E+001                  2.9061604895716542E-001                  6.8994705525533551E-001                  1.9436895787499076E-002                  2.7935077443706874E-001                 -5.7114079891324572E-011                  6.5940707726941037E+000                  1.4722721804217238E+005                  6.3251217670506460E-026                  3.3052753455648366E+004                  4.5192076441782225E+000                 -1.5734489151088432E+001                  6.4530802473106552E-001                  0.0000000000000000E+000                  0.0000000000000000E+000 
                                     643                  3.4103864998516431E+000                 -5.5720735741623573E-001                  7.5638764216570262E+000                  7.2916689709034710E-001                  1.6352157599022295E+001                  2.8323979827329115E-001                  6.9732611106913078E-001                  1.9434090657578063E-002                  2.7719962765776979E-001                 -5.9684218518194636E-011                  6.6142280455655094E+000                  1.6504246305644308E+005                  1.0093041308207955E-025                  3.2918143902588148E+004                  4.5174353394324163E+000                 -1.5951376585533865E+001                  6.4161989935856356E-001                  0.0000000000000000E+000                  0.0000000000000000E+000 
                                     644                  3.4094685011941581E+000                 -5.5885774060708671E-001                  7.5669502215572439E+000                  7.4407374907233470E-001                  1.6365907645532765E+001                  2.7544622168827448E-001                  7.0512248687113721E-001                  1.9431291440588305E-002                  2.7614822712510151E-001                 -6.0932315761238500E-011                  6.6037784722321442E+000                  1.8432436443490759E+005                  1.6027496533398423E-025                  3.2842270671907238E+004                  4.5164331760414500E+000                 -1.5546120945395419E+001                  6.3772311103843504E-001                  0.0000000000000000E+000                  0.0000000000000000E+000 
                                     645                  3.4076325038791881E+000                 -5.6210145304123560E-001                  7.5709654039633723E+000                  7.6431914766798514E-001                  1.6384104517303616E+001                  2.6441616793843653E-001                  7.1615623509129500E-001                  1.9427596970268413E-002                  2.7409338033204800E-001                 -6.3362734338988815E-011                  6.5434164430784376E+000                  2.1230541242523910E+005                  2.9440986715204072E-025                  3.2671989848304620E+004                  4.5141755854647867E+000                 -1.5847330804555709E+001                  6.3220808413098062E-001                  0.0000000000000000E+000                  0.0000000000000000E+000 
                                     646                  3.4057965065642186E+000                 -5.6526672372768461E-001                  7.5758651123556007E+000                  7.8998209413516240E-001                  1.6406442815479462E+001                  2.4959214060785984E-001                  7.3098477150360597E-001                  1.9423087888534196E-002                  2.7210296633390624E-001                 -6.5709043062807341E-011                  6.3836031476701534E+000                  2.5070438990265253E+005                  6.2148077522972618E-025                  3.2474811822248161E+004                  4.5115466432001528E+000                 -1.5447131808970633E+001                  6.2479607043111285E-001                  0.0000000000000000E+000                  0.0000000000000000E+000 
                                     647                  3.4030425105917663E+000                 -5.6986370732250902E-001                  7.5805984472052677E+000                  8.1638828543111108E-001                  1.6428566458474446E+001                  2.3371133690936660E-001                  7.4686988914884955E-001                  1.9418773941783818E-002                  2.6923796087025154E-001                 -6.9085265159977510E-011                  6.1317781127480622E+000                  2.9235237177990068E+005                  1.2898826946991039E-024                  3.2123697646455810E+004                  4.5068255296024509E+000                 -1.5563206609468175E+001                  6.1685566855336837E-001                  0.0000000000000000E+000                  0.0000000000000000E+000 
                                     648                  3.4012065132767964E+000                 -5.7282391355584383E-001                  7.5842832046999398E+000                  8.3780198495303182E-001                  1.6445937417208022E+001                  2.2027974892449548E-001                  7.6030475317499124E-001                  1.9415497900513223E-002                  2.6740904096023310E-001                 -7.1247337001540540E-011                  5.8594935700827637E+000                  3.2737257845573145E+005                  2.2874432945605896E-024                  3.1849591637194106E+004                  4.5031038683558222E+000                 -1.5550668737747177E+001                  6.1013987454189234E-001                  0.0000000000000000E+000                  0.0000000000000000E+000 
                                     649                  3.3993705159618277E+000                 -5.7569907174612989E-001                  7.5896483869712936E+000                  8.7033316062298571E-001                  1.6471390247603132E+001                  1.9897905948388217E-001                  7.8160998562541473E-001                  1.9410954890703103E-002                  2.6564456098670142E-001                 -7.3354537678456653E-011                  5.3331968343370422E+000                  3.8094778951251350E+005                  5.3042452738470644E-024                  3.1541831782251978E+004                  4.4988869112447372E+000                 -1.5235312209378948E+001                  5.9948952979837911E-001                  0.0000000000000000E+000                  0.0000000000000000E+000 
                                     650                  3.3956985213318904E+000                 -5.8119058028645099E-001                  7.5947186652141676E+000                  9.0393695378536021E-001                  1.6496618845569284E+001                  1.7683494165348337E-001                  8.0375815293359376E-001                  1.9406905412922892E-002                  2.6230672172118014E-001                 -7.7398792348762584E-011                  4.7011850269239615E+000                  4.3259404187668581E+005                  1.1909712070217261E-023                  3.0823352302775307E+004                  4.4888798701846087E+000                 -1.5604064643536500E+001                  5.8841747086570018E-001                  0.0000000000000000E+000                  0.0000000000000000E+000 
                                     651                  3.3938625240169218E+000                 -5.8380415937612962E-001                  7.5979835685497985E+000                  9.2647444183408656E-001                  1.6513033616340810E+001                  1.6168258614632566E-001                  8.1891291194537374E-001                  1.9404501908300564E-002                  2.6073290331179055E-001                 -7.9338629561465667E-011                  4.2267645895190693E+000                  4.6389739568744419E+005                  2.0125810258357982E-023                  3.0414433873573755E+004                  4.4830797370287225E+000                 -1.5558554350850802E+001                  5.8084129310301158E-001                  0.0000000000000000E+000                  0.0000000000000000E+000 
                                     652                  3.3920265267019518E+000                 -5.8633001017259434E-001                  7.6034920235354884E+000                  9.6583818072785887E-001                  1.6540954209919438E+001                  1.3497064864729871E-001                  8.4562849052956024E-001                  1.9400860823141075E-002                  2.5922088549403716E-001                 -8.1233819981032602E-011                  3.3407234761004263E+000                  5.0792125607750856E+005                  4.8954210238713272E-023                  2.9975389669063035E+004                  4.4767648374764359E+000                 -1.5075045186061946E+001                  5.6748532434160148E-001                  0.0000000000000000E+000                  0.0000000000000000E+000 
                                     653                  3.3874365334145269E+000                 -5.9226821407646102E-001                  7.6107211960466268E+000                  1.0220762802268810E+000                  1.6579902308826071E+001                  9.8475373666427737E-002                  8.8212777622209959E-001                  1.9396850111472630E-002                  2.5570062285996176E-001                 -8.5721274053932513E-011                  2.1205407828080602E+000                  5.3380151521166658E+005                  1.5933464945351673E-022                  2.8771722379287294E+004                  4.4589658611058338E+000                 -1.5092304584339150E+001                  5.4923768684109564E-001                  0.0000000000000000E+000                  0.0000000000000000E+000 
                                     654                  3.3828465401271042E+000                 -5.9769406829711380E-001                  7.6166780204342599E+000                  1.0708634028509219E+000                  1.6613746400741121E+001                  6.9225250223007281E-002                  9.1138051732488623E-001                  1.9394232452106475E-002                  2.5252590238328310E-001                 -8.9800282740917873E-011                  1.2188665229210660E+000                  5.0906545192799240E+005                  4.2049283074472732E-022                  2.7504931857902578E+004                  4.4394105733441895E+000                 -1.5139999610979562E+001                  5.3461262511483632E-001                  0.0000000000000000E+000                  0.0000000000000000E+000 
                                     655                  3.3791745454971656E+000                 -6.0170212073250373E-001                  7.6210068835119236E+000                  1.1066238597331401E+000                  1.6639231248428292E+001                  4.9838864835675872E-002                  9.3076840352441514E-001                  1.9392731639908956E-002                  2.5020609177556435E-001                 -9.2716688069752721E-011                  7.0607140663731527E-001                  4.5740373932607996E+005                  8.4244955915249219E-022                  2.6537916002719128E+004                  4.4238668151352156E+000                 -1.5441056308197682E+001                  5.2491943241938510E-001                  0.0000000000000000E+000                  0.0000000000000000E+000 
                                     656                  3.3764205495247137E+000                 -6.0453680859571635E-001                  7.6236655694541300E+000                  1.1281668882927582E+000                  1.6655251390731856E+001                  3.9450858189211617E-002                  9.4115718722339881E-001                  1.9391954587389626E-002                  2.4857828729618331E-001                 -9.4655610908297095E-011                  4.7343194271636208E-001                  4.1431186784328090E+005                  1.2793525500247173E-021                  2.5886266327662681E+004                  4.4130694150456806E+000                 -1.5669695667956686E+001                  5.1972542909551345E-001                  0.0000000000000000E+000                  0.0000000000000000E+000 
                                     657                  3.3750435515384871E+000                 -6.0590530074824800E-001                  7.6253995812097308E+000                  1.1418395315759118E+000                  1.6665737941201250E+001                  3.3367084573699538E-002                  9.4724139254659401E-001                  1.9391522879706469E-002                  2.4779623260582523E-001                 -9.5528729867305168E-011                  3.5377117020393384E-001                  3.8223392982057307E+005                  1.6720852894463801E-021                  2.5591198921620988E+004                  4.4080906326182232E+000                 -1.5633721147879553E+001                  5.1668354228747226E-001                  0.0000000000000000E+000                  0.0000000000000000E+000 
                                     658                  3.3736665535522614E+000                 -6.0724383744261445E-001                  7.6268651567368178E+000                  1.1531412435474615E+000                  1.6674678382972541E+001                  2.8762575862164033E-002                  9.5184619508086910E-001                  1.9391229056966885E-002                  2.4703367690384401E-001                 -9.6331931595864054E-011                  2.7263525661126770E-001                  3.5435536434062757E+005                  2.0896328840153039E-021                  2.5319045363577858E+004                  4.4034473268924641E+000                 -1.5699247194683489E+001                  5.1438128793152882E-001                  0.0000000000000000E+000                  0.0000000000000000E+000 
                                     659                  3.3726709581172805E+000                 -6.0819425040841424E-001                  7.6280787388619720E+000                  1.1624023182567276E+000                  1.6682104149539363E+001                  2.5147681832935118E-002                  9.5546133914735132E-001                  1.9390979019713539E-002                  2.4649365784963678E-001                 -9.6876002549303747E-011                  2.1480769445698428E-001                  3.2897277980581467E+005                  2.5097442268319732E-021                  2.5136674490221470E+004                  4.4003078212386733E+000                 -1.5775582411803724E+001                  5.1257384091679947E-001                  0.0000000000000000E+000                  0.0000000000000000E+000 
                                     660                  3.3716753626823017E+000                 -6.0913069392074604E-001                  7.6292773423794324E+000                  1.1714100329728727E+000                  1.6689465632527359E+001                  2.1837517161080334E-002                  9.5877165364246597E-001                  1.9390829196453740E-002                  2.4596273075896383E-001                 -9.7393039560973964E-011                  1.6687624687808131E-001                  3.0299787934167776E+005                  3.0022831260663983E-021                  2.4967420833192944E+004                  4.3973736814877098E+000                 -1.5786159126511453E+001                  5.1091875858078351E-001                  0.0000000000000000E+000                  0.0000000000000000E+000 
                                     661                  3.3706797672473225E+000                 -6.1005382474637049E-001                  7.6304621045762664E+000                  1.1801066139985341E+000                  1.6696763566981026E+001                  1.8907633460875199E-002                  9.6170193185761776E-001                  1.9390434681507029E-002                  2.4544047075885092E-001                 -9.7877675297337707E-011                  1.2880731143136781E-001                  2.7791456185961392E+005                  3.5758514212626025E-021                  2.4811592982199742E+004                  4.3946546482371431E+000                 -1.5797511997875961E+001                  5.0945381673061507E-001                  0.0000000000000000E+000                  0.0000000000000000E+000 
                                     662                  3.3696841718123416E+000                 -6.1096440296117960E-001                  7.6323101406133951E+000                  1.1931863481174296E+000                  1.6708125888526698E+001                  1.5002210121010285E-002                  9.6560753415587397E-001                  1.9390255723115701E-002                  2.4492639880569653E-001                 -9.8323230634487124E-011                  8.4817760891418542E-002                  2.4097042461624523E+005                  4.6742988020214949E-021                  2.4668730432066939E+004                  4.3921467992450891E+000                 -1.5367717620613854E+001                  5.0750110506061241E-001                  0.0000000000000000E+000                  0.0000000000000000E+000 
                                     663                  3.3675377873873913E+000                 -6.1288798580887793E-001                  7.6347850215499022E+000                  1.2102391723984334E+000                  1.6723439260604387E+001                  1.0601499136188680E-002                  9.7000858793888856E-001                  1.9389912924922759E-002                  2.4384396650077678E-001                 -9.9186056545599059E-011                  4.5014060714493015E-002                  1.9152933290293635E+005                  6.6535572499924562E-021                  2.4401904549403236E+004                  4.3874237240033551E+000                 -1.5413340596191041E+001                  5.0530074956814508E-001                  0.0000000000000000E+000                  0.0000000000000000E+000 
                                     664                  3.3653914029624405E+000                 -6.1476192075872904E-001                  7.6367614394281524E+000                  1.2233334005303460E+000                  1.6735694918240167E+001                  7.8666914164475625E-003                  9.7274361035081014E-001                  1.9389698232742281E-002                  2.4279407218741750E-001                 -9.9941085228183671E-011                  2.6034471804928769E-002                  1.5589611655427926E+005                  8.7715871282682968E-021                  2.4190179588866289E+004                  4.3836390925935502E+000                 -1.5569352770939167E+001                  5.0393334570825066E-001                  0.0000000000000000E+000                  0.0000000000000000E+000 
                                     665                  3.3640499126968475E+000                 -6.1591027433330492E-001                  7.6382662993320576E+000                  1.2329857100848900E+000                  1.6744985576876029E+001                  6.1561831119513110E-003                  9.7445427889872172E-001                  1.9389537989326966E-002                  2.4215292853892342E-001                 -1.0035542550195341E-010                  1.6565095159331286E-002                  1.3079303553028611E+005                  1.0792856519665611E-020                  2.4082668515888061E+004                  4.3817046078978574E+000                 -1.5435920053066940E+001                  5.0307809155599159E-001                  0.0000000000000000E+000                  0.0000000000000000E+000 
                                     666                  3.3627084224312531E+000                 -6.1704226766784753E-001                  7.6405021907846606E+000                  1.2467782986555906E+000                  1.6758693867220991E+001                  4.2101328015484423E-003                  9.7640054554088973E-001                  1.9389321657561798E-002                  2.4152257613955977E-001                 -1.0072421025280487E-010                  8.2115415277739818E-003                  9.9051085447023142E+004                  1.4613071206155167E-020                  2.3992639752740721E+004                  4.3800780331691422E+000                 -1.5214813671726976E+001                  5.0210506640078134E-001                  0.0000000000000000E+000                  0.0000000000000000E+000 
                                     667                  3.3600254419000639E+000                 -6.1926099644215704E-001                  7.6428553862265556E+000                  1.2608805658930899E+000                  1.6773130498346564E+001                  2.7368049614329873E-003                  9.7787405078444256E-001                  1.9389144254124413E-002                  2.4029182925631021E-001                 -1.0136097107396735E-010                  3.7021676993409898E-003                  7.1596157062946062E+004                  2.0010871585145422E-020                  2.3856781274967238E+004                  4.3776118488558682E+000                 -1.5474024726178461E+001                  5.0136840248071934E-001                  0.0000000000000000E+000                  0.0000000000000000E+000 
                                     668                  3.3584156535813516E+000                 -6.2056548660528921E-001                  7.6441685790491389E+000                  1.2685501318953090E+000                  1.6781136044853461E+001                  2.1011093873021932E-003                  9.7850982243245688E-001                  1.9389068180240887E-002                  2.3957114768135379E-001                 -1.0169123323993914E-010                  2.2678102535851523E-003                  5.8283583841669642E+004                  2.3802954178314398E-020                  2.3798191767602129E+004                  4.3765439597797826E+000                 -1.5846119127168405E+001                  5.0105055469365278E-001                  0.0000000000000000E+000                  0.0000000000000000E+000 
                                     669                  3.3576107594219966E+000                 -6.2121064571023177E-001                  7.6450404668949812E+000                  1.2735469307671099E+000                  1.6786422127125032E+001                  1.7601578069813808E-003                  9.7885086916468123E-001                  1.9388973028337420E-002                  2.3921552087211720E-001                 -1.0184100534497684E-010                  1.6336274412871090E-003                  5.0748620090112403E+004                  2.6687126795893141E-020                  2.3774453346294777E+004                  4.3761105398505835E+000                 -1.5819091962332415E+001                  5.0088007890349184E-001                  0.0000000000000000E+000                  0.0000000000000000E+000 
                                     670                  3.3568058652626402E+000                 -6.2185126306760141E-001                  7.6461986367322901E+000                  1.2800938111455535E+000                  1.6793410750616719E+001                  1.3747268311262342E-003                  9.7923634364199896E-001                  1.9388929526874765E-002                  2.3886291992438696E-001                 -1.0198071314807276E-010                  1.0329299944843661E-003                  4.1709479710450367E+004                  3.1040374420972310E-020                  2.3753858188458893E+004                  4.3757341593871057E+000                 -1.5616039306705209E+001                  5.0068736341556386E-001                  0.0000000000000000E+000                  0.0000000000000000E+000 
                                     671                  3.3554643749970454E+000                 -6.2290917068995910E-001                  7.6476390667237100E+000                  1.2881181875483565E+000                  1.6802071046391653E+001                  1.0013498959790916E-003                  9.7960978927900655E-001                  1.9388860825014342E-002                  2.3828177650355956E-001                 -1.0219616836317118E-010                  5.7370579895950119E-004                  3.2355843435343388E+004                  3.7414133140179773E-020                  2.3725815440237740E+004                  4.3752211477635958E+000                 -1.5684539683481583E+001                  5.0050067494798989E-001                  0.0000000000000000E+000                  0.0000000000000000E+000 
                                     672                  3.3541228847314510E+000                 -6.2395528567994207E-001                  7.6497870557936967E+000                  1.2998050092126254E+000                  1.6814861934168643E+001                  6.1756563287140376E-004                  9.7999364672109845E-001                  1.9388787646030137E-002                  2.3770850151974771E-001                 -1.0239057905867730E-010                  2.3370004662199621E-004                  2.1896083422274660E+004                  4.9308724717307868E-020                  2.3704268479593604E+004                  4.3748265574116534E+000                 -1.5286511946618365E+001                  5.0030878281643576E-001                  0.0000000000000000E+000                  0.0000000000000000E+000 
                                     673                  3.3514399042002636E+000                 -6.2601390949731150E-001                  7.6519183583544335E+000                  1.3112471607389222E+000                  1.6827511274626250E+001                  3.6821690286203707E-004                  9.8024298964340706E-001                  1.9388793453730901E-002                  2.3658439234935685E-001                 -1.0272949014913582E-010                  8.8913397958390532E-005                  1.4299127303987279E+004                  6.4725838113810534E-020                  2.3675681127089032E+004                  4.3743024820990115E+000                 -1.5755566912932521E+001                  5.0018410845143102E-001                  0.0000000000000000E+000                  0.0000000000000000E+000 
                                     674                  3.3500984139346706E+000                 -6.2702715672758924E-001                  7.6533316910304761E+000                  1.3186954840280798E+000                  1.6835817177553601E+001                  2.5486087745188880E-004                  9.8035630679183128E-001                  1.9388832330716865E-002                  2.3603306354954257E-001                 -1.0287726442476939E-010                  4.4485959414833039E-005                  1.0503655586848154E+004                  7.7429243448877940E-020                  2.3666643093216808E+004                  4.3741366614152870E+000                 -1.5742459239394066E+001                  5.0012743043872598E-001                  0.0000000000000000E+000                  0.0000000000000000E+000 
                                     675                  3.3487569236690762E+000                 -6.2803013484505166E-001                  7.6554406905445385E+000                  1.3296209281371678E+000                  1.6848092074233318E+001                  1.4396852270439310E-004                  9.8046706668829831E-001                  1.9388964788997320E-002                  2.3548858772996289E-001                 -1.0301042955462859E-010                  1.5071892405555549E-005                  6.4755054616215784E+003                  1.0100064588551148E-019                  2.3660224415295790E+004                  4.3740188595591301E+000                 -1.5386026508086349E+001                  5.0007198426135224E-001                  0.0000000000000000E+000                  0.0000000000000000E+000 
                                     676                  3.3460739431378888E+000                 -6.3000647861130210E-001                  7.6573956842726858E+000                  1.3396726036063484E+000                  1.6859437063018891E+001                  8.2910817642144899E-005                  9.8052790192182848E-001                  1.9389187260529406E-002                  2.3441938454212655E-001                 -1.0324243681098893E-010                  5.2551465388436693E-006                  4.0393676520569338E+003                  1.2907195033190755E-019                  2.3652924788170749E+004                  4.3738848508169994E+000                 -1.5770326486984626E+001                  5.0004145540882106E-001                  0.0000000000000000E+000                  0.0000000000000000E+000 
                                     677                  3.3450007509254127E+000                 -6.3078632296807857E-001                  7.6585079433089023E+000                  1.3453123063378962E+000                  1.6865832705720834E+001                  5.7988221155407018E-005                  9.8055265788803925E-001                  1.9389353890805316E-002                  2.3399882520445381E-001                 -1.0332359002637528E-010                  2.6404242178150501E-006                  2.9544489314935931E+003                  1.4829876760075781E-019                  2.3651333681132572E+004                  4.3738556353074687E+000                 -1.6113675976243943E+001                  5.0002899411057766E-001                  0.0000000000000000E+000                  0.0000000000000000E+000 
                                     678                  3.3439275587129385E+000                 -6.3156024799880228E-001                  7.6601696019813810E+000                  1.3536405852682720E+000                  1.6875316613309074E+001                  3.5557851502266841E-005                  9.8057480543642073E-001                  1.9389636712077052E-002                  2.3358220401569860E-001                 -1.0339787145593267E-010                  1.0293366528200689E-006                  1.9354987026291749E+003                  1.8232958177378889E-019                  2.3650331228855281E+004                  4.3738372275202044E+000                 -1.5528688655403476E+001                  5.0001777892575117E-001                  0.0000000000000000E+000                  0.0000000000000000E+000 
                                     679                  3.3417811742879873E+000                 -6.3309082738796874E-001                  7.6626467086769692E+000                  1.3659209500387108E+000                  1.6889353883997661E+001                  1.5883991252235340E-005                  9.8059396941626764E-001                  1.9390146592480173E-002                  2.3276044167156515E-001                 -1.0352874224214174E-010                  2.1593115481039571E-007                  9.5306879872843979E+002                  2.4772180396983463E-019                  2.3649414729705124E+004                  4.3738203973865293E+000                 -1.5542712470507162E+001                  5.0000794199562615E-001                  0.0000000000000000E+000                  0.0000000000000000E+000 
                                     680                  3.3390967312376385E+000                 -6.3497378895407741E-001                  7.6646961194567442E+000                  1.3759953252858195E+000                  1.6900904406951526E+001                  7.8191831331251611E-006                  9.8060159172501860E-001                  1.9390589091848320E-002                  2.3175345162875891E-001                 -1.0366349318107751E-010                  5.4386496804386527E-008                  5.0824582468855107E+002                  3.1885175002994836E-019                  2.3649551469857735E+004                  4.3738229084559466E+000                 -1.5755562862473518E+001                  5.0000390959156660E-001                  0.0000000000000000E+000                  0.0000000000000000E+000 
                                     681                  3.3377545097124628E+000                 -6.3590266370008597E-001                  7.6660554494605293E+000                  1.3825948802034993E+000                  1.6908498678944255E+001                  4.5874786086363479E-006                  9.8060449418515006E-001                  1.9390918336241292E-002                  2.3125830400326280E-001                 -1.0371943508160810E-010                  1.9188710938625916E-008                  3.1429656132677309E+002                  3.7668072411009575E-019                  2.3649894466455906E+004                  4.3738292071145013E+000                 -1.5743114096598875E+001                  5.0000229373930438E-001                  0.0000000000000000E+000                  0.0000000000000000E+000 
                                     682                  3.3364122881872880E+000                 -6.3682339311912073E-001                  7.6674103801512796E+000                  1.3891257487596438E+000                  1.6916030575608197E+001                  2.8891460892437522E-006                  9.8060587728393289E-001                  1.9391233569977850E-002                  2.3076854236890043E-001                 -1.0376800235969488E-010                  7.7952057801312085E-009                  2.0869572294937043E+002                  4.4453043620003493E-019                  2.3650350162538864E+004                  4.3738375752020584E+000                 -1.5891493500615640E+001                  5.0000144457304463E-001                  0.0000000000000000E+000                  0.0000000000000000E+000 
                                     683                  3.3350671416237891E+000                 -6.3773813755981867E-001                  7.6687608876662852E+000                  1.3955902442167984E+000                  1.6923501243876622E+001                  1.6264419112375668E-006                  9.8060688443923871E-001                  1.9391489118850025E-002                  2.3028299144770653E-001                 -1.0380985619219997E-010                  2.5293474897522445E-009                  1.2379986486158526E+002                  5.2405851995444181E-019                  2.3650858627970450E+004                  4.3738469121190988E+000                 -1.5757114882465414E+001                  5.0000081322095569E-001                  0.0000000000000000E+000                  0.0000000000000000E+000 
                                     684                  3.3337219950602890E+000                 -6.3864505507312763E-001                  7.6707762354450599E+000                  1.4051262398509474E+000                  1.6934558134816111E+001                  7.5774053910253742E-007                  9.8060741341958324E-001                  1.9391828839877667E-002                  2.2980260365834085E-001                 -1.0384504177511132E-010                  5.6827353686158028E-010                  6.2391111231766480E+001                  6.6925578267634106E-019                  2.3651405045176049E+004                  4.3738569457182876E+000                 -1.5533908476790755E+001                  5.0000037887026971E-001                  0.0000000000000000E+000                  0.0000000000000000E+000 
                                     685                  3.3310317019332896E+000                 -6.4043610079953672E-001                  7.6734418346480977E+000                  1.4176347879547255E+000                  1.6949098593318809E+001                  2.4353997676084537E-007                  9.8060757004954935E-001                  1.9392186410473911E-002                  2.2885684115334554E-001                 -1.0389715286780943E-010                  6.1410759098216973E-011                  2.2252633497542309E+001                  9.2351382606406598E-019                  2.3652522786818248E+004                  4.3738774695542455E+000                 -1.5494787635559195E+001                  5.0000012176998843E-001                  0.0000000000000000E+000                  0.0000000000000000E+000 
                                     686                  3.3283414088062906E+000                 -6.4219778194405119E-001                  7.6760838473871091E+000                  1.4298778999875332E+000                  1.6963382999917020E+001                  7.2504364205424067E-008                  9.8060747210276455E-001                  1.9392455392871266E-002                  2.2793038184070824E-001                 -1.0392698070883649E-010                  5.6886763723634380E-012                  7.3459116737852241E+000                  1.2684555740982995E-018                  2.3653618332419897E+004                  4.3738975848880397E+000                 -1.5446764309341635E+001                  5.0000003625218203E-001                  0.0000000000000000E+000                  0.0000000000000000E+000 
                                     687                  3.3256511156792921E+000                 -6.4393129481305234E-001                  7.6780491881450912E+000                  1.4389168498759515E+000                  1.6973953312585508E+001                  2.8065472864792073E-008                  9.8060735647722008E-001                  1.9392615457307083E-002                  2.2702239718631698E-001                 -1.0393638580986933E-010                  8.8064243020139364E-013                  3.0711997544176106E+000                  1.6045960441724969E-018                  2.3654660895129316E+004                  4.3739167265367822E+000                 -1.5656694097901104E+001                  5.0000001403273642E-001                  0.0000000000000000E+000                  0.0000000000000000E+000 
                                     688                  3.3243059691157932E+000                 -6.4478782989941696E-001                  7.6793525577212636E+000                  1.4448493065601744E+000                  1.6980911384295876E+001                  1.4508816008871134E-008                  9.8060729072846053E-001                  1.9392694762723428E-002                  2.2657509465646453E-001                 -1.0393384655072084E-010                  2.4046257854461341E-013                  1.6708428378736424E+000                  1.8741453829125972E-018                  2.3655158435625970E+004                  4.3739258611771294E+000                 -1.5804819753817679E+001                  5.0000000725440796E-001                  0.0000000000000000E+000                  0.0000000000000000E+000 
                                     689                  3.3229608225522940E+000                 -6.4563773879886566E-001                  7.6806500682961900E+000                  1.4507215457110771E+000                  1.6987810355379914E+001                  7.2106958066475351E-009                  9.8060723723306442E-001                  1.9392755556239760E-002                  2.2613212360009896E-001                 -1.0392662338741567E-010                  6.0671710087110808E-014                  8.7368094335570534E-001                  2.1865441660724460E-018                  2.3655640030206105E+004                  4.3739347028739708E+000                 -1.5765804701591630E+001                  5.0000000360534791E-001                  0.0000000000000000E+000                  0.0000000000000000E+000 
                                     690                  3.3216156759887938E+000                 -6.4648115148573171E-001                  7.6819417331181308E+000                  1.4565348075803211E+000                  1.6994651240296882E+001                  3.3421554027633645E-009                  9.8060719572146637E-001                  1.9392800936378185E-002                  2.2569339449999926E-001                 -1.0391505911679632E-010                  1.3312361595074666E-014                  4.2597842282368387E-001                  2.5482115130765091E-018                  2.3656105722036118E+004                  4.3739432524376713E+000                 -1.5629746191966129E+001                  5.0000000167107761E-001                  0.0000000000000000E+000                  0.0000000000000000E+000 
                                     691                  3.3202705294252950E+000                 -6.4731819408285851E-001                  7.6836125748164061E+000                  1.4639942164142696E+000                  1.7003449672673895E+001                  1.0712410465425644E-009                  9.8060714026440587E-001                  1.9392858664353030E-002                  2.2525882059659411E-001                 -1.0389926146419209E-010                  1.4053094295286267E-015                  1.4576367143198710E-001                  3.1041489783766730E-018                  2.3656555712310681E+004                  4.3739515135790752E+000                 -1.5679861756798340E+001                  5.0000000053562055E-001                  0.0000000000000000E+000                  0.0000000000000000E+000 
                                     692                  3.3181182949236958E+000                 -6.4864452618624424E-001                  7.6856550360044906E+000                  1.4730593562266225E+000                  1.7014161095067493E+001                  5.7317243405170710E-010                  9.8060711917421506E-001                  1.9392880252612543E-002                  2.2457193125260200E-001                 -1.0386579620978530E-010                  4.1583951785926787E-016                  8.4476684679506614E-002                  3.9478020524859656E-018                  2.3657244032089344E+004                  4.3739641497859871E+000                 -1.5572141556694531E+001                  5.0000000028658631E-001                  0.0000000000000000E+000                  0.0000000000000000E+000 
                                     693                  3.3159660604220971E+000                 -6.4995534572021252E-001                  7.6876827011802114E+000                  1.4819849973814174E+000                  1.7024733336871382E+001                  1.2974498516622296E-010                  9.8060709801981183E-001                  1.9392901850443178E-002                  2.2389513363346553E-001                 -1.0382294216203508E-010                  2.2014443790041199E-017                  2.0698872857945964E-002                  5.0071728567518313E-018                  2.3657894157741990E+004                  4.3739760844857178E+000                 -1.5660811019949447E+001                  5.0000000006487244E-001                  0.0000000000000000E+000                  0.0000000000000000E+000 
                                     694                  3.3138138259204992E+000                 -6.5125111350497189E-001                  7.6909490176723816E+000                  1.4961316712828194E+000                  1.7041567893675861E+001                  2.0058424797122680E-011                  9.8060709803958912E-001                  1.9392901940352480E-002                  2.2322811218592306E-001                 -1.0377085436281151E-010                  5.5424183546992695E-019                  3.6337582679667729E-003                  7.3259534221653114E-018                  2.3658507639992073E+004                  4.3739873462024104E+000                 -1.5273399181552257E+001                  5.0000000001002920E-001                  0.0000000000000000E+000                  0.0000000000000000E+000 
                                     695                  3.3089712982919020E+000                 -6.5411394172494275E-001                  7.6960020788858703E+000                  1.5177475681247574E+000                  1.7067387446573861E+001                  6.8018377785717917E-013                  9.8060717637678130E-001                  1.9392823622538469E-002                  2.2176145289759222E-001                 -1.0362406472360092E-010                  6.9020180410203971E-022                  1.4990059936416199E-004                  1.3141275360618120E-017                  2.3659764891090555E+004                  4.3740104246955740E+000                 -1.5155467406344300E+001                  5.0000000000033995E-001                  0.0000000000000000E+000                  0.0000000000000000E+000 
                                     696                  3.3028220568587621E+000                 -6.5765003318875359E-001                  7.7009577678660799E+000                  1.5386893455384503E+000                  1.7092496167831971E+001                  9.6439663170532064E-015                  9.8060737163196654E-001                  1.9392628368023801E-002                  2.1996316843995237E-001                 -1.0338796498923198E-010                  3.8945998698595280E-026                  2.5740374890658087E-006                  2.3195671086327832E-017                  2.3661130165848615E+004                  4.3740354847158107E+000                 -1.5573468190844805E+001                  5.0000000000000477E-001                  0.0000000000000000E+000                  0.0000000000000000E+000 
                                     697                  3.2979795292301652E+000                 -6.6036152374565271E-001                  7.7068747608273869E+000                  1.5629860185395967E+000                  1.7121871462967764E+001                  9.3668490591670234E-017                  9.8060776558923290E-001                  1.9392234410766984E-002                  2.1859412032407513E-001                 -1.0316721262904312E-010                  4.0228320426369784E-030                  3.1365304580013547E-008                  4.5349126661835402E-017                  2.3662033477695350E+004                  4.3740520644759249E+000                 -1.5180519481000408E+001                  5.0000000000000000E-001                  0.0000000000000000E+000                  0.0000000000000000E+000 
                                     698                  3.2894474567416867E+000                 -6.6499491513052811E-001                  7.7135347929058167E+000                  1.5901039799606103E+000                  1.7154748344120264E+001                  8.5614863632600334E-020                  9.8060815411719626E-001                  1.9391845882803738E-002                  2.1627438457291068E-001                 -1.0271912559799156E-010                  3.7193785932948780E-036                  3.6965289755504266E-011                  9.5761752216081054E-017                  2.3663311656698152E+004                  4.3740755236218165E+000                 -1.5178202012161339E+001                  5.0000000000000000E-001                  0.0000000000000000E+000                  0.0000000000000000E+000 
                                     699                  3.2825295601294058E+000                 -6.6862657597211006E-001                  7.7221459859724240E+000                  1.6238383808128511E+000                  1.7196113682973419E+001                  1.5849858331824852E-023                  9.8061298974062083E-001                  1.9387010259379167E-002                  2.1447339378345326E-001                 -1.0230982499033618E-010                  1.4484021140253989E-043                  9.4640968418048907E-015                  2.4782972095350764E-016                  2.3664063432211147E+004                  4.3740893207933826E+000                 -1.4656252499054213E+001                  5.0000000000000000E-001                  0.0000000000000000E+000                  0.0000000000000000E+000 
                                     700                  3.2689243634585883E+000                 -6.7547826295158908E-001                  7.7324610597612589E+000                  1.6639295623533568E+000                  1.7245405521148552E+001                  9.5338626990346168E-030                  9.8061468098023208E-001                  1.9385319019767921E-002                  2.1111628598286453E-001                 -1.0141994634603506E-010                  6.0997092065645090E-056                  8.3739973766160068E-021                  7.6243557396624475E-016                  2.3664953540553743E+004                  4.3741056561904079E+000                 -1.4786337836733580E+001                  5.0000000000000000E-001                  0.0000000000000000E+000                  0.0000000000000000E+000 
                                     701                  3.2569333426639688E+000                 -6.8122967234250742E-001                  7.7392746358775639E+000                  1.6900880904713056E+000                  1.7277691892301902E+001                  1.4454901820285625E-034                  9.8061132993267197E-001                  1.9388670067328029E-002                  2.0833888121402852E-001                 -1.0057255310404208E-010                  1.5485211089192125E-065                  1.6356631545815920E-025                  1.5863848615211073E-015                  2.3665100416156321E+004                  4.3741083516136490E+000                 -1.5129190614233554E+001                  5.0000000000000000E-001                  0.0000000000000000E+000                  0.0000000000000000E+000 
                                     702                  3.2513990253741425E+000                 -6.8380203477483548E-001                  7.7455859414391188E+000                  1.7134326109104265E+000                  1.7306825714709170E+001                  9.6655632851943977E-039                  9.8060922073565560E-001                  1.9390779264344404E-002                  2.0710852001018171E-001                 -1.0016546365478309E-010                  7.5737739547901379E-074                  1.3788978979386259E-029                  3.0968037921574358E-015                  2.3664977586756737E+004                  4.3741060974812793E+000                 -1.4847454425866927E+001                  5.0000000000000000E-001                  0.0000000000000000E+000                  0.0000000000000000E+000 
                                     703                  3.2403303907944947E+000                 -6.8880660889791490E-001                  7.7527309232315069E+000                  1.7398970599246988E+000                  1.7339846038726051E+001                  0.0000000000000000E+000                  9.8060737275422849E-001                  1.9392627245771510E-002                  2.0473561203608204E-001                 -9.9332129359363010E-011                  0.0000000000000000E+000                  0.0000000000000000E+000                  6.5623308244256810E-015                  2.3664450275860909E+004                  4.3740964202794768E+000                 -1.5041191477893010E+001                  5.0000000000000000E-001                  0.0000000000000000E+000                  0.0000000000000000E+000 
                                     704                  3.2320289148597583E+000                 -6.9244524776202654E-001                  7.7605883807881524E+000                  1.7681746454529916E+000                  1.7375437304363103E+001                  0.0000000000000000E+000                  9.8060606740711542E-001                  1.9393932592884577E-002                  2.0302744638523607E-001                 -9.8695872050832834E-011                  2.2045010542685480E-036                  0.0000000000000000E+000                  1.4814081342908911E-014                  2.3663797758266439E+004                  4.3740844449876617E+000                 -1.4683909432631078E+001                  5.0000000000000000E-001                  0.0000000000000000E+000                  0.0000000000000000E+000 
                                     705                  3.2184237181889381E+000                 -6.9821701970582006E-001                  7.7710957404482057E+000                  1.8055348307316232E+000                  1.7422639261304028E+001                  0.0000000000000000E+000                  9.8060584885738478E-001                  1.9394151142615224E-002                  2.0034706302088132E-001                 -9.7641670651955615E-011                  0.0000000000000000E+000                  0.0000000000000000E+000                  4.3375085374867335E-014                  2.3662335011495557E+004                  4.3740575988113939E+000                 -1.4532603290636413E+001                  5.0000000000000000E-001                  0.0000000000000000E+000                  0.0000000000000000E+000 
                                     706                  3.2015901697657214E+000                 -7.0506137156170268E-001                  7.7803303863603954E+000                  1.8383133268139127E+000                  1.7464081417502655E+001                  0.0000000000000000E+000                  9.8060724298697732E-001                  1.9392757013022677E-002                  1.9721440263543824E-001                 -9.6335955214691198E-011                  3.2779994646253728E-035                  0.0000000000000000E+000                  1.1022705155484440E-013                  2.3659883414835076E+004                  4.3740126002911275E+000                 -1.4982780613895725E+001                  5.0000000000000000E-001                  0.0000000000000000E+000                  0.0000000000000000E+000 
                                     707                  3.1904929913331821E+000                 -7.0941052878557342E-001                  7.7884687092157945E+000                  1.8664057175153590E+000                  1.7499904581920475E+001                  0.0000000000000000E+000                  9.8060865153940535E-001                  1.9391348460594648E-002                  1.9524929356093801E-001                 -9.5478557220753248E-011                  0.0000000000000000E+000                  0.0000000000000000E+000                  2.4778937510947187E-013                  2.3657867920953595E+004                  4.3739756028494972E+000                 -1.4722785346242025E+001                  5.0000000000000011E-001                  0.0000000000000000E+000                  0.0000000000000000E+000 
                                     708                  3.1761508105673935E+000                 -7.1486063440760761E-001                  7.7977971709395311E+000                  1.8983078614615339E+000                  1.7540706081619085E+001                  0.0000000000000000E+000                  9.8060998093591001E-001                  1.9390019064089992E-002                  1.9281435573808225E-001                 -9.4379873421816707E-011                  0.0000000000000000E+000                  0.0000000000000000E+000                  6.2090454540723193E-013                  2.3654872562199456E+004                  4.3739206126812382E+000                 -1.4632072567430574E+001                  5.0000000000000000E-001                  0.0000000000000000E+000                  0.0000000000000000E+000 
                                     709                  3.1602570475168728E+000                 -7.2069559827808738E-001                  7.8056440034514294E+000                  1.9251089556699348E+000                  1.7575000061494837E+001                  0.0000000000000000E+000                  9.8061016836625481E-001                  1.9389831633745191E-002                  1.9024112334352458E-001                 -9.3182093042127554E-011                  0.0000000000000000E+000                  0.0000000000000000E+000                  1.3365456039839873E-012                  2.3651058211809250E+004                  4.3738505770090503E+000                 -1.4691887770212416E+001                  5.0000000000000000E-001                  0.0000000000000000E+000                  0.0000000000000000E+000 
                                     710                  3.1497628999556095E+000                 -7.2443966298966855E-001                  7.8113648313209749E+000                  1.9443594155005048E+000                  1.7599747274605800E+001                  0.0000000000000000E+000                  9.8061003624326548E-001                  1.9389963756734518E-002                  1.8860809865960057E-001                 -9.2403637994597172E-011                  0.0000000000000000E+000                  0.0000000000000000E+000                  2.3284970436639915E-012                  2.3648248295417172E+004                  4.3737989766252294E+000                 -1.4850047148926468E+001                  5.0000000000000000E-001                  0.0000000000000000E+000                  0.0000000000000000E+000 
                                     711                  3.1405033579897883E+000                 -7.2767716938190252E-001                  7.8181738912420391E+000                  1.9668909693931238E+000                  1.7628864990367550E+001                  0.0000000000000000E+000                  9.8061029652079268E-001                  1.9389703479207321E-002                  1.8720732194848302E-001                 -9.1725016286024730E-011                  0.0000000000000000E+000                  0.0000000000000000E+000                  4.4941912311950704E-012                  2.3645593646472214E+004                  4.3737502218892192E+000                 -1.4693821808149975E+001                  5.0000000000000000E-001                  0.0000000000000000E+000                  0.0000000000000000E+000 
                                     712                  3.1256880908444766E+000                 -7.3273813877920813E-001                  7.8256238776361169E+000                  1.9916216485080032E+000                  1.7660794733676941E+001                  0.0000000000000000E+000                  9.8061058248063837E-001                  1.9389417519361629E-002                  1.8503839860373814E-001                 -9.0658157023424388E-011                  0.0000000000000000E+000                  0.0000000000000000E+000                  9.2360297802848457E-012                  2.3641041079183720E+004                  4.3736665976317743E+000                 -1.4685247922246022E+001                  5.0000000000000000E-001                  0.0000000000000000E+000                  0.0000000000000000E+000 
                                     713                  3.1133420348900502E+000                 -7.3685048117978202E-001                  7.8326211479483385E+000                  2.0145452451417336E+000                  1.7690514842141088E+001                  0.0000000000000000E+000                  9.8061078248266687E-001                  1.9389217517333135E-002                  1.8329453598293760E-001                 -8.9787303159147981E-011                  0.0000000000000000E+000                  0.0000000000000000E+000                  1.8206951391490779E-011                  2.3636944410446900E+004                  4.3735913338229375E+000                 -1.4813087057533837E+001                  5.0000000000000000E-001                  0.0000000000000000E+000                  0.0000000000000000E+000 
                                     714                  3.0994527219413217E+000                 -7.4137180533045743E-001                  7.8399796163713722E+000                  2.0385073241785987E+000                  1.7721641408954483E+001                  0.0000000000000000E+000                  9.8061101860145228E-001                  1.9388981398547722E-002                  1.8139620405988968E-001                 -8.8827294607991367E-011                  0.0000000000000000E+000                  0.0000000000000000E+000                  3.7445473261883373E-011                  2.3632031654185241E+004                  4.3735010596887935E+000                 -1.4630502630763596E+001                  5.0000000000000000E-001                  0.0000000000000000E+000                  0.0000000000000000E+000 
                                     715                  3.0849461061948693E+000                 -7.4598379326656306E-001                  7.8470124308866476E+000                  2.0612963850379891E+000                  1.7751291284786085E+001                  0.0000000000000000E+000                  9.8061126056192016E-001                  1.9388739438079838E-002                  1.7948006028440119E-001                 -8.7847381037720902E-011                  0.0000000000000000E+000                  0.0000000000000000E+000                  7.5504760282650981E-011                  2.3626564332627739E+004                  4.3734005730981860E+000                 -1.4661427673769024E+001                  5.0000000000000011E-001                  0.0000000000000000E+000                  0.0000000000000000E+000 
                                     716                  3.0715197703444312E+000                 -7.5015896705729579E-001                  7.8541216350765515E+000                  2.0840918892872367E+000                  1.7781049303903863E+001                  0.0000000000000000E+000                  9.8061149241507828E-001                  1.9388507584921721E-002                  1.7776286163353294E-001                 -8.6960731072830750E-011                  0.0000000000000000E+000                  0.0000000000000000E+000                  1.5603272358947781E-010                  2.3621202195392358E+004                  4.3733019971529652E+000                 -1.4531117526945723E+001                  5.0000000000000000E-001                  0.0000000000000000E+000                  0.0000000000000000E+000 
                                     717                  3.0559328747019672E+000                 -7.5490197747152199E-001                  7.8634004768523811E+000                  2.1134448594686104E+000                  1.7819534105138402E+001                  0.0000000000000000E+000                  9.8061177415203438E-001                  1.9388225847965623E-002                  1.7583204312623393E-001                 -8.5955262286747974E-011                  0.0000000000000000E+000                  0.0000000000000000E+000                  4.1629064367201208E-010                  2.3614634045099221E+004                  4.3731812197231985E+000                 -1.4306354107306058E+001                  5.0000000000000000E-001                  0.0000000000000000E+000                  0.0000000000000000E+000 
                                     718                  3.0324629093078315E+000                 -7.6185175384124015E-001                  7.8718529306928176E+000                  2.1405276610258412E+000                  1.7854899457333836E+001                  0.0000000000000000E+000                  9.8061200140377536E-001                  1.9387998596224643E-002                  1.7304069317732784E-001                 -8.4490624460394998E-011                  0.0000000000000000E+000                  0.0000000000000000E+000                  1.0621442622396130E-009                  2.3604104880868221E+004                  4.3729875356857004E+000                 -1.4628721815721612E+001                  5.0000000000000000E-001                  0.0000000000000000E+000                  0.0000000000000000E+000 
                                     719                  3.0189978613137192E+000                 -7.6574104747703264E-001                  7.8784153556766263E+000                  2.1611278254198139E+000                  1.7881976787105760E+001                  0.0000000000000000E+000                  9.8061219198365113E-001                  1.9387808016348873E-002                  1.7149795768072326E-001                 -8.3675501605140685E-011                  0.0000000000000000E+000                  0.0000000000000000E+000                  2.2551235830685516E-009                  2.3597675799125580E+004                  4.3728692302022392E+000                 -1.4512213737573180E+001                  5.0000000000000000E-001                  0.0000000000000000E+000                  0.0000000000000000E+000 
                                     720                  3.0030177899873745E+000                 -7.7027282214147597E-001                  7.8857726860231496E+000                  2.1841131482406846E+000                  1.7912236274703574E+001                  0.0000000000000000E+000                  9.8061239226168673E-001                  1.9387607738313273E-002                  1.6971771572785654E-001                 -8.2730651179873929E-011                  0.0000000000000000E+000                  0.0000000000000000E+000                  5.3806097506870389E-009                  2.3589729951257967E+004                  4.3727229692302405E+000                 -1.4421351497561732E+001                  4.9999999999999978E-001                  0.0000000000000000E+000                  0.0000000000000000E+000 
                                     721                  2.9851030853285443E+000                 -7.7525222207803057E-001                  7.8961503000476627E+000                  2.2159486543912679E+000                  1.7954395687737211E+001                  0.0000000000000000E+000                  9.8061266598513219E-001                  1.9387334014867807E-002                  1.6778293142686496E-001                 -8.1699850976541530E-011                  0.0000000000000000E+000                  0.0000000000000000E+000                  1.8969911179799159E-008                  2.3580430824311050E+004                  4.3725517355729675E+000                 -1.4187061094320947E+001                  5.0000000000000000E-001                  0.0000000000000000E+000                  0.0000000000000000E+000 
                                     722                  2.9536846400089494E+000                 -7.8375374900159522E-001                  7.9082455596951471E+000                  2.2533600253949087E+000                  1.8003808240735271E+001                  0.0000000000000000E+000                  9.8061301387376543E-001                  1.9386986126234573E-002                  1.6453043691893043E-001                 -7.9963183012136584E-011                  0.0000000000000000E+000                  0.0000000000000000E+000                  8.5087399175925478E-008                  2.3563276446734282E+004                  4.3722356784666374E+000                 -1.4275748732068264E+001                  5.0000000000000011E-001                  0.0000000000000000E+000                  0.0000000000000000E+000 
                                     723                  2.9250520666881359E+000                 -7.9126645291173803E-001                  7.9177477264750280E+000                  2.2826363179154172E+000                  1.8042526013876387E+001                  0.0000000000000000E+000                  9.8061327712535107E-001                  1.9386722874648932E-002                  1.6170876006607110E-001                 -7.8454691588089147E-011                  0.0000000000000000E+000                  0.0000000000000000E+000                  2.7831506614006575E-007                  2.3546674539222131E+004                  4.3719295810511580E+000                 -1.4315027579917983E+001                  5.0000000000000000E-001                  0.0000000000000000E+000                  0.0000000000000000E+000 
                                     724                  2.9046223386970680E+000                 -7.9650332050948014E-001                  7.9246251661952973E+000                  2.3036057165505306E+000                  1.8070352852710339E+001                  0.0000000000000000E+000                  9.8061344966529296E-001                  1.9386550334707042E-002                  1.5977053133475461E-001                 -7.7418130767580268E-011                  0.0000000000000000E+000                  0.0000000000000000E+000                  6.5379333759470243E-007                  2.3534307466818413E+004                  4.3717014230477815E+000                 -1.4395884818631327E+001                  5.0000000000000000E-001                  0.0000000000000000E+000                  0.0000000000000000E+000 
                                     725                  2.8885261893707743E+000                 -8.0056322872084862E-001                  7.9332179294267196E+000                  2.3292252188012421E+000                  1.8104602258444906E+001                  0.0000000000000000E+000                  9.8061364279060292E-001                  1.9386357209397076E-002                  1.5828391051606064E-001                 -7.6623111269371272E-011                  0.0000000000000000E+000                  0.0000000000000000E+000                  1.8808766822438093E-006                  2.3524295735501793E+004                  4.3715166304940372E+000                 -1.4192852967487660E+001                  4.9999999999999989E-001                  0.0000000000000000E+000                  0.0000000000000000E+000 
                                     726                  2.8578445245420943E+000                 -8.0815773768189991E-001                  7.9419042934809410E+000                  2.3555695141647766E+000                  1.8139623746303865E+001                  0.0000000000000000E+000                  9.8061381002642767E-001                  1.9386189973572332E-002                  1.5554006006041454E-001                 -7.5160121517471616E-011                  0.0000000000000000E+000                  0.0000000000000000E+000                  5.4198667047530046E-006                  2.3504717834402662E+004                  4.3711550420081062E+000                 -1.4514005114511347E+001                  5.0000000000000000E-001                  0.0000000000000000E+000                  0.0000000000000000E+000 
                                     727                  2.8397034965308947E+000                 -8.1256299282068745E-001                  7.9472305618916712E+000                  2.3715356066949207E+000                  1.8160930697218046E+001                  0.0000000000000000E+000                  9.8061390236295620E-001                  1.9386097637043798E-002                  1.5397031815666423E-001                 -7.4325642758936876E-011                  0.0000000000000000E+000                  0.0000000000000000E+000                  1.0289680067662255E-005                  2.3492787711361809E+004                  4.3709345542755687E+000                 -1.4426687335741960E+001                  4.9999999999999989E-001                  0.0000000000000000E+000                  0.0000000000000000E+000 
                                     728                  2.8272218490531058E+000                 -8.1556027616081217E-001                  7.9521403799766688E+000                  2.3860841486595419E+000                  1.8180420642638971E+001                  0.0000000000000000E+000                  9.8061387612751494E-001                  1.9386123872485062E-002                  1.5291135045143689E-001                 -7.3763633313078733E-011                  0.0000000000000000E+000                  0.0000000000000000E+000                  1.8470636163481361E-005                  2.3484450914436369E+004                  4.3707804104797479E+000                 -1.4481151838120494E+001                  5.0000000000000000E-001                  0.0000000000000000E+000                  0.0000000000000000E+000 
                                     729                  2.8110189650601973E+000                 -8.1941301563214231E-001                  7.9612457368786167E+000                  2.4125575689319256E+000                  1.8216112179832891E+001                  0.0000000000000000E+000                  9.8061213104514255E-001                  1.9387868954857446E-002                  1.5156083328400077E-001                 -7.3048247057300906E-011                  0.0000000000000000E+000                  0.0000000000000000E+000                  5.3791118097137410E-005                  2.3473499588416249E+004                  4.3705778419904782E+000                 -1.4048546123439898E+001                  5.0000000000000000E-001                  0.0000000000000000E+000                  0.0000000000000000E+000 
                                     730                  2.7728762907802396E+000                 -8.2832991066302863E-001                  7.9715468278270514E+000                  2.4431233368086951E+000                  1.8257042572803634E+001                  0.0000000000000000E+000                  9.8061501407074148E-001                  1.9384985929258525E-002                  1.4848072838088952E-001                 -7.1427553592602487E-011                  0.0000000000000000E+000                  0.0000000000000000E+000                  1.7680401294364965E-004                  2.3447334133214488E+004                  4.3700934723368636E+000                 -1.4071446551323040E+001                  4.9999999999999989E-001                  0.0000000000000000E+000                  0.0000000000000000E+000 
                                     731                  2.7474478412602674E+000                 -8.3416056437417085E-001                  7.9787878909049867E+000                  2.4643330761419748E+000                  1.8285567868513411E+001                  0.0000000000000000E+000                  9.8061641975523717E-001                  1.9383580244762832E-002                  1.4650061088188857E-001                 -7.0392975870139521E-011                  0.0000000000000000E+000                  0.0000000000000000E+000                  4.0172726056512254E-004                  2.3429505599105662E+004                  4.3697631243696611E+000                 -1.4408194355973663E+001                  5.0000000000000000E-001                  0.0000000000000000E+000                  0.0000000000000000E+000 
                                     732                  2.7269810404271180E+000                 -8.3879444897053790E-001                  7.9866384467408986E+000                  2.4869573649469090E+000                  1.8316163245845960E+001                  0.0000000000000000E+000                  9.8061571874714060E-001                  1.9384281252859403E-002                  1.4494577177287377E-001                 -6.9584686829518998E-011                  0.0000000000000000E+000                  0.0000000000000000E+000                  9.6324319601445425E-004                  2.3415011850621988E+004                  4.3694943819198677E+000                 -1.3995995099242812E+001                  4.9999999999999989E-001                  0.0000000000000000E+000                  0.0000000000000000E+000 
                                     733                  2.6965760208901610E+000                 -8.4559183284300565E-001                  7.9948593338074980E+000                  2.5107887007681562E+000                  1.8348327384788369E+001                  2.3006557624061782E-040                  9.8061371120581553E-001                  1.9386288794184470E-002                  1.4269480659044181E-001                 -6.8423067029240590E-011                  9.8353142033007567E-076                  1.1957010139966440E-027                  2.3723996968282391E-003                  2.3393392539683340E+004                  4.3690932083172580E+000                 -1.4092258632815245E+001                  5.0000000000000011E-001                  0.0000000000000000E+000                  0.0000000000000000E+000 
                                     734                  2.6723722556533440E+000                 -8.5093343882119388E-001                  8.0016250129502531E+000                  2.5302396279543369E+000                  1.8374654148496663E+001                  0.0000000000000000E+000                  9.8061482973167424E-001                  1.9385170268325758E-002                  1.4095048064908289E-001                 -6.7530164993997574E-011                  2.9740033806577418E-027                  0.0000000000000000E+000                  4.9207185026059223E-003                  2.3376142454156758E+004                  4.3687728451878298E+000                 -1.4167527987352820E+001                  5.0000000000000000E-001                  0.0000000000000000E+000                  0.0000000000000000E+000 
                                     735                  2.6506509278767143E+000                 -8.5567980790845910E-001                  8.0076848217034602E+000                  2.5475678276435310E+000                  1.8398151138796926E+001                  0.0000000000000000E+000                  9.8061475070834470E-001                  1.9385249291655304E-002                  1.3941843137458695E-001                 -6.6751492519026480E-011                  0.0000000000000000E+000                  0.0000000000000000E+000                  9.3718688625450356E-003                  2.3360713488812395E+004                  4.3684861029746980E+000                 -1.4061104137690654E+001                  5.0000000000000011E-001                  0.0000000000000000E+000                  0.0000000000000000E+000 
                                     736                  2.6304811235127028E+000                 -8.6005026460593581E-001                  8.0134250069727617E+000                  2.5638941932605901E+000                  1.8420330742184063E+001                  0.0000000000000000E+000                  9.8061475044688784E-001                  1.9385249553112160E-002                  1.3802245101990923E-001                 -6.6046925936986250E-011                  0.0000000000000000E+000                  0.0000000000000000E+000                  1.7116304267526441E-002                  2.3346490706535158E+004                  4.3682216094706376E+000                 -1.4093796297641525E+001                  4.9999999999999989E-001                  0.0000000000000000E+000                  0.0000000000000000E+000 
                                     737                  2.6103113191486900E+000                 -8.6438799933123800E-001                  8.0174752611439821E+000                  2.5754573907041602E+000                  1.8436019580532875E+001                  0.0000000000000000E+000                  9.8061476252048463E-001                  1.9385237479515371E-002                  1.3665074403189637E-001                 -6.5359692211071041E-011                  0.0000000000000000E+000                  0.0000000000000000E+000                  2.6071590192012023E-002                  2.3332427519982848E+004                  4.3679599254070620E+000                 -1.4443255120135571E+001                  4.9999999999999989E-001                  0.0000000000000000E+000                  0.0000000000000000E+000 
                                     738                  2.6016227880380378E+000                 -8.6624688491814184E-001                  8.0198936719555487E+000                  2.5822933464289668E+000                  1.8445326391868399E+001                  0.0000000000000000E+000                  9.8061476226779087E-001                  1.9385237732209126E-002                  1.3606709571404366E-001                 -6.5068788056258673E-011                  0.0000000000000000E+000                  0.0000000000000000E+000                  3.3450957486571051E-002                  2.3326428638702178E+004                  4.3678482518142383E+000                 -1.4574239557110701E+001                  5.0000000000000000E-001                  0.0000000000000000E+000                  0.0000000000000000E+000 
                                     739                  2.5929342569273857E+000                 -8.6810035360422122E-001                  8.0221253090927487E+000                  2.5885955054618721E+000                  1.8453909284300526E+001                  0.0000000000000000E+000                  9.8061475695111100E-001                  1.9385243048889000E-002                  1.3548763012338597E-001                 -6.4780872510103124E-011                  0.0000000000000000E+000                  0.0000000000000000E+000                  4.2051984986397069E-002                  2.3320475542418804E+004                  4.3677374021479833E+000                 -1.4471033274880998E+001                  4.9999999999999989E-001                  0.0000000000000000E+000                  0.0000000000000000E+000 
                                     740                  2.5854869445468278E+000                 -8.6968486025306069E-001                  8.0241736538829969E+000                  2.5943662509204097E+000                  1.8461774982342597E+001                  0.0000000000000000E+000                  9.8061475333661974E-001                  1.9385246663380262E-002                  1.3499420939671677E-001                 -6.4536478736296573E-011                  0.0000000000000000E+000                  0.0000000000000000E+000                  5.1827534296549620E-002                  2.3315413006268653E+004                  4.3676431128960145E+000                 -1.4482808277062183E+001                  4.9999999999999989E-001                  0.0000000000000000E+000                  0.0000000000000000E+000 
                                     741                  2.5780396321662686E+000                 -8.7126563962359127E-001                  8.0262109849233880E+000                  2.6000972483241451E+000                  1.8469590666705074E+001                  0.0000000000000000E+000                  9.8061474900733625E-001                  1.9385250992663750E-002                  1.3450373997312462E-001                 -6.4294261038963505E-011                  0.0000000000000000E+000                  0.0000000000000000E+000                  6.3743750201057450E-002                  2.3310391248613843E+004                  4.3675495629108836E+000                 -1.4549569801348698E+001                  5.0000000000000000E-001                  0.0000000000000000E+000                  0.0000000000000000E+000 
                                     742                  2.5705923197857090E+000                 -8.7284280483499177E-001                  8.0282375046668299E+000                  2.6057891829124107E+000                  1.8477357218527057E+001                  0.0000000000000000E+000                  9.8061474569055918E-001                  1.9385254309440825E-002                  1.3401616781949102E-001                 -6.4054199824057116E-011                  0.0000000000000000E+000                  0.0000000000000000E+000                  7.8241045305069756E-002                  2.3305413707140902E+004                  4.3674568167358299E+000                 -1.4581393326055377E+001                  4.9999999999999989E-001                  0.0000000000000000E+000                  0.0000000000000000E+000 
                                     743                  2.5631450074051503E+000                 -8.7441646700592812E-001                  8.0307550925672651E+000                  2.6128321507230265E+000                  1.8486980653644665E+001                  0.0000000000000000E+000                  9.8061474255703607E-001                  1.9385257442963932E-002                  1.3353144016752591E-001                 -6.3816256127055604E-011                  0.0000000000000000E+000                  0.0000000000000000E+000                  1.0078759363621216E-001                  2.3300483914216318E+004                  4.3673649407295159E+000                 -1.4336223620783411E+001                  5.0000000000000011E-001                  0.0000000000000000E+000                  0.0000000000000000E+000 
                                     744                  2.5519802395303577E+000                 -8.7676938009295347E-001                  8.0337539721121427E+000                  2.6212236931935653E+000                  1.8498445879799952E+001                  0.0000000000000000E+000                  9.8061472915074166E-001                  1.9385270849258340E-002                  1.3280995205218710E-001                 -6.3463488833997243E-011                  0.0000000000000000E+000                  0.0000000000000000E+000                  1.3603166938721403E-001                  2.3293191773161110E+004                  4.3672290022528593E+000                 -1.4417976176653978E+001                  5.0000000000000000E-001                  0.0000000000000000E+000                  0.0000000000000000E+000 
                                     745                  2.5408154716555655E+000                 -8.7911502468290559E-001                  8.0368742255115428E+000                  2.6299288409967949E+000                  1.8510352075145835E+001                  0.0000000000000000E+000                  9.8061470726603495E-001                  1.9385292733965054E-002                  1.3209457299327157E-001                 -6.3115402639935194E-011                  0.0000000000000000E+000                  0.0000000000000000E+000                  1.8544308807690893E-001                  2.3286027738053635E+004                  4.3670954104506556E+000                 -1.4382131311691170E+001                  5.0000000000000011E-001                  0.0000000000000000E+000                  0.0000000000000000E+000 
                                     746                  2.5285660906800786E+000                 -8.8168061569621003E-001                  8.0401130522531918E+000                  2.6389488162407249E+000                  1.8522696643621888E+001                  0.0000000000000000E+000                  9.8061467875770303E-001                  1.9385321242296971E-002                  1.3131652582628756E-001                 -6.2738783759704915E-011                  0.0000000000000000E+000                  0.0000000000000000E+000                  2.5522244776349140E-001                  2.3278331209869375E+004                  4.3669518431461247E+000                 -1.4376458154034001E+001                  5.0000000000000000E-001                  0.0000000000000000E+000                  0.0000000000000000E+000 
                                     747                  2.5163167097045900E+000                 -8.8423833244217620E-001                  8.0425251098819714E+000                  2.6456760277133253E+000                  1.8531898853668309E+001                  0.0000000000000000E+000                  9.8061465124139247E-001                  1.9385348758607535E-002                  1.3054542833676921E-001                 -6.2367645826449079E-011                  0.0000000000000000E+000                  0.0000000000000000E+000                  3.2330919039546180E-001                  2.3270823053918597E+004                  4.3668117438992731E+000                 -1.4666672827179578E+001                  4.9999999999999989E-001                  0.0000000000000000E+000                  0.0000000000000000E+000 
                                     748                  2.5101920192168463E+000                 -8.8551433062242524E-001                  8.0441253735283880E+000                  2.6501156745138505E+000                  1.8537983114945938E+001                  0.0000000000000000E+000                  9.8061463083613476E-001                  1.9385369163865240E-002                  1.3016243645498568E-001                 -6.2184084522475429E-011                  0.0000000000000000E+000                  0.0000000000000000E+000                  3.7793284988010817E-001                  2.3267144868911597E+004                  4.3667430939118939E+000                 -1.4617461993089966E+001                  4.9999999999999989E-001                  0.0000000000000000E+000                  0.0000000000000000E+000 
                                     749                  2.5040673287291013E+000                 -8.8678852504897310E-001                  8.0465142925819997E+000                  2.6567091323206022E+000                  1.8547035485508914E+001                  0.0000000000000000E+000                  9.8061459438356668E-001                  1.9385405616433316E-002                  1.2978110720633326E-001                 -6.2001814023967254E-011                  2.1905863877133196E-024                  0.0000000000000000E+000                  4.7656725859271348E-001                  2.3263521065938163E+004                  4.3666754483019963E+000                 -1.4357241765402048E+001                  5.0000000000000011E-001                  0.0000000000000000E+000                  0.0000000000000000E+000 
                                     750                  2.4918179477536140E+000                 -8.8933180558844860E-001                  8.0493981703069402E+000                  2.6646914027671573E+000                  1.8557983820704564E+001                  0.0000000000000000E+000                  9.8061453934963017E-001                  1.9385460650369835E-002                  1.2902331451535973E-001                 -6.1641238044377475E-011                  0.0000000000000000E+000                  0.0000000000000000E+000                  6.2959708593448160E-001                  2.3256448050384271E+004                  4.3665433858046434E+000                 -1.4417211331497345E+001                  4.9999999999999989E-001                  0.0000000000000000E+000                  0.0000000000000000E+000 
                                     751                  2.4817443716631602E+000                 -8.9141835221227306E-001                  8.0519841896448767E+000                  2.6718243661114784E+000                  1.8567779336730371E+001                  0.0000000000000000E+000                  9.8061449533831047E-001                  1.9385504661689534E-002                  1.2840491502791473E-001                 -6.1348634157165622E-011                  0.0000000000000000E+000                  0.0000000000000000E+000                  8.0691579208720288E-001                  2.3250816361609155E+004                  4.3664382060482456E+000                 -1.4448685575842211E+001                  5.0000000000000000E-001                  0.0000000000000000E+000                  0.0000000000000000E+000 
                                     752                  2.4716707955727077E+000                 -8.9350067692024360E-001                  8.0545546771100387E+000                  2.6788997517055160E+000                  1.8577503018441604E+001                  0.0000000000000000E+000                  9.8061444873658632E-001                  1.9385551263413681E-002                  1.2779072177336134E-001                 -6.1059494196429248E-011                  0.0000000000000000E+000                  0.0000000000000000E+000                  1.0311648041765509E+000                  2.3245365067559123E+004                  4.3663363711507017E+000                 -1.4397995784057064E+001                  5.0000000000000000E-001                  0.0000000000000000E+000                  0.0000000000000000E+000 
                                     753                  2.4615972194822553E+000                 -8.9557900478290364E-001                  8.0571100172638452E+000                  2.6859187663069757E+000                  1.8587156455816636E+001                  1.6753884819258735E-039                  9.8061439744710543E-001                  1.9385602552894565E-002                  1.2718063680855532E-001                 -6.0773791440512345E-011                  4.2402346127222711E-024                  5.4582412214787376E-026                  1.3139905385222055E+000                  2.3240106830411431E+004                  4.3662381200931444E+000                 -1.4329154470206049E+001                  5.0000000000000011E-001                  0.0000000000000000E+000                  0.0000000000000000E+000 
                                     754                  2.4515236433918015E+000                 -8.9765355704021677E-001                  8.0592605408048108E+000                  2.6918247415532357E+000                  1.8595279736476858E+001                  0.0000000000000000E+000                  9.8061434903697298E-001                  1.9385650963027024E-002                  1.2657456483745247E-001                 -6.0491505008962061E-011                  0.0000000000000000E+000                  0.0000000000000000E+000                  1.6096581306263278E+000                  2.3235054766605681E+004                  4.3661437004777488E+000                 -1.4668178844444185E+001                  5.0000000000000000E-001                  0.0000000000000000E+000                  0.0000000000000000E+000 
                                     755                  2.4445508621272158E+000                 -8.9908741234196832E-001                  8.0610121554446650E+000                  2.6966188535184941E+000                  1.8601881710962168E+001                  0.0000000000000000E+000                  9.8061430810726435E-001                  1.9385691892735646E-002                  1.2615735866242819E-001                 -6.0298083831428146E-011                  0.0000000000000000E+000                  0.0000000000000000E+000                  1.8975509737391358E+000                  2.3231685497609829E+004                  4.3660807197337936E+000                 -1.4630333194148589E+001                  5.0000000000000000E-001                  0.0000000000000000E+000                  0.0000000000000000E+000 
                                     756                  2.4375780808626284E+000                 -9.0051963432205795E-001                  8.0627569625634319E+000                  2.7013873498025953E+000                  1.8608451874187907E+001                  0.0000000000000000E+000                  9.8061426672494334E-001                  1.9385733275056660E-002                  1.2574200055048040E-001                 -6.0106257133252144E-011                  0.0000000000000000E+000                  0.0000000000000000E+000                  2.2340645744251866E+000                  2.3228426150011102E+004                  4.3660197850253377E+000                 -1.4510408254917364E+001                  5.0000000000000011E-001                  0.0000000000000000E+000                  0.0000000000000000E+000 
                                     757                  2.4306052995980418E+000                 -9.0195029342890110E-001                  8.0644950807818958E+000                  2.7061305925092025E+000                  1.8614990707121667E+001                  0.0000000000000000E+000                  9.8061421738963883E-001                  1.9385782610361169E-002                  1.2532846096804268E-001                 -5.9916024843099126E-011                  0.0000000000000000E+000                  0.0000000000000000E+000                  2.6269356304593257E+000                  2.3225281444784738E+004                  4.3659609854935102E+000                 -1.4503361295773527E+001                  5.0000000000000011E-001                  0.0000000000000000E+000                  0.0000000000000000E+000 
                                     758                  2.4236325183334562E+000                 -9.0337945938457731E-001                  8.0662554277427354E+000                  2.7109267396851662E+000                  1.8621606326295513E+001                  0.0000000000000000E+000                  9.8061414858878970E-001                  1.9385851411210298E-002                  1.2491671090860919E-001                 -5.9727377028783922E-011                  0.0000000000000000E+000                  0.0000000000000000E+000                  3.0932925993677203E+000                  2.3222256199716780E+004                  4.3659044121073673E+000                 -1.4498823148921952E+001                  5.0000000000000011E-001                  0.0000000000000000E+000                  0.0000000000000000E+000 
                                     759                  2.4164273110267160E+000                 -9.0485477029365413E-001                  8.0680378002101314E+000                  2.7157761565858745E+000                  1.8628298796054818E+001                  0.0000000000000000E+000                  9.8061410544110206E-001                  1.9385894558897943E-002                  1.2449308517252916E-001                 -5.9534096904250361E-011                  0.0000000000000000E+000                  0.0000000000000000E+000                  3.6474984328538813E+000                  2.3219260825476806E+004                  4.3658483900568923E+000                 -1.4528520835318757E+001                  5.0000000000000000E-001                  0.0000000000000000E+000                  0.0000000000000000E+000 
                                     760                  2.4092221037199781E+000                 -9.0632863597135782E-001                  8.0706984932505303E+000                  2.7229729787877237E+000                  1.8638251666836336E+001                  0.0000000000000000E+000                  9.8061402699067690E-001                  1.9385973009323099E-002                  1.2407130894367777E-001                 -5.9342470460128977E-011                  0.0000000000000000E+000                  0.0000000000000000E+000                  4.6585142908641304E+000                  2.3216403744537201E+004                  4.3657949477513078E+000                 -1.4455603195148015E+001                  5.0000000000000000E-001                  0.0000000000000000E+000                  0.0000000000000000E+000 
                                     761                  2.3948116891065014E+000                 -9.0927246109849824E-001                  8.0742233922134155E+000                  2.7325198180447834E+000                  1.8651448654138445E+001                  0.0000000000000000E+000                  9.8061388765509949E-001                  1.9386112344900508E-002                  1.2323314691992060E-001                 -5.8964214602230640E-011                  0.0000000000000000E+000                  0.0000000000000000E+000                  6.4284610016312147E+000                  2.3211126898658116E+004                  4.3656962259358130E+000                 -1.4268243751571429E+001                  5.0000000000000000E-001                  0.0000000000000000E+000                  0.0000000000000000E+000 
                                     762                  2.3804012744930247E+000                 -9.1221139167362542E-001                  8.0777229306742946E+000                  2.7419683016203553E+000                  1.8664524601503349E+001                  0.0000000000000000E+000                  9.8061370105570678E-001                  1.9386298944293223E-002                  1.2240202656626537E-001                 -5.8592599815192189E-011                  0.0000000000000000E+000                  0.0000000000000000E+000                  8.8279567573741264E+000                  2.3206470730536184E+004                  4.3656090974228254E+000                 -1.4112717758316425E+001                  5.0000000000000000E-001                  0.0000000000000000E+000                  0.0000000000000000E+000 
                                     763                  2.3659908598795467E+000                 -9.1514600701960314E-001                  8.0801910977219755E+000                  2.7486436913389736E+000                  1.8673757311837264E+001                  0.0000000000000000E+000                  9.8061353030501575E-001                  1.9386469694984254E-002                  1.2157771954352772E-001                 -5.8227575007890274E-011                  0.0000000000000000E+000                  0.0000000000000000E+000                  1.1026041055381222E+001                  2.3202481096678377E+004                  4.3655344275194850E+000                 -1.4529224367268592E+001                  4.9999999999999989E-001                  0.0000000000000000E+000                  0.0000000000000000E+000 
                                     764                  2.3599553255480208E+000                 -9.1637391255828649E-001                  8.0816424107698861E+000                  2.7525441443916687E+000                  1.8679164301302460E+001                  0.0000000000000000E+000                  9.8061340915847106E-001                  1.9386590841528939E-002                  1.2123446141377413E-001                 -5.8076621284121938E-011                  0.0000000000000000E+000                  0.0000000000000000E+000                  1.2557696045923379E+001                  2.3201019437723811E+004                  4.3655070679275880E+000                 -1.4771478221179443E+001                  5.0000000000000000E-001                  0.0000000000000000E+000                  0.0000000000000000E+000 
                                     765                  2.3539197912164962E+000                 -9.1760120285429791E-001                  8.0838114203796465E+000                  2.7583451842749396E+000                  1.8687220107380188E+001                  0.0000000000000000E+000                  9.8061319354862819E-001                  1.9386806451371807E-002                  1.2089234368843979E-001                 -5.7926771740504050E-011                  1.0948507112507199E-022                  0.0000000000000000E+000                  1.5238838558949466E+001                  2.3199686026750554E+004                  4.3654821074007097E+000                 -1.4303210917437701E+001                  4.9999999999999989E-001                  0.0000000000000000E+000                  0.0000000000000000E+000 
                                     766                  2.3418487225534457E+000                 -9.2005417578692339E-001                  8.0866898277834931E+000                  2.7660500814204543E+000                  1.8697916709782152E+001                  3.5950478031694385E-037                  9.8061285273831478E-001                  1.9387147261685223E-002                  1.2021144682646445E-001                 -5.7630478067835522E-011                  6.6169461905830481E-069                  2.8572604353111379E-023                  1.9673980805704129E+001                  2.3197416208598326E+004                  4.3654396146823409E+000                 -1.4239778155053047E+001                  5.0000000000000000E-001                  0.0000000000000000E+000                  0.0000000000000000E+000 
                                     767                  2.3297776538903952E+000                 -9.2250517872017745E-001                  8.0895527334421775E+000                  2.7736924738495858E+000                  1.8708537261580400E+001                  0.0000000000000000E+000                  9.8061241298212143E-001                  1.9387587017878571E-002                  1.1953492717134243E-001                 -5.7338733169725905E-011                  0.0000000000000000E+000                  0.0000000000000000E+000                  2.5323048682028105E+001                  2.3195696783670392E+004                  4.3654074229749762E+000                 -1.4342964335370118E+001                  5.0000000000000000E-001                  0.0000000000000000E+000                  0.0000000000000000E+000 
                                     768                  2.3177065852273442E+000                 -9.2495453512961423E-001                  8.0919271887044566E+000                  2.7800279112335637E+000                  1.8717343273085909E+001                  0.0000000000000000E+000                  9.8061197003424105E-001                  1.9388029965758946E-002                  1.1886266543649510E-001                 -5.7051512960206648E-011                  0.0000000000000000E+000                  0.0000000000000000E+000                  3.1183247427691573E+001                  2.3194550206540753E+004                  4.3653859550090610E+000                 -1.4526515217671230E+001                  5.0000000000000000E-001                  0.0000000000000000E+000                  0.0000000000000000E+000 
                                     769                  2.3096600442035840E+000                 -9.2658647775403669E-001                  8.0938191149274132E+000                  2.7850547158673060E+000                  1.8724341053636238E+001                  0.0000000000000000E+000                  9.8061149979609064E-001                  1.9388500203909365E-002                  1.1841685490511523E-001                 -5.6862550245941912E-011                  0.0000000000000000E+000                  0.0000000000000000E+000                  3.6777598909532202E+001                  2.3194114106081764E+004                  4.3653777893924950E+000                 -1.4486396960483718E+001                  5.0000000000000000E-001                  0.0000000000000000E+000                  0.0000000000000000E+000 
                                     770                  2.3016135031798219E+000                 -9.2821792549971016E-001                  8.0966444400207411E+000                  2.7925134569741843E+000                  1.8734748718227515E+001                  0.0000000000000000E+000                  9.8061062976727698E-001                  1.9389370232723024E-002                  1.1797285087657375E-001                 -5.6675551246387167E-011                  1.6004350619834657E-022                  0.0000000000000000E+000                  4.6985466822960646E+001                  2.3193945766667082E+004                  4.3653746373365960E+000                 -1.4174597500734963E+001                  5.0000000000000000E-001                  0.0000000000000000E+000                  0.0000000000000000E+000 
                                     771                  2.2855204211322993E+000                 -9.3147987800811649E-001                  8.0993932701536018E+000                  2.7998113075134703E+000                  1.8744911332378230E+001                  0.0000000000000000E+000                  9.8060954524968058E-001                  1.9390454750319419E-002                  1.1709008519425862E-001                 -5.6307594749561316E-011                  0.0000000000000000E+000                  0.0000000000000000E+000                  5.9556509244411849E+001                  2.3194423467698129E+004                  4.3653835819459976E+000                 -1.4617525467140073E+001                  5.0000000000000000E-001                  0.0000000000000000E+000                  0.0000000000000000E+000 
                                     772                  2.2780268256210761E+000                 -9.3299835651083252E-001                  8.1011327537827871E+000                  2.8043985784779020E+000                  1.8751315008822914E+001                  0.0000000000000000E+000                  9.8060871240129011E-001                  1.9391287598709894E-002                  1.1668140325962144E-001                 -5.6139002268715191E-011                  0.0000000000000000E+000                  0.0000000000000000E+000                  6.9137171340435444E+001                  2.3195020160542848E+004                  4.3653947543330585E+000                 -1.4449661059714321E+001                  5.0000000000000000E-001                  0.0000000000000000E+000                  0.0000000000000000E+000 
                                     773                  2.2705332301098529E+000                 -9.3451672312154777E-001                  8.1037318547191344E+000                  2.8112119412438608E+000                  1.8760847149490921E+001                  0.0000000000000000E+000                  9.8060720810346447E-001                  1.9392791896535533E-002                  1.1627417771292783E-001                 -5.5972102150212290E-011                  0.0000000000000000E+000                  0.0000000000000000E+000                  8.6293097029191671E+001                  2.3195853004390283E+004                  4.3654103478954376E+000                 -1.4173493914752662E+001                  4.9999999999999989E-001                  0.0000000000000000E+000                  0.0000000000000000E+000 
                                     774                  2.2555460390874078E+000                 -9.3755355043069222E-001                  8.1071813504713539E+000                  2.8202599572365363E+000                  1.8773503239559904E+001                  0.0000000000000000E+000                  9.8060460525237514E-001                  1.9395394747624861E-002                  1.1546396037409233E-001                 -5.5643512407771323E-011                  0.0000000000000000E+000                  0.0000000000000000E+000                  1.1559017095020965E+002                  2.3198212780450234E+004                  4.3654545275854435E+000                 -1.4133218470940365E+001                  5.0000000000000000E-001                  0.0000000000000000E+000                  0.0000000000000000E+000 
                                     775                  2.2405588480649614E+000                 -9.4059081918231824E-001                  8.1106122446807607E+000                  2.8292259830911579E+000                  1.8786061980753470E+001                  0.0000000000000000E+000                  9.8060113186847309E-001                  1.9398868131526914E-002                  1.1465927221465842E-001                 -5.5321919677373743E-011                  0.0000000000000000E+000                  0.0000000000000000E+000                  1.5423561657332093E+002                  2.3201451653457472E+004                  4.3655151583979324E+000                 -1.4115834406043954E+001                  5.0000000000000011E-001                  0.0000000000000000E+000                  0.0000000000000000E+000 
                                     776                  2.2255716570425150E+000                 -9.4362911840632757E-001                  8.1132524145192999E+000                  2.8361254257574613E+000                  1.8795726397205609E+001                  0.0000000000000000E+000                  9.8059781576067639E-001                  1.9402184239323605E-002                  1.1385992190364384E-001                 -5.5007346627224529E-011                  0.0000000000000000E+000                  0.0000000000000000E+000                  1.9228775887887048E+002                  2.3205470295015635E+004                  4.3655903744986579E+000                 -1.4368898464115539E+001                  5.0000000000000000E-001                  0.0000000000000000E+000                  0.0000000000000000E+000 
                                     777                  2.2173930776555593E+000                 -9.4528771077890061E-001                  8.1151098248972851E+000                  2.8409511154376141E+000                  1.8802500588970521E+001                  0.0000000000000000E+000                  9.8059487352701924E-001                  1.9405126472980760E-002                  1.1342591443627949E-001                 -5.4838641630428924E-011                  0.0000000000000000E+000                  0.0000000000000000E+000                  2.2435900155613808E+002                  2.3207934353693352E+004                  4.3656364873445446E+000                 -1.4425352288172048E+001                  5.0000000000000011E-001                  0.0000000000000000E+000                  0.0000000000000000E+000 
                                     778                  2.2092144982686035E+000                 -9.4694687973983505E-001                  8.1178854759448402E+000                  2.8481159152045907E+000                  1.8812582599994251E+001                  0.0000000000000000E+000                  9.8058951147245932E-001                  1.9410488527540681E-002                  1.1299341128906186E-001                 -5.4671998952419053E-011                  0.0000000000000000E+000                  0.0000000000000000E+000                  2.8213832449343749E+002                  2.3210545730835413E+004                  4.3656853517917256E+000                 -1.4162358160339862E+001                  5.0000000000000000E-001                  0.0000000000000000E+000                  0.0000000000000000E+000 
                                     779                  2.1928573394946920E+000                 -9.5026749332423643E-001                  8.1209463335733822E+000                  2.8560439755975313E+000                  1.8823724599570102E+001                  0.0000000000000000E+000                  9.8057981309473341E-001                  1.9420186905266590E-002                  1.1213275865890118E-001                 -5.4345084787006490E-011                  0.0000000000000000E+000                  0.0000000000000000E+000                  3.6271910999929128E+002                  2.3216029408301321E+004                  4.3657879452252457E+000                 -1.4495245802299255E+001                  5.0000000000000011E-001                  0.0000000000000000E+000                  0.0000000000000000E+000 
                                     780                  2.1820642182430223E+000                 -9.5246032351167698E-001                  8.1233700301568241E+000                  2.8622855356745665E+000                  1.8832515480580984E+001                  2.0026072784380545E-036                  9.8057228823560316E-001                  1.9427711764396838E-002                  1.1156800735425136E-001                 -5.4134046434650920E-011                  3.0186989185575355E-067                  5.2474139280373410E-022                  4.4196348851185815E+002                  2.3219623276078451E+004                  4.3658551693023160E+000                 -1.4346331916653613E+001                  5.0000000000000000E-001                  0.0000000000000000E+000                  0.0000000000000000E+000 
                                     781                  2.1712710969913536E+000                 -9.5465486854637482E-001                  8.1257858126023557E+000                  2.8684901241206373E+000                  1.8841263061074766E+001                  0.0000000000000000E+000                  9.8056311824096076E-001                  1.9436881759039237E-002                  1.1100566207688652E-001                 -5.3926704736230125E-011                  0.0000000000000000E+000                  0.0000000000000000E+000                  5.3757992366771930E+002                  2.3222979851212825E+004                  4.3659179453727051E+000                 -1.4237644350189859E+001                  4.9999999999999989E-001                  0.0000000000000000E+000                  0.0000000000000000E+000 
                                     782                  2.1604779757396857E+000                 -9.5685134439875330E-001                  8.1281938655491892E+000                  2.8746586282911597E+000                  1.8849968351773516E+001                  0.0000000000000000E+000                  9.8055197972557195E-001                  1.9448020274428046E-002                  1.1044566020567743E-001                 -5.3723105300754708E-011                  0.0000000000000000E+000                  0.0000000000000000E+000                  6.5276065938103841E+002                  2.3225850670992779E+004                  4.3659716294451147E+000                 -1.4190002097697656E+001                  4.9999999999999989E-001                  0.0000000000000000E+000                  0.0000000000000000E+000 
                                     783                  2.1496848544880165E+000                 -9.5904996638968265E-001                  8.1309009251221216E+000                  2.8815652125836486E+000                  1.8859729961087904E+001                  0.0000000000000000E+000                  9.8053680473497018E-001                  1.9463195265029820E-002                  1.0988794040355634E-001                 -5.3523261948545743E-011                  0.0000000000000000E+000                  0.0000000000000000E+000                  8.1087629854949159E+002                  2.3227923603945430E+004                  4.3660103889800439E+000                 -1.4193924103457279E+001                  5.0000000000000000E-001                  0.0000000000000000E+000                  0.0000000000000000E+000 
                                     784                  2.1361261753186485E+000                 -9.6181536611162965E-001                  8.1339047253563894E+000                  2.8892166178740286E+000                  1.8870550730672722E+001                  0.0000000000000000E+000                  9.8051513917308641E-001                  1.9484860826913586E-002                  1.0919044448444987E-001                 -5.3277584675852692E-011                  0.0000000000000000E+000                  0.0000000000000000E+000                  1.0299368810692490E+003                  2.3228804735047059E+004                  4.3660268632514354E+000                 -1.4156790877252789E+001                  4.9999999999999978E-001                  0.0000000000000000E+000                  0.0000000000000000E+000 
                                     785                  2.1225674961492818E+000                 -9.6458491420725223E-001                  8.1368968678848965E+000                  2.8968163903202222E+000                  1.8881309957870634E+001                  0.0000000000000000E+000                  9.8048761235087611E-001                  1.9512387649123886E-002                  1.0849633944763627E-001                 -5.3037933500743498E-011                  0.0000000000000000E+000                  0.0000000000000000E+000                  1.3048088378381105E+003                  2.3226826181410848E+004                  4.3659898698919690E+000                 -1.4189769505758486E+001                  5.0000000000000011E-001                  0.0000000000000000E+000                  0.0000000000000000E+000 
                                     786                  2.1090088169799150E+000                 -9.6735903018202951E-001                  8.1398773042211765E+000                  2.9043668561389784E+000                  1.8892009499352429E+001                  0.0000000000000000E+000                  9.8045275260199016E-001                  1.9547247398009837E-002                  1.0780551282133639E-001                 -5.2804331594641383E-011                  7.8826692265139464E-021                  0.0000000000000000E+000                  1.6488340995332408E+003                  2.3220713653379207E+004                  4.3658755629891965E+000                 -1.4208564993293511E+001                  5.0000000000000000E-001                  0.0000000000000000E+000                  0.0000000000000000E+000 
                                     787                  2.0954501378105470E+000                 -9.7013812871713578E-001                  8.1427101345978858E+000                  2.9115323664548924E+000                  1.8902168921469777E+001                  0.0000000000000000E+000                  9.8041044796323096E-001                  1.9589552036769042E-002                  1.0711785593646043E-001                 -5.2576808692700419E-011                  0.0000000000000000E+000                  0.0000000000000000E+000                  2.0565417819662107E+003                  2.3208829312853868E+004                  4.3656532345623287E+000                 -1.4125978926411904E+001                  4.9999999999999989E-001                  0.0000000000000000E+000                  0.0000000000000000E+000 
                                     788                  2.0831347743312438E+000                 -9.7266702738331234E-001                  8.1453961882999941E+000                  2.9183118296599551E+000                  1.8911788347920186E+001                  0.0000000000000000E+000                  9.8036095125734368E-001                  1.9639048742656318E-002                  1.0649592071629234E-001                 -5.2375414545342303E-011                  0.0000000000000000E+000                  0.0000000000000000E+000                  2.5324769418169667E+003                  2.3191264871848809E+004                  4.3653244360844550E+000                 -1.4195922383754041E+001                  4.9999999999999989E-001                  0.0000000000000000E+000                  0.0000000000000000E+000 
                                     789                  2.0708194108519415E+000                 -9.7520067235381447E-001                  8.1477342219952877E+000                  2.9242167277457631E+000                  1.8920164186745566E+001                  0.0000000000000000E+000                  9.8030848737167864E-001                  1.9691512628321362E-002                  1.0587643939843512E-001                 -5.2179031004709259E-011                  0.0000000000000000E+000                  0.0000000000000000E+000                  3.0325705589371569E+003                  2.3165257041159341E+004                  4.3648371234874919E+000                 -1.4303421931232677E+001                  4.9999999999999989E-001                  0.0000000000000000E+000                  0.0000000000000000E+000 
                                     790                  2.0616172446570245E+000                 -9.7709707788076772E-001                  8.1497267946535032E+000                  2.9292398685364400E+000                  1.8927293646264729E+001                  0.0000000000000000E+000                  9.8025550472921652E-001                  1.9744495270783480E-002                  1.0541512355424072E-001                 -5.2035528979206340E-011                  0.0000000000000000E+000                  0.0000000000000000E+000                  3.5332346271687720E+003                  2.3138845342845099E+004                  4.3643416833217623E+000                 -1.4318145043804263E+001                  5.0000000000000000E-001                  0.0000000000000000E+000                  0.0000000000000000E+000 
                                     791                  2.0524150784621060E+000                 -9.7899641332755938E-001                  8.1527020056161028E+000                  2.9367074170534551E+000                  1.8937908747787581E+001                  0.0000000000000000E+000                  9.8015940344876717E-001                  1.9840596551232825E-002                  1.0495510964586269E-001                 -5.1894764590751686E-011                  0.0000000000000000E+000                  0.0000000000000000E+000                  4.4324481950256459E+003                  2.3105181187487215E+004                  4.3637093785425547E+000                 -1.3981486363086207E+001                  5.0000000000000011E-001                  0.0000000000000000E+000                  0.0000000000000000E+000 
                                     792                  2.0340107460722705E+000                 -9.8280458016603400E-001                  8.1556609775981705E+000                  2.9442213948171654E+000                  1.8948540900455235E+001                  0.0000000000000000E+000                  9.8003890592499343E-001                  1.9961094075006569E-002                  1.0403882048284853E-001                 -5.1621568038119829E-011                  0.0000000000000000E+000                  0.0000000000000000E+000                  5.5474961936804348E+003                  2.3010839199849906E+004                  4.3619324575742517E+000                 -1.4334614348393774E+001                  4.9999999999999989E-001                  0.0000000000000000E+000                  0.0000000000000000E+000 
                                     793                  2.0248085798773521E+000                 -9.8471336420948496E-001                  8.1576225563122104E+000                  2.9491910378892499E+000                  1.8955577575433885E+001                  0.0000000000000000E+000                  9.7994247541297153E-001                  2.0057524587028475E-002                  1.0358255894294481E-001                 -5.1488860003677938E-011                  7.6881347985339789E-020                  0.0000000000000000E+000                  6.4315452062472614E+003                  2.2946247335641190E+004                  4.3607116704971123E+000                 -1.4290554137001521E+001                  5.0000000000000000E-001                  0.0000000000000000E+000                  0.0000000000000000E+000 
                                     794                  2.0156064136824350E+000                 -9.8662549907352137E-001                  8.1595743240748018E+000                  2.9541524286384098E+000                  1.8962592323985188E+001                  0.0000000000000000E+000                  9.7983093208986916E-001                  2.0169067910130845E-002                  1.0312750264649830E-001                 -5.1358696162057743E-011                  0.0000000000000000E+000                  0.0000000000000000E+000                  7.4465836347482373E+003                  2.2867520255893887E+004                  4.3592190724523485E+000                 -1.4270082933022662E+001                  5.0000000000000000E-001                  0.0000000000000000E+000                  0.0000000000000000E+000 
                                     795                  2.0064042474875166E+000                 -9.8854107195241814E-001                  8.1615151370519641E+000                  2.9591081458155828E+000                  1.8969585639191024E+001                  0.0000000000000000E+000                  9.7970215422948836E-001                  2.0297845770511636E-002                  1.0267363269121392E-001                 -5.1230995360557947E-011                  0.0000000000000000E+000                  0.0000000000000000E+000                  8.6099087492729141E+003                  2.2772304275721945E+004                  4.3574069780722420E+000                 -1.4334305926922319E+001                  5.0000000000000011E-001                  0.0000000000000000E+000                  0.0000000000000000E+000 
                                     796                  1.9972020812925981E+000                 -9.9046016018490324E-001                  8.1642767131174026E+000                  2.9661731212047875E+000                  1.8979544945592362E+001                  0.0000000000000000E+000                  9.7948288031854203E-001                  2.0517119681457974E-002                  1.0222093282265389E-001                 -5.1105640143224658E-011                  0.0000000000000000E+000                  0.0000000000000000E+000                  1.0573716709517921E+004                  2.2657960597020952E+004                  4.3552208172079077E+000                 -1.4015119072585447E+001                  5.0000000000000000E-001                  0.0000000000000000E+000                  0.0000000000000000E+000 
                                     797                  1.9800247043954178E+000                 -9.9405231999555943E-001                  8.1678259394627908E+000                  2.9754262122541322E+000                  1.8992490096380610E+001                  0.0000000000000000E+000                  9.7912372946307924E-001                  2.0876270536920760E-002                  1.0137892459302379E-001                 -5.0877761668509325E-011                  0.0000000000000000E+000                  0.0000000000000000E+000                  1.3752411143290828E+004                  2.2383753378570571E+004                  4.3499329121711634E+000                 -1.4021331531335234E+001                  4.9999999999999989E-001                  0.0000000000000000E+000                  0.0000000000000000E+000 
                                     798                  1.9628473274982385E+000                 -9.9765726073595262E-001                  8.1713113355850187E+000                  2.9847121595365276E+000                  1.9005367598491983E+001                  0.0000000000000000E+000                  9.7866307878338998E-001                  2.1336921216610016E-002                  1.0054089322443484E-001                 -5.0656458765306230E-011                  0.0000000000000000E+000                  0.0000000000000000E+000                  1.7778470600706456E+004                  2.2010746870441530E+004                  4.3426347793188294E+000                 -1.4107311883335093E+001                  5.0000000000000011E-001                  0.0000000000000000E+000                  0.0000000000000000E+000 
                                     799                  1.9456699506010595E+000                 -1.0012750747317094E+000                  8.1738675482522005E+000                  2.9917596119939280E+000                  1.9015012385480411E+001                  0.0000000000000000E+000                  9.7823769866157151E-001                  2.1762301338428491E-002                  9.9706833766969677E-002                 -5.0440127896336458E-011                  0.0000000000000000E+000                  0.0000000000000000E+000                  2.1454412844406917E+004                  2.1514017413551603E+004                  4.3327215158093608E+000                 -1.4280246695801964E+001                  4.9999999999999989E-001                  0.0000000000000000E+000                  0.0000000000000000E+000 
                                     800                  1.9370812621524693E+000                 -1.0030886027141197E+000                  8.1755461506585636E+000                  2.9964573751640362E+000                  1.9021402691000944E+001                  0.0000000000000000E+000                  9.7791044384500658E-001                  2.2089556154993417E-002                  9.9291345823002239E-002                 -5.0332876335838193E-011                  0.0000000000000000E+000                  0.0000000000000000E+000                  2.4263438707468849E+004                  2.1210466488897502E+004                  4.3265502202056787E+000                 -1.4261331679128457E+001                  5.0000000000000000E-001                  0.0000000000000000E+000                  0.0000000000000000E+000 
                                     801                  1.9284925737038792E+000                 -1.0049052547846373E+000                  8.1767680832065288E+000                  2.9999601107459291E+000                  1.9026124842001490E+001                  0.0000000000000000E+000                  9.7764387570581901E-001                  2.2356124294180990E-002                  9.8876877985892231E-002                 -5.0226039331666486E-011                  0.0000000000000000E+000                  0.0000000000000000E+000                  2.6537557783998178E+004                  2.0865976951187469E+004                  4.3194387233193350E+000                 -1.4681384541710939E+001                  5.0000000000000000E-001                  0.0000000000000000E+000                  0.0000000000000000E+000 
                                     802                  1.9243815813980629E+000                 -1.0057758613150014E+000                  8.1775521754120888E+000                  3.0022293796450197E+000                  1.9029172706207408E+001                  0.0000000000000000E+000                  9.7745961997789998E-001                  2.2540380022100015E-002                  9.8678863426470406E-002                 -5.0174900730169456E-011                  0.0000000000000000E+000                  0.0000000000000000E+000                  2.8106128492209547E+004                  2.0685609342710799E+004                  4.3156683185735245E+000                 -1.4600161581660513E+001                  5.0000000000000011E-001                  0.0000000000000000E+000                  0.0000000000000000E+000 
                                     803                  1.9202705890922465E+000                 -1.0066471568804611E+000                  8.1781351567376142E+000                  3.0039507005999697E+000                  1.9031458026604916E+001                  0.0000000000000000E+000                  9.7720531431427282E-001                  2.2794685685727178E-002                  9.8481089171990430E-002                 -5.0124181242016388E-011                  0.0000000000000000E+000                  0.0000000000000000E+000                  2.9324454046510105E+004                  2.0494798536933147E+004                  4.3116436535757563E+000                 -1.4778242328472635E+001                  5.0000000000000000E-001                  0.0000000000000000E+000                  0.0000000000000000E+000 
                                     804                  1.9182150929393382E+000                 -1.0070830454240476E+000                  8.1785219188174629E+000                  3.0051038206002239E+000                  1.9032979383841898E+001                  0.0000000000000000E+000                  9.7698684704215211E-001                  2.3013152957847893E-002                  9.8382296197745397E-002                 -5.0099153711662096E-011                  0.0000000000000000E+000                  0.0000000000000000E+000                  3.0157797953538091E+004                  2.0395394129864133E+004                  4.3095321022381228E+000                 -1.4965658237316909E+001                  5.0000000000000000E-001                  0.0000000000000000E+000                  0.0000000000000000E+000 
                                     805                  1.9161595967864298E+000                 -1.0075190893420043E+000                  8.1788106335714428E+000                  3.0065116245188768E+000                  1.9034120263921324E+001                  0.0000000000000000E+000                  9.7164751451494336E-001                  2.8352485485056644E-002                  9.8283567167145924E-002                 -5.0095155098871226E-011                  0.0000000000000000E+000                  0.0000000000000000E+000                  3.0385063695504265E+004                  2.0293286841595473E+004                  4.3073523940792366E+000                 -1.5146595780031468E+001                  5.0000000000000000E-001                  0.0000000000000000E+000                  0.0000000000000000E+000 
                                     806                  1.9151318487099753E+000                 -1.0077368970948490E+000                  8.1790026189201708E+000                  3.0075943647724421E+000                  1.9034880304147464E+001                  0.0000000000000000E+000                  9.6671708510253040E-001                  3.3282914897469595E-002                  9.8234288263807618E-002                 -5.0107784560246950E-011                  0.0000000000000000E+000                  0.0000000000000000E+000                  3.0425735064328856E+004                  2.0241738485097638E+004                  4.3062478096529979E+000                 -1.5492346931957650E+001                  5.0000000000000000E-001                  0.0000000000000000E+000                  0.0000000000000000E+000 
                                     807                  1.9141041006335209E+000                 -1.0079544894808243E+000                  8.1791461264257812E+000                  3.0106391562943426E+000                  1.9035450297897281E+001                  0.0000000000000000E+000                  9.4179536532879193E-001                  5.8204634671208066E-002                  9.8185082758696002E-002                 -5.0211001123574363E-011                  2.6909676222433582E-020                  0.0000000000000000E+000                  2.8781620081401528E+004                  2.0190004817214762E+004                  4.3051364225637254E+000                 -1.5235075251426089E+001                  4.9999999999999989E-001                  0.0000000000000000E+000                  0.0000000000000000E+000 
                                     808                  1.9135902265952940E+000                 -1.0080626472106717E+000                  8.1792417733316665E+000                  3.0133797488194252E+000                  1.9035830154734910E+001                  0.0000000000000000E+000                  9.1856400552319950E-001                  8.1435994476800500E-002                  9.8160633556924989E-002                 -5.0326759078082928E-011                  0.0000000000000000E+000                  0.0000000000000000E+000                  2.7202577975874494E+004                  2.0165159214175113E+004                  4.3046016553327133E+000                 -1.5507156603174590E+001                  5.0000000000000000E-001                  0.0000000000000000E+000                  0.0000000000000000E+000 
                                     809                  1.9130763525570673E+000                 -1.0081702046721215E+000                  8.1793136341388202E+000                  3.0162453964184346E+000                  1.9036115035047892E+001                  0.0000000000000000E+000                  8.9363403158879784E-001                  1.0636596841120216E-001                  9.8136326084183351E-002                 -5.0495129886513263E-011                  0.0000000000000000E+000                  0.0000000000000000E+000                  2.5493398816892546E+004                  2.0141323223898165E+004                  4.3040879989862129E+000                 -1.6505207397510304E+001                  5.0000000000000011E-001                  0.0000000000000000E+000                  0.0000000000000000E+000 
                                     810                  1.9128194155379530E+000                 -1.0082236594373080E+000                  8.1793615791684449E+000                  3.0184234391353479E+000                  1.9036304919448458E+001                  0.0000000000000000E+000                  8.7460688977654899E-001                  1.2539311022345101E-001                  9.8124247801685716E-002                 -5.0603212985024650E-011                  0.0000000000000000E+000                  0.0000000000000000E+000                  2.4212524080067291E+004                  2.0129965475263474E+004                  4.3038430300344359E+000                 -1.6158431661730919E+001                  5.0000000000000000E-001                  0.0000000000000000E+000                  0.0000000000000000E+000 
                                     811                  1.9125624785188404E+000                 -1.0082768663887287E+000                  8.1794335517864525E+000                  3.0221218785125021E+000                  1.9036589691721638E+001                  0.0000000000000000E+000                  8.4225058107431805E-001                  1.5774941892568195E-001                  9.8112226989767501E-002                 -5.0727767503980557E-011                  0.0000000000000000E+000                  0.0000000000000000E+000                  2.2094148509187642E+004                  2.0119034818554625E+004                  4.3036071422372588E+000                 -1.5990073624512053E+001                  5.0000000000000000E-001                  0.0000000000000000E+000                  0.0000000000000000E+000 
                                     812                  1.9120486044806135E+000                 -1.0083824357975770E+000                  8.1795056528774239E+000                  3.0265641888943424E+000                  1.9036874477630839E+001                  0.0000000000000000E+000                  8.0335455371010456E-001                  1.9664544628989544E-001                  9.8088380518178087E-002                 -5.1024154697658878E-011                  0.0000000000000000E+000                  0.0000000000000000E+000                  1.9657721768463096E+004                  2.0098614441292557E+004                  4.3031661190502435E+000                 -1.5760388538829170E+001                  5.0000000000000000E-001                  0.0000000000000000E+000                  0.0000000000000000E+000 
                                     813                  1.9117916674614994E+000                 -1.0084347118228243E+000                  8.1795537624680641E+000                  3.0297506817624789E+000                  1.9037064297067456E+001                  0.0000000000000000E+000                  7.7559841543934305E-001                  2.2440158456065695E-001                  9.8076574330732413E-002                 -5.1194448488872966E-011                  0.0000000000000000E+000                  0.0000000000000000E+000                  1.8005969272488677E+004                  2.0089256925097066E+004                  4.3029638730698876E+000                 -1.5261175723807337E+001                  4.9999999999999989E-001                  0.0000000000000000E+000                  0.0000000000000000E+000 
                                     814                  1.9115347304423864E+000                 -1.0084866243712280E+000                  8.1795898892107441E+000                  3.0322825227163479E+000                  1.9037206656135304E+001                  0.0000000000000000E+000                  7.5363238194431015E-001                  2.4636761805568985E-001                  9.8064851638317768E-002                 -5.1377619864378631E-011                  0.0000000000000000E+000                  0.0000000000000000E+000                  1.6751096377525337E+004                  2.0080493182456627E+004                  4.3027743749963490E+000                 -1.5349835726731555E+001                  5.0000000000000011E-001                  0.0000000000000000E+000                  0.0000000000000000E+000 
                                     815                  1.9114062619328296E+000                 -1.0085124366948548E+000                  8.1796139920956179E+000                  3.0340140308028229E+000                  1.9037301552441935E+001                  0.0000000000000000E+000                  7.3866674347652495E-001                  2.6133325652347505E-001                  9.8059023320044306E-002                 -5.1473578884613076E-011                  0.0000000000000000E+000                  0.0000000000000000E+000                  1.5923482888684905E+004                  2.0076341672026858E+004                  4.3026845781742553E+000                 -1.7792334110546243E+001                  4.9999999999999989E-001                  0.0000000000000000E+000                  0.0000000000000000E+000 
                                     816                  1.9112777934232736E+000                 -1.0085381508869047E+000                  8.1796501726113480E+000                  3.0366705990548652E+000                  1.9037443882170439E+001                  0.0000000000000000E+000                  7.1579931302542910E-001                  2.8420068697457090E-001                  9.8053217503907400E-002                 -5.1572156524989181E-011                  0.0000000000000000E+000                  0.0000000000000000E+000                  1.4702073165461874E+004                  2.0072344560367063E+004                  4.3025981034371696E+000                 -1.5372335045076332E+001                  4.9999999999999989E-001                  0.0000000000000000E+000                  0.0000000000000000E+000 
                                     817                  1.9110208564041595E+000                 -1.0085892792127924E+000                  8.1796984769190768E+000                  3.0403345268542714E+000                  1.9037633646436515E+001                  0.0000000000000000E+000                  6.8444696034624164E-001                  3.1555303965375836E-001                  9.8041674640761897E-002                 -5.1775903813043574E-011                  0.0000000000000000E+000                  0.0000000000000000E+000                  1.3112591083116582E+004                  2.0064813920277851E+004                  4.3024351364709910E+000                 -1.5582713539334403E+001                  5.0000000000000011E-001                  0.0000000000000000E+000                  0.0000000000000000E+000 
                                     818                  1.9107639193850456E+000                 -1.0086399958456407E+000                  8.1797347467916630E+000                  3.0431464633576084E+000                  1.9037775962568748E+001                  0.0000000000000000E+000                  6.6054314637331835E-001                  3.3945685362668165E-001                  9.8030226064964837E-002                 -5.1986806740194917E-011                  0.0000000000000000E+000                  0.0000000000000000E+000                  1.1967445221966347E+004                  2.0057902214487171E+004                  4.3022855097256310E+000                 -1.5961653863143129E+001                  5.0000000000000000E-001                  0.0000000000000000E+000                  0.0000000000000000E+000 
                                     819                  1.9106354508754899E+000                 -1.0086651971116611E+000                  8.1797589384806404E+000                  3.0450384307200902E+000                  1.9037870829725925E+001                  0.0000000000000000E+000                  6.4454106970939062E-001                  3.5545893029060938E-001                  9.8024537726220759E-002                 -5.2094395574790904E-011                  2.5687655439929779E-020                  0.0000000000000000E+000                  1.1233219091894805E+004                  2.0054675535031351E+004                  4.3022156399160014E+000                 -1.6136957852308512E+001                  5.0000000000000000E-001                  0.0000000000000000E+000                  0.0000000000000000E+000 
                                     820                  1.9105069823659326E+000                 -1.0086902931886133E+000                  8.1797831411945570E+000                  3.0469413034521153E+000                  1.9037965691710170E+001                  0.0000000000000000E+000                  6.2851373534074961E-001                  3.7148626465925039E-001                  9.8018873458383282E-002                 -5.2203035924227166E-011                  0.0000000000000000E+000                  0.0000000000000000E+000                  1.0523826767443037E+004                  2.0051598886885011E+004                  4.3021490083809315E+000                 -1.5885820645106731E+001                  5.0000000000000022E-001                  0.0000000000000000E+000                  0.0000000000000000E+000 
                                     821                  1.9103785138563758E+000                 -1.0087152838698390E+000                  8.1798073540963365E+000                  3.0488507387821007E+000                  1.9038060548430018E+001                  0.0000000000000000E+000                  6.1249985837607113E-001                  3.8750014162392887E-001                  9.8013233303957059E-002                 -5.2312434684565370E-011                  0.0000000000000000E+000                  0.0000000000000000E+000                  9.8409685252877862E+003                  2.0048669730334066E+004                  4.3020855615975142E+000                 -1.5419166368242077E+001                  4.9999999999999994E-001                  0.0000000000000000E+000                  0.0000000000000000E+000 
                                     822                  1.9102500453468201E+000                 -1.0087401692038069E+000                  8.1798315764259915E+000                  3.0507625300741932E+000                  1.9038155399795123E+001                  0.0000000000000000E+000                  5.9653630635798971E-001                  4.0346369364201029E-001                  9.8007617247879250E-002                 -5.2422335905092466E-011                  1.7321610150660645E-020                  0.0000000000000000E+000                  9.1859916419789006E+003                  2.0045885117951912E+004                  4.3020252371071521E+000                 -1.5212226997738187E+001                  5.0000000000000000E-001                  0.0000000000000000E+000                  0.0000000000000000E+000 
                                     823                  1.9101215768372628E+000                 -1.0087649494821722E+000                  8.1798558105805999E+000                  3.0526726329424125E+000                  1.9038250245713996E+001                  0.0000000000000000E+000                  5.8065786239445683E-001                  4.1934213760554317E-001                  9.8002025220230132E-002                 -5.2532490699523962E-011                  0.0000000000000000E+000                  0.0000000000000000E+000                  8.5599023323346246E+003                  2.0043241740451653E+004                  4.3019679645071438E+000                 -1.5766687377186745E+001                  5.0000000000000000E-001                  0.0000000000000000E+000                  0.0000000000000000E+000 
                                     824                  1.9099931083277060E+000                 -1.0087896252265021E+000                  8.1798800624105219E+000                  3.0545771908738084E+000                  1.9038345086096740E+001                  0.0000000000000000E+000                  5.6489704003910413E-001                  4.3510295996089587E-001                  9.7996457099244261E-002                 -5.2642658844220735E-011                  1.5651798987102084E-020                  0.0000000000000000E+000                  7.9633818317598407E+003                  2.0040735972782211E+004                  4.3019136664491535E+000                 -1.5449581492021604E+001                  4.9999999999999994E-001                  0.0000000000000000E+000                  0.0000000000000000E+000 
                                     825                  1.9098646398181489E+000                 -1.0088141971738127E+000                  8.1799043348674587E+000                  3.0564725658055374E+000                  1.9038439920853740E+001                  0.0000000000000000E+000                  5.4928395126483365E-001                  4.5071604873516635E-001                  9.7990912714588235E-002                 -5.2752610573656850E-011                  0.0000000000000000E+000                  0.0000000000000000E+000                  7.3968047691871279E+003                  2.0038363920111478E+004                  4.3018622596366436E+000                 -1.6000717961937678E+001                  4.9999999999999994E-001                  0.0000000000000000E+000                  0.0000000000000000E+000 
                                     826                  1.9097361713085916E+000                 -1.0088386662606419E+000                  8.1799286287311350E+000                  3.0583553531588414E+000                  1.9038534749896627E+001                  0.0000000000000000E+000                  5.3384622095339318E-001                  4.6615377904660682E-001                  9.7985391850967551E-002                 -5.2862128267643851E-011                  0.0000000000000000E+000                  0.0000000000000000E+000                  6.8602648398009533E+003                  2.0036121464277054E+004                  4.3018136558336764E+000                 -1.5564817502534247E+001                  4.9999999999999994E-001                  0.0000000000000000E+000                  0.0000000000000000E+000 
                                     827                  1.9096077027990359E+000                 -1.0088630336066016E+000                  8.1799529479022208E+000                  3.0602223850663326E+000                  1.9038629573137264E+001                  0.0000000000000000E+000                  5.1860894550023318E-001                  4.8139105449976682E-001                  9.7979894251849567E-002                 -5.2971006552452048E-011                  0.0000000000000000E+000                  0.0000000000000000E+000                  6.3536043289113150E+003                  2.0034004308554540E+004                  4.3017677628382964E+000                 -1.5739678052026120E+001                  5.0000000000000000E-001                  0.0000000000000000E+000                  0.0000000000000000E+000 
                                     828                  1.9094792342894791E+000                 -1.0088873004981249E+000                  8.1799772947199703E+000                  3.0620894392305003E+000                  1.9038724390489477E+001                  0.0000000000000000E+000                  5.0343720862797114E-001                  4.9656279137202886E-001                  9.7974419623141143E-002                 -5.3079627227597153E-011                  0.0000000000000000E+000                  0.0000000000000000E+000                  5.8714406962795802E+003                  2.0032008019272907E+004                  4.3017244853884264E+000                 -1.5692994311314054E+001                  4.9999999999999994E-001                  0.0000000000000000E+000                  0.0000000000000000E+000 
                                     829                  1.9093507657799218E+000                 -1.0089114673313602E+000                  8.1800016675048397E+000                  3.0638986344789849E+000                  1.9038819201866808E+001                  0.0000000000000000E+000                  4.8881631705758027E-001                  5.1118368294241967E-001                  9.7968967871662288E-002                 -5.3186693444797663E-011                  0.0000000000000000E+000                  0.0000000000000000E+000                  5.4279793965383815E+003                  2.0030129313090820E+004                  4.3016837530769259E+000                 -1.6337851253654325E+001                  4.9999999999999994E-001                  0.0000000000000000E+000                  0.0000000000000000E+000 
                                     830                  1.9092222972703661E+000                 -1.0089355377090985E+000                  8.1800260646638279E+000                  3.0657017298777172E+000                  1.9038914007186509E+001                  0.0000000000000000E+000                  4.7430753060953873E-001                  5.2569246939046121E-001                  9.7963538180948717E-002                 -5.3292002516328513E-011                  0.0000000000000000E+000                  0.0000000000000000E+000                  5.0079716757207743E+003                  2.0028361159966793E+004                  4.3016454141811584E+000                 -1.5809825723445474E+001                  5.0000000000000000E-001                  0.0000000000000000E+000                  0.0000000000000000E+000 
                                     831                  1.9090938287608092E+000                 -1.0089595123371367E+000                  8.1800504849940801E+000                  3.0674791152404546E+000                  1.9039008806366233E+001                  0.0000000000000000E+000                  4.6007316748528493E-001                  5.3992683251471507E-001                  9.7958130388168613E-002                 -5.3396539423552110E-011                  0.0000000000000000E+000                  0.0000000000000000E+000                  4.6152144198241822E+003                  2.0026700120938323E+004                  4.3016093947588114E+000                 -1.5463289676880677E+001                  5.0000000000000011E-001                  0.0000000000000000E+000                  0.0000000000000000E+000 
                                     832                  1.9089653602512522E+000                 -1.0089833929943914E+000                  8.1800749272340916E+000                  3.0692286914715114E+000                  1.9039103599325273E+001                  0.0000000000000000E+000                  4.4612778948260318E-001                  5.5387221051739677E-001                  9.7952744088503713E-002                 -5.3499625813863553E-011                  0.0000000000000000E+000                  0.0000000000000000E+000                  4.2487653816952397E+003                  2.0025141595046840E+004                  4.3015755956042199E+000                 -1.5914949906021743E+001                  5.0000000000000000E-001                  0.0000000000000000E+000                  0.0000000000000000E+000 
                                     833                  1.9088368917416949E+000                 -1.0090071815571018E+000                  8.1800993901995920E+000                  3.0709487773041535E+000                  1.9039198385984378E+001                  0.0000000000000000E+000                  4.3248229120160342E-001                  5.6751770879839658E-001                  9.7947378855289105E-002                 -5.3601134776495944E-011                  0.0000000000000000E+000                  0.0000000000000000E+000                  3.9075506512175884E+003                  2.0023681000239609E+004                  4.3015439178556996E+000                 -1.5205590862131045E+001                  5.0000000000000000E-001                  0.0000000000000000E+000                  0.0000000000000000E+000 
                                     834                  1.9087084232321381E+000                 -1.0090308799746828E+000                  8.1801238727794772E+000                  3.0726379195363775E+000                  1.9039293166266258E+001                  0.0000000000000000E+000                  4.1914554122418413E-001                  5.8085445877581587E-001                  9.7942034245463702E-002                 -5.3700959071555088E-011                  0.0000000000000000E+000                  0.0000000000000000E+000                  3.5904333956830642E+003                  2.0022313809090701E+004                  4.3015142637754478E+000                 -1.5469230721899295E+001                  5.0000000000000000E-001                  0.0000000000000000E+000                  0.0000000000000000E+000 
                                     835                  1.9085799547225810E+000                 -1.0090544902563670E+000                  8.1801483739306828E+000                  3.0742948802503540E+000                  1.9039387940095711E+001                  0.0000000000000000E+000                  4.0612453367354423E-001                  5.9387546632645583E-001                  9.7936709802586258E-002                 -5.3799004669700880E-011                  0.0000000000000000E+000                  0.0000000000000000E+000                  3.2962348537849825E+003                  2.0021035569578809E+004                  4.3014865372053501E+000                 -1.6767152484298300E+001                  5.0000000000000000E-001                  0.0000000000000000E+000                  0.0000000000000000E+000 
                                     836                  1.9084514862130237E+000                 -1.0090780144588856E+000                  8.1801728926733972E+000                  3.0759186249898409E+000                  1.9039482707398751E+001                  0.0000000000000000E+000                  3.9342452703719755E-001                  6.0657547296280245E-001                  9.7931405059615936E-002                 -5.3895190091576188E-011                  0.0000000000000000E+000                  0.0000000000000000E+000                  3.0237525268756272E+003                  2.0019841922609416E+004                  4.3014606439520167E+000                 -1.5651303449694762E+001                  5.0000000000000011E-001                  0.0000000000000000E+000                  0.0000000000000000E+000 
                                     837                  1.9083230177034669E+000                 -1.0091014546749979E+000                  8.1801974280866077E+000                  3.0775083103101548E+000                  1.9039577468103758E+001                  0.0000000000000000E+000                  3.8104918415743810E-001                  6.1895081584256184E-001                  9.7926119541500878E-002                 -5.3989446232989872E-011                  0.0000000000000000E+000                  0.0000000000000000E+000                  2.7717760542145897E+003                  2.0018728616681350E+004                  4.3014364921096888E+000                 -1.5113908287274931E+001                  5.0000000000000000E-001                  0.0000000000000000E+000                  0.0000000000000000E+000 
                                     838                  1.9081945491939096E+000                 -1.0091248130229729E+000                  8.1802219793039725E+000                  3.0790632708369108E+000                  1.9039672222140652E+001                  0.0000000000000000E+000                  3.6900071121800665E-001                  6.3099928878199329E-001                  9.7920852767550734E-002                 -5.4081715081357715E-011                  0.0000000000000000E+000                  0.0000000000000000E+000                  2.5391008373367899E+003                  2.0017691520234323E+004                  4.3014139923326002E+000                 -1.5385319521609048E+001                  4.9999999999999994E-001                  0.0000000000000000E+000                  0.0000000000000000E+000 
                                     839                  1.9080660806843539E+000                 -1.0091480916369664E+000                  8.1802465455099966E+000                  3.0805830061298174E+000                  1.9039766969441114E+001                  0.0000000000000000E+000                  3.5727999400848548E-001                  6.4272000599151458E-001                  9.7915604253607194E-002                 -5.4171949022089774E-011                  0.0000000000000000E+000                  0.0000000000000000E+000                  2.3245395274482316E+003                  2.0016726631098918E+004                  4.3013930580442263E+000                 -1.5235179013115385E+001                  4.9999999999999994E-001                  0.0000000000000000E+000                  0.0000000000000000E+000 
                                     840                  1.9079376121747971E+000                 -1.0091712926582803E+000                  8.1802711259364838E+000                  3.0820671676002984E+000                  1.9039861709938926E+001                  0.0000000000000000E+000                  3.4588672982537333E-001                  6.5411327017462662E-001                  9.7910373514014284E-002                 -5.4260110566042854E-011                  0.0000000000000000E+000                  0.0000000000000000E+000                  2.1269315150556499E+003                  2.0015830084099529E+004                  4.3013736056061802E+000                 -1.5346329716266132E+001                  5.0000000000000000E-001                  0.0000000000000000E+000                  0.0000000000000000E+000 
                                     841                  1.9078091436652400E+000                 -1.0091944182275028E+000                  8.1802957198592576E+000                  3.0835155456903864E+000                  1.9039956443570318E+001                  0.0000000000000000E+000                  3.3481955359320553E-001                  6.6518044640679452E-001                  9.7905160063390104E-002                 -5.4346171503310915E-011                  0.0000000000000000E+000                  0.0000000000000000E+000                  1.9451505817143848E+003                  2.0014998156444330E+004                  4.3013555544388202E+000                 -1.5725161431468369E+001                  5.0000000000000000E-001                  0.0000000000000000E+000                  0.0000000000000000E+000 
                                     842                  1.9076806751556827E+000                 -1.0092174704774639E+000                  8.1803203265951314E+000                  3.0849280573878728E+000                  1.9040051170272569E+001                  0.0000000000000000E+000                  3.2407615671207834E-001                  6.7592384328792166E-001                  9.7899963418213623E-002                 -5.4430112043922243E-011                  0.0000000000000000E+000                  0.0000000000000000E+000                  1.7781108808201434E+003                  2.0014227271425589E+004                  4.3013388271049147E+000                 -1.6965971135132747E+001                  5.0000000000000011E-001                  0.0000000000000000E+000                  0.0000000000000000E+000 
                                     843                  1.9075522066461259E+000                 -1.0092404515269731E+000                  8.1803449454991188E+000                  3.0863047343894867E+000                  1.9040145889985144E+001                  0.0000000000000000E+000                  3.1365339818228904E-001                  6.8634660181771090E-001                  9.7894783098235183E-002                 -5.4511920424527196E-011                  0.0000000000000000E+000                  0.0000000000000000E+000                  1.6247714378980384E+003                  2.0013514000556166E+004                  4.3013233493590874E+000                 -1.6669316871555345E+001                  4.9999999999999994E-001                  0.0000000000000000E+000                  0.0000000000000000E+000 
                                     844                  1.9074237381365702E+000                 -1.0092633634752832E+000                  8.1803695759618407E+000                  3.0876457117119043E+000                  1.9040240602649483E+001                  0.0000000000000000E+000                  3.0354740845415928E-001                  6.9645259154584072E-001                  9.7889618627722483E-002                 -5.4591591985020015E-011                  0.0000000000000000E+000                  0.0000000000000000E+000                  1.4841393625518356E+003                  2.0012855064181062E+004                  4.3013090501639146E+000                 -1.5425167967858243E+001                  5.0000000000000000E-001                  0.0000000000000000E+000                  0.0000000000000000E+000 
                                     845                  1.9072952696270129E+000                 -1.0092862083972443E+000                  8.1803942174085797E+000                  3.0889512168699258E+000                  1.9040335308208810E+001                  0.0000000000000000E+000                  2.9375368591063006E-001                  7.0624631408937000E-001                  9.7884469536551097E-002                 -5.4669128392462289E-011                  0.0000000000000000E+000                  0.0000000000000000E+000                  1.3552719456312047E+003                  2.0012247331204879E+004                  4.3012958616865715E+000                 -1.5111461113550169E+001                  5.0000000000000000E-001                  0.0000000000000000E+000                  0.0000000000000000E+000 
                                     846                  1.9071668011174561E+000                 -1.0093089883390884E+000                  8.1804188692962381E+000                  3.0902215596642368E+000                  1.9040430006608084E+001                  0.0000000000000000E+000                  2.8426718600370282E-001                  7.1573281399629718E-001                  9.7879335361152189E-002                 -5.4744537045300396E-011                  0.0000000000000000E+000                  0.0000000000000000E+000                  1.2372778035415181E+003                  2.0011687817596969E+004                  4.3012837192687119E+000                 -1.6067271410807823E+001                  5.0000000000000000E-001                  0.0000000000000000E+000                  0.0000000000000000E+000 
                                     847                  1.9070383326078990E+000                 -1.0093317053147928E+000                  8.1804435311092494E+000                  3.0914571226072169E+000                  1.9040524697793543E+001                  0.0000000000000000E+000                  2.7508240314656007E-001                  7.2491759685343993E-001                  9.7874215645329735E-002                 -5.4817830661686043E-011                  0.0000000000000000E+000                  0.0000000000000000E+000                  1.1293172198012239E+003                  2.0011173684083999E+004                  4.3012725613784824E+000                 -1.5001361241122360E+001                  5.0000000000000000E-001                  0.0000000000000000E+000                  0.0000000000000000E+000 
                                     848                  1.9069098640983417E+000                 -1.0093543613030058E+000                  8.1804682023585240E+000                  3.0926583520297033E+000                  1.9040619381714222E+001                  0.0000000000000000E+000                  2.6619344554918117E-001                  7.3380655445081877E-001                  9.7869109940950508E-002                 -5.4889026878662405E-011                  0.0000000000000000E+000                  0.0000000000000000E+000                  1.0306018211302778E+003                  2.0010702233247201E+004                  4.3012623295494024E+000                 -1.6161149157734268E+001                  5.0000000000000000E-001                  0.0000000000000000E+000                  0.0000000000000000E+000 
                                     849                  1.9067813955887849E+000                 -1.0093769582444418E+000                  8.1804928825803529E+000                  3.0938257497306147E+000                  1.9040714058320592E+001                  0.0000000000000000E+000                  2.5759410326357363E-001                  7.4240589673642643E-001                  9.7864017808528631E-002                 -5.4958147358888652E-011                  3.0881819906085257E-021                  0.0000000000000000E+000                  9.4039371044709344E+002                  2.0010270905875615E+004                  4.3012529683029017E+000                 -1.5236908145058765E+001                  5.0000000000000011E-001                  0.0000000000000000E+000                  0.0000000000000000E+000 
                                     850                  1.9066529270792276E+000                 -1.0093994980397338E+000                  8.1805175713348124E+000                  3.0949598653358183E+000                  1.9040808727564173E+001                  0.0000000000000000E+000                  2.4927790975708525E-001                  7.5072209024291481E-001                  9.7858938817706603E-002                 -5.5025217435858533E-011                  0.0000000000000000E+000                  0.0000000000000000E+000                  8.5800416749523038E+002                  2.0009877277129472E+004                  4.3012444250665505E+000                 -1.5797210453418534E+001                  5.0000000000000011E-001                  0.0000000000000000E+000                  0.0000000000000000E+000 
                                     851                  1.9065244585696719E+000                 -1.0094219825477049E+000                  8.1805422682042845E+000                  3.0960612892498052E+000                  1.9040903389398483E+001                  0.0000000000000000E+000                  2.4123819736110602E-001                  7.5876180263889403E-001                  9.7853872547641496E-002                 -5.5090265863417222E-011                  0.0000000000000000E+000                  0.0000000000000000E+000                  7.8279201288203103E+002                  2.0009519051931969E+004                  4.3012366500753796E+000                 -1.5632487621218209E+001                  5.0000000000000000E-001                  0.0000000000000000E+000                  0.0000000000000000E+000 
                                     852                  1.9063959900601148E+000                 -1.0094444135839804E+000                  8.1805669727920858E+000                  3.0971306461878716E+000                  1.9040998043778711E+001                  0.0000000000000000E+000                  2.3346814697744250E-001                  7.6653185302255755E-001                  9.7848818587315048E-002                 -5.5153324108211236E-011                  0.0000000000000000E+000                  0.0000000000000000E+000                  7.1416171941348875E+002                  2.0009194060556358E+004                  4.3012295962772873E+000                 -1.5616692543564747E+001                  5.0000000000000011E-001                  0.0000000000000000E+000                  0.0000000000000000E+000 
                                     853                  1.9062675215505580E+000                 -1.0094667929199572E+000                  8.1805916853236766E+000                  3.0981685883481558E+000                  1.9041092690661891E+001                  0.0000000000000000E+000                  2.2596083240440901E-001                  7.7403916759559099E-001                  9.7843776535762539E-002                 -5.5214425944757743E-011                  0.0000000000000000E+000                  0.0000000000000000E+000                  6.5156136302784330E+002                  2.0008900253707572E+004                  4.3012232192273370E+000                 -1.7119399319774764E+001                  5.0000000000000000E-001                  0.0000000000000000E+000                  0.0000000000000000E+000 
                                     854                  1.9061390530410023E+000                 -1.0094891222820992E+000                  8.1806164069026757E+000                  3.0991757896587959E+000                  1.9041187330005659E+001                  0.0000000000000000E+000                  2.1870925967900773E-001                  7.8129074032099233E-001                  9.7838746002228569E-002                 -5.5273607070785052E-011                  0.0000000000000000E+000                  0.0000000000000000E+000                  5.9448043197424226E+002                  2.0008635697592807E+004                  4.3012174769816909E+000                 -1.5255668960179754E+001                  5.0000000000000011E-001                  0.0000000000000000E+000                  0.0000000000000000E+000 
                                     855                  1.9060105845314450E+000                 -1.0095114033515087E+000                  8.1806411380026276E+000                  3.1001529432567128E+000                  1.9041281961770224E+001                  0.0000000000000000E+000                  2.1170640189454251E-001                  7.8829359810545752E-001                  9.7833726606260607E-002                 -5.5330904843447839E-011                  2.9799686258764742E-022                  0.0000000000000000E+000                  5.4244751528620066E+002                  2.0008398568859218E+004                  4.3012123299885472E+000                 -1.5405633305463487E+001                  5.0000000000000000E-001                  0.0000000000000000E+000                  0.0000000000000000E+000 
                                     856                  1.9058821160218882E+000                 -1.0095336377636308E+000                  8.1806596932932703E+000                  3.1008636315963050E+000                  1.9041352931812725E+001                  0.0000000000000000E+000                  2.0663554634479067E-001                  7.9336445365520936E-001                  9.7828717977772275E-002                 -5.5386354017865664E-011                  0.0000000000000000E+000                  0.0000000000000000E+000                  5.0663005403754647E+002                  2.0008187149794769E+004                  4.3012077409846921E+000                 -1.5409286702721445E+001                  5.0000000000000000E-001                  0.0000000000000000E+000                  0.0000000000000000E+000 
                                     857                  1.9058178817671090E+000                 -1.0095447380701046E+000                  8.1806720656016481E+000                  3.1013303391517484E+000                  1.9041400241974475E+001                  0.0000000000000000E+000                  2.0331405959639295E-001                  7.9668594040360707E-001                  9.7826217566371693E-002                 -5.5413397868836241E-011                  0.0000000000000000E+000                  0.0000000000000000E+000                  4.8399834432611897E+002                  2.0008090506406254E+004                  4.3012056432538284E+000                 -1.5615310173289322E+001                  5.0000000000000011E-001                  0.0000000000000000E+000                  0.0000000000000000E+000 
                                     858                  1.9057536475123311E+000                 -1.0095558273040639E+000                  8.1806906271603737E+000                  3.1020198971458366E+000                  1.9041471202409976E+001                  0.0000000000000000E+000                  1.9841915303354027E-001                  8.0158084696645970E-001                  9.7823719712934798E-002                 -5.5439999791809669E-011                  0.0000000000000000E+000                  0.0000000000000000E+000                  4.5182465916887634E+002                  2.0007999693060112E+004                  4.3012036720599953E+000                 -1.5182754961584630E+001                  5.0000000000000011E-001                  0.0000000000000000E+000                  0.0000000000000000E+000 
                                     859                  1.9056251790027738E+000                 -1.0095779731276648E+000                  8.1807153844091811E+000                  3.1029111948583430E+000                  1.9041565811209349E+001                  0.0000000000000000E+000                  1.9212037816536945E-001                  8.0787962183463058E-001                  9.7818731550070537E-002                 -5.5491889494670290E-011                  0.0000000000000000E+000                  0.0000000000000000E+000                  4.1246410742631872E+002                  2.0007834935805928E+004                  4.3012000958173902E+000                 -1.5127591641697132E+001                  4.9999999999999989E-001                  0.0000000000000000E+000                  0.0000000000000000E+000 
                                     860                  1.9054967104932181E+000                 -1.0096000769261708E+000                  8.1807401496254677E+000                  3.1037753240511217E+000                  1.9041660412282649E+001                  0.0000000000000000E+000                  1.8604243863920911E-001                  8.1395756136079089E-001                  9.7813753106639464E-002                 -5.5542053543206366E-011                  0.0000000000000000E+000                  0.0000000000000000E+000                  3.7661177040674630E+002                  2.0007691318850702E+004                  4.3011969784248674E+000                 -1.5264278207250729E+001                  5.0000000000000000E-001                  0.0000000000000000E+000                  0.0000000000000000E+000 
                                     861                  1.9053682419836613E+000                 -1.0096221401532248E+000                  8.1807649224604564E+000                  3.1046130131356162E+000                  1.9041755005595689E+001                  0.0000000000000000E+000                  1.8017853041852588E-001                  8.1982146958147406E-001                  9.7808784053804138E-002                 -5.5590537981767517E-011                  0.0000000000000000E+000                  0.0000000000000000E+000                  3.4395814813885721E+002                  2.0007567497721164E+004                  4.3011942907084872E+000                 -1.5466963309524218E+001                  5.0000000000000011E-001                  0.0000000000000000E+000                  0.0000000000000000E+000 
                                     862                  1.9052397734741040E+000                 -1.0096441642180256E+000                  8.1807897025797534E+000                  3.1054249885493248E+000                  1.9041849591116705E+001                  0.0000000000000000E+000                  1.7452194926672010E-001                  8.2547805073327996E-001                  9.7803824072805301E-002                 -5.5637385235086453E-011                  0.0000000000000000E+000                  0.0000000000000000E+000                  3.1421974770169322E+002                  2.0007462209489811E+004                  4.3011920052623323E+000                 -1.5663005064417019E+001                  5.0000000000000011E-001                  0.0000000000000000E+000                  0.0000000000000000E+000 
                                     863                  1.9051113049645483E+000                 -1.0096661504859665E+000                  8.1808144896626693E+000                  3.1062119725917650E+000                  1.9041944168814823E+001                  0.0000000000000000E+000                  1.6906610311974618E-001                  8.3093389688025376E-001                  9.7798872854815089E-002                 -5.5682637808670532E-011                  0.0000000000000000E+000                  0.0000000000000000E+000                  2.8713714984657264E+002                  2.0007374268452004E+004                  4.3011900963549961E+000                 -1.6139754999147627E+001                  5.0000000000000000E-001                  0.0000000000000000E+000                  0.0000000000000000E+000 
                                     864                  1.9049828364549914E+000                 -1.0096881002793394E+000                  8.1808392834016121E+000                  3.1069746815337389E+000                  1.9042038738659762E+001                  4.3354144363719407E-040                  1.6380452238984594E-001                  8.3619547761015411E-001                  9.7793930100775944E-002                 -5.5726338149948733E-011                  3.1992892565349496E-074                  1.6818694350306166E-022                  2.6247317519673533E+002                  2.0007302561824574E+004                  4.3011885398364846E+000                 -1.5526104252823190E+001                  5.0000000000000000E-001                  0.0000000000000000E+000                  0.0000000000000000E+000 
                                     865                  1.9048543679454344E+000                 -1.0097100148781282E+000                  8.1808640835014756E+000                  3.1077138239736528E+000                  1.9042133300623160E+001                  0.0000000000000000E+000                  1.5873086842369166E-001                  8.4126913157630834E-001                  9.7788995521219196E-002                 -5.5768528523103457E-011                  0.0000000000000000E+000                  0.0000000000000000E+000                  2.4001115307034499E+002                  2.0007246045601903E+004                  4.3011873130485041E+000                 -1.5638813610349528E+001                  5.0000000000000011E-001                  0.0000000000000000E+000                  0.0000000000000000E+000 
                                     866                  1.9047258994358771E+000                 -1.0097318955208283E+000                  8.1808888896790766E+000                  3.1084300994159264E+000                  1.9042227854677389E+001                  0.0000000000000000E+000                  1.5383894032596920E-001                  8.4616105967403077E-001                  9.7784068836077667E-002                 -5.5809250904477099E-011                  0.0000000000000000E+000                  0.0000000000000000E+000                  2.1955329399073582E+002                  2.0007203740736761E+004                  4.3011863947417632E+000                 -1.5382173290325658E+001                  4.9999999999999989E-001                  0.0000000000000000E+000                  0.0000000000000000E+000 
                                     867                  1.9045974309263203E+000                 -1.0097537434053554E+000                  8.1809137016626341E+000                  3.1091241970527363E+000                  1.9042322400795751E+001                  4.7806815623269097E-040                  1.4912268032881465E-001                  8.5087731967118541E-001                  9.7779149774478838E-002                 -5.5848546883946064E-011                  3.9109431210598876E-074                  1.8964076379996149E-022                  2.0091916527580790E+002                  2.0007174729256549E+004                  4.3011857649918452E+000                 -1.5502822080221270E+001                  5.0000000000000000E-001                  0.0000000000000000E+000                  0.0000000000000000E+000 
                                     868                  1.9044689624167646E+000                 -1.0097755596899498E+000                  8.1809385191912423E+000                  3.1097967947298488E+000                  1.9042416938952439E+001                  0.0000000000000000E+000                  1.4457617787834226E-001                  8.5542382212165768E-001                  9.7774238074538361E-002                 -5.5886457583123755E-011                  0.0000000000000000E+000                  0.0000000000000000E+000                  1.8394426786862431E+002                  2.0007158150813968E+004                  4.3011854051244871E+000                 -1.5804864450453202E+001                  4.9999999999999989E-001                  0.0000000000000000E+000                  0.0000000000000000E+000 
                                     869                  1.9043404939072073E+000                 -1.0097973454941374E+000                  8.1809633420144081E+000                  3.1104485580758152E+000                  1.9042511469123529E+001                  0.0000000000000000E+000                  1.4019367258937551E-001                  8.5980632741062446E-001                  9.7769333483141638E-002                 -5.5923023583059974E-011                  0.0000000000000000E+000                  0.0000000000000000E+000                  1.6847871157507535E+002                  2.0007153199195884E+004                  4.3011852976399227E+000                 -1.6270424330329607E+001                  5.0000000000000000E-001                  0.0000000000000000E+000                  0.0000000000000000E+000 
                                     870                  1.9042120253976502E+000                 -1.0098191018996940E+000                  8.1809881698915898E+000                  3.1110801397816532E+000                  1.9042605991284741E+001                  0.0000000000000000E+000                  1.3596955620637499E-001                  8.6403044379362504E-001                  9.7764435755723966E-002                 -5.5958284879635410E-011                  0.0000000000000000E+000                  0.0000000000000000E+000                  1.5438598515756391E+002                  2.0007159119044776E+004                  4.3011854261418296E+000                 -1.6499012195598812E+001                  4.9999999999999989E-001                  0.0000000000000000E+000                  0.0000000000000000E+000 
                                     871                  1.9040835568880945E+000                 -1.0098408299516348E+000                  8.1810130025917509E+000                  3.1116921790223016E+000                  1.9042700505414057E+001                  0.0000000000000000E+000                  1.3189837369854482E-001                  8.6810162630145515E-001                  9.7759544656045985E-002                 -5.5992281021795314E-011                  0.0000000000000000E+000                  0.0000000000000000E+000                  1.4154181722086750E+002                  2.0007175202866118E+004                  4.3011857752724589E+000                 -1.7869329719128679E+001                  5.0000000000000011E-001                  0.0000000000000000E+000                  0.0000000000000000E+000 
                                     872                  1.9039550883785377E+000                 -1.0098625306592079E+000                  8.1810378398929711E+000                  3.1122853009740776E+000                  1.9042795011488955E+001                  0.0000000000000000E+000                  1.2797482359788195E-001                  8.7202517640211807E-001                  9.7754659955967382E-002                 -5.6025050664271984E-011                  0.0000000000000000E+000                  0.0000000000000000E+000                  1.2983312341918412E+002                  2.0007200788067148E+004                  4.3011863306484379E+000                 -1.5917794715148755E+001                  4.9999999999999983E-001                  0.0000000000000000E+000                  0.0000000000000000E+000 
                                     873                  1.9038266198689804E+000                 -1.0098842049968899E+000                  8.1810564712937257E+000                  3.1127163568948979E+000                  1.9042865886916800E+001                  0.0000000000000000E+000                  1.2513903098782891E-001                  8.7486096901217114E-001                  9.7749781435220826E-002                 -5.6056630148702367E-011                  0.0000000000000000E+000                  0.0000000000000000E+000                  1.2177174201109131E+002                  2.0007235254268195E+004                  4.3011870788024744E+000                 -1.6053641719147883E+001                  5.0000000000000000E-001                  0.0000000000000000E+000                  0.0000000000000000E+000 
                                     874                  1.9037623856142014E+000                 -1.0098950326301368E+000                  8.1810688931971516E+000                  3.1129993004665408E+000                  1.9042913133894114E+001                  0.0000000000000000E+000                  1.2328317581233687E-001                  8.7671682418766317E-001                  9.7747344412339329E-002                 -5.6071984502606865E-011                  0.0000000000000000E+000                  0.0000000000000000E+000                  1.1667420147330363E+002                  2.0007255610369150E+004                  4.3011875206695143E+000                 -1.6344006124276905E+001                  5.0000000000000000E-001                  0.0000000000000000E+000                  0.0000000000000000E+000 
                                     875                  1.9036981513594236E+000                 -1.0099058540205810E+000                  8.1810875274682697E+000                  3.1134171815806959E+000                  1.9042983999395684E+001                  0.0000000000000000E+000                  1.2055048210216555E-001                  8.7944951789783443E-001                  9.7744908855258328E-002                 -5.6087056939628583E-011                  0.0000000000000000E+000                  0.0000000000000000E+000                  1.0942080854274784E+002                  2.0007277972416650E+004                  4.3011880060788377E+000                 -1.5348512412669708E+001                  4.9999999999999994E-001                  0.0000000000000000E+000                  0.0000000000000000E+000 
                                     876                  1.9035696828498665E+000                 -1.0099274784098078E+000                  8.1811123773259435E+000                  3.1139571582011247E+000                  1.9043078481186331E+001                  0.0000000000000000E+000                  1.1703954505432401E-001                  8.8296045494567599E-001                  9.7740042062284982E-002                 -5.6116372426827389E-011                  0.0000000000000000E+000                  0.0000000000000000E+000                  1.0053774220082113E+002                  2.0007328494127105E+004                  4.3011891027433817E+000                 -1.5548265272302105E+001                  5.0000000000000011E-001                  0.0000000000000000E+000                  0.0000000000000000E+000 
                                     877                  1.9034412143403108E+000                 -1.0099490791538595E+000                  8.1811372309804682E+000                  3.1144805723518880E+000                  1.9043172954843989E+001                  0.0000000000000000E+000                  1.1365655586078151E-001                  8.8634344413921851E-001                  9.7735180832827478E-002                 -5.6144606953255697E-011                  0.0000000000000000E+000                  0.0000000000000000E+000                  9.2431389982714180E+001                  2.0007386263004802E+004                  4.3011903567173242E+000                 -1.6215573362226134E+001                  4.9999999999999994E-001                  0.0000000000000000E+000                  0.0000000000000000E+000 
                                     878                  1.9033127458307535E+000                 -1.0099706570980145E+000                  8.1811620882499270E+000                  3.1149879755195866E+000                  1.9043267420351000E+001                  0.0000000000000000E+000                  1.1039696590217922E-001                  8.8960303409782082E-001                  9.7730324975864688E-002                 -5.6171796557926810E-011                  0.0000000000000000E+000                  0.0000000000000000E+000                  8.5031503367420044E+001                  2.0007450802518902E+004                  4.3011917576554204E+000                 -1.6080602043557917E+001                  5.0000000000000000E-001                  0.0000000000000000E+000                  0.0000000000000000E+000 
                                     879                  1.9031842773211967E+000                 -1.0099922130576926E+000                  8.1811869489594358E+000                  3.1154799042349897E+000                  1.9043361877690103E+001                  0.0000000000000000E+000                  1.0725637119378949E-001                  8.9274362880621050E-001                  9.7725474307133117E-002                 -5.6197975105702707E-011                  0.0000000000000000E+000                  0.0000000000000000E+000                  7.8274253850798161E+001                  2.0007521666608551E+004                  4.3011932958738024E+000                 -1.5699377874382380E+001                  5.0000000000000000E-001                  0.0000000000000000E+000                  0.0000000000000000E+000 
                                     880                  1.9030558088116409E+000                 -1.0100137478193716E+000                  8.1812118129408429E+000                  3.1159568801354740E+000                  1.9043456326845178E+001                  0.0000000000000000E+000                  1.0423050970995351E-001                  8.9576949029004649E-001                  9.7720628648918728E-002                 -5.6223175607032876E-011                  0.0000000000000000E+000                  0.0000000000000000E+000                  7.2101653599380725E+001                  2.0007598437853958E+004                  4.3011949623102970E+000                 -1.5857712919572911E+001                  4.9999999999999994E-001                  0.0000000000000000E+000                  0.0000000000000000E+000 
                                     881                  1.9029273403020837E+000                 -1.0100352621415329E+000                  8.1812366800324430E+000                  3.1164194100712432E+000                  1.9043550767800102E+001                  0.0000000000000000E+000                  1.0131525850878829E-001                  8.9868474149121169E-001                  9.7715787829842610E-002                 -5.6247430218188360E-011                  0.0000000000000000E+000                  0.0000000000000000E+000                  6.6461026091878409E+001                  2.0007680725505077E+004                  4.3011967484816580E+000                 -1.6023342108244339E+001                  5.0000000000000011E-001                  0.0000000000000000E+000                  0.0000000000000000E+000 
                                     882                  1.9027988717925268E+000                 -1.0100567567555638E+000                  8.1812615500787302E+000                  3.1168679862505124E+000                  1.9043645200540141E+001                  0.0000000000000000E+000                  9.8506630696853184E-002                  9.0149336930314683E-001                  9.7710951684656114E-002                 -5.6270770240658281E-011                  0.0000000000000000E+000                  0.0000000000000000E+000                  6.1304522879095593E+001                  2.0007768163890065E+004                  4.3011986464490262E+000                 -1.5970305215565544E+001                  5.0000000000000000E-001                  0.0000000000000000E+000                  0.0000000000000000E+000 
                                     883                  1.9026704032829698E+000                 -1.0100782323666382E+000                  8.1812864229301319E+000                  3.1173030864156677E+000                  1.9043739625050595E+001                  0.0000000000000000E+000                  9.5800772267996256E-002                  9.0419922773200379E-001                  9.7706120054041459E-002                 -5.6293226124951191E-011                  0.0000000000000000E+000                  0.0000000000000000E+000                  5.6588682810172706E+001                  2.0007860410690868E+004                  4.3012006487805143E+000                 -1.6173440013994028E+001                  4.9999999999999994E-001                  0.0000000000000000E+000                  0.0000000000000000E+000 
                                     884                  1.9025419347734125E+000                 -1.0100996896545911E+000                  8.1813112984427736E+000                  3.1177251740494607E+000                  1.9043834041317915E+001                  0.0000000000000000E+000                  9.3193958845852104E-002                  9.0680604115414787E-001                  9.7701292784413057E-002                 -5.6314827478049427E-011                  0.0000000000000000E+000                  0.0000000000000000E+000                  5.2274030297973503E+001                  2.0007957145547167E+004                  4.3012027485209101E+000                 -1.5753996417281716E+001                  5.0000000000000000E-001                  0.0000000000000000E+000                  0.0000000000000000E+000 
                                     885                  1.9024134662638568E+000                 -1.0101211292747672E+000                  8.1813361764782471E+000                  3.1181346986026952E+000                  1.9043928449328501E+001                  0.0000000000000000E+000                  9.0682592356599118E-002                  9.0931740764340085E-001                  9.7696469727725457E-002                 -5.6335603070148209E-011                  3.0193903538074603E-023                  0.0000000000000000E+000                  4.8324709417317209E+001                  2.0008058068590977E+004                  4.3012049391598728E+000                 -1.5405861285926015E+001                  5.0000000000000000E-001                  0.0000000000000000E+000                  0.0000000000000000E+000 
                                     886                  1.9022849977542999E+000                 -1.0101425518588412E+000                  8.1813610569034019E+000                  3.1185320957440892E+000                  1.9044022849069989E+001                  0.0000000000000000E+000                  8.8263197657502165E-002                  9.1173680234249788E-001                  9.7691650741287259E-002                 -5.6355580843543015E-011                  0.0000000000000000E+000                  0.0000000000000000E+000                  4.4708150853298555E+001                  2.0008162899106301E+004                  4.3012072146028428E+000                 -1.5440825976156759E+001                  5.0000000000000000E-001                  0.0000000000000000E+000                  0.0000000000000000E+000 
                                     887                  1.9021565292447427E+000                 -1.0101639580156196E+000                  8.1813859395901147E+000                  3.1189177876245782E+000                  1.9044117240529435E+001                  0.0000000000000000E+000                  8.5932419139445937E-002                  9.1406758086055406E-001                  9.7686835687579354E-002                 -5.6374787927194890E-011                  0.0000000000000000E+000                  0.0000000000000000E+000                  4.1394768917773312E+001                  2.0008271374314765E+004                  4.3012095691446861E+000                 -1.5357115989628099E+001                  5.0000000000000000E-001                  0.0000000000000000E+000                  0.0000000000000000E+000 
                                     888                  1.9020280607351869E+000                 -1.0101853483318277E+000                  8.1814108244151118E+000                  3.1192921831571079E+000                  1.9044211623696182E+001                  0.0000000000000000E+000                  8.3687017320149409E-002                  9.1631298267985062E-001                  9.7682024434076850E-002                 -5.6393250646726251E-011                  0.0000000000000000E+000                  0.0000000000000000E+000                  3.8357686060571481E+001                  2.0008383248199872E+004                  4.3012119974441738E+000                 -1.5649811370206887E+001                  4.9999999999999983E-001                  0.0000000000000000E+000                  0.0000000000000000E+000 
                                     889                  1.9018995922256299E+000                 -1.0102067233728649E+000                  8.1814357112597662E+000                  3.1196556783041025E+000                  1.9044305998558169E+001                  0.0000000000000000E+000                  8.1523865447224786E-002                  9.1847613455277521E-001                  9.7677216853077467E-002                 -5.6410994538307378E-011                  0.0000000000000000E+000                  0.0000000000000000E+000                  3.5572482500255880E+001                  2.0008498290431162E+004                  4.3012144945006323E+000                 -1.5120738557585291E+001                  5.0000000000000000E-001                  0.0000000000000000E+000                  0.0000000000000000E+000 
                                     890                  1.9017711237160730E+000                 -1.0102280836835440E+000                  8.1814606000099133E+000                  3.1200086563769194E+000                  1.9044400365105275E+001                  0.0000000000000000E+000                  7.9439946120176325E-002                  9.2056005387982365E-001                  9.7672412821534438E-002                 -5.6428044362669877E-011                  0.0000000000000000E+000                  0.0000000000000000E+000                  3.3016968774017379E+001                  2.0008616285327484E+004                  4.3012170556314331E+000                 -1.4947852409390761E+001                  5.0000000000000000E-001                  0.0000000000000000E+000                  0.0000000000000000E+000 
                                     891                  1.9016426552065158E+000                 -1.0102494297888032E+000                  8.1814854905556889E+000                  3.1203514883381422E+000                  1.9044494723327677E+001                  0.0000000000000000E+000                  7.7432347944129717E-002                  9.2256765205587032E-001                  9.7667612220895039E-002                 -5.6444424123204696E-011                  0.0000000000000000E+000                  0.0000000000000000E+000                  3.0670979186083670E+001                  2.0008737030913311E+004                  4.3012196764515176E+000                 -1.4982145784618664E+001                  5.0000000000000000E-001                  0.0000000000000000E+000                  0.0000000000000000E+000 
                                     892                  1.9015141866969589E+000                 -1.0102707621944018E+000                  8.1815103827913482E+000                  3.1206845331081845E+000                  1.9044589073214379E+001                  0.0000000000000000E+000                  7.5498262227106122E-002                  9.2450173777289391E-001                  9.7662814936942899E-002                 -5.6460157079405195E-011                  0.0000000000000000E+000                  0.0000000000000000E+000                  2.8516184299196624E+001                  2.0008860338005579E+004                  4.3012223528535642E+000                 -1.5149466993558313E+001                  4.9999999999999983E-001                  0.0000000000000000E+000                  0.0000000000000000E+000 
                                     893                  1.9013857181874032E+000                 -1.0102920813875911E+000                  8.1815352766151150E+000                  3.1210081378781003E+000                  1.9044683414756520E+001                  0.0000000000000000E+000                  7.3634979724396823E-002                  9.2636502027560319E-001                  9.7658020859646380E-002                 -5.6475265761799083E-011                  0.0000000000000000E+000                  0.0000000000000000E+000                  2.6535920758161012E+001                  2.0008986029374624E+004                  4.3012250809897807E+000                 -1.6108305308540622E+001                  5.0000000000000000E-001                  0.0000000000000000E+000                  0.0000000000000000E+000 
                                     894                  1.9012572496778462E+000                 -1.0103133878377637E+000                  8.1815601719290267E+000                  3.1213226384211938E+000                  1.9044777747945702E+001                  0.0000000000000000E+000                  7.1839887440771216E-002                  9.2816011255922881E-001                  9.7653229883011075E-002                 -5.6489772108106025E-011                  0.0000000000000000E+000                  0.0000000000000000E+000                  2.4715036886884835E+001                  2.0009113939056486E+004                  4.3012278572569729E+000                 -1.5158270996989659E+001                  4.9999999999999994E-001                  0.0000000000000000E+000                  0.0000000000000000E+000 
                                     895                  1.9011287811682889E+000                 -1.0103346819970860E+000                  8.1815850686387908E+000                  3.1216283594012797E+000                  1.9044872072772741E+001                  0.0000000000000000E+000                  7.0110465495545768E-002                  9.2988953450445422E-001                  9.7648441904936961E-002                 -5.6503697259110114E-011                  0.0000000000000000E+000                  0.0000000000000000E+000                  2.3039752625650113E+001                  2.0009243911475136E+004                  4.3012306782774870E+000                 -1.5922363462692948E+001                  4.9999999999999994E-001                  0.0000000000000000E+000                  0.0000000000000000E+000 
                                     896                  1.9010003126587331E+000                 -1.0103559643011069E+000                  8.1816099666536406E+000                  3.1219256146804479E+000                  1.9044966389229597E+001                  0.0000000000000000E+000                  6.8444284052789475E-002                  9.3155571594721054E-001                  9.7643656827080316E-002                 -5.6517061561540437E-011                  0.0000000000000000E+000                  0.0000000000000000E+000                  2.1497532498163721E+001                  2.0009375800894235E+004                  4.3012335408873099E+000                 -1.5487866252169137E+001                  5.0000000000000000E-001                  0.0000000000000000E+000                  0.0000000000000000E+000 
                                     897                  1.9008718441491763E+000                 -1.0103772351693441E+000                  8.1816348658865738E+000                  3.1222147076261741E+000                  1.9045060697308674E+001                  0.0000000000000000E+000                  6.6839000322799283E-002                  9.3316099967720068E-001                  9.7638874554720978E-002                 -5.6529884809125181E-011                  0.0000000000000000E+000                  0.0000000000000000E+000                  2.0076970419449793E+001                  2.0009509470666701E+004                  4.3012364421197748E+000                 -1.5044205697537844E+001                  4.9999999999999983E-001                  0.0000000000000000E+000                  0.0000000000000000E+000 
                                     898                  1.9007433756396190E+000                 -1.0103984950058527E+000                  8.1816597662538832E+000                  3.1224959314174803E+000                  1.9045154997002456E+001                  0.0000000000000000E+000                  6.5292355637173366E-002                  9.3470764436282661E-001                  9.7634094996633836E-002                 -5.6542186162004371E-011                  0.0000000000000000E+000                  0.0000000000000000E+000                  1.8767685251498602E+001                  2.0009644792741183E+004                  4.3012393791948487E+000                 -1.5558988620890174E+001                  5.0000000000000011E-001                  0.0000000000000000E+000                  0.0000000000000000E+000 
                                     899                  1.9006149071300622E+000                 -1.0104197441997871E+000                  8.1816846676746113E+000                  3.1227695693420507E+000                  1.9045249288303417E+001                  0.0000000000000000E+000                  6.3802172598753024E-002                  9.3619782740124702E-001                  9.7629318064961307E-002                 -5.6553984151994270E-011                  0.0000000000000000E+000                  0.0000000000000000E+000                  1.7560226112924457E+001                  2.0009781647049931E+004                  4.3012423495058396E+000                 -1.4906463473659590E+001                  5.0000000000000000E-001                  0.0000000000000000E+000                  0.0000000000000000E+000 
                                     900                  1.9004864386205051E+000                 -1.0104409831259189E+000                  8.1817095700707920E+000                  3.1230358950924613E+000                  1.9045343571204846E+001                  0.0000000000000000E+000                  6.2366352309043131E-002                  9.3763364769095692E-001                  9.7624543675096306E-002                 -5.6565296702042646E-011                  0.0000000000000000E+000                  0.0000000000000000E+000                  1.6445986540780449E+001                  2.0009919920951426E+004                  4.3012453506073003E+000                 -1.5208604051021526E+001                  5.0000000000000011E-001                  0.0000000000000000E+000                  0.0000000000000000E+000 
                                     901                  1.9003579701109494E+000                 -1.0104622121451585E+000                  8.1817344733673760E+000                  3.1232951730547569E+000                  1.9045437845701080E+001                  0.0000000000000000E+000                  6.0982871673881625E-002                  9.3901712832611839E-001                  9.7619771745564202E-002                 -5.6576141144049505E-011                  0.0000000000000000E+000                  0.0000000000000000E+000                  1.5417126679042166E+001                  2.0010059508846560E+004                  4.3012483802066885E+000                 -1.5807242574152374E+001                  5.0000000000000000E-001                  0.0000000000000000E+000                  0.0000000000000000E+000 
                                     902                  1.9002295016013921E+000                 -1.0104834316050477E+000                  8.1817718291031021E+000                  3.1236739237810878E+000                  1.9045579237155330E+001                  0.0000000000000000E+000                  5.8983232394065888E-002                  9.4101676760593411E-001                  9.7615002197911097E-002                 -5.6586534655319892E-011                  0.0000000000000000E+000                  0.0000000000000000E+000                  1.4005586784630893E+001                  2.0010200311679167E+004                  4.3012514361535272E+000                 -1.5542039825207988E+001                  5.0000000000000011E-001                  0.0000000000000000E+000                  0.0000000000000000E+000 
                                     903                  1.8999725645822796E+000                 -1.0105258428494299E+000                  8.1818216409923465E+000                  3.1241531850395496E+000                  1.9045767735643633E+001                  0.0000000000000000E+000                  5.6507481962997534E-002                  9.4349251803700251E-001                  9.7605470021595087E-002                 -5.6606039690678841E-011                  0.0000000000000000E+000                  0.0000000000000000E+000                  1.2379290200609589E+001                  2.0010485261573474E+004                  4.3012576205636615E+000                 -1.5273434965990496E+001                  5.0000000000000000E-001                  0.0000000000000000E+000                  0.0000000000000000E+000 
                                     904                  1.8997156275631655E+000                 -1.0105682197252861E+000                  8.1818590028064726E+000                  3.1244947138960386E+000                  1.9045909091882510E+001                  0.0000000000000000E+000                  5.4783018044602019E-002                  9.4521698195539794E-001                  9.7595946499500055E-002                 -5.6623924487537530E-011                  0.0000000000000000E+000                  0.0000000000000000E+000                  1.1323382571371036E+001                  2.0010774022253252E+004                  4.3012638875913396E+000                 -1.5592265255166515E+001                  5.0000000000000000E-001                  0.0000000000000000E+000                  0.0000000000000000E+000 
                                     905                  1.8995871590536084E+000                 -1.0105893961550769E+000                  8.1818839110068406E+000                  3.1247167680840873E+000                  1.9046003315824503E+001                  0.0000000000000000E+000                  5.3675025400876146E-002                  9.4632497459912390E-001                  9.7591187785290384E-002                 -5.6632292628641550E-011                  3.0736678059119258E-023                  0.0000000000000000E+000                  1.0677033876455258E+001                  2.0010919615804341E+004                  4.3012670474014367E+000                 -1.6679103524753309E+001                  5.0000000000000000E-001                  0.0000000000000000E+000                  0.0000000000000000E+000 
                                     906                  1.8994586905440511E+000                 -1.0106105648559573E+000                  8.1819088198219259E+000                  3.1249333874320278E+000                  1.9046097531323181E+001                  0.0000000000000000E+000                  5.2607123056437638E-002                  9.4739287694356233E-001                  9.7586431039806826E-002                 -5.6640299082653169E-011                  0.0000000000000000E+000                  0.0000000000000000E+000                  1.0077481534131767E+001                  2.0011065944985960E+004                  4.3012702231537254E+000                 -1.5554102522946716E+001                  5.0000000000000000E-001                  0.0000000000000000E+000                  0.0000000000000000E+000 
                                     907                  1.8993302220344943E+000                 -1.0106317260944477E+000                  8.1819461833346203E+000                  3.1252504741190865E+000                  1.9046238834238256E+001                  0.0000000000000000E+000                  5.1063146907712686E-002                  9.4893685309228726E-001                  9.7581676202899689E-002                 -5.6647956964562099E-011                  0.0000000000000000E+000                  0.0000000000000000E+000                  9.2502169317966327E+000                  2.0011212946076783E+004                  4.3012734134649397E+000                 -1.5419949312983114E+001                  5.0000000000000000E-001                  0.0000000000000000E+000                  0.0000000000000000E+000 
                                     908                  1.8990732850153800E+000                 -1.0106740269530703E+000                  8.1819960039051125E+000                  3.1256534422629949E+000                  1.9046427214529292E+001                  0.0000000000000000E+000                  4.9150278679206912E-002                  9.5084972132079304E-001                  9.7572172081061420E-002                 -5.6662282759009563E-011                  0.0000000000000000E+000                  0.0000000000000000E+000                  8.2892411283649228E+000                  2.0011508771617508E+004                  4.3012798335880307E+000                 -1.6072363199391663E+001                  4.9999999999999983E-001                  0.0000000000000000E+000                  0.0000000000000000E+000 
                                     909                  1.8988163479962674E+000                 -1.0107163009271596E+000                  8.1820458258582374E+000                  3.1260380456522086E+000                  1.9046615560977401E+001                  0.0000000000000000E+000                  4.7372409790041432E-002                  9.5262759020995857E-001                  9.7562674924404541E-002                 -5.6675359150314008E-011                  0.0000000000000000E+000                  0.0000000000000000E+000                  7.4573342648817507E+000                  2.0011806607668488E+004                  4.3012862972481365E+000                 -1.5288904027783486E+001                  5.0000000000000011E-001                  0.0000000000000000E+000                  0.0000000000000000E+000 
                                     910                  1.8985594109771533E+000                 -1.0107585498127347E+000                  8.1820831935787037E+000                  3.1263137222826685E+000                  1.9046756803065755E+001                  0.0000000000000000E+000                  4.6132767570010939E-002                  9.5386723242998905E-001                  9.7553184327645412E-002                 -5.6687276358972628E-011                  0.0000000000000000E+000                  0.0000000000000000E+000                  6.9113448030361049E+000                  2.0012106067340319E+004                  4.3012927960471963E+000                 -1.6733931196648395E+001                  4.9999999999999983E-001                  0.0000000000000000E+000                  0.0000000000000000E+000 
                                     911                  1.8984309424675976E+000                 -1.0107796654714216E+000                  8.1821081052001379E+000                  3.1264934882810791E+000                  1.9046850950882131E+001                  0.0000000000000000E+000                  4.5335830441595303E-002                  9.5466416955840472E-001                  9.7548441348505793E-002                 -5.6692824337539788E-011                  4.5902287691322493E-023                  0.0000000000000000E+000                  6.5745870143359557E+000                  2.0012256281518483E+004                  4.3012960559211759E+000                 -1.6477577918919824E+001                  4.9999999999999994E-001                  0.0000000000000000E+000                  0.0000000000000000E+000 
                                     912                  1.8983024739580405E+000                 -1.0108007754700912E+000                  8.1821454722730724E+000                  3.1267573326039848E+000                  1.9046992152243863E+001                  0.0000000000000000E+000                  4.4182989129312435E-002                  9.5581701087068760E-001                  9.7543699871222078E-002                 -5.6698114065959349E-011                  0.0000000000000000E+000                  0.0000000000000000E+000                  6.1067731348219150E+000                  2.0012406776829845E+004                  4.3012993218716318E+000                 -1.5474454300114219E+001                  5.0000000000000011E-001                  0.0000000000000000E+000                  0.0000000000000000E+000 
                                     913                  1.8980455369389264E+000                 -1.0108429790534055E+000                  8.1821952959556068E+000                  3.1270944900795037E+000                  1.9047180397016692E+001                  0.0000000000000000E+000                  4.2753021166161510E-002                  9.5724697883383847E-001                  9.7534221294317131E-002                 -5.6707960248516032E-011                  0.0000000000000000E+000                  0.0000000000000000E+000                  5.5580299755454057E+000                  2.0012708493640435E+004                  4.3013058694578188E+000                 -1.5844826434850500E+001                  5.0000000000000011E-001                  0.0000000000000000E+000                  0.0000000000000000E+000 
                                     914                  1.8977885999198134E+000                 -1.0108851621783277E+000                  8.1822451195139259E+000                  3.1274187029266871E+000                  1.9047368607857869E+001                  0.0000000000000000E+000                  4.1417884392590282E-002                  9.5858211560740969E-001                  9.7524748232586972E-002                 -5.6716902001808366E-011                  0.0000000000000000E+000                  0.0000000000000000E+000                  5.0761189751942943E+000                  2.0013010918076274E+004                  4.3013124323011906E+000                 -1.5986883281990524E+001                  5.0000000000000000E-001                  0.0000000000000000E+000                  0.0000000000000000E+000 
                                     915                  1.8975316629006995E+000                 -1.0109273261057226E+000                  8.1822949426298148E+000                  3.1277291368573086E+000                  1.9047556784751780E+001                  0.0000000000000000E+000                  4.0183198731594684E-002                  9.5981680126840530E-001                  9.7515280401492363E-002                 -5.6724967219113336E-011                  0.0000000000000000E+000                  0.0000000000000000E+000                  4.6560874912135208E+000                  2.0013313818054812E+004                  4.3013190053647987E+000                 -1.6037871961841685E+001                  4.9999999999999994E-001                  0.0000000000000000E+000                  0.0000000000000000E+000 
                                     916                  1.8972747258815865E+000                 -1.0109694721760871E+000                  8.1823447650080823E+000                  3.1280285407482276E+000                  1.9047744927684779E+001                  0.0000000000000000E+000                  3.9029165865087326E-002                  9.6097083413491269E-001                  9.7505817498726249E-002                 -5.6732218378013386E-011                  0.0000000000000000E+000                  0.0000000000000000E+000                  4.2850164369430646E+000                  2.0013616965381298E+004                  4.3013255836963635E+000                 -1.5431966631864958E+001                  5.0000000000000011E-001                  0.0000000000000000E+000                  0.0000000000000000E+000 
                                     917                  1.8970177888624724E+000                 -1.0110116014619124E+000                  8.1824194949364024E+000                  3.1284614788675937E+000                  1.9048027060580043E+001                  0.0000000000000000E+000                  3.7415986249877742E-002                  9.6258401375012226E-001                  9.7496359282264772E-002                 -5.6738754299786701E-011                  0.0000000000000000E+000                  0.0000000000000000E+000                  3.7998702979382606E+000                  2.0013920177675311E+004                  4.3013321633380572E+000                 -1.6737513776498350E+001                  5.0000000000000000E-001                  0.0000000000000000E+000                  0.0000000000000000E+000 
                                     918                  1.8965039148242455E+000                 -1.0110958128179888E+000                  8.1825066788656802E+000                  3.1289329619595145E+000                  1.9048356150126889E+001                  0.0000000000000000E+000                  3.5778991720570127E-002                  9.6422100827942991E-001                  9.7477456199179677E-002                 -5.6749856360238261E-011                  0.0000000000000000E+000                  0.0000000000000000E+000                  3.3472969930265801E+000                  2.0014526264660704E+004                  4.3013453149967757E+000                 -1.5503229495991590E+001                  4.9999999999999994E-001                  0.0000000000000000E+000                  0.0000000000000000E+000 
                                     919                  1.8961185092955759E+000                 -1.0111589349187431E+000                  8.1825938557507261E+000                  3.1293824112936650E+000                  1.9048685114815211E+001                  0.0000000000000000E+000                  3.4302186596402315E-002                  9.6569781340359773E-001                  9.7463289464533059E-002                 -5.6756615519654019E-011                  0.0000000000000000E+000                  0.0000000000000000E+000                  2.9712752940411540E+000                  2.0014979812267422E+004                  4.3013551563983912E+000                 -1.5269658016428126E+001                  5.0000000000000011E-001                  0.0000000000000000E+000                  0.0000000000000000E+000 
                                     920                  1.8956046352573488E+000                 -1.0112430534322809E+000                  8.1826685758452644E+000                  3.1297457075466100E+000                  1.9048967028277307E+001                  0.0000000000000000E+000                  3.3196061056908963E-002                  9.6680393894309102E-001                  9.7444413624644594E-002                 -5.6763837586941408E-011                  0.0000000000000000E+000                  0.0000000000000000E+000                  2.7096131732802120E+000                  2.0015582549597453E+004                  4.3013682346806359E+000                 -1.7160310038583393E+001                  5.0000000000000000E-001                  0.0000000000000000E+000                  0.0000000000000000E+000 
                                     921                  1.8953476982382362E+000                 -1.0112850958365232E+000                  8.1827432881960558E+000                  3.1300991836457555E+000                  1.9049248829749413E+001                  0.0000000000000000E+000                  3.2160764600546538E-002                  9.6783923539945349E-001                  9.7434980856538761E-002                 -5.6766752658344985E-011                  0.0000000000000000E+000                  0.0000000000000000E+000                  2.4789995536560312E+000                  2.0015882781133922E+004                  4.3013747490012335E+000                 -1.5638767921630247E+001                  5.0000000000000000E-001                  0.0000000000000000E+000                  0.0000000000000000E+000 
                                     922                  1.8948338242000078E+000                 -1.0113691488332335E+000                  8.1828179972673087E+000                  3.1304353671282876E+000                  1.9049530590129859E+001                  0.0000000000000000E+000                  3.1251380774316356E-002                  9.6874861922568367E-001                  9.7416125195222220E-002                 -5.6771393631222867E-011                  0.0000000000000000E+000                  0.0000000000000000E+000                  2.2883332751298315E+000                  2.0016480704163518E+004                  4.3013877222383732E+000                 -1.5718473956307564E+001                  5.0000000000000000E-001                  0.0000000000000000E+000                  0.0000000000000000E+000 
                                     923                  1.8945768871808950E+000                 -1.0114111611010281E+000                  8.1828926979752570E+000                  3.1307638141376608E+000                  1.9049812238586600E+001                  0.0000000000000000E+000                  3.0397687890876629E-002                  9.6960231210912340E-001                  9.7406701924699371E-002                 -5.6773165007445485E-011                  0.0000000000000000E+000                  0.0000000000000000E+000                  2.1185140902693078E+000                  2.0016778192005822E+004                  4.3013941767380528E+000                 -1.5527950070657115E+001                  4.9999999999999989E-001                  0.0000000000000000E+000                  0.0000000000000000E+000 
                                     924                  1.8940630131426683E+000                 -1.0114951586635976E+000                  8.1830420777689969E+000                  3.1313933602772055E+000                  1.9050375270727223E+001                  0.0000000000000000E+000                  2.8887790565997364E-002                  9.7111220943400267E-001                  9.7387864166698465E-002                 -5.6775772259581709E-011                  0.0000000000000000E+000                  0.0000000000000000E+000                  1.8398898169798363E+000                  2.0017370030122955E+004                  4.3014070173773513E+000                 -1.5368248517478929E+001                  5.0000000000000000E-001                  0.0000000000000000E+000                  0.0000000000000000E+000 
                                     925                  1.8930352650662130E+000                 -1.0116630564453162E+000                  8.1832038808805319E+000                  3.1320288592190257E+000                  1.9050985010850578E+001                  0.0000000000000000E+000                  2.7589068785000535E-002                  9.7241093121499944E-001                  9.7350221399477313E-002                 -5.6777894314663139E-011                  0.0000000000000000E+000                  0.0000000000000000E+000                  1.6230465274441814E+000                  2.0018539921927539E+004                  4.3014323984692711E+000                 -1.5465247869171506E+001                  5.0000000000000011E-001                  0.0000000000000000E+000                  0.0000000000000000E+000 
                                     926                  1.8923929225184304E+000                 -1.0117679378898612E+000                  8.1833283179903322E+000                  3.1324986524592702E+000                  1.9051453753350387E+001                  0.0000000000000000E+000                  2.6726647890477163E-002                  9.7327335210952282E-001                  9.7326714310407084E-002                 -5.6777410833658084E-011                  0.0000000000000000E+000                  0.0000000000000000E+000                  1.4897773946473105E+000                  2.0019260573474236E+004                  4.3014480324444779E+000                 -1.5536996601721389E+001                  4.9999999999999989E-001                  0.0000000000000000E+000                  0.0000000000000000E+000 
                                     927                  1.8917505799706467E+000                 -1.0118727818593092E+000                  8.1834713916973438E+000                  3.1330209330405858E+000                  1.9051992519557110E+001                  0.0000000000000000E+000                  2.5863799509752611E-002                  9.7413620049024741E-001                  9.7303221293832648E-002                 -5.6775787771565668E-011                  0.0000000000000000E+000                  0.0000000000000000E+000                  1.3649594892895029E+000                  2.0019972660144780E+004                  4.3014634800585663E+000                 -1.5385580601398271E+001                  5.0000000000000000E-001                  0.0000000000000000E+000                  0.0000000000000000E+000 
                                     928                  1.8909155346585278E+000                 -1.0120090286108678E+000                  8.1836330909819566E+000                  3.1335905364776928E+000                  1.9052601250452312E+001                  0.0000000000000000E+000                  2.5037548398986777E-002                  9.7496245160101325E-001                  9.7272700140428478E-002                 -5.6772321237409583E-011                  0.0000000000000000E+000                  0.0000000000000000E+000                  1.2535701358189482E+000                  2.0020885031525537E+004                  4.3014832717353189E+000                 -1.5806630442061287E+001                  5.0000000000000000E-001                  0.0000000000000000E+000                  0.0000000000000000E+000 
                                     929                  1.8900804893464089E+000                 -1.0121452248820746E+000                  8.1837885326974149E+000                  3.1341256354297498E+000                  1.9053186239993604E+001                  0.0000000000000000E+000                  2.4332834431278309E-002                  9.7566716556872168E-001                  9.7242199863586981E-002                 -5.6767733070417108E-011                  0.0000000000000000E+000                  0.0000000000000000E+000                  1.1642564726801052E+000                  2.0021781738070877E+004                  4.3015027227227787E+000                 -1.5375070323001331E+001                  5.0000000000000000E-001                  0.0000000000000000E+000                  0.0000000000000000E+000 
                                     930                  1.8893096782890690E+000                 -1.0122709033352435E+000                  8.1839377197953898E+000                  3.1346276866409188E+000                  1.9053747509918566E+001                  0.0000000000000000E+000                  2.3739582819514111E-002                  9.7626041718048584E-001                  9.7214063468545817E-002                 -5.6762713309406238E-011                  0.0000000000000000E+000                  0.0000000000000000E+000                  1.0933450190791973E+000                  2.0022595266746379E+004                  4.3015203686966261E+000                 -1.6448934089383631E+001                  5.0000000000000000E-001                  0.0000000000000000E+000                  0.0000000000000000E+000 
                                     931                  1.8885388672317280E+000                 -1.0123965456001638E+000                  8.1841800635061031E+000                  3.1354356848108340E+000                  1.9054658710942661E+001                  0.0000000000000000E+000                  2.2831081086932718E-002                  9.7716891891306723E-001                  9.7185943312753015E-002                 -5.6757156432481392E-011                  0.0000000000000000E+000                  0.0000000000000000E+000                  9.9038895082904566E-001                  2.0023394893615307E+004                  4.3015377124324372E+000                 -1.5920246452464681E+001                  4.9999999999999978E-001                  0.0000000000000000E+000                  0.0000000000000000E+000 
                                     932                  1.8868045423527124E+000                 -1.0126791133129665E+000                  8.1844316373321426E+000                  3.1362461542280822E+000                  1.9055604528467157E+001                  0.0000000000000000E+000                  2.2080094651384913E-002                  9.7791990534861506E-001                  9.7122731185864744E-002                 -5.6743014432338372E-011                  0.0000000000000000E+000                  0.0000000000000000E+000                  9.1276002893144392E-001                  2.0025142916480141E+004                  4.3015756242627523E+000                 -1.5563837116093024E+001                  4.9999999999999994E-001                  0.0000000000000000E+000                  0.0000000000000000E+000 
                                     933                  1.8859373799132042E+000                 -1.0128203403394040E+000                  8.1845992900165303E+000                  3.1367897006647212E+000                  1.9056234460269085E+001                  0.0000000000000000E+000                  2.1568738231700180E-002                  9.7843126176829986E-001                  9.7091153247055292E-002                 -5.6735407460708266E-011                  2.2473080706484425E-023                  0.0000000000000000E+000                  8.6148741284698449E-001                  2.0025989840296763E+004                  4.3015939915005754E+000                 -1.5475852926726750E+001                  4.9999999999999994E-001                  0.0000000000000000E+000                  0.0000000000000000E+000 
                                     934                  1.8850702174736955E+000                 -1.0129615283735243E+000                  8.1848786040578929E+000                  3.1377651883945394E+000                  1.9057283200421587E+001                  0.0000000000000000E+000                  2.0291202166465877E-002                  9.7970879783353415E-001                  9.7059594289632969E-002                 -5.6729289554955083E-011                  0.0000000000000000E+000                  0.0000000000000000E+000                  7.3259967022964134E-001                  2.0026818753606334E+004                  4.3016119673923550E+000                 -1.5294337425854232E+001                  5.0000000000000000E-001                  0.0000000000000000E+000                  0.0000000000000000E+000 
                                     935                  1.8830468384481764E+000                 -1.0132907624243732E+000                  8.1854647350123084E+000                  3.1394672900766825E+000                  1.9059481636139861E+001                  0.0000000000000000E+000                  1.9711318068333018E-002                  9.8028868193166696E-001                  9.6986042321333274E-002                 -5.6710655873325058E-011                  0.0000000000000000E+000                  0.0000000000000000E+000                  7.0083555550436927E-001                  2.0028685804734065E+004                  4.3016524537131104E+000                 -1.5407569238655221E+001                  5.0000000000000000E-001                  0.0000000000000000E+000                  0.0000000000000000E+000 
                                     936                  1.8790000803971376E+000                 -1.0139488950325233E+000                  8.1863412163510585E+000                  3.1420264172443670E+000                  1.9062765573403279E+001                  0.0000000000000000E+000                  1.8674472048834469E-002                  9.8132552795116557E-001                  9.6839180364487076E-002                 -5.6658477276501794E-011                  0.0000000000000000E+000                  0.0000000000000000E+000                  6.3518859742442235E-001                  2.0032112563034538E+004                  4.3017267518941242E+000                 -1.5422864406446779E+001                  5.0000000000000000E-001                  0.0000000000000000E+000                  0.0000000000000000E+000 
                                     937                  1.8739576913970335E+000                 -1.0147683016979345E+000                  8.1871174493708860E+000                  3.1443146234931332E+000                  1.9065671589363060E+001                  0.0000000000000000E+000                  1.7647996281910994E-002                  9.8235200371808906E-001                  9.6656640952534761E-002                 -5.6594307118083949E-011                  0.0000000000000000E+000                  0.0000000000000000E+000                  5.6724072093668798E-001                  2.0035820161091506E+004                  4.3018071248643466E+000                 -1.4924340941102027E+001                  5.0000000000000011E-001                  0.0000000000000000E+000                  0.0000000000000000E+000 
                                     938                  1.8709386814224500E+000                 -1.0152585367068261E+000                  8.1877563987253943E+000                  3.1462298225488405E+000                  1.9068059266331094E+001                  0.0000000000000000E+000                  1.6615731711877586E-002                  9.8338426828812242E-001                  9.6547595737155656E-002                 -5.6557153412838426E-011                  0.0000000000000000E+000                  0.0000000000000000E+000                  4.9597555309255315E-001                  2.0037748333874206E+004                  4.3018489177383916E+000                 -1.5157799441833463E+001                  5.0000000000000011E-001                  0.0000000000000000E+000                  0.0000000000000000E+000 
                                     939                  1.8673130145971815E+000                 -1.0158468792356476E+000                  8.1884528300778463E+000                  3.1482683049483424E+000                  1.9070659046981003E+001                  0.0000000000000000E+000                  1.5735574789888834E-002                  9.8426442521011115E-001                  9.6416890419535745E-002                 -5.6511924855315009E-011                  0.0000000000000000E+000                  0.0000000000000000E+000                  4.4305723530104368E-001                  2.0039781359719116E+004                  4.3018929789324583E+000                 -1.5046570863375164E+001                  5.0000000000000011E-001                  0.0000000000000000E+000                  0.0000000000000000E+000 
                                     940                  1.8636873477719127E+000                 -1.0164348506763603E+000                  8.1891483273206145E+000                  3.1502619061463015E+000                  1.9073252318573594E+001                  0.0000000000000000E+000                  1.5061882552155811E-002                  9.8493811744784421E-001                  9.6286444322735781E-002                 -5.6463494996358376E-011                  0.0000000000000000E+000                  0.0000000000000000E+000                  4.0852022960987616E-001                  2.0041507702911353E+004                  4.3019303899708881E+000                 -1.4829515062111728E+001                  4.9999999999999994E-001                  0.0000000000000000E+000                  0.0000000000000000E+000 
                                     941                  1.8600616809466439E+000                 -1.0170225106048787E+000                  8.1898428718244904E+000                  3.1522468054976795E+000                  1.9075839118850226E+001                  0.0000000000000000E+000                  1.4406143642911248E-002                  9.8559385635708874E-001                  9.6156243682693168E-002                 -5.6413296269805842E-011                  0.0000000000000000E+000                  0.0000000000000000E+000                  3.7575896805174380E-001                  2.0042929383751572E+004                  4.3019611963480795E+000                 -1.5735078226926570E+001                  5.0000000000000000E-001                  0.0000000000000000E+000                  0.0000000000000000E+000 
                                     942                  1.8564360141213752E+000                 -1.0176098697126796E+000                  8.1909300862589003E+000                  3.1553349092005147E+000                  1.9079878954212933E+001                  0.0000000000000000E+000                  1.3428387564115390E-002                  9.8657161243588465E-001                  9.6026285616862092E-002                 -5.6362429390564318E-011                  0.0000000000000000E+000                  0.0000000000000000E+000                  3.2899504444970440E-001                  2.0044050620810172E+004                  4.3019854908730117E+000                 -1.5381164058001067E+001                  4.9999999999999989E-001                  0.0000000000000000E+000                  0.0000000000000000E+000 
                                     943                  1.8486898388043973E+000                 -1.0188638072927105E+000                  8.1924074633539536E+000                  3.1594811915540935E+000                  1.9085362819924608E+001                  0.0000000000000000E+000                  1.2327604789987829E-002                  9.8767239521001216E-001                  9.5749428992558810E-002                 -5.6250656780778550E-011                  5.4617727843529434E-023                  0.0000000000000000E+000                  2.8283233821275400E-001                  2.0045453961323787E+004                  4.3020158959901558E+000                 -1.5170755455809365E+001                  5.0000000000000000E-001                  0.0000000000000000E+000                  0.0000000000000000E+000 
                                     944                  1.8409436634874192E+000                 -1.0201166304704412E+000                  8.1945581090828110E+000                  3.1654647680358292E+000                  1.9093311698380798E+001                  0.0000000000000000E+000                  1.0800531928832706E-002                  9.8919946807116732E-001                  9.5473615568499023E-002                 -5.6135471675640254E-011                  0.0000000000000000E+000                  0.0000000000000000E+000                  2.2156715272707911E-001                  2.0045537821088063E+004                  4.3020177128488193E+000                 -1.4736815508381071E+001                  5.0000000000000000E-001                  0.0000000000000000E+000                  0.0000000000000000E+000 
                                     945                  1.8260502687670170E+000                 -1.0225226391250732E+000                  8.1981858618467793E+000                  3.1753324936359308E+000                  1.9106662499317700E+001                  0.0000000000000000E+000                  9.0606340276396091E-003                  9.9093936597236043E-001                  9.4946150389683473E-002                 -5.5904940959665250E-011                  0.0000000000000000E+000                  0.0000000000000000E+000                  1.6877594094378648E-001                  2.0042104401944547E+004                  4.3019433200978847E+000                 -1.4391893472509128E+001                  5.0000000000000011E-001                  0.0000000000000000E+000                  0.0000000000000000E+000 
                                     946                  1.8025168606412929E+000                 -1.0263194358438328E+000                  8.2029397542806723E+000                  3.1880677736479326E+000                  1.9124085843212413E+001                  0.0000000000000000E+000                  7.3702327071643843E-003                  9.9262976729283559E-001                  9.4119706487134761E-002                 -5.5520440516770265E-011                  0.0000000000000000E+000                  0.0000000000000000E+000                  1.2636443800987116E-001                  2.0027474150991908E+004                  4.3016261798748321E+000                 -1.4496949192907453E+001                  5.0000000000000000E-001                  0.0000000000000000E+000                  0.0000000000000000E+000 
                                     947                  1.7752221843090459E+000                 -1.0307185454693713E+000                  8.2064852585737480E+000                  3.1976272299485164E+000                  1.9137077752417238E+001                  0.0000000000000000E+000                  5.7795549286408822E-003                  9.9422044507135909E-001                  9.3171149692239497E-002                 -5.5060162760600048E-011                  0.0000000000000000E+000                  0.0000000000000000E+000                  7.7797252720198870E-002                  1.9997407917725941E+004                  4.3009737056647808E+000                 -1.4631222845867144E+001                  5.0000000000000000E-001                  0.0000000000000000E+000                  0.0000000000000000E+000 
                                     948                  1.7642458362145188E+000                 -1.0324864130353948E+000                  8.2085058672615538E+000                  3.2029734140179476E+000                  1.9144431467592668E+001                  0.0000000000000000E+000                  5.1005288027206105E-003                  9.9489947119727939E-001                  9.2792651998631764E-002                 -5.4871419353688845E-011                  1.9243893302542914E-023                  0.0000000000000000E+000                  6.1380966391037267E-002                  1.9981710028421247E+004                  4.3006326522647482E+000                 -1.4800835801827359E+001                  5.0000000000000000E-001                  0.0000000000000000E+000                  0.0000000000000000E+000 
                                     949                  1.7532694881199926E+000                 -1.0342541062128483E+000                  8.2104130250200917E+000                  3.2079551754912901E+000                  1.9151360317389404E+001                  0.0000000000000000E+000                  4.7192318649703366E-003                  9.9528076813502964E-001                  9.2415729019888246E-002                 -5.4677768587634403E-011                  0.0000000000000000E+000                  0.0000000000000000E+000                  5.5332595328588488E-002                  1.9964011007939367E+004                  4.3002478006594220E+000                 -1.5151721738878118E+001                  5.0000000000000000E-001                  0.0000000000000000E+000                  0.0000000000000000E+000 
                                     950                  1.7434286243111066E+000                 -1.0358391090620760E+000                  8.2129283397926294E+000                  3.2145648142410095E+000                  1.9160459979543926E+001                  0.0000000000000000E+000                  3.7888874249443019E-003                  9.9621111257505568E-001                  9.2079062934410746E-002                 -5.4503138513205400E-011                  0.0000000000000000E+000                  0.0000000000000000E+000                  3.3941302972493918E-002                  1.9946477748378129E+004                  4.2998662168400115E+000                 -1.4507353106825851E+001                  5.0000000000000000E-001                  0.0000000000000000E+000                  0.0000000000000000E+000 
                                     951                  1.7256695079365469E+000                 -1.0386998082732304E+000                  8.2159034859044073E+000                  3.2222363818343993E+000                  1.9171222281000915E+001                  0.0000000000000000E+000                  3.4289300632598949E-003                  9.9657106993674005E-001                  9.1474531050146246E-002                 -5.4183452211770421E-011                  0.0000000000000000E+000                  0.0000000000000000E+000                  3.0703637425926314E-002                  1.9911060438073244E+004                  4.2990943906220567E+000                 -1.4598447475733337E+001                  5.0000000000000000E-001                  0.0000000000000000E+000                  0.0000000000000000E+000 
                                     952                  1.7105641602428345E+000                 -1.0411345625060215E+000                  8.2181962624561447E+000                  3.2281931099441201E+000                  1.9179500900890172E+001                  0.0000000000000000E+000                  2.8327629460190859E-003                  9.9716723705398091E-001                  9.0963138730155713E-002                 -5.3907056637457948E-011                  0.0000000000000000E+000                  0.0000000000000000E+000                  2.0171560105430270E-002                  1.9877185963944172E+004                  4.2983549008442248E+000                 -1.4599725208726523E+001                  5.0000000000000000E-001                  0.0000000000000000E+000                  0.0000000000000000E+000 
                                     953                  1.7001792337034076E+000                 -1.0428092662367947E+000                  8.2204763783368051E+000                  3.2340092304482471E+000                  1.9187700135149196E+001                  0.0000000000000000E+000                  2.5921712003281923E-003                  9.9740782879967183E-001                  9.0613046855539447E-002                 -5.3715595842673033E-011                  7.9388802359407256E-024                  0.0000000000000000E+000                  1.7971771326448879E-002                  1.9852021818143374E+004                  4.2978047438320583E+000                 -1.4944932456060272E+001                  4.9999999999999994E-001                  0.0000000000000000E+000                  0.0000000000000000E+000 
                                     954                  1.6850738860096939E+000                 -1.0452471632526146E+000                  8.2229257612532329E+000                  3.2402122368463919E+000                  1.9196506803405654E+001                  0.0000000000000000E+000                  2.5533816306747758E-003                  9.9744661836932524E-001                  9.0105818644777777E-002                 -5.3431453281218986E-011                  0.0000000000000000E+000                  0.0000000000000000E+000                  2.0176982619160982E-002                  1.9812709762036557E+004                  4.2969438775687792E+000                 -1.4770981459314292E+001                  5.0000000000000000E-001                  0.0000000000000000E+000                  0.0000000000000000E+000 
                                     955                  1.6726343487179283E+000                 -1.0472569921316968E+000                  8.2252625507034534E+000                  3.2461839417414065E+000                  1.9204885182878247E+001                  0.0000000000000000E+000                  2.1032360299603273E-003                  9.9789676397003968E-001                  8.9689790146812109E-002                 -5.3197342023123141E-011                  0.0000000000000000E+000                  0.0000000000000000E+000                  1.3141309463696762E-002                  1.9777966608007453E+004                  4.2961816393179815E+000                 -1.4606648466489064E+001                  4.9999999999999989E-001                  0.0000000000000000E+000                  0.0000000000000000E+000 
                                     956                  1.6586400742960867E+000                 -1.0495202930332783E+000                  8.2276199454037151E+000                  3.2521520420440404E+000                  1.9213328066852572E+001                  0.0000000000000000E+000                  1.8794440694301327E-003                  9.9812055593056992E-001                  8.9223592760888024E-002                 -5.2933905914738550E-011                  0.0000000000000000E+000                  0.0000000000000000E+000                  1.0931183215057563E-002                  1.9736498748066057E+004                  4.2952701113902778E+000                 -1.4617856085105366E+001                  4.9999999999999994E-001                  0.0000000000000000E+000                  0.0000000000000000E+000 
                                     957                  1.6458119894093970E+000                 -1.0515975834587254E+000                  8.2295569703442872E+000                  3.2570151796699176E+000                  1.9220258642623712E+001                  0.0000000000000000E+000                  1.8622778528350587E-003                  9.9813772214716490E-001                  8.8797843028322040E-002                 -5.2688917760690067E-011                  0.0000000000000000E+000                  0.0000000000000000E+000                  1.2053357745593577E-002                  1.9696294989315153E+004                  4.2943845400182123E+000                 -1.4920323929553032E+001                  5.0000000000000000E-001                  0.0000000000000000E+000                  0.0000000000000000E+000 
                                     958                  1.6364824731281691E+000                 -1.0531101620093246E+000                  8.2319907469880178E+000                  3.2631231579780389E+000                  1.9228928374187912E+001                  0.0000000000000000E+000                  1.6282585686167245E-003                  9.9837174143138330E-001                  8.8489112217879765E-002                 -5.2510182964970947E-011                  0.0000000000000000E+000                  0.0000000000000000E+000                  9.4225428566585036E-003                  1.9665743270860028E+004                  4.2937103653062980E+000                 -1.4997376806573174E+001                  4.9999999999999989E-001                  0.0000000000000000E+000                  0.0000000000000000E+000 
                                     959                  1.6178234405657128E+000                 -1.0561401989697665E+000                  8.2347110712908123E+000                  3.2699739979264382E+000                  1.9238635879530566E+001                  0.0000000000000000E+000                  1.3416574703829249E-003                  9.9865834252961705E-001                  8.7873879652892617E-002                 -5.2153328375060476E-011                  0.0000000000000000E+000                  0.0000000000000000E+000                  6.2746158707450202E-003                  1.9601486218005597E+004                  4.2922890015507775E+000                 -1.5064511609620981E+001                  5.0000000000000000E-001                  0.0000000000000000E+000                  0.0000000000000000E+000 
                                     960                  1.6049953556790244E+000                 -1.0582273299606531E+000                  8.2376380667779170E+000                  3.2772301445864307E+000                  1.9249028695315637E+001                  0.0000000000000000E+000                  1.3134103268780054E-003                  9.9868658967312196E-001                  8.7452588781422577E-002                 -5.1906018603932023E-011                  0.0000000000000000E+000                  0.0000000000000000E+000                  7.0885203525738764E-003                  1.9554966926491128E+004                  4.2912570857622194E+000                 -1.4430808442630106E+001                  4.9999999999999994E-001                  0.0000000000000000E+000                  0.0000000000000000E+000 
                                     961                  1.5837105283265860E+000                 -1.0616989593973403E+000                  8.2404035493359054E+000                  3.2841255190245739E+000                  1.9258872410048649E+001                  0.0000000000000000E+000                  1.2230096087474415E-003                  9.9877699039125256E-001                  8.6756303744233723E-002                 -5.1492824656877272E-011                  1.8616150732355093E-023                  0.0000000000000000E+000                  6.8155689234894274E-003                  1.9473528270069921E+004                  4.2894446453772286E+000                 -1.4581141463639554E+001                  4.9999999999999989E-001                  0.0000000000000000E+000                  0.0000000000000000E+000 
                                     962                  1.5725335073169828E+000                 -1.0635264287159367E+000                  8.2424861381068872E+000                  3.2893210995401572E+000                  1.9266254168610772E+001                  0.0000000000000000E+000                  9.5616770724595826E-004                  9.9904383229275406E-001                  8.6392008577444640E-002                 -5.1276633500027621E-011                  0.0000000000000000E+000                  0.0000000000000000E+000                  3.7123812562343040E-003                  1.9428720740010907E+004                  4.2884442059603396E+000                 -1.4543140902863849E+001                  5.0000000000000000E-001                  0.0000000000000000E+000                  0.0000000000000000E+000 
                                     963                  1.5591210821054593E+000                 -1.0657236383437214E+000                  8.2445581582553356E+000                  3.2944458757495698E+000                  1.9273597047196734E+001                  0.0000000000000000E+000                  9.0703827430281320E-004                  9.9909296172569717E-001                  8.5956032548121619E-002                 -5.1016623376394725E-011                  0.0000000000000000E+000                  0.0000000000000000E+000                  3.6069257615289748E-003                  1.9373236635626541E+004                  4.2872021832160971E+000                 -1.5056768376187890E+001                  5.0000000000000011E-001                  0.0000000000000000E+000                  0.0000000000000000E+000 
                                     964                  1.5479440610958566E+000                 -1.0675585489577144E+000                  8.2472550915546048E+000                  3.3010611787473834E+000                  1.9283116598496136E+001                  0.0000000000000000E+000                  9.0014466542805279E-004                  9.9909985533457191E-001                  8.5593631178016855E-002                 -5.0798234138359144E-011                  0.0000000000000000E+000                  0.0000000000000000E+000                  4.1675203474015139E-003                  1.9325511929153683E+004                  4.2861310071213756E+000                 -1.4565716282312890E+001                  5.0000000000000000E-001                  0.0000000000000000E+000                  0.0000000000000000E+000 
                                     965                  1.5269312615978041E+000                 -1.0710186803566033E+000                  8.2503421258162177E+000                  3.3086555506736555E+000                  1.9294032171172919E+001                  0.0000000000000000E+000                  8.8578897006638799E-004                  9.9911421102993359E-001                  8.4914394992811670E-002                 -5.0386609419337726E-011                  0.0000000000000000E+000                  0.0000000000000000E+000                  4.8046079640745466E-003                  1.9232138012058538E+004                  4.2840275668815258E+000                 -1.4616575651870036E+001                  5.0000000000000000E-001                  0.0000000000000000E+000                  0.0000000000000000E+000 
                                     966                  1.5108363513439749E+000                 -1.0736787152894522E+000                  8.2528485701423282E+000                  3.3148362754028593E+000                  1.9302875829854486E+001                  0.0000000000000000E+000                  6.8527482380760160E-004                  9.9931472517619235E-001                  8.4395887532088737E-002                 -5.0072036793498090E-011                  0.0000000000000000E+000                  0.0000000000000000E+000                  2.5945342038568298E-003                  1.9157455124592529E+004                  4.2823378169162005E+000                 -1.5323275004207973E+001                  5.0000000000000000E-001                  0.0000000000000000E+000                  0.0000000000000000E+000 
                                     967                  1.4966002281820909E+000                 -1.0760388749559597E+000                  8.2553272179207617E+000                  3.3209050635809922E+000                  1.9311603522775865E+001                  0.0000000000000000E+000                  6.0087414799464838E-004                  9.9939912585200530E-001                  8.3938484738954697E-002                 -4.9793856778965482E-011                  0.0000000000000000E+000                  0.0000000000000000E+000                  2.0343942832873499E-003                  1.9089309167697098E+004                  4.2807902117836152E+000                 -1.4716770253603070E+001                  5.0000000000000000E-001                  0.0000000000000000E+000                  0.0000000000000000E+000 
                                     968                  1.4806638613216783E+000                 -1.0786897266897522E+000                  8.2582180842182460E+000                  3.3279441843595912E+000                  1.9321765350484739E+001                  0.0000000000000000E+000                  5.9592824948422117E-004                  9.9940407175051582E-001                  8.3427700486184045E-002                 -4.9480974291462407E-011                  0.0000000000000000E+000                  0.0000000000000000E+000                  2.3641951160968244E-003                  1.9010644934758660E+004                  4.2789968505243472E+000                 -1.4635212510030550E+001                  4.9999999999999989E-001                  0.0000000000000000E+000                  0.0000000000000000E+000 
                                     969                  1.4611860796033955E+000                 -1.0819432201492334E+000                  8.2610894802938972E+000                  3.3349361230458276E+000                  1.9331860356075552E+001                  0.0000000000000000E+000                  5.9499698107482748E-004                  9.9940500301892521E-001                  8.2805041630976309E-002                 -4.9097618505880623E-011                  0.0000000000000000E+000                  0.0000000000000000E+000                  2.7969720704791143E-003                  1.8911013045663669E+004                  4.2767147942261765E+000                 -1.4714351568820080E+001                  5.0000000000000011E-001                  0.0000000000000000E+000                  0.0000000000000000E+000 
                                     970                  1.4452497127429829E+000                 -1.0846168512103758E+000                  8.2629456900015441E+000                  3.3394609209671500E+000                  1.9338386355020972E+001                  0.0000000000000000E+000                  5.6782087413618316E-004                  9.9943217912586380E-001                  8.2296837937714973E-002                 -4.8783938965641183E-011                  0.0000000000000000E+000                  0.0000000000000000E+000                  2.7167817193877210E-003                  1.8826662711679979E+004                  4.2747733420902456E+000                 -1.5032240814724128E+001                  5.0000000000000011E-001                  0.0000000000000000E+000                  0.0000000000000000E+000 
                                     971                  1.4381668830272438E+000                 -1.0858086343282647E+000                  8.2646521146810432E+000                  3.3436091150629466E+000                  1.9344360407780584E+001                  0.0000000000000000E+000                  4.5171246242048060E-004                  9.9954828753757952E-001                  8.2071310019348323E-002                 -4.8644874079435449E-011                  0.0000000000000000E+000                  0.0000000000000000E+000                  1.5142465990098599E-003                  1.8788377223739451E+004                  4.2738892711484189E+000                 -1.4805343677906500E+001                  5.0000000000000000E-001                  0.0000000000000000E+000                  0.0000000000000000E+000 
                                     972                  1.4240012235957664E+000                 -1.0881989123349500E+000                  8.2674815104794224E+000                  3.3504510686880042E+000                  1.9354255941659883E+001                  0.0000000000000000E+000                  3.8169220901922585E-004                  9.9961830779098082E-001                  8.1620845199855546E-002                 -4.8366716745668259E-011                  0.0000000000000000E+000                  0.0000000000000000E+000                  1.0804234908084588E-003                  1.8710482964002815E+004                  4.2720849978631463E+000                 -1.4971167697207317E+001                  5.0000000000000000E-001                  0.0000000000000000E+000                  0.0000000000000000E+000 
                                     973                  1.4027527344485500E+000                 -1.0918020559832746E+000                  8.2701529317571723E+000                  3.3569205049123010E+000                  1.9363619002765898E+001                  0.0000000000000000E+000                  3.8019793870902802E-004                  9.9961980206129097E-001                  8.0946475534058634E-002                 -4.7948023976163508E-011                  0.0000000000000000E+000                  0.0000000000000000E+000                  1.2499039315553460E-003                  1.8590126888448580E+004                  4.2692823540949192E+000                 -1.5446875443466633E+001                  5.0000000000000000E-001                  0.0000000000000000E+000                  0.0000000000000000E+000 
                                     974                  1.3903577824460072E+000                 -1.0939141299284862E+000                  8.2728000983769761E+000                  3.3632786767365812E+000                  1.9372852095801921E+001                  0.0000000000000000E+000                  3.7977445276362714E-004                  9.9962022554723640E-001                  8.0553769890261390E-002                 -4.7703388596066102E-011                  0.0000000000000000E+000                  0.0000000000000000E+000                  1.4544785173494165E-003                  1.8517889944749939E+004                  4.2675914986764099E+000                 -1.4744057862397279E+001                  5.0000000000000000E-001                  0.0000000000000000E+000                  0.0000000000000000E+000 
                                     975                  1.3692149888943985E+000                 -1.0975354008137370E+000                  8.2755651436667357E+000                  3.3699432963651348E+000                  1.9382517160356439E+001                  0.0000000000000000E+000                  3.7789118489867167E-004                  9.9962210881510127E-001                  7.9884882214099631E-002                 -4.7285889412297763E-011                  0.0000000000000000E+000                  0.0000000000000000E+000                  1.6832604285562148E-003                  1.8391234048619994E+004                  4.2646108713003343E+000                 -1.4783698706231402E+001                  5.0000000000000011E-001                  0.0000000000000000E+000                  0.0000000000000000E+000 
                                     976                  1.3551197931933263E+000                 -1.0999630433517487E+000                  8.2783135118187552E+000                  3.3765385868600388E+000                  1.9392084808525411E+001                  0.0000000000000000E+000                  2.9112013579231675E-004                  9.9970887986420764E-001                  7.9439583161866931E-002                 -4.7007784880356966E-011                  0.0000000000000000E+000                  0.0000000000000000E+000                  9.0219525613973177E-004                  1.8304383888612501E+004                  4.2625551154475989E+000                 -1.4990216884506465E+001                  5.0000000000000011E-001                  0.0000000000000000E+000                  0.0000000000000000E+000 
                                     977                  1.3339769996417201E+000                 -1.1036258149092015E+000                  8.2807877265600336E+000                  3.3824946087778529E+000                  1.9400719664720373E+001                  0.0000000000000000E+000                  2.4065474891028031E-004                  9.9975934525108967E-001                  7.8772419506039054E-002                 -4.6590759095547409E-011                  0.0000000000000000E+000                  0.0000000000000000E+000                  5.8763269211991611E-004                  1.8170835093215032E+004                  4.2593748870241104E+000                 -1.5485196396727423E+001                  5.0000000000000000E-001                  0.0000000000000000E+000                  0.0000000000000000E+000 
                                     978                  1.3232235954225084E+000                 -1.1054988663400092E+000                  8.2832767549926274E+000                  3.3884238611478685E+000                  1.9409359848723192E+001                  2.7618912740731429E-042                  2.3301498827031549E-004                  9.9976698501172967E-001                  7.8433416626487895E-002                 -4.6378283553816545E-011                  3.8242025975746464E-078                  1.3564943757998672E-023                  6.1493431116727785E-004                  1.8101365804238583E+004                  4.2577113449722610E+000                 -1.4866995076045022E+001                  5.0000000000000011E-001                  0.0000000000000000E+000                  0.0000000000000000E+000 
                                     979                  1.3017167869840840E+000                 -1.1092667951312891E+000                  8.2857534887367592E+000                  3.3943552152721357E+000                  1.9417986545980526E+001                  0.0000000000000000E+000                  2.3261471558376490E-004                  9.9976738528441622E-001                  7.7755873557936381E-002                 -4.5952739641237938E-011                  0.0000000000000000E+000                  0.0000000000000000E+000                  7.0433061729112281E-004                  1.7959137818171137E+004                  4.2542854832333674E+000                 -1.4741308574620927E+001                  5.0000000000000011E-001                  0.0000000000000000E+000                  0.0000000000000000E+000 
                                     980                  1.2909633827648723E+000                 -1.1111619518202505E+000                  8.2876549637734485E+000                  3.3988799135908057E+000                  1.9424584766345649E+001                  0.0000000000000000E+000                  2.3234828942818704E-004                  9.9976765171057180E-001                  7.7417304876258253E-002                 -4.5739823951734907E-011                  0.0000000000000000E+000                  0.0000000000000000E+000                  7.8159533876601302E-004                  1.7886346475334423E+004                  4.2525216391898653E+000                 -1.4599703711786226E+001                  5.0000000000000000E-001                  0.0000000000000000E+000                  0.0000000000000000E+000 
                                     981                  1.2768350362431005E+000                 -1.1136637886310403E+000                  8.2898056213704123E+000                  3.4039961791710334E+000                  1.9432046918111720E+001                  0.0000000000000000E+000                  2.3196782424967570E-004                  9.9976803217575028E-001                  7.6972609721851465E-002                 -4.5459916756838899E-011                  0.0000000000000000E+000                  0.0000000000000000E+000                  8.7787800206039039E-004                  1.7789007804023197E+004                  4.2501517256412882E+000                 -1.5566627313487352E+001                  5.0000000000000000E-001                  0.0000000000000000E+000                  0.0000000000000000E+000 
                                     982                  1.2627066897213290E+000                 -1.1161795476953875E+000                  8.2930139126201041E+000                  3.4115842957116183E+000                  1.9443136211777862E+001                  0.0000000000000000E+000                  2.0158531622410102E-004                  9.9979841468377595E-001                  7.6528015643546179E-002                 -4.5179911315690883E-011                  0.0000000000000000E+000                  0.0000000000000000E+000                  6.8934924774186849E-004                  1.7689724557603931E+004                  4.2477210706686828E+000                 -1.4561367795210879E+001                  5.0000000000000000E-001                  0.0000000000000000E+000                  0.0000000000000000E+000 
                                     983                  1.2344499966777844E+000                 -1.1212550739018805E+000                  8.2969595427047071E+000                  3.4209558368377442E+000                  1.9456805492068082E+001                  0.0000000000000000E+000                  1.3781234391664680E-004                  9.9986218765608337E-001                  7.5638851534941459E-002                 -4.4619677713221986E-011                  0.0000000000000000E+000                  0.0000000000000000E+000                  2.7421743134645312E-004                  1.7485605835704209E+004                  4.2426806842028917E+000                 -1.4428556243600783E+001                  4.9999999999999994E-001                  0.0000000000000000E+000                  0.0000000000000000E+000 
                                     984                  1.2102299740690321E+000                 -1.1256543423945382E+000                  8.3005756157270216E+000                  3.4294993949434147E+000                  1.9469305018299753E+001                  0.0000000000000000E+000                  1.3648662009045273E-004                  9.9986351337990953E-001                  7.4876521017576539E-002                 -4.4138626777420610E-011                  0.0000000000000000E+000                  0.0000000000000000E+000                  3.2503332662965178E-004                  1.7305027869744754E+004                  4.2381723030619067E+000                 -1.4521493322057564E+001                  5.0000000000000000E-001                  0.0000000000000000E+000                  0.0000000000000000E+000 
                                     985                  1.1860099514602811E+000                 -1.1301017460711436E+000                  8.3032148872445308E+000                  3.4357481795877192E+000                  1.9478440465242905E+001                  0.0000000000000000E+000                  1.3612769629024651E-004                  9.9986387230370977E-001                  7.4113658823119238E-002                 -4.3656519014839751E-011                  0.0000000000000000E+000                  0.0000000000000000E+000                  3.7254978731991593E-004                  1.7118691301919625E+004                  4.2334705604533198E+000                 -1.6113407883210613E+001                  5.0000000000000000E-001                  0.0000000000000000E+000                  0.0000000000000000E+000 
                                     986                  1.1746798395533444E+000                 -1.1321994702898597E+000                  8.3048902944813978E+000                  3.4396922326451946E+000                  1.9484220386779530E+001                  0.0000000000000000E+000                  1.3588117007938419E-004                  9.9986411882992066E-001                  7.3756539051681086E-002                 -4.3430678007741308E-011                  0.0000000000000000E+000                  0.0000000000000000E+000                  4.0587084757732643E-004                  1.7029511704766872E+004                  4.2312021954103072E+000                 -1.5027382666240040E+001                  5.0000000000000011E-001                  0.0000000000000000E+000                  0.0000000000000000E+000 
                                     987                  1.1633497276464075E+000                 -1.1343086552278641E+000                  8.3073935729130763E+000                  3.4455553889848551E+000                  1.9492831146486548E+001                  0.0000000000000000E+000                  1.3545969992197901E-004                  9.9986454030007799E-001                  7.3399203099048071E-002                 -4.3204582706987585E-011                  0.0000000000000000E+000                  0.0000000000000000E+000                  4.6039718836271370E-004                  1.6939043240158422E+004                  4.2288888766408412E+000                 -1.5330766906157447E+001                  4.9999999999999994E-001                  0.0000000000000000E+000                  0.0000000000000000E+000 
                                     988                  1.1406895038325358E+000                 -1.1385628243006598E+000                  8.3107152736992624E+000                  3.4533523654637817E+000                  1.9504271073402919E+001                  0.0000000000000000E+000                  1.2387846190871997E-004                  9.9987612153809124E-001                  7.2683724856941648E-002                 -4.2751761604280301E-011                  0.0000000000000000E+000                  0.0000000000000000E+000                  4.2097269378135841E-004                  1.6754216210841380E+004                  4.2241241156527245E+000                 -1.4809180694421624E+001                  5.0000000000000000E-001                  0.0000000000000000E+000                  0.0000000000000000E+000 
                                     989                  1.1180292800186638E+000                 -1.1428666471859077E+000                  8.3140185599790026E+000                  3.4610974160422683E+000                  1.9515634847447803E+001                  0.0000000000000000E+000                  7.8339223810027907E-005                  9.9992166077618994E-001                  7.1966992319386081E-002                 -4.2298197282719520E-011                  0.0000000000000000E+000                  0.0000000000000000E+000                  1.2699229142519139E-004                  1.6564308545742279E+004                  4.2191733115710583E+000                 -1.5987129187957523E+001                  5.0000000000000000E-001                  0.0000000000000000E+000                  0.0000000000000000E+000 
                                     990                  1.0953690562047902E+000                 -1.1472227572912896E+000                  8.3163933854921090E+000                  3.4666712367225925E+000                  1.9523816150955454E+001                  0.0000000000000000E+000                  7.6662709064016695E-005                  9.9992333729093597E-001                  7.1248748900237927E-002                 -4.1843489995306189E-011                  0.0000000000000000E+000                  0.0000000000000000E+000                  1.3499616191212465E-004                  1.6369998477748934E+004                  4.2140486390267684E+000                 -1.4993190683647596E+001                  5.0000000000000000E-001                  0.0000000000000000E+000                  0.0000000000000000E+000 
                                     991                  1.0853081008905074E+000                 -1.1491742844747805E+000                  8.3178489068374137E+000                  3.4700691078943202E+000                  1.9528815061637800E+001                  0.0000000000000000E+000                  7.6353403014836407E-005                  9.9992364659698518E-001                  7.0929306810484663E-002                 -4.1641095206921805E-011                  0.0000000000000000E+000                  0.0000000000000000E+000                  1.4402031790243937E-004                  1.6282039939961924E+004                  4.2117088157355029E+000                 -1.4684810970978747E+001                  5.0000000000000000E-001                  0.0000000000000000E+000                  0.0000000000000000E+000 
                                     992                  1.0752471455762231E+000                 -1.1511369576954402E+000                  8.3200254607622650E+000                  3.4751280465296999E+000                  1.9536271679408234E+001                  0.0000000000000000E+000                  7.6039876120519918E-005                  9.9992396012387952E-001                  7.0609484737397643E-002                 -4.1438399826544686E-011                  0.0000000000000000E+000                  0.0000000000000000E+000                  1.5948693116718421E-004                  1.6193032372839200E+004                  4.2093281841131889E+000                 -1.4602276808627474E+001                  5.0000000000000011E-001                  0.0000000000000000E+000                  0.0000000000000000E+000 
                                     993                  1.0551252349476559E+000                 -1.1550969360962065E+000                  8.3229172645253087E+000                  3.4818611095884866E+000                  1.9546189695836503E+001                  2.1255542874007361E-043                  7.5617818250670133E-005                  9.9992438218174928E-001                  6.9968580617398246E-002                 -4.1032174377639706E-011                  3.3037638646987601E-080                  2.7119664568747643E-024                  1.8244117243616716E-004                  1.6011848344170521E+004                  4.2044414680429973E+000                 -1.4668337751874283E+001                  4.9999999999999994E-001                  0.0000000000000000E+000                  0.0000000000000000E+000 
                                     994                  1.0350033243190886E+000                 -1.1591047833666339E+000                  8.3257968857025642E+000                  3.4885543180954111E+000                  1.9556057064413558E+001                  0.0000000000000000E+000                  7.5145050543991315E-005                  9.9992485494945604E-001                  6.9325852153835257E-002                 -4.0624779141600025E-011                  0.0000000000000000E+000                  0.0000000000000000E+000                  2.0792169098917746E-004                  1.5826372052898796E+004                  4.1993813710857690E+000                 -1.4892908306174196E+001                  5.0000000000000000E-001                  0.0000000000000000E+000                  0.0000000000000000E+000 
                                     995                  1.0148814136905213E+000                 -1.1631628244328960E+000                  8.3289579580500419E+000                  3.4958796325162669E+000                  1.9566870757529180E+001                  0.0000000000000000E+000                  7.2829501714606550E-005                  9.9992717049828539E-001                  6.8681089458109384E-002                 -4.0216076396517009E-011                  0.0000000000000000E+000                  0.0000000000000000E+000                  2.2279941257038368E-004                  1.5636538357762009E+004                  4.1941406145473907E+000                 -1.5218828686013259E+001                  5.0000000000000000E-001                  0.0000000000000000E+000                  0.0000000000000000E+000 
                                     996                  9.9063136654453787E-001                 -1.1681236710076084E+000                  8.3323981783606502E+000                  3.5038527819305716E+000                  1.9578637491011229E+001                  0.0000000000000000E+000                  4.3714577779417065E-005                  9.9995628542222059E-001                  6.7901024807623667E-002                 -3.9721765469886433E-011                  0.0000000000000000E+000                  0.0000000000000000E+000                  5.7461471932248168E-005                  1.5401953397693858E+004                  4.1875758049948981E+000                 -1.4674236033579952E+001                  5.0000000000000000E-001                  0.0000000000000000E+000                  0.0000000000000000E+000 
                                     997                  9.6638131939855443E-001                 -1.1731654745878295E+000                  8.3352605473541281E+000                  3.5104874923902956E+000                  1.9588433052690814E+001                  0.0000000000000000E+000                  4.0762321947707616E-005                  9.9995923767805228E-001                  6.7117307429291020E-002                 -3.9225250339508761E-011                  0.0000000000000000E+000                  0.0000000000000000E+000                  5.3889572543100365E-005                  1.5162234528494093E+004                  4.1807632099953596E+000                 -1.4817214695564870E+001                  5.0000000000000011E-001                  0.0000000000000000E+000                  0.0000000000000000E+000 
                                     998                  9.5012815930814642E-001                 -1.1765922937044124E+000                  8.3375499195704332E+000                  3.5157723889985677E+000                  1.9596250153096435E+001                  0.0000000000000000E+000                  4.0375869898040190E-005                  9.9995962413010198E-001                  6.6589799354254506E-002                 -3.8891014302571512E-011                  0.0000000000000000E+000                  0.0000000000000000E+000                  5.8795658547570278E-005                  1.4998042451901667E+004                  4.1760345785346278E+000                 -1.4312927273772001E+001                  5.0000000000000000E-001                  0.0000000000000000E+000                  0.0000000000000000E+000 
                                     999                  9.3387499921773853E-001                 -1.1800592366010381E+000                  8.3398332086614264E+000                  3.5210366775781394E+000                  1.9604041558581802E+001                  0.0000000000000000E+000                  4.0073011580770787E-005                  9.9995992698841918E-001                  6.6060333734113949E-002                 -3.8555575032879704E-011                  0.0000000000000000E+000                  0.0000000000000000E+000                  6.4475739454347304E-005                  1.4830926601017762E+004                  4.1711682855622740E+000                 -1.4599553761290913E+001                  5.0000000000000000E-001                  0.0000000000000000E+000                  0.0000000000000000E+000 
                                    1000                  9.1762183912733075E-001                 -1.1835679314974699E+000                  8.3421106885354135E+000                  3.5262812742913052E+000                  1.9611808436401262E+001                  0.0000000000000000E+000                  3.9748517108957745E-005                  9.9996025148289103E-001                  6.5528777897790783E-002                 -3.8218891753791744E-011                  0.0000000000000000E+000                  0.0000000000000000E+000                  7.0515228188582055E-005                  1.4660850802520250E+004                  4.1661591741330826E+000                 -1.4985380816457422E+001                  5.0000000000000011E-001                  0.0000000000000000E+000                  0.0000000000000000E+000 
                                    1001                  9.0136867903692275E-001                 -1.1871200874096031E+000                  8.3443826331995119E+000                  3.5315070847734460E+000                  1.9619551960472744E+001                  0.0000000000000000E+000                  3.9395871283517636E-005                  9.9996060412871646E-001                  6.4994994687244817E-002                 -3.7880894954021336E-011                  1.1100844116863102E-022                  0.0000000000000000E+000                  7.6874175413130144E-005                  1.4487781897480731E+004                  4.1610018993826454E+000                 -1.5172334949461618E+001                  5.0000000000000000E-001                  0.0000000000000000E+000                  0.0000000000000000E+000 
                                    1002                  8.8511551894651497E-001                 -1.1907175002707828E+000                  8.3466493170058822E+000                  3.5367150232898656E+000                  1.9627273313176747E+001                  0.0000000000000000E+000                  3.9012338365339476E-005                  9.9996098766163466E-001                  6.4458842083461323E-002                 -3.7541511797781800E-011                  0.0000000000000000E+000                  0.0000000000000000E+000                  8.3518064007409259E-005                  1.4311686142396302E+004                  4.1556908035151583E+000                 -1.4562557458208513E+001                  5.0000000000000000E-001                  0.0000000000000000E+000                  0.0000000000000000E+000 
                                    1003                  8.6886235885610696E-001                 -1.1943620594597684E+000                  8.3489110149312769E+000                  3.5419060738581964E+000                  1.9634973687249197E+001                  0.0000000000000000E+000                  3.8277208438403154E-005                  9.9996172279156159E-001                  6.3920172825492463E-002                 -3.7200667835596117E-011                  0.0000000000000000E+000                  0.0000000000000000E+000                  8.8183782839661794E-005                  1.4132529118778037E+004                  4.1502198889569630E+000                 -1.4960804276987268E+001                  5.0000000000000000E-001                  0.0000000000000000E+000                  0.0000000000000000E+000 
                                    1004                  8.5260919876569918E-001                 -1.1980557544216561E+000                  8.3511680070732464E+000                  3.5470825825198520E+000                  1.9642654287740143E+001                  0.0000000000000000E+000                  2.9505162487091114E-005                  9.9997049483751288E-001                  6.3378834073025150E-002                 -3.6858315873962994E-011                  0.0000000000000000E+000                  0.0000000000000000E+000                  4.5114376071874260E-005                  1.3950297335406240E+004                  4.1445834642225226E+000                 -1.5229548208393044E+001                  5.0000000000000000E-001                  0.0000000000000000E+000                  0.0000000000000000E+000 
                                    1005                  8.3635603867529129E-001                 -1.2018006706408613E+000                  8.3531063042585743E+000                  3.5515302833595137E+000                  1.9649252779496965E+001                  0.0000000000000000E+000                  2.1953216764319027E-005                  9.9997804678323565E-001                  6.2834668668596771E-002                 -3.6514383214687143E-011                  0.0000000000000000E+000                  0.0000000000000000E+000                  2.0426933220371653E-005                  1.3765555950911559E+004                  4.1387937559790666E+000                 -1.5026159155155781E+001                  5.0000000000000011E-001                  0.0000000000000000E+000                  0.0000000000000000E+000 
                                    1006                  8.2464936871535954E-001                 -1.2045309585508792E+000                  8.3547267605206557E+000                  3.5552392543985487E+000                  1.9654762378943918E+001                  0.0000000000000000E+000                  2.0535312633514253E-005                  9.9997946468736654E-001                  6.2440883789870977E-002                 -3.6265583766289435E-011                  0.0000000000000000E+000                  0.0000000000000000E+000                  1.8088965263232527E-005                  1.3630985918439186E+004                  4.1345272691473989E+000                 -1.5897028898149253E+001                  4.9999999999999989E-001                  0.0000000000000000E+000                  0.0000000000000000E+000 
                                    1007                  8.1294269875542780E-001                 -1.2072898403495091E+000                  8.3571522677084360E+000                  3.5607649870891289E+000                  1.9662987953641625E+001                  0.0000000000000000E+000                  2.0012406701340897E-005                  9.9997998759329865E-001                  6.2045481560637758E-002                 -3.6015811543197728E-011                  0.0000000000000000E+000                  0.0000000000000000E+000                  1.8824671378811237E-005                  1.3494891901471732E+004                  4.1301694100646467E+000                 -1.4518882888105066E+001                  5.0000000000000000E-001                  0.0000000000000000E+000                  0.0000000000000000E+000 
                                    1008                  7.8952935883556552E-001                 -1.2128973017625602E+000                  8.3596369450984316E+000                  3.5664600187553614E+000                  1.9671444734466185E+001                  0.0000000000000000E+000                  1.9723977912138342E-005                  9.9998027602208783E-001                  6.1249521222021638E-002                 -3.5513377095789873E-011                  0.0000000000000000E+000                  0.0000000000000000E+000                  2.0312896161189461E-005                  1.3217922926255151E+004                  4.1211632151694779E+000                 -1.4926039834760600E+001                  5.0000000000000000E-001                  0.0000000000000000E+000                  0.0000000000000000E+000 
                                    1009                  7.7695145897597395E-001                 -1.2159609702179925E+000                  8.3613702473367351E+000                  3.5704156061386674E+000                  1.9677329907474448E+001                  0.0000000000000000E+000                  1.9510272495980730E-005                  9.9998048972750397E-001                  6.0818965645877195E-002                 -3.5241799429932265E-011                  0.0000000000000000E+000                  0.0000000000000000E+000                  2.1361278276201904E-005                  1.3066444514037792E+004                  4.1161574285905127E+000                 -1.4767093035999361E+001                  5.0000000000000011E-001                  0.0000000000000000E+000                  0.0000000000000000E+000 
                                    1010                  7.6437355911638249E-001                 -1.2190621955177510E+000                  8.3631018493865081E+000                  3.5743646002547096E+000                  1.9683207433541700E+001                  0.0000000000000000E+000                  1.9284123649520209E-005                  9.9998071587635051E-001                  6.0386214380105607E-002                 -3.4968968327908265E-011                  0.0000000000000000E+000                  0.0000000000000000E+000                  2.2403310349438242E-005                  1.2913076685630418E+004                  4.1110297301361598E+000                 -1.5005621043793663E+001                  5.0000000000000000E-001                  0.0000000000000000E+000                  0.0000000000000000E+000 
                                    1011                  7.5179565925679093E-001                 -1.2222023146955003E+000                  8.3656828280729609E+000                  3.5802227845756098E+000                  1.9691944968030693E+001                  0.0000000000000000E+000                  1.8922270552166058E-005                  9.9998107772944789E-001                  5.9951173057199436E-002                 -3.4694833384761443E-011                  0.0000000000000000E+000                  0.0000000000000000E+000                  2.3922317327275499E-005                  1.2757807188056018E+004                  4.1057760342624672E+000                 -1.5073725665076415E+001                  4.9999999999999989E-001                  0.0000000000000000E+000                  0.0000000000000000E+000 
                                    1012                  7.2680804186487924E-001                 -1.2285618852319982E+000                  8.3682534233922965E+000                  3.5860989496560900E+000                  1.9700683935497405E+001                  0.0000000000000000E+000                  1.8530186287335649E-005                  9.9998146981371261E-001                  5.9079677339188889E-002                 -3.4146256272146877E-011                  0.0000000000000000E+000                  0.0000000000000000E+000                  2.5367263200464505E-005                  1.2443671514127545E+004                  4.0949485381579187E+000                 -1.6120525351142039E+001                  5.0000000000000000E-001                  0.0000000000000000E+000                  0.0000000000000000E+000 
                                    1013                  7.1439832433255912E-001                 -1.2317828459841398E+000                  8.3699566783136650E+000                  3.5899740218266452E+000                  1.9706459081620444E+001                  0.0000000000000000E+000                  1.8227608151342355E-005                  9.9998177239184871E-001                  5.8643131602398216E-002                 -3.3871749461096830E-011                  0.0000000000000000E+000                  0.0000000000000000E+000                  2.6156494543480228E-005                  1.2284816646871584E+004                  4.0893686789401409E+000                 -1.5245270194478463E+001                  4.9999999999999994E-001                  0.0000000000000000E+000                  0.0000000000000000E+000 
                                    1014                  7.0198860680024033E-001                 -1.2350475104624103E+000                  8.3716590188242019E+000                  3.5938452655511202E+000                  1.9712229911719184E+001                  0.0000000000000000E+000                  1.6844940982150279E-005                  9.9998315505901780E-001                  5.8203954097663463E-002                 -3.3595770429983397E-011                  0.0000000000000000E+000                  0.0000000000000000E+000                  2.2356671543143431E-005                  1.2124067972575758E+004                  4.0836483625381961E+000                 -1.5350924821512804E+001                  5.0000000000000000E-001                  0.0000000000000000E+000                  0.0000000000000000E+000 
                                    1015                  6.8957888926792021E-001                 -1.2383575186011242E+000                  8.3741655820489651E+000                  3.5995214242863689E+000                  1.9720706626255474E+001                  0.0000000000000000E+000                  1.0100717775735582E-005                  9.9998989928222426E-001                  5.7762034474116722E-002                 -3.3318275794709813E-011                  0.0000000000000000E+000                  0.0000000000000000E+000                  5.4167254404419599E-006                  1.1961559461595994E+004                  4.0777878035165616E+000                 -1.4879520702395240E+001                  5.0000000000000000E-001                  0.0000000000000000E+000                  0.0000000000000000E+000 
                                    1016                  6.6539420044793207E-001                 -1.2449454707523175E+000                  8.3766540656154760E+000                  3.6051940715245787E+000                  1.9729156076227333E+001                  0.0000000000000000E+000                  9.2213895776694018E-006                  9.9999077861042229E-001                  5.6892435949672110E-002                 -3.2772928281520599E-011                  0.0000000000000000E+000                  0.0000000000000000E+000                  4.6258701227416568E-006                  1.1641223315177171E+004                  4.0659986204440610E+000                 -1.5738120870202255E+001                  5.0000000000000000E-001                  0.0000000000000000E+000                  0.0000000000000000E+000 
                                    1017                  6.5330185603793722E-001                 -1.2483106263641213E+000                  8.3783113822769746E+000                  3.6089547495161112E+000                  1.9734769207757754E+001                  0.0000000000000000E+000                  9.0237671123425605E-006                  9.9999097623288768E-001                  5.6453305170553525E-002                 -3.2497864362513679E-011                  0.0000000000000000E+000                  0.0000000000000000E+000                  4.6791666690456942E-006                  1.1478479436833537E+004                  4.0598843605418615E+000                 -1.4874319138845467E+001                  5.0000000000000000E-001                  0.0000000000000000E+000                  0.0000000000000000E+000 
                                    1018                  6.4120951162794393E-001                 -1.2517258150039043E+000                  8.3803668569721061E+000                  3.6136076476621728E+000                  1.9741721862873295E+001                  0.0000000000000000E+000                  8.8319209584093830E-006                  9.9999116807904154E-001                  5.6011110723847964E-002                 -3.2221091282016983E-011                  0.0000000000000000E+000                  0.0000000000000000E+000                  4.8212749065814129E-006                  1.1313956388936109E+004                  4.0536145003650672E+000                 -1.4530473946392801E+001                  4.9999999999999994E-001                  0.0000000000000000E+000                  0.0000000000000000E+000 
                                    1019                  6.2329478120553539E-001                 -1.2568817250731699E+000                  8.3828229642319876E+000                  3.6191745380368001E+000                  1.9750036604907905E+001                  0.0000000000000000E+000                  8.5973070367057482E-006                  9.9999140269296327E-001                  5.5350082804623335E-002                 -3.1807820703322775E-011                  0.0000000000000000E+000                  0.0000000000000000E+000                  4.9755867547185875E-006                  1.1066920130201077E+004                  4.0440267756609218E+000                 -1.6166839701170236E+001                  4.9999999999999994E-001                  0.0000000000000000E+000                  0.0000000000000000E+000 
                                    1020                  6.0538005078312540E-001                 -1.2621587204128613E+000                  8.3852803379227083E+000                  3.6247409788235538E+000                  1.9758353771828368E+001                  0.0000000000000000E+000                  8.3470128692122977E-006                  9.9999165298713077E-001                  5.4681608299769528E-002                 -3.1390502929423342E-011                  0.0000000000000000E+000                  0.0000000000000000E+000                  5.0918397388851164E-006                  1.0815922293029382E+004                  4.0340635584209910E+000                 -1.5519045580493282E+001                  4.9999999999999989E-001                  0.0000000000000000E+000                  0.0000000000000000E+000 
                                    1021                  5.8746532036071564E-001                 -1.2675643086274304E+000                  8.3877396055344544E+000                  3.6303088164801478E+000                  1.9766675859069210E+001                  0.0000000000000000E+000                  8.0805327831141749E-006                  9.9999191946721688E-001                  5.4005214003600484E-002                 -3.0968881604985144E-011                  0.0000000000000000E+000                  0.0000000000000000E+000                  5.1630222805606722E-006                  1.0560943088323138E+004                  4.0237027022665961E+000                 -1.4748561106360812E+001                  5.0000000000000011E-001                  0.0000000000000000E+000                  0.0000000000000000E+000 
                                    1022                  5.6955058993830709E-001                 -1.2731066818860399E+000                  8.3899071524087905E+000                  3.6352210291973326E+000                  1.9774015703506034E+001                  0.0000000000000000E+000                  7.8324065358910450E-006                  9.9999216759346410E-001                  5.3320390099596535E-002                 -3.0542703241460543E-011                  0.0000000000000000E+000                  9.1438308822184583E-088                  5.1837392285108723E-006                  1.0301964890863283E+004                  4.0129200654697854E+000                 -1.4939386060428609E+001                  4.9999999999999994E-001                  0.0000000000000000E+000                  0.0000000000000000E+000 
                                    1023                  5.5592945235317703E-001                 -1.2774176735600067E+000                  8.3927145795695210E+000                  3.6415437960126713E+000                  1.9783489796271454E+001                  0.0000000000000000E+000                  7.4931968619491581E-006                  9.9999250680313800E-001                  5.2793727500473259E-002                 -3.0215415944909471E-011                  0.0000000000000000E+000                  4.2622124758698144E-087                  5.1460247497470342E-006                  1.0102368136704943E+004                  4.0044231904311758E+000                 -1.5306932040979072E+001                  5.0000000000000011E-001                  0.0000000000000000E+000                  0.0000000000000000E+000 
                                    1024                  5.2868717718291958E-001                 -1.2863104596187374E+000                  8.3955350728346296E+000                  3.6479516194151991E+000                  1.9793056608485891E+001                  0.0000000000000000E+000                  7.1087624657373762E-006                  9.9999289123753421E-001                  5.1723694791444078E-002                 -2.9551896396649466E-011                  0.0000000000000000E+000                  1.9652687789305614E-086                  4.9820062646538643E-006                  9.6962065494901181E+003                  3.9866018583020333E+000                 -1.4743509825269550E+001                  5.0000000000000011E-001                  0.0000000000000000E+000                  0.0000000000000000E+000 
                                    1025                  5.1506603959778952E-001                 -1.2909011212441688E+000                  8.3975523716407388E+000                  3.6525102232096813E+000                  1.9799878882848546E+001                  0.0000000000000000E+000                  5.6325564210754269E-006                  9.9999436744357895E-001                  5.1179834686019936E-002                 -2.9215397588305937E-011                  1.0171527741478175E-022                  4.7947010740465711E-086                  2.7096085005445513E-006                  9.4896308045371370E+003                  3.9772493164661502E+000                 -1.5532773847772626E+001                  5.0000000000000000E-001                  0.0000000000000000E+000                  0.0000000000000000E+000 
                                    1026                  4.9946853645236094E-001                 -1.2962852284691992E+000                  8.3997108742859030E+000                  3.6573902965116281E+000                  1.9807181404437422E+001                  0.0000000000000000E+000                  3.6621733634509840E-006                  9.9999633782663655E-001                  5.0549256423769590E-002                 -2.8825875000689179E-011                  0.0000000000000000E+000                  1.0326819692774736E-085                  8.1904712106075593E-007                  9.2508214621033094E+003                  3.9661802992923634E+000                 -1.4858027781786980E+001                  4.9999999999999989E-001                  0.0000000000000000E+000                  0.0000000000000000E+000 
                                    1027                  4.8387103330693249E-001                 -1.3018136488408785E+000                  8.4017253772698179E+000                  3.6619463785544148E+000                  1.9813999038775687E+001                  0.0000000000000000E+000                  3.4332912147227342E-006                  9.9999656670878523E-001                  4.9909859943923746E-002                 -2.8431637072652650E-011                  0.0000000000000000E+000                  2.9454611556264823E-085                  7.3723106031734907E-007                  9.0099236423530874E+003                  3.9547211104191042E+000                 -1.5815412930836951E+001                  4.9999999999999994E-001                  0.0000000000000000E+000                  0.0000000000000000E+000 
                                    1028                  4.7043030361542515E-001                 -1.3067006408487623E+000                  8.4035943078528135E+000                  3.6661690985851290E+000                  1.9820321130018339E+001                  0.0000000000000000E+000                  3.3197083419764315E-006                  9.9999668029165800E-001                  4.9351386580693879E-002                 -2.8087890781597032E-011                  0.0000000000000000E+000                  7.9595809450603687E-085                  7.2314048400544294E-007                  8.7999672448713100E+003                  3.9444810556276551E+000                 -1.5351110646584075E+001                  5.0000000000000011E-001                  0.0000000000000000E+000                  0.0000000000000000E+000 
                                    1029                  4.5698957392391643E-001                 -1.3117085944174156E+000                  8.4064019311568963E+000                  3.6724827405032450E+000                  1.9829794237404617E+001                  0.0000000000000000E+000                  3.1508301726126244E-006                  9.9999684916982734E-001                  4.8785572474088469E-002                 -2.7740185657872021E-011                  0.0000000000000000E+000                  3.5091726939570042E-084                  6.9844212780841501E-007                  8.5877639895013108E+003                  3.9338801005679285E+000                 -1.5442392490964041E+001                  5.0000000000000011E-001                  0.0000000000000000E+000                  0.0000000000000000E+000 
                                    1030                  4.3010811454090042E-001                 -1.3221181206098804E+000                  8.4092568150978924E+000                  3.6789593988455396E+000                  1.9839476273707088E+001                  0.0000000000000000E+000                  2.9720213195784105E-006                  9.9999702797868040E-001                  4.7630142341312832E-002                 -2.7032100645947644E-011                  0.0000000000000000E+000                  1.5624437437429440E-083                  6.6317226593812545E-007                  8.1566020006312465E+003                  3.9115092715327795E+000                 -1.4918404633874108E+001                  5.0000000000000011E-001                  0.0000000000000000E+000                  0.0000000000000000E+000 
                                    1031                  4.1631838625598444E-001                 -1.3276781667493702E+000                  8.4111974129834266E+000                  3.6833417042227787E+000                  1.9846041278304213E+001                  0.0000000000000000E+000                  2.8469122107749930E-006                  9.9999715308778925E-001                  4.7024245195757562E-002                 -2.6661826781063118E-011                  0.0000000000000000E+000                  4.2734684698823695E-083                  6.3359525037590357E-007                  7.9319041281918126E+003                  3.8993774563087449E+000                 -1.4728593519985894E+001                  5.0000000000000000E-001                  0.0000000000000000E+000                  0.0000000000000000E+000 
                                    1032                  4.0252865797106985E-001                 -1.3334011039224511E+000                  8.4131453853198011E+000                  3.6877405858328487E+000                  1.9852631806140483E+001                  0.0000000000000000E+000                  2.7188346694540516E-006                  9.9999728116533060E-001                  4.6408645815656742E-002                 -2.6286347450446542E-011                  0.0000000000000000E+000                  1.1646188667959565E-082                  5.9985315873062307E-007                  7.7048210564618767E+003                  3.8867625567346944E+000                 -1.5175836895906805E+001                  5.0000000000000000E-001                  0.0000000000000000E+000                  0.0000000000000000E+000 
                                    1033                  3.8873892968615520E-001                 -1.3392983413015100E+000                  8.4151014261722317E+000                  3.6921578311448706E+000                  1.9859250400740976E+001                  0.0000000000000000E+000                  2.5881752669121921E-006                  9.9999741182473312E-001                  4.5782727136549593E-002                 -2.5905358707513870E-011                  0.0000000000000000E+000                  3.1628346951507292E-082                  5.6245070708056049E-007                  7.4753511245681893E+003                  3.8736315967129933E+000                 -1.5950368381418709E+001                  4.9999999999999994E-001                  0.0000000000000000E+000                  0.0000000000000000E+000 
                                    1034                  3.7494920140123916E-001                 -1.3453825141797020E+000                  8.4170861170332092E+000                  3.6966397140975036E+000                  1.9865966549977397E+001                  0.0000000000000000E+000                  2.4540284485534424E-006                  9.9999754597155144E-001                  4.5145813777455399E-002                 -2.5518502884382208E-011                  0.0000000000000000E+000                  8.6471375534305590E-082                  5.2158615541690800E-007                  7.2434936982863073E+003                  3.8599480866275364E+000                 -1.5729875042610621E+001                  5.0000000000000000E-001                  0.0000000000000000E+000                  0.0000000000000000E+000 
                                    1035                  3.6088049769609304E-001                 -1.3517970092294860E+000                  8.4191007686164170E+000                  3.7011903290934445E+000                  1.9872785679435658E+001                  0.0000000000000000E+000                  2.3168261001327849E-006                  9.9999768317389992E-001                  4.4483913826559120E-002                 -2.5117367325846006E-011                  0.0000000000000000E+000                  2.3803840942351007E-081                  4.7791290974198364E-007                  7.0044857696607914E+003                  3.8453762573096917E+000                 -1.5013368222350346E+001                  4.9999999999999994E-001                  0.0000000000000000E+000                  0.0000000000000000E+000 
                                    1036                  3.4681179399094697E-001                 -1.3584373687774611E+000                  8.4211264082835910E+000                  3.7057666411944949E+000                  1.9879643440079679E+001                  0.0000000000000000E+000                  2.1784798547194659E-006                  9.9999782152014527E-001                  4.3808928510019940E-002                 -2.4709257659773579E-011                  4.7545984703784985E-023                  6.5326283163618934E-081                  4.3266810130771862E-007                  6.7629951231460009E+003                  3.8301390742519663E+000                 -1.4699184437766185E+001                  4.9999999999999994E-001                  0.0000000000000000E+000                  0.0000000000000000E+000 
                                    1037                  3.3274309028580085E-001                 -1.3653223122897551E+000                  8.4231640771994840E+000                  3.7103712600564887E+000                  1.9886543586005271E+001                  0.0000000000000000E+000                  2.0359287093604317E-006                  9.9999796407129060E-001                  4.3119894311752310E-002                 -2.4293664339378346E-011                  0.0000000000000000E+000                  1.7844755113901991E-080                  3.8465368625679622E-007                  6.5190258758980044E+003                  3.8141827048839381E+000                 -1.5151608261182123E+001                  4.9999999999999994E-001                  0.0000000000000000E+000                  0.0000000000000000E+000 
                                    1038                  3.1867438658065472E-001                 -1.3724729692345161E+000                  8.4250669336155521E+000                  3.7146756959793432E+000                  1.9892991569577926E+001                  0.0000000000000000E+000                  1.5722499092563597E-006                  9.9999842775009073E-001                  4.2415738291491291E-002                 -2.3870026920062843E-011                  0.0000000000000000E+000                  3.7355224080570979E-080                  1.9179882262185572E-007                  6.2725906577384631E+003                  3.7974469468891638E+000                 -1.5079869288663762E+001                  4.9999999999999994E-001                  0.0000000000000000E+000                  0.0000000000000000E+000 
                                    1039                  3.0664056825188268E-001                 -1.3788181502733010E+000                  8.4277115061411010E+000                  3.7206288605981777E+000                  1.9901929413051203E+001                  0.0000000000000000E+000                  1.0173568156486044E-006                  9.9999898264318432E-001                  4.1800535907963822E-002                 -2.3500793165324507E-011                  0.0000000000000000E+000                  9.5960386311451839E-080                  5.7990730540165536E-008                  6.0602492342628811E+003                  3.7824904853608858E+000                 -1.4737212927841504E+001                  4.9999999999999994E-001                  0.0000000000000000E+000                  0.0000000000000000E+000 
                                    1040                  2.8257293159433994E-001                 -1.3922153559207542E+000                  8.4303980324654599E+000                  3.7267301420014460E+000                  1.9911055616861827E+001                  0.0000000000000000E+000                  9.4811649345333392E-007                  9.9999905188350657E-001                  4.0530750361589110E-002                 -2.2741421023406449E-011                  0.0000000000000000E+000                  3.5991453312754241E-079                  5.2453334683888360E-008                  5.6312893126893814E+003                  3.7506078401942982E+000                 -1.4915651997742501E+001                  5.0000000000000000E-001                  0.0000000000000000E+000                  0.0000000000000000E+000 
                                    1041                  2.7053911326556790E-001                 -1.3993066792716662E+000                  8.4330995515941218E+000                  3.7328119171162082E+000                  1.9920188864301483E+001                  0.0000000000000000E+000                  8.7874438023821669E-007                  9.9999912125561974E-001                  3.9874322834910124E-002                 -2.2350212993972121E-011                  0.0000000000000000E+000                  1.3414158840445184E-078                  4.6656350319132511E-008                  5.4140214808776709E+003                  3.7335199745612204E+000                 -1.4474902251628162E+001                  5.0000000000000000E-001                  0.0000000000000000E+000                  0.0000000000000000E+000 
                                    1042                  2.4647147660802382E-001                 -1.4144005277504585E+000                  8.4358534414108242E+000                  3.7390694334848655E+000                  1.9929549170221154E+001                  0.0000000000000000E+000                  8.0845723460486586E-007                  9.9999919154276540E-001                  3.8512301443088065E-002                 -2.1541507797270422E-011                  0.0000000000000000E+000                  5.0551182069519708E-078                  4.0662754504349608E-008                  4.9738828026983956E+003                  3.6966955479743229E+000                 -1.6051746287326178E+001                  5.0000000000000000E-001                  0.0000000000000000E+000                  0.0000000000000000E+000 
                                    1043                  2.3443765827925311E-001                 -1.4224614594248268E+000                  8.4377050899714146E+000                  3.7432585398998892E+000                  1.9935828137287523E+001                  0.0000000000000000E+000                  7.6181039671738891E-007                  9.9999923818960323E-001                  3.7804068426026495E-002                 -2.1122583678810692E-011                  0.0000000000000000E+000                  1.2232604818296598E-077                  3.6681816702226767E-008                  4.7509756239944927E+003                  3.6767828021742379E+000                 -1.7165755310816625E+001                  5.0000000000000000E-001                  0.0000000000000000E+000                  0.0000000000000000E+000 
                                    1044                  2.2240383995048105E-001                 -1.4309134687844960E+000                  8.4398160171200498E+000                  3.7480297801418168E+000                  1.9942983302338781E+001                  0.0000000000000000E+000                  7.0947462204155374E-007                  9.9999929052537795E-001                  3.7075458560174322E-002                 -2.0692723146921035E-011                  0.0000000000000000E+000                  3.3226490102044264E-077                  3.2271366726837591E-008                  4.5261740505319158E+003                  3.6557312503991346E+000                 -1.5449741798490448E+001                  4.9999999999999994E-001                  0.0000000000000000E+000                  0.0000000000000000E+000 
                                    1045                  2.0727575809827847E-001                 -1.4421613689538200E+000                  8.4422019929529508E+000                  3.7534311724102154E+000                  1.9951078817386218E+001                  0.0000000000000000E+000                  6.5168757376196793E-007                  9.9999934831242621E-001                  3.6127560005906667E-002                 -2.0135228558585596E-011                  0.0000000000000000E+000                  1.0171644062770767E-076                  2.7534283629977030E-008                  4.2408752435551114E+003                  3.6274554967387642E+000                 -1.5043197975649740E+001                  5.0000000000000000E-001                  0.0000000000000000E+000                  0.0000000000000000E+000 
                                    1046                  1.9214767624607718E-001                 -1.4542001981575992E+000                  8.4446263039657374E+000                  3.7589217005092346E+000                  1.9959307383757437E+001                  0.0000000000000000E+000                  5.9481207040249646E-007                  9.9999940518792962E-001                  3.5139841790114326E-002                 -1.9556412861484547E-011                  0.0000000000000000E+000                  3.1338241850056478E-076                  2.3073010496156237E-008                  3.9525621401085277E+003                  3.5968787064079399E+000                 -1.5457348653002878E+001                  4.9999999999999994E-001                  0.0000000000000000E+000                  0.0000000000000000E+000 
                                    1047                  1.7701959439387593E-001                 -1.4671591706775513E+000                  8.4470942432190110E+000                  3.7645137369743313E+000                  1.9967687340340614E+001                  0.0000000000000000E+000                  5.3916003793440963E-007                  9.9999946083996205E-001                  3.4106788595763035E-002                 -1.8953309673848065E-011                  0.0000000000000000E+000                  9.7345313255783582E-076                  1.8961446932981824E-008                  3.6612166232113254E+003                  3.5636254255442217E+000                 -1.5161290205357496E+001                  4.9999999999999994E-001                  0.0000000000000000E+000                  0.0000000000000000E+000 
                                    1048                  1.6189151254167333E-001                 -1.4812020458764361E+000                  8.4497536578310424E+000                  3.7705386386799904E+000                  1.9976717800564003E+001                  0.0000000000000000E+000                  4.8208520461013172E-007                  9.9999951791479536E-001                  3.3021587968093284E-002                 -1.8322249705417879E-011                  0.0000000000000000E+000                  3.2569087659983106E-075                  1.5062948756989898E-008                  3.3668101963956915E+003                  3.5272186337681113E+000                 -1.4564131208231636E+001                  4.9999999999999994E-001                  0.0000000000000000E+000                  0.0000000000000000E+000 
                                    1049                  1.4505906004934177E-001                 -1.4983619505726320E+000                  8.4519110767772307E+000                  3.7754504013927170E+000                  1.9984064780118207E+001                  0.0000000000000000E+000                  4.3818036072060725E-007                  9.9999956181963923E-001                  3.1742274969400380E-002                 -1.7581564018288867E-011                  0.0000000000000000E+000                  8.5853865949511712E-075                  1.2317681621990325E-008                  3.0355885320570878E+003                  3.4822429034659872E+000                 -1.5809350691666944E+001                  5.0000000000000000E-001                  0.0000000000000000E+000                  0.0000000000000000E+000 
                                    1050                  1.3664283380317599E-001                 -1.5076610564806161E+000                  8.4533688231242063E+000                  3.7787584910744534E+000                  1.9989020508163723E+001                  0.0000000000000000E+000                  4.0983443631035135E-007                  9.9999959016556372E-001                  3.1069834758909076E-002                 -1.7193603908819591E-011                  0.0000000000000000E+000                  1.6439512007614204E-074                  1.0673352755953738E-008                  2.8685032814280817E+003                  3.4576553510304846E+000                 -1.5805183134544507E+001                  5.0000000000000000E-001                  0.0000000000000000E+000                  0.0000000000000000E+000 
                                    1051                  1.2822660755701021E-001                 -1.5175207174564715E+000                  8.4553454729360471E+000                  3.7832347915120521E+000                  1.9995733049737666E+001                  0.0000000000000000E+000                  3.7249973802907148E-007                  9.9999962750026195E-001                  3.0372412008275895E-002                 -1.6792196081276294E-011                  0.0000000000000000E+000                  3.9328779779158869E-074                  8.6593118335605820E-009                  2.7004248387776220E+003                  3.4314320940192142E+000                 -1.5191957558731819E+001                  5.0000000000000000E-001                  0.0000000000000000E+000                  0.0000000000000000E+000 
                                    1052                  1.1415575273734289E-001                 -1.5354726784032164E+000                  8.4578932502818969E+000                  3.7890228109583468E+000                  2.0004401441313924E+001                  0.0000000000000000E+000                  2.3789372655991020E-007                  9.9999976210627339E-001                  2.9142534655681267E-002                 -1.6086742743808829E-011                  0.0000000000000000E+000                  8.6892617371294943E-074                  2.4913369017868119E-009                  2.4171814961926402E+003                  3.3833092610140367E+000                 -1.4784320728752581E+001                  5.0000000000000000E-001                  0.0000000000000000E+000                  0.0000000000000000E+000 
                                    1053                  1.0008489791767428E-001                 -1.5556789891214491E+000                  8.4605290176628998E+000                  3.7950125205702276E+000                  2.0013371898488526E+001                  0.0000000000000000E+000                  2.2138716639032781E-007                  9.9999977861283362E-001                  2.7817686658758549E-002                 -1.5330240310415322E-011                  0.0000000000000000E+000                  2.8982908134856628E-073                  2.2241852199037457E-009                  2.1315927158065379E+003                  3.3287042274769099E+000                 -1.4757349982954860E+001                  5.0000000000000000E-001                  0.0000000000000000E+000                  0.0000000000000000E+000 
                                    1054                  8.6014043098005644E-002                 -1.5788215122121785E+000                  8.4632728895562597E+000                  3.8012504260615483E+000                  2.0022713658801131E+001                  0.0000000000000000E+000                  2.0475044504716677E-007                  9.9999979524955496E-001                  2.6374150967279773E-002                 -1.4509671017273385E-011                  8.4784498212773349E-023                  1.0042845975825072E-072                  1.9560730072352131E-009                  1.8428851286839886E+003                  3.2654982654776425E+000                 -1.5297983050732936E+001                  5.0000000000000000E-001                  0.0000000000000000E+000                  0.0000000000000000E+000 
                                    1055                  7.1943188278338344E-002                 -1.6059486807886103E+000                  8.4655406860752418E+000                  3.8064246120601859E+000                  2.0030451077861169E+001                  0.0000000000000000E+000                  1.9145684496739356E-007                  9.9999980854315507E-001                  2.4777148240940610E-002                 -1.3606215916728348E-011                  0.0000000000000000E+000                  2.7808231114806384E-072                  1.7449274589107185E-009                  1.5509468883293528E+003                  3.1905969257952758E+000                 -1.5905618564154651E+001                  4.9999999999999994E-001                  0.0000000000000000E+000                  0.0000000000000000E+000 
                                    1056                  6.3876682216048572E-002                 -1.6239208558815352E+000                  8.4680989423605038E+000                  3.8122209392744897E+000                  2.0039146693517601E+001                  0.0000000000000000E+000                  1.7702227518992430E-007                  9.9999982297772483E-001                  2.3772734721213017E-002                 -1.3040250676025831E-011                  0.0000000000000000E+000                  8.6907991679018062E-072                  1.5207352135393686E-009                  1.3820806103025839E+003                  3.1405333741442809E+000                 -1.4757019720395204E+001                  5.0000000000000000E-001                  0.0000000000000000E+000                  0.0000000000000000E+000 
                                    1057                  4.7743670091471735E-002                 -1.6676787253341807E+000                  8.4708851337111213E+000                  3.8185957766891439E+000                  2.0048670143033497E+001                  0.0000000000000000E+000                  1.6199097471088412E-007                  9.9999983800902525E-001                  2.1494199458912878E-002                 -1.1762652773133673E-011                  0.0000000000000000E+000                  2.9729568729229068E-071                  1.2956645394668087E-009                  1.0409884547758047E+003                  3.0174459129351616E+000                 -1.4822074163360089E+001                  5.0000000000000000E-001                  0.0000000000000000E+000                  0.0000000000000000E+000 
                                    1058                  3.9677164029183309E-002                 -1.6953329443020597E+000                  8.4724484854367450E+000                  3.8221648485250985E+000                  2.0054007804884016E+001                  0.0000000000000000E+000                  1.5389809509810102E-007                  9.9999984610190495E-001                  2.0168196112263958E-002                 -1.1022944643676075E-011                  0.0000000000000000E+000                  5.8976781409198188E-071                  1.1787607476608304E-009                  8.6864536053793961E+002                  2.9388425044148274E+000                 -1.6623770614752388E+001                  5.0000000000000000E-001                  0.0000000000000000E+000                  0.0000000000000000E+000 
                                    1059                  3.4874623246373027E-002                 -1.7145471278826887E+000                  8.4736604135349491E+000                  3.8249270093147474E+000                  2.0058142052715308E+001                  0.0000000000000000E+000                  1.4779803445047875E-007                  9.9999985220196552E-001                  1.9295359393833089E-002                 -1.0537463589199567E-011                  0.0000000000000000E+000                  1.0004806468286519E-070                  1.0929296304820408E-009                  7.6544003047087563E+002                  2.8839111709248098E+000                 -1.5660893906954978E+001                  5.0000000000000000E-001                  0.0000000000000000E+000                  0.0000000000000000E+000 
                                    1060                  3.0072082463562744E-002                 -1.7365558428562227E+000                  8.4755597416043269E+000                  3.8292436607049392E+000                  2.0064611576941168E+001                  0.0000000000000000E+000                  1.3854920744455192E-007                  9.9999986145079256E-001                  1.8341893065221625E-002                 -1.0008376008416883E-011                  0.0000000000000000E+000                  2.2804784858772332E-070                  9.6693546996213359E-010                  6.6177179834794345E+002                  2.8207082555968204E+000                 -1.6215055049520519E+001                  4.9999999999999994E-001                  0.0000000000000000E+000                  0.0000000000000000E+000 
                                    1061                  2.0467000897943510E-002                 -1.7934855474798512E+000                  8.4785196078020046E+000                  3.8359935231449738E+000                  2.0074713836934276E+001                  0.0000000000000000E+000                  1.2489111407463114E-007                  9.9999987510888588E-001                  1.6088459164256809E-002                 -8.7628132018950346E-012                  0.0000000000000000E+000                  8.1478467509022333E-070                  7.9120545718537408E-010                  4.5298481882806590E+002                  2.6560836474660814E+000                 -1.5143491880390293E+001                  4.9999999999999994E-001                  0.0000000000000000E+000                  0.0000000000000000E+000 
                                    1062                  1.0127697029859826E-002                 -1.8969395522006329E+000                  8.4812856617201913E+000                  3.8423439738961904E+000                  2.0084191360342238E+001                  0.0000000000000000E+000                  1.1296394909543118E-007                  9.9999988703605092E-001                  1.2678283177857177E-002                 -6.8894465373171825E-012                  0.0000000000000000E+000                  2.6474360217993992E-069                  6.4906893714813617E-010                  2.2580958256238461E+002                  2.3537423679063179E+000                 -1.6035257601361629E+001                  5.0000000000000000E-001                  0.0000000000000000E+000                  0.0000000000000000E+000 
                                    1063                  5.5523466569145077E-003                 -1.9848182205882976E+000                  8.4829249132507751E+000                  3.8460968226968704E+000                  2.0089799802273717E+001                  0.0000000000000000E+000                  1.0628412583117210E-007                  9.9999989371587417E-001                  1.0355755291266403E-002                 -5.6202095332144323E-012                  0.0000000000000000E+000                  5.2948164923917627E-069                  5.7447255732149737E-010                  1.2428912427167673E+002                  2.0944331280347046E+000                 -1.5947133899609732E+001                  4.9999999999999994E-001                  0.0000000000000000E+000                  0.0000000000000000E+000 
                                    1064                  2.8361884918548515E-003                 -2.0827021198751474E+000                  8.4840647750155629E+000                  3.8487067510375748E+000                  2.0093700231401431E+001                  0.0000000000000000E+000                  1.0180757285531668E-007                  9.9999989819242718E-001                  8.2660471867691352E-003                 -4.4819244556866176E-012                  0.0000000000000000E+000                  8.5541328238279205E-069                  5.2662842087548699E-010                  6.3672903461899935E+001                  1.8039546539902986E+000                 -1.6339626483919456E+001                  5.0000000000000011E-001                  0.0000000000000000E+000                  0.0000000000000000E+000 
                                    1065                  1.4781094093243572E-003                 -2.1774399318111657E+000                  8.4847705958958990E+000                  3.8503220182358247E+000                  2.0096114849828552E+001                  0.0000000000000000E+000                  9.9104605312577190E-008                  9.9999990089539470E-001                  6.6459958872662171E-003                 -3.6014317963455029E-012                  0.0000000000000000E+000                  1.1501791703320619E-068                  4.9860161516382837E-010                  3.3243662899872554E+001                  1.5217088697919943E+000                 -1.6986126779227323E+001                  5.0000000000000000E-001                  0.0000000000000000E+000                  0.0000000000000000E+000 
                                    1066                  7.9906986805911018E-004                 -2.2667233568660614E+000                  8.4852029076224476E+000                  3.8513110367401469E+000                  2.0097593563443482E+001                  0.0000000000000000E+000                  9.7474973876161642E-008                  9.9999990252502613E-001                  5.4109889012945913E-003                 -2.9311398054039320E-012                  0.0000000000000000E+000                  1.3783954216230123E-068                  4.8202420888780913E-010                  1.7991530937114160E+001                  1.2550681199465576E+000                 -1.6887815168675623E+001                  5.0000000000000000E-001                  0.0000000000000000E+000                  0.0000000000000000E+000 
                                    1067                  4.5955009742648656E-004                 -2.3469540455064322E+000                  8.4854625031895790E+000                  3.8519048018939093E+000                  2.0098481417919473E+001                  0.0000000000000000E+000                  9.6505838752208613E-008                  9.9999990349416124E-001                  4.4982745047625287E-003                 -2.4361918836303556E-012                  0.0000000000000000E+000                  1.5364692703674482E-068                  4.7228125076896130E-010                  1.0353971470879419E+001                  1.0151069640013797E+000                 -1.7211065183607097E+001                  4.9999999999999994E-001                  0.0000000000000000E+000                  0.0000000000000000E+000 
                                    1068                  2.8979021211084088E-004                 -2.4137900399415635E+000                  8.4856137500938740E+000                  3.8522506994911341E+000                  2.0098998672227925E+001                  0.0000000000000000E+000                  9.5944451179991851E-008                  9.9999990405554884E-001                  3.8566476258015889E-003                 -2.0884280519847939E-012                  0.0000000000000000E+000                  1.6367102457075590E-068                  4.6667717943595923E-010                  6.5317389885160733E+000                  8.1502882179150893E-001                 -1.7471406749997229E+001                  4.9999999999999994E-001                  0.0000000000000000E+000                  0.0000000000000000E+000 
                                    1069                  2.0491026945235188E-004                 -2.4640123353154717E+000                  8.4857268762963578E+000                  3.8525093585161105E+000                  2.0099385511017282E+001                  0.0000000000000000E+000                  9.5526128415311681E-008                  9.9999990447387155E-001                  3.4354818992305769E-003                 -1.8602233431842182E-012                  0.0000000000000000E+000                  1.7159019864856220E-068                  4.6252022937421110E-010                  4.6196164030276092E+000                  6.6460591474121433E-001                 -1.8663509193375376E+001                  4.9999999999999994E-001                  0.0000000000000000E+000                  0.0000000000000000E+000 
                                    1070                  1.2003032679421682E-004                 -2.5414938079148830E+000                  8.4858422241127407E+000                  3.8527731327284029E+000                  2.0099779978455757E+001                  0.0000000000000000E+000                  9.5100955944395276E-008                  9.9999990489904400E-001                  2.8741285720815337E-003                 -1.5561323977100653E-012                  0.0000000000000000E+000                  1.8005713039108198E-068                  4.5831197053959652E-010                  2.7067404793454397E+000                  4.3244661787200284E-001                 -1.7653729622800263E+001                  5.0000000000000000E-001                  0.0000000000000000E+000                  0.0000000000000000E+000 
                                    1071                  6.0015163381964269E-005                 -2.6418873474167004E+000                  8.4859324807901348E+000                  3.8529795454275209E+000                  2.0100088654049109E+001                  0.0000000000000000E+000                  9.4769231214977820E-008                  9.9999990523076876E-001                  2.2809336515759509E-003                 -1.2348693205867767E-012                  0.0000000000000000E+000                  1.8697045568464614E-068                  4.5504038386363553E-010                  1.3536803392286536E+000                  1.3151612129209597E-001                 -1.8296403270505166E+001                  5.0000000000000000E-001                  0.0000000000000000E+000                  0.0000000000000000E+000 
                                    1072                  3.0007581677170266E-005                 -2.7422622797823228E+000                  8.4859893235961525E+000                  3.8531095370577413E+000                  2.0100283051469930E+001                  0.0000000000000000E+000                  9.4560749076967487E-008                  9.9999990543925088E-001                  1.8102465156136980E-003                 -9.7999960724628113E-013                  0.0000000000000000E+000                  1.9145861908444090E-068                  4.5298952244088321E-010                  6.7693777958659485E-001                 -1.6945124745078161E-001                 -1.8018693942894380E+001                  5.0000000000000000E-001                  0.0000000000000000E+000                  0.0000000000000000E+000 
                                    1073                  1.5003790824773267E-005                 -2.8426254779115481E+000                  8.4860251262180881E+000                  3.8531914106823857E+000                  2.0100405491910134E+001                  0.0000000000000000E+000                  9.4429608035237351E-008                  9.9999990557039198E-001                  1.4367278888350768E-003                 -7.7776783859857127E-013                  0.0000000000000000E+000                  1.9433993813245395E-068                  4.5170155664341463E-010                  3.3849957754109467E-001                 -4.7044186899267998E-001                 -1.8877327838712311E+001                  4.9999999999999994E-001                  0.0000000000000000E+000                  0.0000000000000000E+000 
                                    1074                  7.5018953985747650E-006                 -2.9429812494167416E+000                  8.4860476780130369E+000                  3.8532429814765328E+000                  2.0100482615670337E+001                  0.0000000000000000E+000                  9.4347071308763901E-008                  9.9999990565292873E-001                  1.1402990186958491E-003                 -6.1728561333983175E-013                  0.0000000000000000E+000                  1.9617677782047643E-068                  4.5089176925447220E-010                  1.6925939892767880E-001                 -7.7144720572056602E-001                 -1.8930781453194889E+001                  5.0000000000000000E-001                  0.0000000000000000E+000                  0.0000000000000000E+000 
                                    1075                  3.7509476854755142E-006                 -3.0433322696138716E+000                  8.4860618837554593E+000                  3.8532754664913522E+000                  2.0100531197003576E+001                  0.0000000000000000E+000                  9.4295106881854180E-008                  9.9999990570489317E-001                  9.0503990886738679E-004                 -4.8992542983364031E-013                  0.0000000000000000E+000                  1.9734264566883573E-068                  4.5038226014243713E-010                  8.4632670891296335E-002                 -1.0724619531690656E+000                 -1.9669548791897025E+001                  5.0000000000000000E-001                  0.0000000000000000E+000                  0.0000000000000000E+000 
                                    1076                  1.8754738292589555E-006                 -3.1436801494907374E+000                  8.4860738152141995E+000                  3.8533027502938708E+000                  2.0100572000276674E+001                  0.0000000000000000E+000                  9.4251477695462276E-008                  9.9999990574852227E-001                  7.1832312929107588E-004                 -3.8884695088193363E-013                  0.0000000000000000E+000                  1.9832716533063012E-068                  4.4995467147874422E-010                  4.2317215869353643E-002                 -1.3734829130983741E+000                 -1.9160651354049776E+001                  5.0000000000000000E-001                  0.0000000000000000E+000                  0.0000000000000000E+000 
