                                       1                                        2                                        3                                        4                                        5                                        6                                        7                                        8                                        9                                       10                                       11                                       12                                       13                                       14                                       15                                       16                                       17                                       18                                       19                                       20                                       21                                       22                                       23                                       24                                       25                                       26                                       27                                       28                                       29                                       30                                       31                                       32                                       33                                       34                                       35                                       36                                       37                                       38                                       39                                       40                                       41                                       42                                       43                                       44                                       45                                       46                                       47                                       48                                       49 
                            model_number                                num_zones                             initial_mass                                initial_z                                 star_age                                time_step                                     Teff                            photosphere_L                            photosphere_r                               center_eta                                center_h1                               center_he3                               center_he4                               center_c12                               center_n14                               center_o16                              center_ne20                                star_mass                                star_mdot                             star_mass_h1                            star_mass_he3                            star_mass_he4                            star_mass_c12                            star_mass_n14                            star_mass_o16                           star_mass_ne20                             he_core_mass                             co_core_mass                             fe_core_mass                   neutron_rich_core_mass                             dynamic_time                             kh_timescale                            nuc_timescale                           power_nuc_burn                             power_h_burn                            power_he_burn                                power_neu                                burn_min1                                burn_min2                             time_seconds                           version_number                                 compiler                                    build                         MESA_SDK_version                             math_backend                                     date                                     msun                                     rsun                                     lsun 
                                   12000                                     1777                  1.0000000000000000E+000                  2.0000000000000000E-002                  1.2334071226117266E+010                  3.1661602107806601E+002                  2.8669732261214326E+003                  2.5355125924488084E+003                  2.0409801097222226E+002                  2.0501664079757496E+001                  0.0000000000000000E+000                  0.0000000000000000E+000                  9.8011256509885869E-001                  6.3444976768417476E-005                  9.7784992266259294E-003                  3.8832441891538576E-003                  2.0850246790038466E-003                  7.2011458626723945E-001                 -1.4368825821430253E-007                  1.7407150381055778E-001                  3.4261287172443169E-004                  5.3147723681132364E-001                  8.4097219194851313E-004                  5.9070146789508594E-003                  3.0377218945551424E-003                  1.5014570972859513E-003                  4.6324563711623612E-001                  0.0000000000000000E+000                  0.0000000000000000E+000                  0.0000000000000000E+000                  3.4388593302815743E+007                  2.3598238158426398E+001                  2.8401144147809176E+006                  2.5067937701597634E+003                  2.5061521602836810E+003                  6.4085152042670579E-001                  1.7140630201009060E+002                  5.0000000000000000E+001                  1.0000000000000000E+003                  3.8923368612531821E+017                                "6725cf8"                               "gfortran"                                 "13.3.0"                   "x86_64-linux-25.12.1"                                 "CRMATH"                               "20260119"                  1.9884098706980504E+033                  6.9570000000000000E+010                  3.8280000000000003E+033 

                                       1                                        2                                        3                                        4                                        5                                        6                                        7                                        8                                        9                                       10                                       11                                       12 
                                    zone                                     mass                                     logR                                     logT                                   logRho                                     logP                        x_mass_fraction_H                       y_mass_fraction_He                   z_mass_fraction_metals                                       pp                                      cno                                tri_alpha 
                                       1                  7.2011458626723945E-001                  2.3098387723397971E+000                  3.4574236372207476E+000                 -8.7805276501877323E+000                  2.4626035835277409E+000                  6.7779619136771818E-001                  3.0212550494816798E-001                  2.0078303684113896E-002                  2.2789564717775156E-028                  0.0000000000000000E+000                  0.0000000000000000E+000 
                                       2                  7.2011458626687941E-001                  2.3098387723345817E+000                  3.4574236372708880E+000                 -8.7805276498476772E+000                  2.4626035839287459E+000                  6.7779619136771818E-001                  3.0212550494816798E-001                  2.0078303684113896E-002                  2.2789564735620246E-028                  0.0000000000000000E+000                  0.0000000000000000E+000 
                                       3                  7.2011458626579916E-001                  2.3098387723189382E+000                  3.4574236374134477E+000                 -8.7805276488808275E+000                  2.4626035850688872E+000                  6.7779619136771818E-001                  3.0212550494816798E-001                  2.0078303684113896E-002                  2.2789564786357613E-028                  0.0000000000000000E+000                  0.0000000000000000E+000 
                                       4                  7.2011458626278435E-001                  2.3098387722752793E+000                  3.4574236378189545E+000                 -8.7805276461306505E+000                  2.4626035883119877E+000                  6.7779619136771818E-001                  3.0212550494816798E-001                  2.0078303684113896E-002                  2.2789564930678548E-028                  0.0000000000000000E+000                  0.0000000000000000E+000 
                                       5                  7.2011458625415126E-001                  2.3098387721502580E+000                  3.4574236389034398E+000                 -8.7805276387755864E+000                  2.4626035969853239E+000                  6.7779619136771818E-001                  3.0212550494816798E-001                  2.0078303684113896E-002                  2.2789565316650009E-028                  0.0000000000000000E+000                  0.0000000000000000E+000 
                                       6                  7.2011458623163360E-001                  2.3098387718241580E+000                  3.4574236408548882E+000                 -8.7805276255407136E+000                  2.4626036125923267E+000                  6.7779619136771818E-001                  3.0212550494816798E-001                  2.0078303684113896E-002                  2.2789566011175903E-028                  0.0000000000000000E+000                  0.0000000000000000E+000 
                                       7                  7.2011458619809776E-001                  2.3098387713384962E+000                  3.4574236431899186E+000                 -8.7805276097043556E+000                  2.4626036312670867E+000                  6.7779619136771818E-001                  3.0212550494816798E-001                  2.0078303684113896E-002                  2.2789566842219975E-028                  0.0000000000000000E+000                  0.0000000000000000E+000 
                                       8                  7.2011458616456203E-001                  2.3098387708528332E+000                  3.4574236466924644E+000                 -8.7805275859498195E+000                  2.4626036592792260E+000                  6.7779619136771818E-001                  3.0212550494816798E-001                  2.0078303684113896E-002                  2.2789568088786049E-028                  0.0000000000000000E+000                  0.0000000000000000E+000 
                                       9                  7.2011458609749046E-001                  2.3098387698815119E+000                  3.4574236527673397E+000                 -8.7805275447495408E+000                  2.4626037078639631E+000                  6.7779619136771818E-001                  3.0212550494816798E-001                  2.0078303684113896E-002                  2.2789570250851992E-028                  0.0000000000000000E+000                  0.0000000000000000E+000 
                                      10                  7.2011458599006695E-001                  2.3098387683258141E+000                  3.4574236602470285E+000                 -8.7805274940217029E+000                  2.4626037676839165E+000                  6.7779619136771818E-001                  3.0212550494816798E-001                  2.0078303684113896E-002                  2.2789572912895721E-028                  0.0000000000000000E+000                  0.0000000000000000E+000 
                                      11                  7.2011458588264354E-001                  2.3098387667701190E+000                  3.4574236705402415E+000                 -8.7805274242123197E+000                  2.4626038500054568E+000                  6.7779619136771818E-001                  3.0212550494816798E-001                  2.0078303684113896E-002                  2.2789576576281764E-028                  0.0000000000000000E+000                  0.0000000000000000E+000 
                                      12                  7.2011458569440412E-001                  2.3098387640440534E+000                  3.4574236836469754E+000                 -8.7805273353214002E+000                  2.4626039548285772E+000                  6.7779619136771818E-001                  3.0212550494816798E-001                  2.0078303684113896E-002                  2.2789581241010264E-028                  0.0000000000000000E+000                  0.0000000000000000E+000 
                                      13                  7.2011458550616469E-001                  2.3098387613179905E+000                  3.4574237018158223E+000                 -8.7805272120988160E+000                  2.4626041001367285E+000                  6.7779619136771818E-001                  3.0212550494816798E-001                  2.0078303684113896E-002                  2.2789587707362873E-028                  0.0000000000000000E+000                  0.0000000000000000E+000 
                                      14                  7.2011458517252069E-001                  2.3098387564861946E+000                  3.4574237250467723E+000                 -8.7805270545445904E+000                  2.4626042859298796E+000                  6.7779619136771818E-001                  3.0212550494816798E-001                  2.0078303684113896E-002                  2.2789595975340143E-028                  0.0000000000000000E+000                  0.0000000000000000E+000 
                                      15                  7.2011458483887669E-001                  2.3098387516544019E+000                  3.4574237574675215E+000                 -8.7805268346643448E+000                  2.4626045452199192E+000                  6.7779619136771818E-001                  3.0212550494816798E-001                  2.0078303684113896E-002                  2.2789607514006488E-028                  0.0000000000000000E+000                  0.0000000000000000E+000 
                                      16                  7.2011458424126351E-001                  2.3098387429998390E+000                  3.4574237990780414E+000                 -8.7805265524581557E+000                  2.4626048780067293E+000                  6.7779619136771818E-001                  3.0212550494816798E-001                  2.0078303684113896E-002                  2.2789622323363080E-028                  0.0000000000000000E+000                  0.0000000000000000E+000 
                                      17                  7.2011458364365022E-001                  2.3098387343452793E+000                  3.4574238569915936E+000                 -8.7805261596832462E+000                  2.4626053411797648E+000                  6.7779619136771818E-001                  3.0212550494816798E-001                  2.0078303684113896E-002                  2.2789642935059057E-028                  0.0000000000000000E+000                  0.0000000000000000E+000 
                                      18                  7.2011458257774463E-001                  2.3098387189089840E+000                  3.4574239312080866E+000                 -8.7805256563398490E+000                  2.4626059347386611E+000                  6.7779619136771818E-001                  3.0212550494816798E-001                  2.0078303684113896E-002                  2.2789669349098187E-028                  0.0000000000000000E+000                  0.0000000000000000E+000 
                                      19                  7.2011458151183916E-001                  2.3098387034727073E+000                  3.4574240336674764E+000                 -8.7805249614500251E+000                  2.4626067541752006E+000                  6.7779619136771818E-001                  3.0212550494816798E-001                  2.0078303684113896E-002                  2.2789705815002777E-028                  0.0000000000000000E+000                  0.0000000000000000E+000 
                                      20                  7.2011457963467262E-001                  2.3098386762879133E+000                  3.4574241643694803E+000                 -8.7805240750144620E+000                  2.4626077994882838E+000                  6.7779619136771818E-001                  3.0212550494816798E-001                  2.0078303684113896E-002                  2.2789752332785056E-028                  0.0000000000000000E+000                  0.0000000000000000E+000 
                                      21                  7.2011457775750609E-001                  2.3098386491031717E+000                  3.4574243430715321E+000                 -8.7805228630360208E+000                  2.4626092286915156E+000                  6.7779619136771818E-001                  3.0212550494816798E-001                  2.0078303684113896E-002                  2.2789815934345971E-028                  0.0000000000000000E+000                  0.0000000000000000E+000 
                                      22                  7.2011457450155147E-001                  2.3098386019512187E+000                  3.4574245697727957E+000                 -8.7805213255167445E+000                  2.4626110417816238E+000                  6.7779619136771818E-001                  3.0212550494816798E-001                  2.0078303684113896E-002                  2.2789896619721270E-028                  0.0000000000000000E+000                  0.0000000000000000E+000 
                                      23                  7.2011457124559686E-001                  2.3098385547994162E+000                  3.4574248766475595E+000                 -8.7805192442460758E+000                  2.4626134960789461E+000                  6.7779619136771818E-001                  3.0212550494816798E-001                  2.0078303684113896E-002                  2.2790005840338816E-028                  0.0000000000000000E+000                  0.0000000000000000E+000 
                                      24                  7.2011456568663745E-001                  2.3098384742965123E+000                  3.4574252636934255E+000                 -8.7805166192298696E+000                  2.4626165915740978E+000                  6.7779619136771818E-001                  3.0212550494816798E-001                  2.0078303684113896E-002                  2.2790143596301518E-028                  0.0000000000000000E+000                  0.0000000000000000E+000 
                                      25                  7.2011456012767805E-001                  2.3098383937940499E+000                  3.4574257825981727E+000                 -8.7805130999118379E+000                  2.4626207416524384E+000                  6.7779619136771818E-001                  3.0212550494816798E-001                  2.0078303684113896E-002                  2.2790328284865332E-028                  0.0000000000000000E+000                  0.0000000000000000E+000 
                                      26                  7.2011455078091724E-001                  2.3098382584392723E+000                  3.4574264333551303E+000                 -8.7805086863082487E+000                  2.4626259462878726E+000                  6.7779619136771818E-001                  3.0212550494816798E-001                  2.0078303684113896E-002                  2.2790559906317580E-028                  0.0000000000000000E+000                  0.0000000000000000E+000 
                                      27                  7.2011454143415654E-001                  2.3098381230857399E+000                  3.4574272983025511E+000                 -8.7805028199787554E+000                  2.4626328640055659E+000                  6.7779619136771818E-001                  3.0212550494816798E-001                  2.0078303684113896E-002                  2.2790867768999826E-028                  0.0000000000000000E+000                  0.0000000000000000E+000 
                                      28                  7.2011452593419145E-001                  2.3098378986283787E+000                  3.4574283774223753E+000                 -8.7804955009673886E+000                  2.4626414947348891E+000                  6.7779619136771818E-001                  3.0212550494816798E-001                  2.0078303684113896E-002                  2.2791251873690801E-028                  0.0000000000000000E+000                  0.0000000000000000E+000 
                                      29                  7.2011451043422636E-001                  2.3098376741744491E+000                  3.4574298017105840E+000                 -8.7804858408059694E+000                  2.4626528861701349E+000                  6.7779619136771818E-001                  3.0212550494816798E-001                  2.0078303684113896E-002                  2.2791758852798909E-028                  0.0000000000000000E+000                  0.0000000000000000E+000 
                                      30                  7.2011448501747366E-001                  2.3098373061236384E+000                  3.4574315711192574E+000                 -8.7804738396113571E+000                  2.4626670381238753E+000                  6.7779619136771818E-001                  3.0212550494816798E-001                  2.0078303684113896E-002                  2.2792388708390691E-028                  0.0000000000000000E+000                  0.0000000000000000E+000 
                                      31                  7.2011445960072107E-001                  2.3098369380820616E+000                  3.4574338953429331E+000                 -8.7804580751025352E+000                  2.4626856277519318E+000                  6.7779619136771818E-001                  3.0212550494816798E-001                  2.0078303684113896E-002                  2.2793216099478255E-028                  0.0000000000000000E+000                  0.0000000000000000E+000 
                                      32                  7.2011441824164713E-001                  2.3098363392110213E+000                  3.4574367742559349E+000                 -8.7804385475860744E+000                  2.4627086545626735E+000                  6.7779619136771818E-001                  3.0212550494816798E-001                  2.0078303684113896E-002                  2.2794241031481887E-028                  0.0000000000000000E+000                  0.0000000000000000E+000 
                                      33                  7.2011437688257340E-001                  2.3098357403644330E+000                  3.4574405468873497E+000                 -8.7804129574286467E+000                  2.4627388302397870E+000                  6.7779619136771818E-001                  3.0212550494816798E-001                  2.0078303684113896E-002                  2.2795584240377963E-028                  0.0000000000000000E+000                  0.0000000000000000E+000 
                                      34                  7.2011430983690927E-001                  2.3098347696483232E+000                  3.4574452129086550E+000                 -8.7803813054321171E+000                  2.4627761534976869E+000                  6.7779619136771818E-001                  3.0212550494816798E-001                  2.0078303684113896E-002                  2.2797245740333765E-028                  0.0000000000000000E+000                  0.0000000000000000E+000 
                                      35                  7.2011424279124514E-001                  2.3098337989964497E+000                  3.4574513229965489E+000                 -8.7803398560338906E+000                  2.4628250291168707E+000                  6.7779619136771818E-001                  3.0212550494816798E-001                  2.0078303684113896E-002                  2.2799421715864286E-028                  0.0000000000000000E+000                  0.0000000000000000E+000 
                                      36                  7.2011413422552084E-001                  2.3098322273751792E+000                  3.4574588762916609E+000                 -8.7802886113336243E+000                  2.4628854537324956E+000                  6.7779619136771818E-001                  3.0212550494816798E-001                  2.0078303684113896E-002                  2.2802112204020967E-028                  0.0000000000000000E+000                  0.0000000000000000E+000 
                                      37                  7.2011402565979643E-001                  2.3098306559222808E+000                  3.4574687579375265E+000                 -8.7802215660419733E+000                  2.4629645081456255E+000                  6.7779619136771818E-001                  3.0212550494816798E-001                  2.0078303684113896E-002                  2.2805632746268661E-028                  0.0000000000000000E+000                  0.0000000000000000E+000 
                                      38                  7.2011385010770201E-001                  2.3098281152200295E+000                  3.4574809656947005E+000                 -8.7801387256392456E+000                  2.4630621835796549E+000                  6.7779619136771818E-001                  3.0212550494816798E-001                  2.0078303684113896E-002                  2.2809983439128472E-028                  0.0000000000000000E+000                  0.0000000000000000E+000 
                                      39                  7.2011367455560749E-001                  2.3098255749577881E+000                  3.4574968924220206E+000                 -8.7800306380802624E+000                  2.4631896240556950E+000                  6.7779619136771818E-001                  3.0212550494816798E-001                  2.0078303684113896E-002                  2.2815661334724357E-028                  0.0000000000000000E+000                  0.0000000000000000E+000 
                                      40                  7.2011339190193635E-001                  2.3098214858456072E+000                  3.4575165323603634E+000                 -8.7798973174951289E+000                  2.4633468069694273E+000                  6.7779619136771818E-001                  3.0212550494816798E-001                  2.0078303684113896E-002                  2.2822666681144476E-028                  0.0000000000000000E+000                  0.0000000000000000E+000 
                                      41                  7.2011310924826522E-001                  2.3098173978730654E+000                  3.4575420805201880E+000                 -8.7797238630041843E+000                  2.4635512984708763E+000                  6.7779619136771818E-001                  3.0212550494816798E-001                  2.0078303684113896E-002                  2.2831784088347025E-028                  0.0000000000000000E+000                  0.0000000000000000E+000 
                                      42                  7.2011265617067066E-001                  2.3098108474639014E+000                  3.4575735222496466E+000                 -8.7795103107056374E+000                  2.4638030409139238E+000                  6.7779619136771818E-001                  3.0212550494816798E-001                  2.0078303684113896E-002                  2.2843014186950726E-028                  0.0000000000000000E+000                  0.0000000000000000E+000 
                                      43                  7.2011220309307611E-001                  2.3098042999787354E+000                  3.4576145709381612E+000                 -8.7792314382064855E+000                  2.4641317628682460E+000                  6.7779619136771818E-001                  3.0212550494816798E-001                  2.0078303684113896E-002                  2.2857687603208980E-028                  0.0000000000000000E+000                  0.0000000000000000E+000 
                                      44                  7.2011147220483873E-001                  2.3097937439711806E+000                  3.4576651884109060E+000                 -8.7788873401815639E+000                  2.4645373135639268E+000                  6.7779619136771818E-001                  3.0212550494816803E-001                  2.0078303684113785E-002                  2.2875805977890186E-028                  0.0000000000000000E+000                  0.0000000000000000E+000 
                                      45                  7.2011074131660124E-001                  2.3097831955551285E+000                  3.4577324370529050E+000                 -8.7784300070128474E+000                  2.4650762653298979E+000                  6.7779619136771818E-001                  3.0212550494816798E-001                  2.0078303684113896E-002                  2.2899908944814566E-028                  0.0000000000000000E+000                  0.0000000000000000E+000 
                                      46                  7.2010952766776659E-001                  2.3097656965217546E+000                  3.4578162090876963E+000                 -8.7778597088091885E+000                  2.4657481898990570E+000                  6.7779619136771818E-001                  3.0212550494816798E-001                  2.0078303684113896E-002                  2.2930001125797317E-028                  0.0000000000000000E+000                  0.0000000000000000E+000 
                                      47                  7.2010831401893183E-001                  2.3097482183409719E+000                  3.4579303129316434E+000                 -8.7770824568866601E+000                  2.4666637937615374E+000                  6.7779619136771818E-001                  3.0212550494816792E-001                  2.0078303684113896E-002                  2.2971077046603526E-028                  0.0000000000000000E+000                  0.0000000000000000E+000 
                                      48                  7.2010621456616786E-001                  2.3097180324822428E+000                  3.4580744176735223E+000                 -8.7760990950520483E+000                  2.4678217485825269E+000                  6.7779619136771818E-001                  3.0212550494816792E-001                  2.0078303684113896E-002                  2.3023150843546344E-028                  0.0000000000000000E+000                  0.0000000000000000E+000 
                                      49                  7.2010411511340389E-001                  2.3096879086210342E+000                  3.4582720513170773E+000                 -8.7747491562666724E+000                  2.4694109265858208E+000                  6.7779619136771818E-001                  3.0212550494816798E-001                  2.0078303684113896E-002                  2.3094828991097302E-028                  0.0000000000000000E+000                  0.0000000000000000E+000 
                                      50                  7.2010043531613477E-001                  2.3096352581035431E+000                  3.4585222160899547E+000                 -8.7730352618670064E+000                  2.4714272511135249E+000                  6.7779619136771818E-001                  3.0212550494816798E-001                  2.0078303684113896E-002                  2.3186153820844691E-028                  0.0000000000000000E+000                  0.0000000000000000E+000 
                                      51                  7.2009675551886554E-001                  2.3095827959132014E+000                  3.4588534335069183E+000                 -8.7707623536921577E+000                  2.4740999954329950E+000                  6.7779619136771818E-001                  3.0212550494816792E-001                  2.0078303684113896E-002                  2.3307822959982717E-028                  0.0000000000000000E+000                  0.0000000000000000E+000 
                                      52                  7.2009063165998033E-001                  2.3094959031074533E+000                  3.4592632287075760E+000                 -8.7679372779558022E+000                  2.4774187281947282E+000                  6.7779619136771818E-001                  3.0212550494816792E-001                  2.0078303684113896E-002                  2.3459940065453337E-028                  0.0000000000000000E+000                  0.0000000000000000E+000 
                                      53                  7.2008450780109501E-001                  2.3094095220222273E+000                  3.4597734345629645E+000                 -8.7644108248929289E+000                  2.4815584287981802E+000                  6.7779619136771818E-001                  3.0212550494816792E-001                  2.0078303684113896E-002                  2.3651216930973587E-028                  0.0000000000000000E+000                  0.0000000000000000E+000 
                                      54                  7.2007523452938382E-001                  2.3092796772873538E+000                  3.4603794937020322E+000                 -8.7601967004065813E+000                  2.4864988632420024E+000                  6.7779619136771818E-001                  3.0212550494816792E-001                  2.0078303684113896E-002                  2.3881839990801017E-028                  0.0000000000000000E+000                  0.0000000000000000E+000 
                                      55                  7.2006596125767253E-001                  2.3091509715089633E+000                  3.4612122953566340E+000                 -8.7543927437273723E+000                  2.4932976963065476E+000                  6.7779619136771829E-001                  3.0212550494816792E-001                  2.0078303684113785E-002                  2.4203154547473259E-028                  0.0000000000000000E+000                  0.0000000000000000E+000 
                                      56                  7.2004939439819016E-001                  2.3089238098334284E+000                  3.4629526369689798E+000                 -8.7422334231329391E+000                  2.5075247564086531E+000                  6.7779619136771818E-001                  3.0212550494816792E-001                  2.0078303684113896E-002                  2.4890394952076385E-028                  0.0000000000000000E+000                  0.0000000000000000E+000 
                                      57                  7.2001067658035911E-001                  2.3084062467080977E+000                  3.4653162095652146E+000                 -8.7254232337682112E+000                  2.5271155285712670E+000                  6.7779619136771818E-001                  3.0212550494816803E-001                  2.0078303684113785E-002                  2.5872754686515176E-028                  0.0000000000000000E+000                  0.0000000000000000E+000 
                                      58                  7.1997061356208780E-001                  2.3078891903772956E+000                  3.4669448632282860E+000                 -8.7136851226985677E+000                  2.5407526718101048E+000                  6.7779619136771818E-001                  3.0212550494816798E-001                  2.0078303684113896E-002                  2.6581609525267290E-028                  0.0000000000000000E+000                  0.0000000000000000E+000 
                                      59                  7.1995396870803108E-001                  2.3076795734849460E+000                  3.4678634674206834E+000                 -8.7070986510408588E+000                  2.5484057921830101E+000                  6.7779619136771807E-001                  3.0212550494816803E-001                  2.0078303684113896E-002                  2.6987833670151682E-028                  0.0000000000000000E+000                  0.0000000000000000E+000 
                                      60                  7.1993806266389249E-001                  2.3074819981209314E+000                  3.4691435038932732E+000                 -8.6979541151612185E+000                  2.5590312829978621E+000                  6.7779619136771807E-001                  3.0212550494816803E-001                  2.0078303684113896E-002                  2.7562141108494916E-028                  0.0000000000000000E+000                  0.0000000000000000E+000 
                                      61                  7.1990789668904787E-001                  2.3071143848881404E+000                  3.4712376537929428E+000                 -8.6830180939749280E+000                  2.5763761512029610E+000                  6.7779619136771807E-001                  3.0212550494816809E-001                  2.0078303684113896E-002                  2.8526574263504463E-028                  0.0000000000000000E+000                  0.0000000000000000E+000 
                                      62                  7.1986065032238278E-001                  2.3065563073407165E+000                  3.4738578940037330E+000                 -8.6643779572228148E+000                  2.5980070549192442E+000                  6.7779619136771818E-001                  3.0212550494816798E-001                  2.0078303684113896E-002                  2.9777661000739823E-028                  0.0000000000000000E+000                  0.0000000000000000E+000 
                                      63                  7.1980743187860963E-001                  2.3059516738655401E+000                  3.4758326170302047E+000                 -8.6503722474764224E+000                  2.6142508365896178E+000                  6.7779619136771818E-001                  3.0212550494816798E-001                  2.0078303684113896E-002                  3.0753668030495852E-028                  0.0000000000000000E+000                  0.0000000000000000E+000 
                                      64                  7.1978227888886925E-001                  2.3056741262874612E+000                  3.4768584681656254E+000                 -8.6431811026005150E+000                  2.6226004919550565E+000                  6.7779619136771818E-001                  3.0212550494816798E-001                  2.0078303684113896E-002                  3.1267157035839571E-028                  0.0000000000000000E+000                  0.0000000000000000E+000 
                                      65                  7.1976609646613632E-001                  2.3054982203715499E+000                  3.4781074923014965E+000                 -8.6345259531309306E+000                  2.6326628124918976E+000                  6.7779619136771818E-001                  3.0212550494816792E-001                  2.0078303684113896E-002                  3.1896566980452912E-028                  0.0000000000000000E+000                  0.0000000000000000E+000 
                                      66                  7.1973147850115238E-001                  2.3051286463660183E+000                  3.4798662107745599E+000                 -8.6224502008936312E+000                  2.6467130714769516E+000                  6.7779619136771829E-001                  3.0212550494816792E-001                  2.0078303684113785E-002                  3.2795953133192577E-028                  0.0000000000000000E+000                  0.0000000000000000E+000 
                                      67                  7.1969340870097187E-001                  2.3047323194558986E+000                  3.4817620835384431E+000                 -8.6096395387106952E+000                  2.6616444526697451E+000                  6.7779619136771818E-001                  3.0212550494816792E-001                  2.0078303684113896E-002                  3.3777812797191671E-028                  0.0000000000000000E+000                  0.0000000000000000E+000 
                                      68                  7.1965189777373173E-001                  2.3043115440257740E+000                  3.4838099645936467E+000                 -8.5960759647856833E+000                  2.6774901640757429E+000                  6.7779619136771818E-001                  3.0212550494816798E-001                  2.0078303684113896E-002                  3.4849435592787516E-028                  0.0000000000000000E+000                  0.0000000000000000E+000 
                                      69                  7.1960624154866137E-001                  2.3038616291234701E+000                  3.4856272217621052E+000                 -8.5842878292948086E+000                  2.6912959656378743E+000                  6.7779619136771818E-001                  3.0212550494816792E-001                  2.0078303684113896E-002                  3.5808362218049771E-028                  0.0000000000000000E+000                  0.0000000000000000E+000 
                                      70                  7.1957363583716050E-001                  2.3035480976211717E+000                  3.4871820214933309E+000                 -8.5744214407184138E+000                  2.7028833849320351E+000                  6.7779619136771818E-001                  3.0212550494816803E-001                  2.0078303684113785E-002                  3.6631215750157518E-028                  0.0000000000000000E+000                  0.0000000000000000E+000 
                                      71                  7.1953879923755015E-001                  2.3032199120843071E+000                  3.4894901155148284E+000                 -8.5601677460763774E+000                  2.7196832269363345E+000                  6.7779619136771807E-001                  3.0212550494816803E-001                  2.0078303684113896E-002                  3.7853473686320694E-028                  0.0000000000000000E+000                  0.0000000000000000E+000 
                                      72                  7.1947290393625996E-001                  2.3026172408003518E+000                  3.4922958920165930E+000                 -8.5434677124115126E+000                  2.7394644660515044E+000                  6.7779619136771807E-001                  3.0212550494816809E-001                  2.0078303684113896E-002                  3.9337487904290234E-028                  0.0000000000000000E+000                  0.0000000000000000E+000 
                                      73                  7.1941575949377201E-001                  2.3021123919276736E+000                  3.4945081492678427E+000                 -8.5308226765539477E+000                  2.7545287358858510E+000                  6.7779619136771807E-001                  3.0212550494816809E-001                  2.0078303684113896E-002                  4.0499747191128734E-028                  0.0000000000000000E+000                  0.0000000000000000E+000 
                                      74                  7.1937581670924444E-001                  2.3017686332089911E+000                  3.4964019729089859E+000                 -8.5203711713510639E+000                  2.7670444402737626E+000                  6.7779619136771818E-001                  3.0212550494816803E-001                  2.0078303684113785E-002                  4.1486267684269096E-028                  0.0000000000000000E+000                  0.0000000000000000E+000 
                                      75                  7.1933275499535065E-001                  2.3014059605421195E+000                  3.4987631398993195E+000                 -8.5078335075935634E+000                  2.7821474275821911E+000                  6.7779619136771818E-001                  3.0212550494816798E-001                  2.0078303684113896E-002                  4.2701457117840454E-028                  0.0000000000000000E+000                  0.0000000000000000E+000 
                                      76                  7.1927275420319725E-001                  2.3009135522466555E+000                  3.5017919317635635E+000                 -8.4925852002109625E+000                  2.8006742051709512E+000                  6.7779619136771818E-001                  3.0212550494816803E-001                  2.0078303684113785E-002                  4.4227442355337479E-028                  0.0000000000000000E+000                  0.0000000000000000E+000 
                                      77                  7.1920191809357492E-001                  2.3003502281817165E+000                  3.5042756828731276E+000                 -8.4808299993436318E+000                  2.8151082573499466E+000                  6.7779619136771807E-001                  3.0212550494816803E-001                  2.0078303684113896E-002                  4.5440978042101002E-028                  0.0000000000000000E+000                  0.0000000000000000E+000 
                                      78                  7.1916741850366750E-001                  2.3000824290084845E+000                  3.5066449056920841E+000                 -8.4701261772372813E+000                  2.8283583078055528E+000                  6.7779619136771807E-001                  3.0212550494816803E-001                  2.0078303684113896E-002                  4.6574916682533591E-028                  0.0000000000000000E+000                  0.0000000000000000E+000 
                                      79                  7.1910233321731776E-001                  2.2995882125873655E+000                  3.5099333121115213E+000                 -8.4562653198834266E+000                  2.8457397126869974E+000                  6.7779619136771818E-001                  3.0212550494816803E-001                  2.0078303684113785E-002                  4.8085454411854060E-028                  0.0000000000000000E+000                  0.0000000000000000E+000 
                                      80                  7.1903269261996028E-001                  2.2990742301696554E+000                  3.5126855264936534E+000                 -8.4455478289555810E+000                  2.8593917362390977E+000                  6.7779619136771818E-001                  3.0212550494816803E-001                  2.0078303684113785E-002                  4.9286936810678564E-028                  0.0000000000000000E+000                  0.0000000000000000E+000 
                                      81                  7.1899317537678853E-001                  2.2987888958201252E+000                  3.5155560542186315E+000                 -8.4350209387408377E+000                  2.8729670238826106E+000                  6.7779619136771818E-001                  3.0212550494816803E-001                  2.0078303684113785E-002                  5.0496273138809229E-028                  0.0000000000000000E+000                  0.0000000000000000E+000 
                                      82                  7.1892097982082481E-001                  2.2982786914834428E+000                  3.5182980848027201E+000                 -8.4258325615787442E+000                  2.8850576360147739E+000                  6.7779619136771807E-001                  3.0212550494816803E-001                  2.0078303684113896E-002                  5.1576069301457580E-028                  0.0000000000000000E+000                  0.0000000000000000E+000 
                                      83                  7.1889116736807945E-001                  2.2980719066497137E+000                  3.5206406283657352E+000                 -8.4183881842718424E+000                  2.8949732018881007E+000                  6.7779619136771818E-001                  3.0212550494816803E-001                  2.0078303684113785E-002                  5.2467824538981586E-028                  0.0000000000000000E+000                  0.0000000000000000E+000 
                                      84                  7.1883533662751786E-001                  2.2976904613719902E+000                  3.5251328129403965E+000                 -8.4053582526935138E+000                  2.9127233825007668E+000                  6.7779619136771807E-001                  3.0212550494816803E-001                  2.0078303684113896E-002                  5.4065941156271551E-028                  0.0000000000000000E+000                  0.0000000000000000E+000 
                                      85                  7.1873342812913343E-001                  2.2970123071768938E+000                  3.5312137713434102E+000                 -8.3905016246940622E+000                  2.9339330732261355E+000                  6.7779619136771807E-001                  3.0212550494816803E-001                  2.0078303684113896E-002                  5.5947578865114807E-028                  0.0000000000000000E+000                  0.0000000000000000E+000 
                                      86                  7.1863940113006919E-001                  2.2964049525565304E+000                  3.5370214473036210E+000                 -8.3786902039569302E+000                  2.9517742912660445E+000                  6.7779619136771807E-001                  3.0212550494816803E-001                  2.0078303684113896E-002                  5.7490150541268159E-028                  0.0000000000000000E+000                  0.0000000000000000E+000 
                                      87                  7.1856197574663205E-001                  2.2959164063201793E+000                  3.5418194828885889E+000                 -8.3704492470948111E+000                  2.9649725169073715E+000                  6.7779619136771807E-001                  3.0212550494816803E-001                  2.0078303684113896E-002                  5.8591540477198630E-028                  0.0000000000000000E+000                  0.0000000000000000E+000 
                                      88                  7.1850853324737596E-001                  2.2955845892180613E+000                  3.5457918572479912E+000                 -8.3644604378349960E+000                  2.9750507746547585E+000                  6.7779619136771807E-001                  3.0212550494816803E-001                  2.0078303684113896E-002                  5.9405150742886895E-028                  0.0000000000000000E+000                  0.0000000000000000E+000 
                                      89                  7.1845963718807049E-001                  2.2952845037757910E+000                  3.5499599928156735E+000                 -8.3589259011547554E+000                  2.9848631246242996E+000                  6.7779619136771807E-001                  3.0212550494816803E-001                  2.0078303684113896E-002                  6.0167087497637627E-028                  0.0000000000000000E+000                  0.0000000000000000E+000 
                                      90                  7.1840686136263210E-001                  2.2949640226888226E+000                  3.5555203564533739E+000                 -8.3525540907987779E+000                  2.9969226941701255E+000                  6.7779619136771807E-001                  3.0212550494816803E-001                  2.0078303684113896E-002                  6.1056401626140209E-028                  0.0000000000000000E+000                  0.0000000000000000E+000 
                                      91                  7.1833186088890133E-001                  2.2945140198990299E+000                  3.5619340974046669E+000                 -8.3466608091122971E+000                  3.0093543324671610E+000                  6.7779619136771807E-001                  3.0212550494816803E-001                  2.0078303684113896E-002                  6.1890624552548479E-028                  0.0000000000000000E+000                  0.0000000000000000E+000 
                                      92                  7.1827192199404766E-001                  2.2941582449366971E+000                  3.5665838631922897E+000                 -8.3431515409300498E+000                  3.0175911041288264E+000                  6.7779619136771807E-001                  3.0212550494816803E-001                  2.0078303684113896E-002                  6.2392783328660968E-028                  0.0000000000000000E+000                  0.0000000000000000E+000 
                                      93                  7.1824059544688679E-001                  2.2939734539263763E+000                  3.5710860112136622E+000                 -8.3401350977042803E+000                  3.0251759470447355E+000                  6.7779619136771807E-001                  3.0212550494816803E-001                  2.0078303684113896E-002                  6.2827676428675493E-028                  0.0000000000000000E+000                  0.0000000000000000E+000 
                                      94                  7.1818647721699147E-001                  2.2936558769971671E+000                  3.5766909490561001E+000                 -8.3371209004454983E+000                  3.0338672695606288E+000                  6.7779619136771807E-001                  3.0212550494816803E-001                  2.0078303684113896E-002                  6.3265273739341819E-028                  0.0000000000000000E+000                  0.0000000000000000E+000 
                                      95                  7.1814111745187670E-001                  2.2933910052348723E+000                  3.5814759593983245E+000                 -8.3350455922965807E+000                  3.0407815340956050E+000                  6.7779619136771807E-001                  3.0212550494816803E-001                  2.0078303684113896E-002                  6.3568334778135784E-028                  0.0000000000000000E+000                  0.0000000000000000E+000 
                                      96                  7.1810609588009977E-001                  2.2931871469767264E+000                  3.5851383610130085E+000                 -8.3337308917375825E+000                  3.0457959027124470E+000                  6.7779619136771807E-001                  3.0212550494816803E-001                  2.0078303684113896E-002                  6.3761073638346168E-028                  0.0000000000000000E+000                  0.0000000000000000E+000 
                                      97                  7.1808212541667915E-001                  2.2930478732738018E+000                  3.5897903986059987E+000                 -8.3322858956789503E+000                  3.0519357544292407E+000                  6.7779619136771807E-001                  3.0212550494816803E-001                  2.0078303684113896E-002                  6.3973588408316791E-028                  0.0000000000000000E+000                  0.0000000000000000E+000 
                                      98                  7.1803302056071794E-001                  2.2927630941407542E+000                  3.5947961105030624E+000                 -8.3311487814770508E+000                  3.0581199160321364E+000                  6.7779619136771807E-001                  3.0212550494816803E-001                  2.0078303684113896E-002                  6.4141321072805288E-028                  0.0000000000000000E+000                  0.0000000000000000E+000 
                                      99                  7.1800766142527406E-001                  2.2926161918308487E+000                  3.5991867881596740E+000                 -8.3303100926059468E+000                  3.0633819597135972E+000                  6.7779619136771807E-001                  3.0212550494816803E-001                  2.0078303684113896E-002                  6.4265315562198736E-028                  0.0000000000000000E+000                  0.0000000000000000E+000 
                                     100                  7.1796890406917269E-001                  2.2923918209355945E+000                  3.6056442587249058E+000                 -8.3293415627578593E+000                  3.0708511043131903E+000                  6.7779619136771807E-001                  3.0212550494816803E-001                  2.0078303684113896E-002                  6.4408804438442219E-028                  0.0000000000000000E+000                  0.0000000000000000E+000 
                                     101                  7.1791549337130900E-001                  2.2920827399852293E+000                  3.6124010812890894E+000                 -8.3285548845286126E+000                  3.0784345239526094E+000                  6.7779619136771807E-001                  3.0212550494816803E-001                  2.0078303684113896E-002                  6.4525587543014285E-028                  0.0000000000000000E+000                  0.0000000000000000E+000 
                                     102                  7.1787395360943129E-001                  2.2918423338348659E+000                  3.6173659302007759E+000                 -8.3280343635602225E+000                  3.0839463970558447E+000                  6.7779619136771807E-001                  3.0212550494816803E-001                  2.0078303684113896E-002                  6.4602975742867522E-028                  0.0000000000000000E+000                  0.0000000000000000E+000 
                                     103                  7.1784558330045589E-001                  2.2916781115518501E+000                  3.6224283652485449E+000                 -8.3275127000591578E+000                  3.0895555075726033E+000                  6.7779619136771807E-001                  3.0212550494816803E-001                  2.0078303684113896E-002                  6.4680626932023178E-028                  0.0000000000000000E+000                  0.0000000000000000E+000 
                                     104                  7.1780199953371204E-001                  2.2914257658347355E+000                  3.6285477125009771E+000                 -8.3268564893767163E+000                  3.0963590450704483E+000                  6.7779619136771807E-001                  3.0212550494816803E-001                  2.0078303684113896E-002                  6.4778438442481121E-028                  0.0000000000000000E+000                  0.0000000000000000E+000 
                                     105                  7.1775725072013430E-001                  2.2911666083578659E+000                  3.6346799917779431E+000                 -8.3261399235005555E+000                  3.1032338591620232E+000                  6.7779619136771807E-001                  3.0212550494816803E-001                  2.0078303684113896E-002                  6.4885415157137284E-028                  0.0000000000000000E+000                  0.0000000000000000E+000 
                                     106                  7.1771153532109333E-001                  2.2909018107259511E+000                  3.6397827330425914E+000                 -8.3254676150299538E+000                  3.1090292144450076E+000                  6.7779619136771807E-001                  3.0212550494816803E-001                  2.0078303684113896E-002                  6.4985945280750548E-028                  0.0000000000000000E+000                  0.0000000000000000E+000 
                                     107                  7.1768005412271363E-001                  2.2907194626102148E+000                  3.6438881191411321E+000                 -8.3248734867552532E+000                  3.1137443640319828E+000                  6.7779619136771807E-001                  3.0212550494816803E-001                  2.0078303684113896E-002                  6.5074914775860942E-028                  0.0000000000000000E+000                  0.0000000000000000E+000 
                                     108                  7.1764806694465932E-001                  2.2905342019379442E+000                  3.6490183004318304E+000                 -8.3240500209646537E+000                  3.1197168156153481E+000                  6.7779619136771807E-001                  3.0212550494816803E-001                  2.0078303684113896E-002                  6.5198428542276464E-028                  0.0000000000000000E+000                  0.0000000000000000E+000 
                                     109                  7.1759880139385057E-001                  2.2902489471666452E+000                  3.6550946774786839E+000                 -8.3228988922174274E+000                  3.1269657109160800E+000                  6.7779619136771807E-001                  3.0212550494816803E-001                  2.0078303684113896E-002                  6.5371482350264858E-028                  0.0000000000000000E+000                  0.0000000000000000E+000 
                                     110                  7.1754819161330785E-001                  2.2899561006597460E+000                  3.6620891646086950E+000                 -8.3213466944483834E+000                  3.1355361799537795E+000                  6.7779619136771807E-001                  3.0212550494816803E-001                  2.0078303684113896E-002                  6.5605557988808333E-028                  0.0000000000000000E+000                  0.0000000000000000E+000 
                                     111                  7.1747886197818123E-001                  2.2895554069206390E+000                  3.6679070254553992E+000                 -8.3197829895432118E+000                  3.1429370708022524E+000                  6.7779619136771807E-001                  3.0212550494816803E-001                  2.0078303684113896E-002                  6.5842216468344853E-028                  0.0000000000000000E+000                  0.0000000000000000E+000 
                                     112                  7.1744307668124352E-001                  2.2893488948349643E+000                  3.6727717329586613E+000                 -8.3183721968813504E+000                  3.1492287171587394E+000                  6.7779619136771807E-001                  3.0212550494816803E-001                  2.0078303684113896E-002                  6.6056464981500835E-028                  0.0000000000000000E+000                  0.0000000000000000E+000 
                                     113                  7.1738825009776164E-001                  2.2890329546502652E+000                  3.6785363060195846E+000                 -8.3165208106273081E+000                  3.1568639955088611E+000                  6.7779619136771807E-001                  3.0212550494816803E-001                  2.0078303684113896E-002                  6.6338681902625071E-028                  0.0000000000000000E+000                  0.0000000000000000E+000 
                                     114                  7.1733165225652851E-001                  2.2887074746637723E+000                  3.6833117083968885E+000                 -8.3148633415527922E+000                  3.1633132455047703E+000                  6.7779619136771807E-001                  3.0212550494816803E-001                  2.0078303684113896E-002                  6.6592361760838471E-028                  0.0000000000000000E+000                  0.0000000000000000E+000 
                                     115                  7.1729287439640410E-001                  2.2884849014370556E+000                  3.6871502469570334E+000                 -8.3134884342420676E+000                  3.1685402822038702E+000                  6.7779619136771807E-001                  3.0212550494816803E-001                  2.0078303684113896E-002                  6.6803530793879792E-028                  0.0000000000000000E+000                  0.0000000000000000E+000 
                                     116                  7.1725346174738880E-001                  2.2882590502195548E+000                  3.6909974370504819E+000                 -8.3120908331253052E+000                  3.1737992161719464E+000                  6.7779619136771807E-001                  3.0212550494816803E-001                  2.0078303684113896E-002                  6.7018871656423095E-028                  0.0000000000000000E+000                  0.0000000000000000E+000 
                                     117                  7.1721341236091962E-001                  2.2880299278270062E+000                  3.6968840991268181E+000                 -8.3099836988571099E+000                  3.1818159985768433E+000                  6.7779619136771807E-001                  3.0212550494816803E-001                  2.0078303684113896E-002                  6.7344849589487196E-028                  0.0000000000000000E+000                  0.0000000000000000E+000 
                                     118                  7.1713071466006628E-001                  2.2875579631968339E+000                  3.7029461452791188E+000                 -8.3080202965455854E+000                  3.1898674046059909E+000                  6.7779619136771807E-001                  3.0212550494816803E-001                  2.0078303684113896E-002                  6.7650018794690788E-028                  0.0000000000000000E+000                  0.0000000000000000E+000 
                                     119                  7.1708836365666129E-001                  2.2873167582468770E+000                  3.7071578800552363E+000                 -8.3068034113036600E+000                  3.1953157274775412E+000                  6.7779619136771807E-001                  3.0212550494816803E-001                  2.0078303684113896E-002                  6.7839851531550852E-028                  0.0000000000000000E+000                  0.0000000000000000E+000 
                                     120                  7.1704495607134100E-001                  2.2870698114034025E+000                  3.7127001884155830E+000                 -8.3054730411661168E+000                  3.2022168974044214E+000                  6.7779619136771807E-001                  3.0212550494816803E-001                  2.0078303684113896E-002                  6.8047997381815732E-028                  0.0000000000000000E+000                  0.0000000000000000E+000 
                                     121                  7.1697842447986360E-001                  2.2866916536756019E+000                  3.7199089038666830E+000                 -8.3044003348158331E+000                  3.2105407251639302E+000                  6.7779619136771807E-001                  3.0212550494816803E-001                  2.0078303684113896E-002                  6.8216294903654065E-028                  0.0000000000000000E+000                  0.0000000000000000E+000 
                                     122                  7.1691046449345919E-001                  2.2863053112613287E+000                  3.7265722183232199E+000                 -8.3041162169654648E+000                  3.2175337810386617E+000                  6.7779619136771807E-001                  3.0212550494816803E-001                  2.0078303684113896E-002                  6.8260940000333435E-028                  0.0000000000000000E+000                  0.0000000000000000E+000 
                                     123                  7.1686382272023552E-001                  2.2860397357745867E+000                  3.7324081374960940E+000                 -8.3043294000459316E+000                  3.2232024424356549E+000                  6.7779619136771807E-001                  3.0212550494816803E-001                  2.0078303684113896E-002                  6.8227438562353209E-028                  0.0000000000000000E+000                  0.0000000000000000E+000 
                                     124                  7.1681642722452554E-001                  2.2857692357573915E+000                  3.7388598167079716E+000                 -8.3051156803509727E+000                  3.2289263655617066E+000                  6.7779619136771807E-001                  3.0212550494816803E-001                  2.0078303684113896E-002                  6.8104017754336132E-028                  0.0000000000000000E+000                  0.0000000000000000E+000 
                                     125                  7.1676784811139205E-001                  2.2854909511002313E+000                  3.7442784865057126E+000                 -8.3062606772262821E+000                  3.2332565524688035E+000                  6.7779619136771807E-001                  3.0212550494816803E-001                  2.0078303684113896E-002                  6.7924689128939035E-028                  0.0000000000000000E+000                  0.0000000000000000E+000 
                                     126                  7.1674315975265013E-001                  2.2853489448751478E+000                  3.7481197216538336E+000                 -8.3072488090571390E+000                  3.2361542813714639E+000                  6.7779619136771807E-001                  3.0212550494816803E-001                  2.0078303684113896E-002                  6.7770308252108110E-028                  0.0000000000000000E+000                  0.0000000000000000E+000 
                                     127                  7.1671847139390799E-001                  2.2852064752674943E+000                  3.7522200877144178E+000                 -8.3084961448269556E+000                  3.2390597509344361E+000                  6.7779619136771807E-001                  3.0212550494816803E-001                  2.0078303684113896E-002                  6.7575931554454670E-028                  0.0000000000000000E+000                  0.0000000000000000E+000 
                                     128                  7.1669338289490891E-001                  2.2850611357424411E+000                  3.7566158682323745E+000                 -8.3100412049849748E+000                  3.2419728175131013E+000                  6.7779619136771807E-001                  3.0212550494816803E-001                  2.0078303684113896E-002                  6.7335932264209819E-028                  0.0000000000000000E+000                  0.0000000000000000E+000 
                                     129                  7.1666829439590973E-001                  2.2849151313866312E+000                  3.7613399843638642E+000                 -8.3119195585376477E+000                  3.2448934439566925E+000                  6.7779619136771807E-001                  3.0212550494816803E-001                  2.0078303684113896E-002                  6.7045309161728821E-028                  0.0000000000000000E+000                  0.0000000000000000E+000 
                                     130                  7.1664280295447658E-001                  2.2847659871063088E+000                  3.7664677341000283E+000                 -8.3141873798588612E+000                  3.2478450444076885E+000                  6.7779619136771807E-001                  3.0212550494816803E-001                  2.0078303684113896E-002                  6.6696097701705139E-028                  0.0000000000000000E+000                  0.0000000000000000E+000 
                                     131                  7.1661690010597856E-001                  2.2846134835305199E+000                  3.7719813286674526E+000                 -8.3168544024545366E+000                  3.2508041412776767E+000                  6.7779619136771807E-001                  3.0212550494816803E-001                  2.0078303684113896E-002                  6.6287741769971717E-028                  0.0000000000000000E+000                  0.0000000000000000E+000 
                                     132                  7.1659099725748066E-001                  2.2844598782264227E+000                  3.7778617169701838E+000                 -8.3199064461335137E+000                  3.2537708533178051E+000                  6.7779619136771807E-001                  3.0212550494816803E-001                  2.0078303684113896E-002                  6.5823500964977660E-028                  0.0000000000000000E+000                  0.0000000000000000E+000 
                                     133                  7.1656467757472053E-001                  2.2843025314651633E+000                  3.7871142927636874E+000                 -8.3249682934367808E+000                  3.2582245593558987E+000                  6.7779619136771807E-001                  3.0212550494816803E-001                  2.0078303684113896E-002                  6.5060709505529990E-028                  0.0000000000000000E+000                  0.0000000000000000E+000 
                                     134                  7.1651203820920029E-001                  2.2839836245290193E+000                  3.7997890353646797E+000                 -8.3321870385769401E+000                  3.2641557590545687E+000                  6.7779619136771807E-001                  3.0212550494816803E-001                  2.0078303684113896E-002                  6.3988153128138943E-028                  0.0000000000000000E+000                  0.0000000000000000E+000 
                                     135                  7.1645856347225600E-001                  2.2836534874678978E+000                  3.8087865773239975E+000                 -8.3371818135232889E+000                  3.2685991210107397E+000                  6.7779619136771807E-001                  3.0212550494816803E-001                  2.0078303684113896E-002                  6.3256400352155205E-028                  0.0000000000000000E+000                  0.0000000000000000E+000 
                                     136                  7.1643182610378409E-001                  2.2834862224068808E+000                  3.8144672794330119E+000                 -8.3402545713860210E+000                  3.2715407092112767E+000                  6.7779619136771807E-001                  3.0212550494816803E-001                  2.0078303684113896E-002                  6.2810393896958858E-028                  0.0000000000000000E+000                  0.0000000000000000E+000 
                                     137                  7.1640508873531195E-001                  2.2833175741484513E+000                  3.8198295135397005E+000                 -8.3430515119457009E+000                  3.2744669251139715E+000                  6.7779619136771807E-001                  3.0212550494816803E-001                  2.0078303684113896E-002                  6.2407156546244707E-028                  0.0000000000000000E+000                  0.0000000000000000E+000 
                                     138                  7.1637835136683992E-001                  2.2831476376450275E+000                  3.8248759310484641E+000                 -8.3455724901969131E+000                  3.2773779858961105E+000                  6.7779619136771807E-001                  3.0212550494816803E-001                  2.0078303684113896E-002                  6.2045923680157174E-028                  0.0000000000000000E+000                  0.0000000000000000E+000 
                                     139                  7.1635161399836778E-001                  2.2829765103633810E+000                  3.8319681439138988E+000                 -8.3489568166090180E+000                  3.2817149500060387E+000                  6.7779619136771807E-001                  3.0212550494816803E-001                  2.0078303684113896E-002                  6.1564266595261602E-028                  0.0000000000000000E+000                  0.0000000000000000E+000 
                                     140                  7.1629813926142372E-001                  2.2826309622636689E+000                  3.8403517061790793E+000                 -8.3525026069530348E+000                  3.2874486852734002E+000                  6.7779619136771807E-001                  3.0212550494816803E-001                  2.0078303684113896E-002                  6.1063640506343003E-028                  0.0000000000000000E+000                  0.0000000000000000E+000 
                                     141                  7.1624466452447966E-001                  2.2822817444041550E+000                  3.8478150771955781E+000                 -8.3552505292780861E+000                  3.2931253980894426E+000                  6.7779619136771807E-001                  3.0212550494816803E-001                  2.0078303684113896E-002                  6.0678466263479605E-028                  0.0000000000000000E+000                  0.0000000000000000E+000 
                                     142                  7.1619118978753538E-001                  2.2819294573988320E+000                  3.8545069523030704E+000                 -8.3573373397610027E+000                  3.2987465429530780E+000                  6.7779619136771807E-001                  3.0212550494816803E-001                  2.0078303684113896E-002                  6.0387583564896895E-028                  0.0000000000000000E+000                  0.0000000000000000E+000 
                                     143                  7.1613771505059132E-001                  2.2815746079480204E+000                  3.8635318212312408E+000                 -8.3596797937468263E+000                  3.3070704432191134E+000                  6.7779619136771807E-001                  3.0212550494816803E-001                  2.0078303684113896E-002                  6.0062727323821160E-028                  0.0000000000000000E+000                  0.0000000000000000E+000 
                                     144                  7.1603076557670309E-001                  2.2808584269423617E+000                  3.8735862159530425E+000                 -8.3610641535350343E+000                  3.3179958100424840E+000                  6.7779619136771807E-001                  3.0212550494816803E-001                  2.0078303684113896E-002                  5.9871563726178867E-028                  0.0000000000000000E+000                  0.0000000000000000E+000 
                                     145                  7.1592381610281497E-001                  2.2801363815670648E+000                  3.8821861322606552E+000                 -8.3612904933535095E+000                  3.3287217191499838E+000                  6.7779619136771807E-001                  3.0212550494816803E-001                  2.0078303684113896E-002                  5.9840366816365350E-028                  0.0000000000000000E+000                  0.0000000000000000E+000 
                                     146                  7.1581686662892663E-001                  2.2794103375355941E+000                  3.8896855355392099E+000                 -8.3606727283070619E+000                  3.3392569300703094E+000                  6.7779619136771807E-001                  3.0212550494816803E-001                  2.0078303684113896E-002                  5.9925553107276452E-028                  0.0000000000000000E+000                  0.0000000000000000E+000 
                                     147                  7.1570991715503840E-001                  2.2786816736368731E+000                  3.8995983856866068E+000                 -8.3589513128236739E+000                  3.3546947344340721E+000                  6.7779619136771807E-001                  3.0212550494816803E-001                  2.0078303684113896E-002                  6.0163566848655253E-028                  0.0000000000000000E+000                  0.0000000000000000E+000 
                                     148                  7.1549601820726194E-001                  2.2772190879497920E+000                  3.9103623078434651E+000                 -8.3546842597206190E+000                  3.3747163669683959E+000                  6.7779619136771807E-001                  3.0212550494816803E-001                  2.0078303684113896E-002                  6.0757640589518635E-028                  0.0000000000000000E+000                  0.0000000000000000E+000 
                                     149                  7.1528211925948537E-001                  2.2757560936468604E+000                  3.9194188583511109E+000                 -8.3493334397213115E+000                  3.3941037635556213E+000                  6.7779619136771807E-001                  3.0212550494816803E-001                  2.0078303684113896E-002                  6.1510897365370539E-028                  0.0000000000000000E+000                  0.0000000000000000E+000 
                                     150                  7.1506822031170902E-001                  2.2742963522421458E+000                  3.9272312509548208E+000                 -8.3432621351350864E+000                  3.4129028812357722E+000                  6.7779619136771807E-001                  3.0212550494816803E-001                  2.0078303684113896E-002                  6.2376895842309241E-028                  0.0000000000000000E+000                  0.0000000000000000E+000 
                                     151                  7.1485432136393257E-001                  2.2728423157597115E+000                  3.9341001793932562E+000                 -8.3366958061625436E+000                  3.4311544535484697E+000                  6.7779619136771807E-001                  3.0212550494816803E-001                  2.0078303684113896E-002                  6.3327233138399203E-028                  0.0000000000000000E+000                  0.0000000000000000E+000 
                                     152                  7.1464042241615600E-001                  2.2713956773053803E+000                  3.9432616222627628E+000                 -8.3267096566128878E+000                  3.4575004547917296E+000                  6.7779619136771807E-001                  3.0212550494816803E-001                  2.0078303684113896E-002                  6.4800344850141534E-028                  0.0000000000000000E+000                  0.0000000000000000E+000 
                                     153                  7.1421262452060319E-001                  2.2685257333222308E+000                  3.9508620288631233E+000                 -8.3153914871937697E+000                  3.4829705594738209E+000                  6.7779619136771807E-001                  3.0212550494816803E-001                  2.0078303684113896E-002                  6.6511422593297535E-028                  0.0000000000000000E+000                  0.0000000000000000E+000 
                                     154                  7.1399872557282684E-001                  2.2671067935757052E+000                  3.9555119054417203E+000                 -8.3079546347846005E+000                  3.4993610262505901E+000                  6.7779619136771807E-001                  3.0212550494816803E-001                  2.0078303684113896E-002                  6.7660248384025113E-028                  0.0000000000000000E+000                  0.0000000000000000E+000 
                                     155                  7.1378482662505038E-001                  2.2656982563068153E+000                  3.9619603935399286E+000                 -8.2969658077468704E+000                  3.5231336232806179E+000                  6.7779619136771807E-001                  3.0212550494816803E-001                  2.0078303684113896E-002                  6.9394197716176087E-028                  0.0000000000000000E+000                  0.0000000000000000E+000 
                                     156                  7.1335702872949758E-001                  2.2629115099365076E+000                  3.9676228736045211E+000                 -8.2853469776136492E+000                  3.5462293757255949E+000                  6.7779619136771807E-001                  3.0212550494816803E-001                  2.0078303684113896E-002                  7.1275912591683518E-028                  0.0000000000000000E+000                  0.0000000000000000E+000 
                                     157                  7.1314312978172123E-001                  2.2615352572265759E+000                  3.9711702002493054E+000                 -8.2777644363723972E+000                  3.5611516974821278E+000                  6.7779619136771807E-001                  3.0212550494816803E-001                  2.0078303684113896E-002                  7.2531365531891029E-028                  0.0000000000000000E+000                  0.0000000000000000E+000 
                                     158                  7.1292923083394477E-001                  2.2601699575087637E+000                  3.9762601403083169E+000                 -8.2664781424001124E+000                  3.5831615349833128E+000                  6.7779619136771807E-001                  3.0212550494816803E-001                  2.0078303684113896E-002                  7.4441126996701593E-028                  0.0000000000000000E+000                  0.0000000000000000E+000 
                                     159                  7.1249273154635351E-001                  2.2574164269173052E+000                  3.9824343521591774E+000                 -8.2511230859532745E+000                  3.6117294444727372E+000                  6.7779619136771807E-001                  3.0212550494816803E-001                  2.0078303684113896E-002                  7.7120367339761663E-028                  0.0000000000000000E+000                  0.0000000000000000E+000 
                                     160                  7.1205623225876202E-001                  2.2547079315272733E+000                  3.9880697123034623E+000                 -8.2359335600161927E+000                  3.6391733814204770E+000                  6.7779619136771807E-001                  3.0212550494816803E-001                  2.0078303684113896E-002                  7.9865592227727603E-028                  0.0000000000000000E+000                  0.0000000000000000E+000 
                                     161                  7.1161973297117054E-001                  2.2520435395922722E+000                  3.9919707546848517E+000                 -8.2245206758824949E+000                  3.6591365468759491E+000                  6.7779619136771807E-001                  3.0212550494816803E-001                  2.0078303684113896E-002                  8.1992370113404878E-028                  0.0000000000000000E+000                  0.0000000000000000E+000 
                                     162                  7.1140148332737496E-001                  2.2507279213672930E+000                  3.9944715965334647E+000                 -8.2170803635084315E+000                  3.6721031030884586E+000                  6.7779619136771807E-001                  3.0212550494816803E-001                  2.0078303684113896E-002                  8.3409267350298431E-028                  0.0000000000000000E+000                  0.0000000000000000E+000 
                                     163                  7.1118323368357927E-001                  2.2494228911571330E+000                  3.9980863888557518E+000                 -8.2061568394482638E+000                  3.6910709135171516E+000                  6.7779619136771807E-001                  3.0212550494816803E-001                  2.0078303684113896E-002                  8.5533974306899666E-028                  0.0000000000000000E+000                  0.0000000000000000E+000 
                                     164                  7.1074673439598779E-001                  2.2468433071061598E+000                  4.0026028077748075E+000                 -8.1916198367632500E+000                  3.7156855156523725E+000                  6.7779619136771807E-001                  3.0212550494816803E-001                  2.0078303684113896E-002                  8.8445708179647220E-028                  0.0000000000000000E+000                  0.0000000000000000E+000 
                                     165                  7.1031023510839630E-001                  2.2443041417549283E+000                  4.0068532965971650E+000                 -8.1773237780193497E+000                  3.7395016367409304E+000                  6.7779619136771807E-001                  3.0212550494816803E-001                  2.0078303684113896E-002                  9.1405837323213308E-028                  0.0000000000000000E+000                  0.0000000000000000E+000 
                                     166                  7.0987373582080482E-001                  2.2418040614258996E+000                  4.0108736320152794E+000                 -8.1632685993594247E+000                  3.7625776949792762E+000                  6.7779619136771807E-001                  3.0212550494816803E-001                  2.0078303684113896E-002                  9.4412656630726931E-028                  0.0000000000000000E+000                  0.0000000000000000E+000 
                                     167                  7.0943723653321344E-001                  2.2393417525532819E+000                  4.0146929282521677E+000                 -8.1494531259012373E+000                  3.7849656651853016E+000                  6.7779619136771807E-001                  3.0212550494816803E-001                  2.0078303684113896E-002                  9.7464576157289192E-028                  0.0000000000000000E+000                  0.0000000000000000E+000 
                                     168                  7.0900073724562207E-001                  2.2369159278694157E+000                  4.0183351872131139E+000                 -8.1358752920196000E+000                  3.8067120107444112E+000                  6.7779619136771807E-001                  3.0212550494816803E-001                  2.0078303684113896E-002                  1.0056010947618041E-027                  0.0000000000000000E+000                  0.0000000000000000E+000 
                                     169                  7.0856423795803036E-001                  2.2345253309478537E+000                  4.0218204267994411E+000                 -8.1225322273508063E+000                  3.8278584519985861E+000                  6.7779619136771807E-001                  3.0212550494816803E-001                  2.0078303684113896E-002                  1.0369788651388636E-027                  0.0000000000000000E+000                  0.0000000000000000E+000 
                                     170                  7.0812773867043888E-001                  2.2321687399600219E+000                  4.0251655040647707E+000                 -8.1094191922952810E+000                  3.8484426042814683E+000                  6.7779619136771807E-001                  3.0212550494816803E-001                  2.0078303684113896E-002                  1.0687694727884360E-027                  0.0000000000000000E+000                  0.0000000000000000E+000 
                                     171                  7.0769123938284728E-001                  2.2298449769130722E+000                  4.0299861140945623E+000                 -8.0904371887052466E+000                  3.8781895061168168E+000                  6.7779619136771807E-001                  3.0212550494816803E-001                  2.0078303684113896E-002                  1.1165229820606989E-027                  0.0000000000000000E+000                  0.0000000000000000E+000 
                                     172                  7.0681824080766442E-001                  2.2252893765263262E+000                  4.0344985402561457E+000                 -8.0714129935499592E+000                  3.9071482478821138E+000                  6.7779619136771807E-001                  3.0212550494816803E-001                  2.0078303684113896E-002                  1.1665235858276249E-027                  0.0000000000000000E+000                  0.0000000000000000E+000 
                                     173                  7.0638174152007271E-001                  2.2230574166188322E+000                  4.0374075148670068E+000                 -8.0591585571457927E+000                  3.9257945434365658E+000                  6.7779619136771807E-001                  3.0212550494816803E-001                  2.0078303684113896E-002                  1.1999110441856876E-027                  0.0000000000000000E+000                  0.0000000000000000E+000 
                                     174                  7.0594524223248123E-001                  2.2208540587599206E+000                  4.0402592588501243E+000                 -8.0469863476288364E+000                  3.9442010199272795E+000                  6.7779619136771807E-001                  3.0212550494816803E-001                  2.0078303684113896E-002                  1.2340204541045319E-027                  0.0000000000000000E+000                  0.0000000000000000E+000 
                                     175                  7.0549993727910909E-001                  2.2186347344078907E+000                  4.0430579949162482E+000                 -8.0348906510632325E+000                  3.9623811403797284E+000                  6.7779619136771807E-001                  3.0212550494816803E-001                  2.0078303684113896E-002                  1.2688759365062981E-027                  0.0000000000000000E+000                  0.0000000000000000E+000 
                                     176                  7.0505463232573695E-001                  2.2164432346645691E+000                  4.0457818599245012E+000                 -8.0229911973637513E+000                  3.9801682863425079E+000                  6.7779619136771807E-001                  3.0212550494816803E-001                  2.0078303684113896E-002                  1.3041264962404500E-027                  0.0000000000000000E+000                  0.0000000000000000E+000 
                                     177                  7.0460932737236481E-001                  2.2142786418600049E+000                  4.0484367983804868E+000                 -8.0112820762001924E+000                  3.9975819878241756E+000                  6.7779619136771807E-001                  3.0212550494816803E-001                  2.0078303684113896E-002                  1.3397690490945067E-027                  0.0000000000000000E+000                  0.0000000000000000E+000 
                                     178                  7.0416402241899256E-001                  2.2121400794997697E+000                  4.0523183358951025E+000                 -7.9942424960925900E+000                  4.0229245994202270E+000                  6.7779619136771807E-001                  3.0212550494816803E-001                  2.0078303684113896E-002                  1.3933850590627692E-027                  0.0000000000000000E+000                  0.0000000000000000E+000 
                                     179                  7.0327341251224829E-001                  2.2079365493671088E+000                  4.0560407591091394E+000                 -7.9772443927028513E+000                  4.0477576724406266E+000                  6.7779619136771807E-001                  3.0212550494816803E-001                  2.0078303684113896E-002                  1.4490084213856755E-027                  0.0000000000000000E+000                  0.0000000000000000E+000 
                                     180                  7.0282810755887604E-001                  2.2058711643971667E+000                  4.0584679168725568E+000                 -7.9662394669962149E+000                  4.0638455781300351E+000                  6.7779619136771807E-001                  3.0212550494816803E-001                  2.0078303684113896E-002                  1.4861988647242695E-027                  0.0000000000000000E+000                  0.0000000000000000E+000 
                                     181                  7.0238280260550379E-001                  2.2038286836740761E+000                  4.0620333067670025E+000                 -7.9501855306139806E+000                  4.0873242800940757E+000                  6.7779619136771807E-001                  3.0212550494816803E-001                  2.0078303684113896E-002                  1.5421708028781841E-027                  0.0000000000000000E+000                  0.0000000000000000E+000 
                                     182                  7.0149219269875918E-001                  2.1998087649394078E+000                  4.0666245526826366E+000                 -7.9291167922185011E+000                  4.1178117981473141E+000                  6.7779619136771807E-001                  3.0212550494816803E-001                  2.0078303684113896E-002                  1.6188379621462699E-027                  0.0000000000000000E+000                  0.0000000000000000E+000 
                                     183                  7.0060158279201468E-001                  2.1958725086045976E+000                  4.0699607106193563E+000                 -7.9135754767924285E+000                  4.1400977615887760E+000                  6.7779619136771807E-001                  3.0212550494816803E-001                  2.0078303684113896E-002                  1.6778237073973641E-027                  0.0000000000000000E+000                  0.0000000000000000E+000 
                                     184                  7.0015627783864254E-001                  2.1939345993095265E+000                  4.0721483308620066E+000                 -7.9034823525358577E+000                  4.1545873285676480E+000                  6.7779619136771807E-001                  3.0212550494816803E-001                  2.0078303684113896E-002                  1.7172776821458350E-027                  0.0000000000000000E+000                  0.0000000000000000E+000 
                                     185                  6.9971097288527029E-001                  2.1920158182592666E+000                  4.0753788742541674E+000                 -7.8887172813640163E+000                  4.1758036220536319E+000                  6.7779619136771807E-001                  3.0212550494816803E-001                  2.0078303684113896E-002                  1.7766717306950744E-027                  0.0000000000000000E+000                  0.0000000000000000E+000 
                                     186                  6.9882036297852590E-001                  2.1882328403453339E+000                  4.0796199261906878E+000                 -7.8691417159265402E+000                  4.2037232388481192E+000                  6.7779619136771807E-001                  3.0212550494816803E-001                  2.0078303684113896E-002                  1.8585956425578805E-027                  0.0000000000000000E+000                  0.0000000000000000E+000 
                                     187                  6.9791193837252208E-001                  2.1844465537584812E+000                  4.0827577106051880E+000                 -7.8545417732344429E+000                  4.2244038778018673E+000                  6.7779619136771807E-001                  3.0212550494816803E-001                  2.0078303684113896E-002                  1.9221465565062494E-027                  0.0000000000000000E+000                  0.0000000000000000E+000 
                                     188                  6.9745772606952006E-001                  2.1825798629869260E+000                  4.0848233682469406E+000                 -7.8450397724310390E+000                  4.2378811307290576E+000                  6.7779619136771807E-001                  3.0212550494816803E-001                  2.0078303684113896E-002                  1.9646698539892789E-027                  0.0000000000000000E+000                  0.0000000000000000E+000 
                                     189                  6.9700351376651826E-001                  2.1807299755590859E+000                  4.0878853142623335E+000                 -7.8311134815989343E+000                  4.2576582031610890E+000                  6.7779619136771807E-001                  3.0212550494816803E-001                  2.0078303684113896E-002                  2.0286983706747835E-027                  0.0000000000000000E+000                  0.0000000000000000E+000 
                                     190                  6.9609508916051444E-001                  2.1770782948380356E+000                  4.0918931779597392E+000                 -7.8128200085964590E+000                  4.2834989822269538E+000                  6.7779619136771807E-001                  3.0212550494816803E-001                  2.0078303684113896E-002                  2.1159875369778975E-027                  0.0000000000000000E+000                  0.0000000000000000E+000 
                                     191                  6.9518666455451061E-001                  2.1734885644650186E+000                  4.0958312072637826E+000                 -7.7949757904101071E+000                  4.3086527740673501E+000                  6.7779619136771807E-001                  3.0212550494816803E-001                  2.0078303684113896E-002                  2.2047505862160201E-027                  0.0000000000000000E+000                  0.0000000000000000E+000 
                                     192                  6.9427823994850668E-001                  2.1699575533492421E+000                  4.0987421909760346E+000                 -7.7817914936709771E+000                  4.3271632083329674E+000                  6.7779619136771807E-001                  3.0212550494816803E-001                  2.0078303684113896E-002                  2.2727170780833386E-027                  0.0000000000000000E+000                  0.0000000000000000E+000 
                                     193                  6.9382402764550477E-001                  2.1682133151030119E+000                  4.1006669967328833E+000                 -7.7731876658030714E+000                  4.3392617335194261E+000                  6.7779619136771807E-001                  3.0212550494816803E-001                  2.0078303684113896E-002                  2.3181966208500437E-027                  0.0000000000000000E+000                  0.0000000000000000E+000 
                                     194                  6.9336981534250286E-001                  2.1664826446428473E+000                  4.1035322456042351E+000                 -7.7605454378234153E+000                  4.3570647998136645E+000                  6.7779619136771807E-001                  3.0212550494816803E-001                  2.0078303684113896E-002                  2.3866793786220559E-027                  0.0000000000000000E+000                  0.0000000000000000E+000 
                                     195                  6.9246139073649893E-001                  2.1630602967954893E+000                  4.1073122831202848E+000                 -7.7439245744996921E+000                  4.3803974405209756E+000                  6.7779619136771807E-001                  3.0212550494816803E-001                  2.0078303684113896E-002                  2.4798023217699461E-027                  0.0000000000000000E+000                  0.0000000000000000E+000 
                                     196                  6.9155296613049522E-001                  2.1596882375884512E+000                  4.1110915868326332E+000                 -7.7275240872818758E+000                  4.4034115657267217E+000                  6.7779619136771807E-001                  3.0212550494816803E-001                  2.0078303684113896E-002                  2.5752516828169749E-027                  0.0000000000000000E+000                  0.0000000000000000E+000 
                                     197                  6.9062652915274025E-001                  2.1562985141449875E+000                  4.1148759501439445E+000                 -7.7113327931785181E+000                  4.4261284895661790E+000                  6.7779619136771807E-001                  3.0212550494816803E-001                  2.0078303684113896E-002                  2.6730871391415320E-027                  0.0000000000000000E+000                  0.0000000000000000E+000 
                                     198                  6.8970009217498540E-001                  2.1529560128477780E+000                  4.1186347232056368E+000                 -7.6955020065739896E+000                  4.4483448079728234E+000                  6.7779619136771807E-001                  3.0212550494816803E-001                  2.0078303684113896E-002                  2.7723371002264488E-027                  0.0000000000000000E+000                  0.0000000000000000E+000 
                                     199                  6.8877365519723044E-001                  2.1496583880190934E+000                  4.1214421662503478E+000                 -7.6837963981624089E+000                  4.4647525786096702E+000                  6.7779619136771807E-001                  3.0212550494816803E-001                  2.0078303684113896E-002                  2.8480869784660477E-027                  0.0000000000000000E+000                  0.0000000000000000E+000 
                                     200                  6.8831043670835312E-001                  2.1480258323502386E+000                  4.1233080183960711E+000                 -7.6761390503127114E+000                  4.4755080506583607E+000                  6.7779619136771807E-001                  3.0212550494816803E-001                  2.0078303684113896E-002                  2.8987559717218550E-027                  0.0000000000000000E+000                  0.0000000000000000E+000 
                                     201                  6.8784721821947559E-001                  2.1464036758584535E+000                  4.1260994091175354E+000                 -7.6648632474944733E+000                  4.4913785624938622E+000                  6.7779619136771807E-001                  3.0212550494816803E-001                  2.0078303684113896E-002                  2.9750141626575123E-027                  0.0000000000000000E+000                  0.0000000000000000E+000 
                                     202                  6.8692078124172096E-001                  2.1431893117258167E+000                  4.1298178478858638E+000                 -7.6500344200492956E+000                  4.5122434709835995E+000                  6.7779619136771807E-001                  3.0212550494816803E-001                  2.0078303684113896E-002                  3.0783640039442860E-027                  0.0000000000000000E+000                  0.0000000000000000E+000 
                                     203                  6.8599434426396622E-001                  2.1400135223682644E+000                  4.1335343288570101E+000                 -7.6355193046108445E+000                  4.5327019544278482E+000                  6.7779619136771807E-001                  3.0212550494816803E-001                  2.0078303684113896E-002                  3.1830040049037572E-027                  0.0000000000000000E+000                  0.0000000000000000E+000 
                                     204                  6.8506790728621159E-001                  2.1368743934563263E+000                  4.1363272395581925E+000                 -7.6247852588734757E+000                  4.5478418636725637E+000                  6.7779619136771807E-001                  3.0212550494816803E-001                  2.0078303684113896E-002                  3.2626674075383228E-027                  0.0000000000000000E+000                  0.0000000000000000E+000 
                                     205                  6.8460468879733416E-001                  2.1353180885827165E+000                  4.1381890539641857E+000                 -7.6177550880833209E+000                  4.5577829872324491E+000                  6.7779619136771807E-001                  3.0212550494816803E-001                  2.0078303684113896E-002                  3.3159197897362597E-027                  0.0000000000000000E+000                  0.0000000000000000E+000 
                                     206                  6.8414147030845684E-001                  2.1337702676415469E+000                  4.1410191516151560E+000                 -7.6072577338183907E+000                  4.5726647021932907E+000                  6.7779619136771807E-001                  3.0212550494816803E-001                  2.0078303684113896E-002                  3.3970578403995378E-027                  0.0000000000000000E+000                  0.0000000000000000E+000 
                                     207                  6.8319682952523653E-001                  2.1306390275848579E+000                  4.1448361625758210E+000                 -7.5933639670768480E+000                  4.5923887635444514E+000                  6.7779619136771807E-001                  3.0212550494816803E-001                  2.0078303684113896E-002                  3.5075091793957894E-027                  0.0000000000000000E+000                  0.0000000000000000E+000 
                                     208                  6.8225218874201610E-001                  2.1275404130425515E+000                  4.1505795883406709E+000                 -7.5732254438478481E+000                  4.6211364770569938E+000                  6.7779619136771807E-001                  3.0212550494816803E-001                  2.0078303684113896E-002                  3.6740110261273850E-027                  0.0000000000000000E+000                  0.0000000000000000E+000 
                                     209                  6.8036290717557557E-001                  2.1214331887430400E+000                  4.1564525509628494E+000                 -7.5533324285876278E+000                  4.6496216978027896E+000                  6.7779619136771807E-001                  3.0212550494816803E-001                  2.0078303684113896E-002                  3.8462421241748852E-027                  0.0000000000000000E+000                  0.0000000000000000E+000 
                                     210                  6.7940907217824897E-001                  2.1183931965266165E+000                  4.1604211676771081E+000                 -7.5404345844905079E+000                  4.6682161627126666E+000                  6.7779619136771807E-001                  3.0212550494816803E-001                  2.0078303684113896E-002                  3.9622013785762933E-027                  0.0000000000000000E+000                  0.0000000000000000E+000 
                                     211                  6.7845523718092227E-001                  2.1153798100519112E+000                  4.1644317106063502E+000                 -7.5278048296590114E+000                  4.6865132667157132E+000                  6.7779619136771807E-001                  3.0212550494816803E-001                  2.0078303684113896E-002                  4.0791377091601498E-027                  0.0000000000000000E+000                  0.0000000000000000E+000 
                                     212                  6.7750140218359567E-001                  2.1123914854077896E+000                  4.1684889293458243E+000                 -7.5154372954521840E+000                  4.7045256387396419E+000                  6.7779619136771807E-001                  3.0212550494816803E-001                  2.0078303684113896E-002                  4.1969901997336541E-027                  0.0000000000000000E+000                  0.0000000000000000E+000 
                                     213                  6.7654756718626907E-001                  2.1094267223202170E+000                  4.1725970878610648E+000                 -7.5033261414243047E+000                  4.7222652077418354E+000                  6.7779619136771807E-001                  3.0212550494816803E-001                  2.0078303684113896E-002                  4.3156990177311038E-027                  0.0000000000000000E+000                  0.0000000000000000E+000 
                                     214                  6.7559373218894236E-001                  2.1064840623040753E+000                  4.1767598700061708E+000                 -7.4914653796387851E+000                  4.7397432607353194E+000                  6.7779619136771807E-001                  3.0212550494816803E-001                  2.0078303684113896E-002                  4.4352074264810444E-027                  0.0000000000000000E+000                  0.0000000000000000E+000 
                                     215                  6.7463989719161588E-001                  2.1035620880660808E+000                  4.1830742595949655E+000                 -7.4742386845067665E+000                  4.7653344502508714E+000                  6.7779619136771807E-001                  3.0212550494816803E-001                  2.0078303684113896E-002                  4.6147015822115117E-027                  0.0000000000000000E+000                  0.0000000000000000E+000 
                                     216                  6.7273222719696291E-001                  2.0977741619319703E+000                  4.1896202530532527E+000                 -7.4572622533573591E+000                  4.7907957154086542E+000                  6.7779619136771807E-001                  3.0212550494816803E-001                  2.0078303684113896E-002                  4.7986940207654443E-027                  0.0000000000000000E+000                  0.0000000000000000E+000 
                                     217                  6.7176919798553092E-001                  2.0948786214093480E+000                  4.1940622930071489E+000                 -7.4462299905236122E+000                  4.8074866678867787E+000                  6.7779619136771807E-001                  3.0212550494816803E-001                  2.0078303684113896E-002                  4.9221779066251281E-027                  0.0000000000000000E+000                  0.0000000000000000E+000 
                                     218                  6.7080616877409904E-001                  2.0919988338244844E+000                  4.2007908625944808E+000                 -7.4301811311053605E+000                  4.8319689061283535E+000                  6.7779619136771807E-001                  3.0212550494816803E-001                  2.0078303684113896E-002                  5.1075085114698538E-027                  0.0000000000000000E+000                  0.0000000000000000E+000 
                                     219                  6.6888011035123474E-001                  2.0862811957241747E+000                  4.2100512224084703E+000                 -7.4091092975529715E+000                  4.8644083606839610E+000                  6.7779619136771807E-001                  3.0212550494816803E-001                  2.0078303684113896E-002                  5.3614821734598611E-027                  0.0000000000000000E+000                  0.0000000000000000E+000 
                                     220                  6.6691692065138986E-001                  2.0805045127288899E+000                  4.2171645427733484E+000                 -7.3934840031388918E+000                  4.8886084301459469E+000                  6.7779619136771807E-001                  3.0212550494816803E-001                  2.0078303684113896E-002                  5.5579308577737683E-027                  0.0000000000000000E+000                  0.0000000000000000E+000 
                                     221                  6.6593532580146708E-001                  2.0776336244019196E+000                  4.2218979481862817E+000                 -7.3833329092838698E+000                  4.9044064416201421E+000                  6.7779619136771807E-001                  3.0212550494816803E-001                  2.0078303684113896E-002                  5.6893964535933271E-027                  0.0000000000000000E+000                  0.0000000000000000E+000 
                                     222                  6.6495373095154442E-001                  2.0747729887806940E+000                  4.2289836715788702E+000                 -7.3683850013700898E+000                  4.9277392081542626E+000                  6.7779619136771807E-001                  3.0212550494816803E-001                  2.0078303684113896E-002                  5.8886675951420565E-027                  0.0000000000000000E+000                  0.0000000000000000E+000 
                                     223                  6.6297651063171659E-001                  2.0690383103625702E+000                  4.2382941841645607E+000                 -7.3485124352747713E+000                  4.9585339375376840E+000                  6.7779619136771807E-001                  3.0212550494816803E-001                  2.0078303684113896E-002                  6.1644393720060065E-027                  0.0000000000000000E+000                  0.0000000000000000E+000 
                                     224                  6.6099929031188864E-001                  2.0633394613885843E+000                  4.2450752757497021E+000                 -7.3336110802701349E+000                  4.9813515787073923E+000                  6.7779619136771807E-001                  3.0212550494816803E-001                  2.0078303684113896E-002                  6.3796666239776851E-027                  0.0000000000000000E+000                  0.0000000000000000E+000 
                                     225                  6.6001068015197462E-001                  2.0605036398188541E+000                  4.2494936335479450E+000                 -7.3238367677628196E+000                  4.9962804865317532E+000                  6.7779619136771807E-001                  3.0212550494816803E-001                  2.0078303684113896E-002                  6.5249069480158406E-027                  0.0000000000000000E+000                  0.0000000000000000E+000 
                                     226                  6.5902206999206070E-001                  2.0576761595526625E+000                  4.2559561301880775E+000                 -7.3093881827644145E+000                  5.0182738698063591E+000                  6.7779619136771807E-001                  3.0212550494816803E-001                  2.0078303684113896E-002                  6.7456832281539241E-027                  0.0000000000000000E+000                  0.0000000000000000E+000 
                                     227                  6.5704484967223276E-001                  2.0520443303717744E+000                  4.2642568166557240E+000                 -7.2898281928069313E+000                  5.0475409692982502E+000                  6.7779619136771807E-001                  3.0212550494816803E-001                  2.0078303684113896E-002                  7.0565126384468797E-027                  0.0000000000000000E+000                  0.0000000000000000E+000 
                                     228                  6.5503478201233922E-001                  2.0463527934120394E+000                  4.2722289624682572E+000                 -7.2701955151917659E+000                  5.0765311649411293E+000                  6.7779619136771807E-001                  3.0212550494816803E-001                  2.0078303684113896E-002                  7.3829019890378986E-027                  0.0000000000000000E+000                  0.0000000000000000E+000 
                                     229                  6.5302471435244580E-001                  2.0406953437723221E+000                  4.2779715256057536E+000                 -7.2553423255839800E+000                  5.0981434549174534E+000                  6.7779619136771807E-001                  3.0212550494816803E-001                  2.0078303684113896E-002                  7.6398285439735377E-027                  0.0000000000000000E+000                  0.0000000000000000E+000 
                                     230                  6.5201023260859181E-001                  2.0378536951290145E+000                  4.2817353331307961E+000                 -7.2455270138826648E+000                  5.1124026588885094E+000                  6.7779619136771807E-001                  3.0212550494816803E-001                  2.0078303684113896E-002                  7.8144991553770368E-027                  0.0000000000000000E+000                  0.0000000000000000E+000 
                                     231                  6.5099575086473782E-001                  2.0350205600330091E+000                  4.2872627288487548E+000                 -7.2310254409574242E+000                  5.1334485485469461E+000                  6.7779619136771807E-001                  3.0212550494816803E-001                  2.0078303684113896E-002                  8.0799012811264960E-027                  0.0000000000000000E+000                  0.0000000000000000E+000 
                                     232                  6.4896678737702984E-001                  2.0293778343765960E+000                  4.2944437705264393E+000                 -7.2115621795495715E+000                  5.1614256636300846E+000                  6.7779619136771807E-001                  3.0212550494816803E-001                  2.0078303684113896E-002                  8.4503340563562881E-027                  0.0000000000000000E+000                  0.0000000000000000E+000 
                                     233                  6.4691885131134164E-001                  2.0237151047711706E+000                  4.3014741523145945E+000                 -7.1922178804117465E+000                  5.1891121172155517E+000                  6.7779619136771807E-001                  3.0212550494816803E-001                  2.0078303684113896E-002                  8.8353307632350782E-027                  0.0000000000000000E+000                  0.0000000000000000E+000 
                                     234                  6.4487091524565332E-001                  2.0180836168566745E+000                  4.3066759216183694E+000                 -7.1776997710551642E+000                  5.2097977252620220E+000                  6.7779619136771807E-001                  3.0212550494816803E-001                  2.0078303684113896E-002                  9.1357555259746048E-027                  0.0000000000000000E+000                  0.0000000000000000E+000 
                                     235                  6.4383742377399000E-001                  2.0152534733055765E+000                  4.3101357190001588E+000                 -7.1681305700852675E+000                  5.2234663009361411E+000                  6.7779619136771807E-001                  3.0212550494816803E-001                  2.0078303684113896E-002                  9.3393368738655107E-027                  0.0000000000000000E+000                  0.0000000000000000E+000 
                                     236                  6.4280393230232669E-001                  2.0124304199035072E+000                  4.3152932542665976E+000                 -7.1540276453761225E+000                  5.2436709444363947E+000                  6.7779619136771807E-001                  3.0212550494816803E-001                  2.0078303684113896E-002                  9.6476714922406507E-027                  0.0000000000000000E+000                  0.0000000000000000E+000 
                                     237                  6.4073694935900027E-001                  2.0068031045149284E+000                  4.3221940390141009E+000                 -7.1352477249575443E+000                  5.2705811239310147E+000                  6.7779619136771807E-001                  3.0212550494816803E-001                  2.0078303684113896E-002                  1.0074122634873642E-026                  0.0000000000000000E+000                  0.0000000000000000E+000 
                                     238                  6.3865084778481784E-001                  2.0011479652458273E+000                  4.3274207901536039E+000                 -7.1212051014511726E+000                  5.2907493664579919E+000                  6.7779619136771807E-001                  3.0212550494816803E-001                  2.0078303684113896E-002                  1.0405273944451341E-026                  0.0000000000000000E+000                  0.0000000000000000E+000 
                                     239                  6.3760779699772674E-001                  1.9983289156219624E+000                  4.3309128246382445E+000                 -7.1120242476119504E+000                  5.3040065891154562E+000                  6.7779619136771807E-001                  3.0212550494816803E-001                  2.0078303684113896E-002                  1.0627639112478352E-026                  0.0000000000000000E+000                  0.0000000000000000E+000 
                                     240                  6.3656474621063552E-001                  1.9955146056504507E+000                  4.3362045404188310E+000                 -7.0984382836358435E+000                  5.3237411981241989E+000                  6.7779619136771807E-001                  3.0212550494816803E-001                  2.0078303684113896E-002                  1.0965448504043081E-026                  0.0000000000000000E+000                  0.0000000000000000E+000 
                                     241                  6.3445945689791317E-001                  1.9898457401879279E+000                  4.3434179349080981E+000                 -7.0804695361860110E+000                  5.3500249481310638E+000                  6.7779619136771807E-001                  3.0212550494816803E-001                  2.0078303684113896E-002                  1.1428784548307548E-026                  0.0000000000000000E+000                  0.0000000000000000E+000 
                                     242                  6.3235416758519103E-001                  1.9841896681252016E+000                  4.3508284649490214E+000                 -7.0628253093035411E+000                  5.3761260026204161E+000                  6.7779619136771807E-001                  3.0212550494816803E-001                  2.0078303684113896E-002                  1.1902801243017662E-026                  0.0000000000000000E+000                  0.0000000000000000E+000 
                                     243                  6.3022962417414474E-001                  1.9784898909723865E+000                  4.3565806255088786E+000                 -7.0497304565327399E+000                  5.3957238480230636E+000                  6.7779619136771807E-001                  3.0212550494816803E-001                  2.0078303684113896E-002                  1.2267264871320891E-026                  0.0000000000000000E+000                  0.0000000000000000E+000 
                                     244                  6.2916735246862199E-001                  1.9756416541588073E+000                  4.3604664601015424E+000                 -7.0411935694020489E+000                  5.4086226666052051E+000                  6.7779619136771807E-001                  3.0212550494816803E-001                  2.0078303684113896E-002                  1.2510857493111877E-026                  0.0000000000000000E+000                  0.0000000000000000E+000 
                                     245                  6.2810508076309912E-001                  1.9727933655290171E+000                  4.3664139523697374E+000                 -7.0285963917468361E+000                  5.4278466858006267E+000                  6.7779619136771807E-001                  3.0212550494816803E-001                  2.0078303684113896E-002                  1.2879171031633012E-026                  0.0000000000000000E+000                  0.0000000000000000E+000 
                                     246                  6.2596121974763830E-001                  1.9670412598112990E+000                  4.3746710962082407E+000                 -7.0120483198188177E+000                  5.4535001740605908E+000                  6.7779619136771807E-001                  3.0212550494816803E-001                  2.0078303684113896E-002                  1.3379530243102886E-026                  0.0000000000000000E+000                  0.0000000000000000E+000 
                                     247                  6.2381735873217747E-001                  1.9612795766088607E+000                  4.3832734333487453E+000                 -6.9958923314230921E+000                  5.4790312922123805E+000                  6.7779619136771807E-001                  3.0212550494816803E-001                  2.0078303684113896E-002                  1.3886784995923925E-026                  0.0000000000000000E+000                  0.0000000000000000E+000 
                                     248                  6.2165411956899830E-001                  1.9554493083509494E+000                  4.3900152830579460E+000                 -6.9839558099205181E+000                  5.4982422571233833E+000                  6.7779619136771807E-001                  3.0212550494816803E-001                  2.0078303684113896E-002                  1.4273874702222307E-026                  0.0000000000000000E+000                  0.0000000000000000E+000 
                                     249                  6.2057249998740838E-001                  1.9525260018364980E+000                  4.3945792275068749E+000                 -6.9761854134426908E+000                  5.5109035701105977E+000                  6.7779619136771807E-001                  3.0212550494816803E-001                  2.0078303684113896E-002                  1.4531641587397395E-026                  0.0000000000000000E+000                  0.0000000000000000E+000 
                                     250                  6.1949088040581857E-001                  1.9495958909936437E+000                  4.4015649708051354E+000                 -6.9647297773657026E+000                  5.5297978221772173E+000                  6.7779619136771807E-001                  3.0212550494816803E-001                  2.0078303684113896E-002                  1.4920174172606921E-026                  0.0000000000000000E+000                  0.0000000000000000E+000 
                                     251                  6.1730820562662514E-001                  1.9436581443988121E+000                  4.4088376499311597E+000                 -6.9533275904862464E+000                  5.5488895437359691E+000                  6.7779619136771807E-001                  3.0212550494816803E-001                  2.0078303684113896E-002                  1.5317210797435108E-026                  0.0000000000000000E+000                  0.0000000000000000E+000 
                                     252                  6.1621686823702859E-001                  1.9406755600491203E+000                  4.4137430274552143E+000                 -6.9458940011393357E+000                  5.5614815118465701E+000                  6.7779619136771807E-001                  3.0212550494816803E-001                  2.0078303684113896E-002                  1.5581729374292044E-026                  0.0000000000000000E+000                  0.0000000000000000E+000 
                                     253                  6.1512553084743204E-001                  1.9376824503650460E+000                  4.4212410376596214E+000                 -6.9348819693675372E+000                  5.5803400248738537E+000                  6.7779619136771807E-001                  3.0212550494816803E-001                  2.0078303684113896E-002                  1.5982004553639418E-026                  0.0000000000000000E+000                  0.0000000000000000E+000 
                                     254                  6.1291359574481530E-001                  1.9315794458319626E+000                  4.4315387072239538E+000                 -6.9202948870297956E+000                  5.6056392255663186E+000                  6.7779619136771807E-001                  3.0212550494816803E-001                  2.0078303684113896E-002                  1.6528107136966896E-026                  0.0000000000000000E+000                  0.0000000000000000E+000 
                                     255                  6.1070166064219866E-001                  1.9254227804942641E+000                  4.4394264135599881E+000                 -6.9094432873508458E+000                  5.6246541337702265E+000                  6.7779619136771807E-001                  3.0212550494816803E-001                  2.0078303684113896E-002                  1.6946434303858198E-026                  0.0000000000000000E+000                  0.0000000000000000E+000 
                                     256                  6.0959569309089090E-001                  1.9223226961729596E+000                  4.4447074435153269E+000                 -6.9023364410710935E+000                  5.6372101024949064E+000                  6.7779619136771807E-001                  3.0212550494816803E-001                  2.0078303684113896E-002                  1.7226124014643505E-026                  0.0000000000000000E+000                  0.0000000000000000E+000 
                                     257                  6.0848972553958314E-001                  1.9192067451101065E+000                  4.4526523265269784E+000                 -6.8918497717149529E+000                  5.6558734144528175E+000                  6.7779619136771807E-001                  3.0212550494816803E-001                  2.0078303684113896E-002                  1.7647281056272078E-026                  0.0000000000000000E+000                  0.0000000000000000E+000 
                                     258                  6.0627779043696717E-001                  1.9129231592860894E+000                  4.4634490790980630E+000                 -6.8777834787346261E+000                  5.6810167168875161E+000                  6.7779619136771807E-001                  3.0212550494816803E-001                  2.0078303684113896E-002                  1.8228416501306327E-026                  0.0000000000000000E+000                  0.0000000000000000E+000 
                                     259                  6.0403649651244307E-001                  1.9064821662402485E+000                  4.4716857404256141E+000                 -6.8671397028904195E+000                  5.7000893492674658E+000                  6.7779619136771807E-001                  3.0212550494816803E-001                  2.0078303684113896E-002                  1.8680841669848163E-026                  0.0000000000000000E+000                  0.0000000000000000E+000 
                                     260                  6.0291584955018118E-001                  1.9032324773575506E+000                  4.4771746275537385E+000                 -6.8601392238295791E+000                  5.7126986308676280E+000                  6.7779619136771807E-001                  3.0212550494816803E-001                  2.0078303684113896E-002                  1.8984509922439276E-026                  0.0000000000000000E+000                  0.0000000000000000E+000 
                                     261                  6.0179520258791941E-001                  1.8999619216185804E+000                  4.4854471014403439E+000                 -6.8497099917166588E+000                  5.7315709323021062E+000                  6.7779619136771807E-001                  3.0212550494816803E-001                  2.0078303684113896E-002                  1.9446092267974707E-026                  0.0000000000000000E+000                  0.0000000000000000E+000 
                                     262                  5.9953427630272937E-001                  1.8932956027408772E+000                  4.4938240357213681E+000                 -6.8390577752803585E+000                  5.7507612354676008E+000                  6.7779619136771807E-001                  3.0212550494816803E-001                  2.0078303684113896E-002                  1.9929132914280830E-026                  0.0000000000000000E+000                  0.0000000000000000E+000 
                                     263                  5.9840381316013436E-001                  1.8899282943398923E+000                  4.4993969398031641E+000                 -6.8320359640776660E+000                  5.7634586745355429E+000                  6.7779619136771807E-001                  3.0212550494816803E-001                  2.0078303684113896E-002                  2.0254091856650786E-026                  0.0000000000000000E+000                  0.0000000000000000E+000 
                                     264                  5.9727335001753934E-001                  1.8865367364009784E+000                  4.5077826855914145E+000                 -6.8215522351010458E+000                  5.7824776419184740E+000                  6.7779619136771807E-001                  3.0212550494816803E-001                  2.0078303684113896E-002                  2.0749152639217326E-026                  0.0000000000000000E+000                  0.0000000000000000E+000 
                                     265                  5.9499275109932204E-001                  1.8796161187041838E+000                  4.5190338723230798E+000                 -6.8073490978396274E+000                  5.8081246002390792E+000                  6.7779619136771807E-001                  3.0212550494816803E-001                  2.0078303684113896E-002                  2.1439211492795947E-026                  0.0000000000000000E+000                  0.0000000000000000E+000 
                                     266                  5.9271215218110485E-001                  1.8725875946634278E+000                  4.5289294654127392E+000                 -6.7947388823420862E+000                  5.8307963426645282E+000                  6.7779619136771807E-001                  3.0212550494816803E-001                  2.0078303684113896E-002                  2.2071091311738279E-026                  0.0000000000000000E+000                  0.0000000000000000E+000 
                                     267                  5.9098198580529226E-001                  1.8671805033244839E+000                  4.5353241829323609E+000                 -6.7865136047759478E+000                  5.8455236894740059E+000                  6.7779619136771807E-001                  3.0212550494816803E-001                  2.0078303684113896E-002                  2.2493251679298813E-026                  0.0000000000000000E+000                  0.0000000000000000E+000 
                                     268                  5.9011690261738592E-001                  1.8644519609712131E+000                  4.5395700339085767E+000                 -6.7810577199606312E+000                  5.8552976866052271E+000                  6.7779619136771807E-001                  3.0212550494816803E-001                  2.0078303684113896E-002                  2.2777719389766943E-026                  0.0000000000000000E+000                  0.0000000000000000E+000 
                                     269                  5.8925181942947946E-001                  1.8617060502540650E+000                  4.5459101215435478E+000                 -6.7729093606190309E+000                  5.8698963262069910E+000                  6.7779619136771807E-001                  3.0212550494816803E-001                  2.0078303684113896E-002                  2.3209285719358110E-026                  0.0000000000000000E+000                  0.0000000000000000E+000 
                                     270                  5.8752165305366666E-001                  1.8561599721270077E+000                  4.5543383160019673E+000                 -6.7618542791325806E+000                  5.8895310660586073E+000                  6.7779619136771807E-001                  3.0212550494816803E-001                  2.0078303684113896E-002                  2.3807906857497431E-026                  0.0000000000000000E+000                  0.0000000000000000E+000 
                                     271                  5.8579148667785375E-001                  1.8505407243147911E+000                  4.5627528540032465E+000                 -6.7506155223129971E+000                  5.9093449114841592E+000                  6.7779619136771807E-001                  3.0212550494816803E-001                  2.0078303684113896E-002                  2.4432306014070401E-026                  0.0000000000000000E+000                  0.0000000000000000E+000 
                                     272                  5.8404156459683998E-001                  1.8447805176050838E+000                  4.5711341647192771E+000                 -6.7391594401066017E+000                  5.9293553149753260E+000                  6.7779619136771807E-001                  3.0212550494816803E-001                  2.0078303684113896E-002                  2.5085639435795814E-026                  0.0000000000000000E+000                  0.0000000000000000E+000 
                                     273                  5.8229164251582577E-001                  1.8389409477709235E+000                  4.5794125063479569E+000                 -6.7275235574792136E+000                  5.9494579981398283E+000                  6.7779619136771807E-001                  3.0212550494816803E-001                  2.0078303684113896E-002                  2.5767116910169117E-026                  0.0000000000000000E+000                  0.0000000000000000E+000 
                                     274                  5.8054172043481178E-001                  1.8330200877586023E+000                  4.5875646709707079E+000                 -6.7156774732047655E+000                  5.9696637825191763E+000                  6.7779619136771807E-001                  3.0212550494816803E-001                  2.0078303684113896E-002                  2.6479930058252603E-026                  0.0000000000000000E+000                  0.0000000000000000E+000 
                                     275                  5.7879179835379768E-001                  1.8270163071186216E+000                  4.5942746504186864E+000                 -6.7055046681873289E+000                  5.9867375707882404E+000                  6.7779619136771807E-001                  3.0212550494816803E-001                  2.0078303684113896E-002                  2.7107777889565888E-026                  0.0000000000000000E+000                  0.0000000000000000E+000 
                                     276                  5.7761199168122312E-001                  1.8229217369185426E+000                  4.5995947844567793E+000                 -6.6972387006067775E+000                  6.0004916437192319E+000                  6.7779619136771807E-001                  3.0212550494816803E-001                  2.0078303684113896E-002                  2.7628887664836881E-026                  0.0000000000000000E+000                  0.0000000000000000E+000 
                                     277                  5.7643218500864846E-001                  1.8187885628504852E+000                  4.6074260697005149E+000                 -6.6847910067195935E+000                  6.0210500137371401E+000                  6.7779619136771807E-001                  3.0212550494816803E-001                  2.0078303684113896E-002                  2.8432591807195216E-026                  0.0000000000000000E+000                  0.0000000000000000E+000 
                                     278                  5.7407257166349879E-001                  1.8104016894954416E+000                  4.6175796423958682E+000                 -6.6673664987813641E+000                  6.0490525838883080E+000                  6.7779619136771807E-001                  3.0212550494816803E-001                  2.0078303684113896E-002                  2.9597060772783424E-026                  0.0000000000000000E+000                  0.0000000000000000E+000 
                                     279                  5.7169314473263488E-001                  1.8017856412101181E+000                  4.6249596831267459E+000                 -6.6536273330015039E+000                  6.0705319521135772E+000                  6.7779619136771807E-001                  3.0212550494816803E-001                  2.0078303684113896E-002                  3.0548780034971005E-026                  0.0000000000000000E+000                  0.0000000000000000E+000 
                                     280                  5.7050343126720293E-001                  1.7974198867308082E+000                  4.6297686935241087E+000                 -6.6444236691349392E+000                  6.0848088907261948E+000                  6.7779619136771807E-001                  3.0212550494816803E-001                  2.0078303684113896E-002                  3.1203383589909714E-026                  0.0000000000000000E+000                  0.0000000000000000E+000 
                                     281                  5.6931371780177098E-001                  1.7930142114266900E+000                  4.6368583425245768E+000                 -6.6304744497308015E+000                  6.1062845993787116E+000                  6.7779619136771807E-001                  3.0212550494816803E-001                  2.0078303684113896E-002                  3.2222355917633577E-026                  0.0000000000000000E+000                  0.0000000000000000E+000 
                                     282                  5.6691446223486630E-001                  1.7840032954599860E+000                  4.6459968561830260E+000                 -6.6109562378146371E+000                  6.1355846165159083E+000                  6.7779619136771807E-001                  3.0212550494816803E-001                  2.0078303684113896E-002                  3.3704245034969589E-026                  0.0000000000000000E+000                  0.0000000000000000E+000 
                                     283                  5.6451520666796140E-001                  1.7748300193289150E+000                  4.6537537510827356E+000                 -6.5931499442230743E+000                  6.1617693819146782E+000                  6.7779619136771807E-001                  3.0212550494816803E-001                  2.0078303684113896E-002                  3.5115542253350927E-026                  0.0000000000000000E+000                  0.0000000000000000E+000 
                                     284                  5.6269592472431806E-001                  1.7677680781895149E+000                  4.6602750011092269E+000                 -6.5775410734260680E+000                  6.1844801180450677E+000                  6.7779619136771807E-001                  3.0212550494816803E-001                  2.0078303684113896E-002                  3.6401210719893278E-026                  0.0000000000000000E+000                  0.0000000000000000E+000 
                                     285                  5.6087664278067462E-001                  1.7606125739706457E+000                  4.6666617859320727E+000                 -6.5616050895712617E+000                  6.2074215086534261E+000                  6.7779619136771807E-001                  3.0212550494816803E-001                  2.0078303684113896E-002                  3.7762408936652988E-026                  0.0000000000000000E+000                  0.0000000000000000E+000 
                                     286                  5.5905736083703106E-001                  1.7533630304695684E+000                  4.6729411718992253E+000                 -6.5453556868899136E+000                  6.2306031587015767E+000                  6.7779619136771807E-001                  3.0212550494816803E-001                  2.0078303684113896E-002                  3.9202817089435215E-026                  0.0000000000000000E+000                  0.0000000000000000E+000 
                                     287                  5.5723807889338739E-001                  1.7460187231812900E+000                  4.6776146681153161E+000                 -6.5327852264134902E+000                  6.2483571881691162E+000                  6.7779619136771807E-001                  3.0212550494816803E-001                  2.0078303684113896E-002                  4.0354704536288063E-026                  0.0000000000000000E+000                  0.0000000000000000E+000 
                                     288                  5.5631851571366409E-001                  1.7422712890926211E+000                  4.6807318112207792E+000                 -6.5243491684123587E+000                  6.2602641142272271E+000                  6.7779619136771807E-001                  3.0212550494816803E-001                  2.0078303684113896E-002                  4.1146661206272643E-026                  0.0000000000000000E+000                  0.0000000000000000E+000 
                                     289                  5.5539895253394089E-001                  1.7384992428719988E+000                  4.6853824757383995E+000                 -6.5117075060198308E+000                  6.2781031240818823E+000                  6.7779619136771807E-001                  3.0212550494816803E-001                  2.0078303684113896E-002                  4.2362627826225933E-026                  0.0000000000000000E+000                  0.0000000000000000E+000 
                                     290                  5.5355982617449528E-001                  1.7308781512761835E+000                  4.6915711543920082E+000                 -6.4944196646580359E+000                  6.3023298491136908E+000                  6.7779619136771807E-001                  3.0212550494816803E-001                  2.0078303684113896E-002                  4.4083894645073786E-026                  0.0000000000000000E+000                  0.0000000000000000E+000 
                                     291                  5.5172069981504956E-001                  1.7231559167116977E+000                  4.6977631256236547E+000                 -6.4768740699405152E+000                  6.3268412409777008E+000                  6.7779619136771807E-001                  3.0212550494816803E-001                  2.0078303684113896E-002                  4.5902368847992123E-026                  0.0000000000000000E+000                  0.0000000000000000E+000 
                                     292                  5.4988157345560407E-001                  1.7153303146138785E+000                  4.7024589657660822E+000                 -6.4633476480446914E+000                  6.3456598607148624E+000                  6.7779619136771807E-001                  3.0212550494816803E-001                  2.0078303684113896E-002                  4.7355345868036899E-026                  0.0000000000000000E+000                  0.0000000000000000E+000 
                                     293                  5.4894961127197772E-001                  1.7113256842105053E+000                  4.7056253041699660E+000                 -6.4542762992165175E+000                  6.3583053049044196E+000                  6.7779619136771807E-001                  3.0212550494816803E-001                  2.0078303684113896E-002                  4.8355452519208004E-026                  0.0000000000000000E+000                  0.0000000000000000E+000 
                                     294                  5.4801764908835138E-001                  1.7072934457934192E+000                  4.7103931381291213E+000                 -6.4407144699513692E+000                  6.3772548915442719E+000                  6.7779619136771807E-001                  3.0212550494816803E-001                  2.0078303684113896E-002                  4.9890170718788638E-026                  0.0000000000000000E+000                  0.0000000000000000E+000 
                                     295                  5.4615372472109858E-001                  1.6991417698992488E+000                  4.7168573664625377E+000                 -6.4222387969001922E+000                  6.4030342298379272E+000                  6.7779619136771807E-001                  3.0212550494816803E-001                  2.0078303684113896E-002                  5.2059663826587556E-026                  0.0000000000000000E+000                  0.0000000000000000E+000 
                                     296                  5.4428980035384578E-001                  1.6908737967843828E+000                  4.7234475744960536E+000                 -6.4035627455185065E+000                  6.4291504019518202E+000                  6.7779619136771807E-001                  3.0212550494816803E-001                  2.0078303684113896E-002                  5.4348611720405820E-026                  0.0000000000000000E+000                  0.0000000000000000E+000 
                                     297                  5.4242587598659298E-001                  1.6824848658112186E+000                  4.7291000161513370E+000                 -6.3876869041376763E+000                  6.4513960337991181E+000                  6.7779619136771807E-001                  3.0212550494816803E-001                  2.0078303684113896E-002                  5.6373353651324105E-026                  0.0000000000000000E+000                  0.0000000000000000E+000 
                                     298                  5.4117169688584565E-001                  1.6767707479006146E+000                  4.7337268940211619E+000                 -6.3749236456879608E+000                  6.4693642313563444E+000                  6.7779619136771807E-001                  3.0212550494816803E-001                  2.0078303684113896E-002                  5.8055711948531295E-026                  0.0000000000000000E+000                  0.0000000000000000E+000 
                                     299                  5.3991751778509844E-001                  1.6709975515997817E+000                  4.7384513024670358E+000                 -6.3620902923012643E+000                  6.4875000454873266E+000                  6.7779619136771807E-001                  3.0212550494816803E-001                  2.0078303684113896E-002                  5.9797949566923882E-026                  0.0000000000000000E+000                  0.0000000000000000E+000 
                                     300                  5.3866333868435190E-001                  1.6651631851614734E+000                  4.7432852656409645E+000                 -6.3491920246299127E+000                  6.5058080912717395E+000                  6.7779619136771807E-001                  3.0212550494816803E-001                  2.0078303684113896E-002                  6.1601700844104101E-026                  0.0000000000000000E+000                  0.0000000000000000E+000 
                                     301                  5.3740915958360547E-001                  1.6592653435712801E+000                  4.7507190333349962E+000                 -6.3299677623903126E+000                  6.5333189598929122E+000                  6.7779619136771807E-001                  3.0212550494816803E-001                  2.0078303684113896E-002                  6.4391616431808379E-026                  0.0000000000000000E+000                  0.0000000000000000E+000 
                                     302                  5.3489089499109121E-001                  1.6472138961945419E+000                  4.7586580354491446E+000                 -6.3099744020492441E+000                  6.5621075024429034E+000                  6.7779619136771807E-001                  3.0212550494816803E-001                  2.0078303684113896E-002                  6.7427310212214750E-026                  0.0000000000000000E+000                  0.0000000000000000E+000 
                                     303                  5.3362186734360684E-001                  1.6410358339216076E+000                  4.7641280400214390E+000                 -6.2967226644780636E+000                  6.5813864234242585E+000                  6.7779619136771807E-001                  3.0212550494816803E-001                  2.0078303684113896E-002                  6.9517869525214839E-026                  0.0000000000000000E+000                  0.0000000000000000E+000 
                                     304                  5.3235283969612246E-001                  1.6347805101474358E+000                  4.7697790842235630E+000                 -6.2834348239427387E+000                  6.6008708459657441E+000                  6.7779619136771807E-001                  3.0212550494816803E-001                  2.0078303684113896E-002                  7.1679230763473203E-026                  0.0000000000000000E+000                  0.0000000000000000E+000 
                                     305                  5.3108381204863864E-001                  1.6284440195890477E+000                  4.7756255925450546E+000                 -6.2701163964170537E+000                  6.6205680851865525E+000                  6.7779619136771807E-001                  3.0212550494816803E-001                  2.0078303684113896E-002                  7.3913022893635801E-026                  0.0000000000000000E+000                  0.0000000000000000E+000 
                                     306                  5.2981478440115493E-001                  1.6220220671085797E+000                  4.7817049509359908E+000                 -6.2567206975620975E+000                  6.6405618724661188E+000                  6.7779619136771807E-001                  3.0212550494816803E-001                  2.0078303684113896E-002                  7.6230024573594396E-026                  0.0000000000000000E+000                  0.0000000000000000E+000 
                                     307                  5.2853587548710368E-001                  1.6154588605268534E+000                  4.7880341364640335E+000                 -6.2432464710690967E+000                  6.6608680464408341E+000                  6.7779619136771807E-001                  3.0212550494816803E-001                  2.0078303684113896E-002                  7.8633912324833971E-026                  0.0000000000000000E+000                  0.0000000000000000E+000 
                                     308                  5.2725696657305254E-001                  1.6087988397599213E+000                  4.7946016448628805E+000                 -6.2297484065487021E+000                  6.6814168990332581E+000                  6.7779619136771807E-001                  3.0212550494816803E-001                  2.0078303684113896E-002                  8.1118089261710345E-026                  0.0000000000000000E+000                  0.0000000000000000E+000 
                                     309                  5.2597805765900130E-001                  1.6020362945808033E+000                  4.8014180271170046E+000                 -6.2162251354830449E+000                  6.7022189708295112E+000                  6.7779619136771807E-001                  3.0212550494816803E-001                  2.0078303684113896E-002                  8.3685635305407278E-026                  0.0000000000000000E+000                  0.0000000000000000E+000 
                                     310                  5.2469914874494983E-001                  1.5951650353188178E+000                  4.8085185860269606E+000                 -6.2026215810816412E+000                  6.7233650808548653E+000                  6.7779619136771807E-001                  3.0212550494816803E-001                  2.0078303684113896E-002                  8.6350453117814870E-026                  0.0000000000000000E+000                  0.0000000000000000E+000 
                                     311                  5.2341037580183336E-001                  1.5881240090377531E+000                  4.8159137015482720E+000                 -6.1889264979189367E+000                  6.7448761342591865E+000                  6.7779619136771807E-001                  3.0212550494816803E-001                  2.0078303684113896E-002                  8.9118954243541163E-026                  0.0000000000000000E+000                  0.0000000000000000E+000 
                                     312                  5.2212160285871700E-001                  1.5809584643089101E+000                  4.8216836642100933E+000                 -6.1785216951855793E+000                  6.7613536231742826E+000                  6.7779619136771807E-001                  3.0212550494816803E-001                  2.0078303684113896E-002                  9.1281523092694842E-026                  0.0000000000000000E+000                  0.0000000000000000E+000 
                                     313                  5.2147475550536626E-001                  1.5773132862346964E+000                  4.8256002383649328E+000                 -6.1716116867817323E+000                  6.7723743512844461E+000                  6.7779619136771807E-001                  3.0212550494816803E-001                  2.0078303684113896E-002                  9.2746653376470120E-026                  0.0000000000000000E+000                  0.0000000000000000E+000 
                                     314                  5.2082790815201574E-001                  1.5736337284527075E+000                  4.8315633971043388E+000                 -6.1613086221471809E+000                  6.7889199677408758E+000                  6.7779619136771807E-001                  3.0212550494816803E-001                  2.0078303684113896E-002                  9.4975018146321620E-026                  0.0000000000000000E+000                  0.0000000000000000E+000 
                                     315                  5.1953421344531447E-001                  1.5661656733805376E+000                  4.8398025734146213E+000                 -6.1473690779562666E+000                  6.8114546384785086E+000                  6.7779619136771807E-001                  3.0212550494816803E-001                  2.0078303684113896E-002                  9.8075380956263526E-026                  0.0000000000000000E+000                  0.0000000000000000E+000 
                                     316                  5.1824051873861354E-001                  1.5585466984103304E+000                  4.8483092198819353E+000                 -6.1333282955587549E+000                  6.8343387171431216E+000                  6.7779619136771807E-001                  3.0212550494816803E-001                  2.0078303684113896E-002                  1.0130062395774205E-025                  0.0000000000000000E+000                  0.0000000000000000E+000 
                                     317                  5.1694682403191261E-001                  1.5507672047133945E+000                  4.8570947163915035E+000                 -6.1191367786762791E+000                  6.8576356586438143E+000                  6.7779619136771807E-001                  3.0212550494816803E-001                  2.0078303684113896E-002                  1.0466832618932495E-025                  0.0000000000000000E+000                  0.0000000000000000E+000 
                                     318                  5.1564820756162855E-001                  1.5427864010173560E+000                  4.8639092068524583E+000                 -6.1082590531480969E+000                  6.8755592802210490E+000                  6.7779619136771807E-001                  3.0212550494816803E-001                  2.0078303684113896E-002                  1.0732528653398852E-025                  0.0000000000000000E+000                  0.0000000000000000E+000 
                                     319                  5.1499889932648701E-001                  1.5387291036354773E+000                  4.8685042689048981E+000                 -6.1010340599654453E+000                  6.8875290790091874E+000                  6.7779619136771807E-001                  3.0212550494816803E-001                  2.0078303684113896E-002                  1.0912722821844612E-025                  0.0000000000000000E+000                  0.0000000000000000E+000 
                                     320                  5.1434959109134548E-001                  1.5346246616224553E+000                  4.8755070414140347E+000                 -6.0901770771755261E+000                  6.9056087058291178E+000                  6.7779619136771807E-001                  3.0212550494816803E-001                  2.0078303684113896E-002                  1.1189207564699920E-025                  0.0000000000000000E+000                  0.0000000000000000E+000 
                                     321                  5.1304115497543901E-001                  1.5262021328297346E+000                  4.8851442409970085E+000                 -6.0753077066987178E+000                  6.9304020895818308E+000                  6.7779619136771807E-001                  3.0212550494816803E-001                  2.0078303684113896E-002                  1.1579279020226595E-025                  0.0000000000000000E+000                  0.0000000000000000E+000 
                                     322                  5.1173271885953264E-001                  1.5175693051568138E+000                  4.8925812683522043E+000                 -6.0638618339427541E+000                  6.9494962076170816E+000                  6.7779619136771807E-001                  3.0212550494816803E-001                  2.0078303684113896E-002                  1.1888783212526514E-025                  0.0000000000000000E+000                  0.0000000000000000E+000 
                                     323                  5.1107850080157913E-001                  1.5131711420059022E+000                  4.8975875874664236E+000                 -6.0562448274549041E+000                  6.9622587281855015E+000                  6.7779619136771807E-001                  3.0212550494816803E-001                  2.0078303684113896E-002                  1.2099325286997994E-025                  0.0000000000000000E+000                  0.0000000000000000E+000 
                                     324                  5.1042428274362572E-001                  1.5087152467296865E+000                  4.9051681122923805E+000                 -6.0448330712261829E+000                  6.9814584159914688E+000                  6.7779619136771807E-001                  3.0212550494816803E-001                  2.0078303684113896E-002                  1.2421759442038185E-025                  0.0000000000000000E+000                  0.0000000000000000E+000 
                                     325                  5.0911584662771903E-001                  1.4996197587753095E+000                  4.9155936367098469E+000                 -6.0290953988596137E+000                  7.0078989612731908E+000                  6.7779619136771807E-001                  3.0212550494816803E-001                  2.0078303684113896E-002                  1.2880569954892490E-025                  0.0000000000000000E+000                  0.0000000000000000E+000 
                                     326                  5.0779761824654390E-001                  1.4901987814303799E+000                  4.9263179703753757E+000                 -6.0129574712716796E+000                  7.0350414269223505E+000                  6.7779619136771807E-001                  3.0212550494816803E-001                  2.0078303684113896E-002                  1.3368661725561354E-025                  0.0000000000000000E+000                  0.0000000000000000E+000 
                                     327                  5.0647938986536878E-001                  1.4805019420162691E+000                  4.9345877888084271E+000                 -6.0004350806804627E+000                  7.0560464725527217E+000                  6.7779619136771807E-001                  3.0212550494816803E-001                  2.0078303684113896E-002                  1.3760116076131405E-025                  0.0000000000000000E+000                  0.0000000000000000E+000 
                                     328                  5.0582027567478050E-001                  1.4755461073489933E+000                  4.9401521178548862E+000                 -5.9920833319379811E+000                  7.0701063351186146E+000                  6.7779619136771807E-001                  3.0212550494816803E-001                  2.0078303684113896E-002                  1.4027548917412498E-025                  0.0000000000000000E+000                  0.0000000000000000E+000 
                                     329                  5.0516116148419210E-001                  1.4705140422267740E+000                  4.9485761381614513E+000                 -5.9795435862274227E+000                  7.0912893985484429E+000                  6.7779619136771807E-001                  3.0212550494816803E-001                  2.0078303684113896E-002                  1.4438883439099307E-025                  0.0000000000000000E+000                  0.0000000000000000E+000 
                                     330                  5.0384293310301609E-001                  1.4602059853758971E+000                  4.9572952105954240E+000                 -5.9663316343590216E+000                  7.1134449965702728E+000                  6.7779619136771807E-001                  3.0212550494816803E-001                  2.0078303684113896E-002                  1.4885330112089609E-025                  0.0000000000000000E+000                  0.0000000000000000E+000 
                                     331                  5.0317893828092530E-001                  1.4548892703459573E+000                  4.9631940098415228E+000                 -5.9574664328039102E+000                  7.1283629321915081E+000                  6.7779619136771807E-001                  3.0212550494816803E-001                  2.0078303684113896E-002                  1.5192611868315056E-025                  0.0000000000000000E+000                  0.0000000000000000E+000 
                                     332                  5.0251494345883452E-001                  1.4494834556910765E+000                  4.9691720741888856E+000                 -5.9484750106939552E+000                  7.1434893378238913E+000                  6.7779619136771807E-001                  3.0212550494816803E-001                  2.0078303684113896E-002                  1.5510751918216786E-025                  0.0000000000000000E+000                  0.0000000000000000E+000 
                                     333                  5.0185094863674395E-001                  1.4439851995879618E+000                  4.9752322585465247E+000                 -5.9393520219640656E+000                  7.1588326472518657E+000                  6.7779619136771807E-001                  3.0212550494816803E-001                  2.0078303684113896E-002                  1.5840360210102546E-025                  0.0000000000000000E+000                  0.0000000000000000E+000 
                                     334                  5.0118695381465339E-001                  1.4383909765711893E+000                  4.9844404609897008E+000                 -5.9256036003654229E+000                  7.1820369397014954E+000                  6.7779619136771807E-001                  3.0212550494816803E-001                  2.0078303684113896E-002                  1.6350368333674278E-025                  0.0000000000000000E+000                  0.0000000000000000E+000 
                                     335                  4.9985410091463711E-001                  1.4268505216399732E+000                  4.9940025345625809E+000                 -5.9110268529618919E+000                  7.2064317364563539E+000                  6.7779619136771807E-001                  3.0212550494816803E-001                  2.0078303684113896E-002                  1.6909059173288755E-025                  0.0000000000000000E+000                  0.0000000000000000E+000 
                                     336                  4.9918767446463003E-001                  1.4209225868001218E+000                  5.0004516992215073E+000                 -5.9012844085925780E+000                  7.2227994647479745E+000                  6.7779619136771807E-001                  3.0212550494816803E-001                  2.0078303684113896E-002                  1.7293072371530969E-025                  0.0000000000000000E+000                  0.0000000000000000E+000 
                                     337                  4.9852124801462294E-001                  1.4148815246577477E+000                  5.0070033333526833E+000                 -5.8913798250092162E+000                  7.2394362483514305E+000                  6.7779619136771807E-001                  3.0212550494816803E-001                  2.0078303684113896E-002                  1.7692422490516102E-025                  0.0000000000000000E+000                  0.0000000000000000E+000 
                                     338                  4.9785482156461469E-001                  1.4087225628126838E+000                  5.0136621723688375E+000                 -5.8813060845375853E+000                  7.2563541314908298E+000                  6.7779619136771807E-001                  3.0212550494816803E-001                  2.0078303684113896E-002                  1.8108059147869685E-025                  0.0000000000000000E+000                  0.0000000000000000E+000 
                                     339                  4.9718839511460639E-001                  1.4024406225045627E+000                  5.0237791963510681E+000                 -5.8661425321935354E+000                  7.2819226088853535E+000                  6.7779619136771807E-001                  3.0212550494816803E-001                  2.0078303684113896E-002                  1.8752192126405637E-025                  0.0000000000000000E+000                  0.0000000000000000E+000 
                                     340                  4.9585554221459033E-001                  1.3894772751052484E+000                  5.0343489244669728E+000                 -5.8499357335179543E+000                  7.3089989701746028E+000                  6.7779619136771807E-001                  3.0212550494816803E-001                  2.0078303684113896E-002                  1.9466007683286968E-025                  0.0000000000000000E+000                  0.0000000000000000E+000 
                                     341                  4.9518668413666650E-001                  1.3827679734804084E+000                  5.0415119100054646E+000                 -5.8390608175503305E+000                  7.3272455230553071E+000                  6.7779619136771807E-001                  3.0212550494816803E-001                  2.0078303684113896E-002                  1.9960163973259449E-025                  0.0000000000000000E+000                  0.0000000000000000E+000 
                                     342                  4.9451782605874262E-001                  1.3759107152047063E+000                  5.0488080057099305E+000                 -5.8279688694932110E+000                  7.3458491031393800E+000                  6.7779619136771807E-001                  3.0212550494816803E-001                  2.0078303684113896E-002                  2.0477114291664372E-025                  0.0000000000000000E+000                  0.0000000000000000E+000 
                                     343                  4.9384896798081879E-001                  1.3688984060699259E+000                  5.0562427199973508E+000                 -5.8166479494767298E+000                  7.3648277608255253E+000                  6.7779619136771807E-001                  3.0212550494816803E-001                  2.0078303684113896E-002                  2.1018552527259588E-025                  0.0000000000000000E+000                  0.0000000000000000E+000 
                                     344                  4.9318010990289496E-001                  1.3617234535131368E+000                  5.0619532246030170E+000                 -5.8078863043139712E+000                  7.3794726905925909E+000                  6.7779619136771807E-001                  3.0212550494816803E-001                  2.0078303684113896E-002                  2.1447403782439854E-025                  0.0000000000000000E+000                  0.0000000000000000E+000 
                                     345                  4.9284325889405550E-001                  1.3580466392481090E+000                  5.0658081185072676E+000                 -5.8020003860082587E+000                  7.3893321330388675E+000                  6.7779619136771807E-001                  3.0212550494816803E-001                  2.0078303684113896E-002                  2.1740403946729344E-025                  0.0000000000000000E+000                  0.0000000000000000E+000 
                                     346                  4.9250640788521610E-001                  1.3543254435945131E+000                  5.0716354639471160E+000                 -5.7931454923581791E+000                  7.4041968791390342E+000                  6.7779619136771807E-001                  3.0212550494816803E-001                  2.0078303684113896E-002                  2.2188761699560290E-025                  0.0000000000000000E+000                  0.0000000000000000E+000 
                                     347                  4.9183270586753691E-001                  1.3467436059760303E+000                  5.0835026283120657E+000                 -5.7751737093313951E+000                  7.4344180294575297E+000                  6.7779619136771807E-001                  3.0212550494816803E-001                  2.0078303684113896E-002                  2.3127389667930245E-025                  0.0000000000000000E+000                  0.0000000000000000E+000 
                                     348                  4.9048530183217898E-001                  1.3309788350721352E+000                  5.0960016487106836E+000                 -5.7556546083781512E+000                  7.4668403218418691E+000                  6.7779619136771807E-001                  3.0212550494816803E-001                  2.0078303684113896E-002                  2.4191894024678573E-025                  0.0000000000000000E+000                  0.0000000000000000E+000 
                                     349                  4.8981159981449962E-001                  1.3227899315802008E+000                  5.1023769792912814E+000                 -5.7457388040102098E+000                  7.4833441264560001E+000                  6.7779619136771807E-001                  3.0212550494816803E-001                  2.0078303684113896E-002                  2.4751307876064613E-025                  0.0000000000000000E+000                  0.0000000000000000E+000 
                                     350                  4.8947474880566039E-001                  1.3186128616264228E+000                  5.1066656390168630E+000                 -5.7391039897483109E+000                  7.4944136777765484E+000                  6.7779619136771807E-001                  3.0212550494816803E-001                  2.0078303684113896E-002                  2.5132830004596203E-025                  0.0000000000000000E+000                  0.0000000000000000E+000 
                                     351                  4.8913789779682121E-001                  1.3143778497149605E+000                  5.1131579911209517E+000                 -5.7291128732644276E+000                  7.5111229639173986E+000                  6.7779619136771807E-001                  3.0212550494816803E-001                  2.0078303684113896E-002                  2.5718481384862953E-025                  0.0000000000000000E+000                  0.0000000000000000E+000 
                                     352                  4.8846419577914130E-001                  1.3057246512491081E+000                  5.1220471440844753E+000                 -5.7152992580203366E+000                  7.5341386708314371E+000                  6.7779619136771807E-001                  3.0212550494816803E-001                  2.0078303684113896E-002                  2.6550755878893591E-025                  0.0000000000000000E+000                  0.0000000000000000E+000 
                                     353                  4.8779049376146144E-001                  1.2968183271379219E+000                  5.1289167013855508E+000                 -5.7045193675617627E+000                  7.5520328459142885E+000                  6.7779619136771807E-001                  3.0212550494816803E-001                  2.0078303684113896E-002                  2.7218926181159223E-025                  0.0000000000000000E+000                  0.0000000000000000E+000 
                                     354                  4.8745123144510616E-001                  1.2922340311073852E+000                  5.1335660477509588E+000                 -5.6972667833258397E+000                  7.5641040946353524E+000                  6.7779619136771807E-001                  3.0212550494816803E-001                  2.0078303684113896E-002                  2.7677905948576331E-025                  0.0000000000000000E+000                  0.0000000000000000E+000 
                                     355                  4.8711196912875099E-001                  1.2875794802487588E+000                  5.1406138935736720E+000                 -5.6863386691201825E+000                  7.5823424862469055E+000                  6.7779619136771807E-001                  3.0212550494816803E-001                  2.0078303684113896E-002                  2.8384159985058660E-025                  0.0000000000000000E+000                  0.0000000000000000E+000 
                                     356                  4.8643344449604042E-001                  1.2780471238358688E+000                  5.1502970131283572E+000                 -5.6711697170835498E+000                  7.6075594364305710E+000                  6.7779619136771807E-001                  3.0212550494816803E-001                  2.0078303684113896E-002                  2.9394475230167609E-025                  0.0000000000000000E+000                  0.0000000000000000E+000 
                                     357                  4.8575491986333030E-001                  1.2682050226630668E+000                  5.1602585693449967E+000                 -5.6555231340178356E+000                  7.6335518294372537E+000                  6.7779619136771807E-001                  3.0212550494816803E-001                  2.0078303684113896E-002                  3.0474320952412133E-025                  0.0000000000000000E+000                  0.0000000000000000E+000 
                                     358                  4.8507639523062018E-001                  1.2580318010796663E+000                  5.1679758257432988E+000                 -5.6432700593137159E+000                  7.6538233708270198E+000                  6.7779619136771807E-001                  3.0212550494816803E-001                  2.0078303684113896E-002                  3.1347608265507341E-025                  0.0000000000000000E+000                  0.0000000000000000E+000 
                                     359                  4.8473713291426501E-001                  1.2528159533072656E+000                  5.1731837664078366E+000                 -5.6350585224266219E+000                  7.6674512090682896E+000                  6.7779619136771807E-001                  3.0212550494816803E-001                  2.0078303684113896E-002                  3.1946823072725431E-025                  0.0000000000000000E+000                  0.0000000000000000E+000 
                                     360                  4.8439787059790973E-001                  1.2475083592397584E+000                  5.1810932470828179E+000                 -5.6226720966413177E+000                  7.6880716257848603E+000                  6.7779619136771807E-001                  3.0212550494816803E-001                  2.0078303684113896E-002                  3.2872444620240694E-025                  0.0000000000000000E+000                  0.0000000000000000E+000 
                                     361                  4.8371934596519967E-001                  1.2365992864512938E+000                  5.1893086706339151E+000                 -5.6095390591916869E+000                  7.7097570400216080E+000                  6.7779619136771807E-001                  3.0212550494816803E-001                  2.0078303684113896E-002                  3.3883190378137253E-025                  0.0000000000000000E+000                  0.0000000000000000E+000 
                                     362                  4.8338008364884472E-001                  1.2309956557870374E+000                  5.1948583085817495E+000                 -5.6007319488093863E+000                  7.7243476339025934E+000                  6.7779619136771807E-001                  3.0212550494816803E-001                  2.0078303684113896E-002                  3.4578367161514444E-025                  0.0000000000000000E+000                  0.0000000000000000E+000 
                                     363                  4.8304082133248971E-001                  1.2252857135665653E+000                  5.2032952505786900E+000                 -5.5874375511833820E+000                  7.7464444129361310E+000                  6.7779619136771807E-001                  3.0212550494816803E-001                  2.0078303684113896E-002                  3.5654870661878583E-025                  0.0000000000000000E+000                  0.0000000000000000E+000 
                                     364                  4.8236229669977954E-001                  1.2135236359277286E+000                  5.2121050527621620E+000                 -5.5732381986058659E+000                  7.7698349512495959E+000                  6.7779619136771807E-001                  3.0212550494816803E-001                  2.0078303684113896E-002                  3.6841720258530250E-025                  0.0000000000000000E+000                  0.0000000000000000E+000 
                                     365                  4.8202063477792767E-001                  1.2074255543310728E+000                  5.2180918175479514E+000                 -5.5636616122956024E+000                  7.7856652756531268E+000                  6.7779619136771807E-001                  3.0212550494816803E-001                  2.0078303684113896E-002                  3.7664422175586870E-025                  0.0000000000000000E+000                  0.0000000000000000E+000 
                                     366                  4.8167897285607575E-001                  1.2012011319350167E+000                  5.2272049679242150E+000                 -5.5491930061909329E+000                  7.8096659852849699E+000                  6.7779619136771807E-001                  3.0212550494816803E-001                  2.0078303684113896E-002                  3.8942391359009975E-025                  0.0000000000000000E+000                  0.0000000000000000E+000 
                                     367                  4.8099564901237263E-001                  1.1883430896656679E+000                  5.2367354470510010E+000                 -5.5336757015118136E+000                  7.8351512800664977E+000                  6.7779619136771807E-001                  3.0212550494816803E-001                  2.0078303684113896E-002                  4.0361257318971703E-025                  0.0000000000000000E+000                  0.0000000000000000E+000 
                                     368                  4.8065398709052087E-001                  1.1817060426429027E+000                  5.2431904666645712E+000                 -5.5232523680792713E+000                  7.8523357868219072E+000                  6.7779619136771807E-001                  3.0212550494816803E-001                  2.0078303684113896E-002                  4.1343277457267833E-025                  0.0000000000000000E+000                  0.0000000000000000E+000 
                                     369                  4.8031232516866917E-001                  1.1749189139328877E+000                  5.2530313697741047E+000                 -5.5074903634584365E+000                  7.8784211065879655E+000                  6.7779619136771807E-001                  3.0212550494816803E-001                  2.0078303684113896E-002                  4.2873882892767571E-025                  0.0000000000000000E+000                  0.0000000000000000E+000 
                                     370                  4.7962900132496572E-001                  1.1608552230971660E+000                  5.2633816924413086E+000                 -5.4904507900543393E+000                  7.9063168593394249E+000                  6.7779619136771807E-001                  3.0212550494816803E-001                  2.0078303684113896E-002                  4.4592408287906004E-025                  0.0000000000000000E+000                  0.0000000000000000E+000 
                                     371                  4.7928614598951008E-001                  1.1535484703548389E+000                  5.2686725650051853E+000                 -5.4817698941775470E+000                  7.9205539837438703E+000                  6.7779619136771807E-001                  3.0212550494816803E-001                  2.0078303684113896E-002                  4.5494256874924284E-025                  0.0000000000000000E+000                  0.0000000000000000E+000 
                                     372                  4.7911471832178204E-001                  1.1498280811146264E+000                  5.2722319282356311E+000                 -5.4759572798293803E+000                  7.9301077031661782E+000                  6.7779619136771807E-001                  3.0212550494816803E-001                  2.0078303684113896E-002                  4.6108304108603070E-025                  0.0000000000000000E+000                  0.0000000000000000E+000 
                                     373                  4.7894329065405405E-001                  1.1460609850847916E+000                  5.2776202538235788E+000                 -5.4671987669036328E+000                  7.9445346738750899E+000                  6.7779619136771807E-001                  3.0212550494816803E-001                  2.0078303684113896E-002                  4.7049259534267608E-025                  0.0000000000000000E+000                  0.0000000000000000E+000 
                                     374                  4.7860043531859819E-001                  1.1383800965221555E+000                  5.2849869557994635E+000                 -5.4551187511270154E+000                  7.9643672395491540E+000                  6.7779619136771807E-001                  3.0212550494816803E-001                  2.0078303684113896E-002                  4.8378670124692479E-025                  0.0000000000000000E+000                  0.0000000000000000E+000 
                                     375                  4.7825757998314239E-001                  1.1304974129212555E+000                  5.2925297597747081E+000                 -5.4427162910133946E+000                  7.9847145259455035E+000                  6.7779619136771807E-001                  3.0212550494816803E-001                  2.0078303684113896E-002                  4.9782691156400274E-025                  0.0000000000000000E+000                  0.0000000000000000E+000 
                                     376                  4.7791472464768642E-001                  1.1224020605962848E+000                  5.3002580034564328E+000                 -5.4299730343484169E+000                  8.0056053349601530E+000                  6.7779619136771807E-001                  3.0212550494816803E-001                  2.0078303684113896E-002                  5.1267783191538076E-025                  0.0000000000000000E+000                  0.0000000000000000E+000 
                                     377                  4.7757186931223061E-001                  1.1140822771774193E+000                  5.3081816570670384E+000                 -5.4168689314755119E+000                  8.0270708937717767E+000                  6.7779619136771807E-001                  3.0212550494816803E-001                  2.0078303684113896E-002                  7.1716070434138539E-025                  0.0000000000000000E+000                  0.0000000000000000E+000 
                                     378                  4.7722901397677442E-001                  1.1055253156514806E+000                  5.3163114392195281E+000                 -5.4033821124912800E+000                  8.0491451310543987E+000                  6.7779619136771807E-001                  3.0212550494816803E-001                  2.0078303684113896E-002                  1.0447205653790554E-024                  0.0000000000000000E+000                  0.0000000000000000E+000 
                                     379                  4.7688615864131817E-001                  1.0967173337859144E+000                  5.3225871355971837E+000                 -5.3928633262009225E+000                  8.0662954819644490E+000                  6.7779619136771807E-001                  3.0212550494816803E-001                  2.0078303684113896E-002                  1.3949847792896694E-024                  0.0000000000000000E+000                  0.0000000000000000E+000 
                                     380                  4.7671473097359035E-001                  1.0922160013055673E+000                  5.3268176339880497E+000                 -5.3858121964747125E+000                  8.0778222577300696E+000                  6.7779619136771807E-001                  3.0212550494816803E-001                  2.0078303684113896E-002                  1.6937670192575897E-024                  0.0000000000000000E+000                  0.0000000000000000E+000 
                                     381                  4.7654330330586248E-001                  1.0876462127263709E+000                  5.3332352015938120E+000                 -5.3751747637266600E+000                  8.0952573679425388E+000                  6.7779619136771807E-001                  3.0212550494816803E-001                  2.0078303684113896E-002                  2.2706843209836158E-024                  0.0000000000000000E+000                  0.0000000000000000E+000 
                                     382                  4.7620044797040728E-001                  1.0782895541662088E+000                  5.3420573325609224E+000                 -5.3603874736182497E+000                  8.1193933635993716E+000                  6.7779619136771807E-001                  3.0212550494816803E-001                  2.0078303684113896E-002                  3.3912024367136571E-024                  0.0000000000000000E+000                  0.0000000000000000E+000 
                                     383                  4.7585759263495131E-001                  1.0686323974019794E+000                  5.3511389049480549E+000                 -5.3451077908229783E+000                  8.1443078615080076E+000                  6.7779619136771807E-001                  3.0212550494816803E-001                  2.0078303684113896E-002                  5.1117119287490639E-024                  0.0000000000000000E+000                  0.0000000000000000E+000 
                                     384                  4.7551473729949539E-001                  1.0586550301985027E+000                  5.3604966936720597E+000                 -5.3293013937663218E+000                  8.1700541223260554E+000                  6.7779619136771807E-001                  3.0212550494816803E-001                  2.0078303684113896E-002                  7.7809747169159674E-024                  0.0000000000000000E+000                  0.0000000000000000E+000 
                                     385                  4.7517188196403920E-001                  1.0483357713407566E+000                  5.3677562067633691E+000                 -5.3168864566867740E+000                  8.1901833083624673E+000                  6.7779619136771807E-001                  3.0212550494816803E-001                  2.0078303684113896E-002                  1.0761872746177789E-023                  0.0000000000000000E+000                  0.0000000000000000E+000 
                                     386                  4.7500045429631071E-001                  1.0430429225020734E+000                  5.3726598625722959E+000                 -5.3085554176498331E+000                  8.2037330629672915E+000                  6.7779619136771807E-001                  3.0212550494816803E-001                  2.0078303684113896E-002                  1.3383124874192560E-023                  0.0000000000000000E+000                  0.0000000000000000E+000 
                                     387                  4.7482902662858223E-001                  1.0376555385372352E+000                  5.3801142263150945E+000                 -5.2959728129891257E+000                  8.2242613920939256E+000                  6.7779619136771807E-001                  3.0212550494816803E-001                  2.0078303684113896E-002                  1.8609930295100027E-023                  0.0000000000000000E+000                  0.0000000000000000E+000 
                                     388                  4.7448617129312615E-001                  1.0265780386305472E+000                  5.3904196941098030E+000                 -5.2783420341337717E+000                  8.2528818188303994E+000                  6.7779619136771807E-001                  3.0212550494816803E-001                  2.0078303684113896E-002                  2.9286062422043700E-023                  0.0000000000000000E+000                  0.0000000000000000E+000 
                                     389                  4.7414331595767012E-001                  1.0150788337079655E+000                  5.4011062267096612E+000                 -5.2599755026450064E+000                  8.2826606779728582E+000                  6.7779619136771807E-001                  3.0212550494816803E-001                  2.0078303684113896E-002                  4.6708312825824851E-023                  0.0000000000000000E+000                  0.0000000000000000E+000 
                                     390                  4.7379926720860943E-001                  1.0030826429013544E+000                  5.4094567749179481E+000                 -5.2454114392152817E+000                  8.3061458032986337E+000                  6.7779619136771807E-001                  3.0212550494816803E-001                  2.0078303684113896E-002                  6.7132875341580789E-023                  0.0000000000000000E+000                  0.0000000000000000E+000 
                                     391                  4.7362724283407931E-001                  9.9690531160675044E-001                  5.4151100430411532E+000                 -5.2356273332260219E+000                  8.3219809453160742E+000                  6.7779619136771807E-001                  3.0212550494816803E-001                  2.0078303684113896E-002                  8.5698820640564101E-023                  0.0000000000000000E+000                  0.0000000000000000E+000 
                                     392                  4.7345521845954919E-001                  9.9059951297873805E-001                  5.4237237018970763E+000                 -5.2208320515693094E+000                  8.3460142272010760E+000                  6.7779619136771807E-001                  3.0212550494816803E-001                  2.0078303684113896E-002                  1.2405060328846554E-022                  0.0000000000000000E+000                  0.0000000000000000E+000 
                                     393                  4.7311116971048850E-001                  9.7757196661837820E-001                  5.4327415276346658E+000                 -5.2049212000463356E+000                  8.3715881085527304E+000                  6.7779619136771807E-001                  3.0212550494816803E-001                  2.0078303684113896E-002                  1.8243658670402235E-022                  0.0000000000000000E+000                  0.0000000000000000E+000 
                                     394                  4.7293914533595832E-001                  9.7084750873129944E-001                  5.4388547223643675E+000                 -5.1942251528128214E+000                  8.3888489545367015E+000                  6.7779619136771807E-001                  3.0212550494816803E-001                  2.0078303684113896E-002                  2.3657051678624440E-022                  0.0000000000000000E+000                  0.0000000000000000E+000 
                                     395                  4.7276712096142814E-001                  9.6397111518973233E-001                  5.4450952636476817E+000                 -5.1832742404913210E+000                  8.4065072489400006E+000                  6.7779619136771807E-001                  3.0212550494816803E-001                  2.0078303684113896E-002                  3.0809132993232397E-022                  0.0000000000000000E+000                  0.0000000000000000E+000 
                                     396                  4.7259509658689813E-001                  9.5693593434655810E-001                  5.4514687829323210E+000                 -5.1720562511020338E+000                  8.4245816391318549E+000                  6.7779619136771807E-001                  3.0212550494816803E-001                  2.0078303684113896E-002                  4.0303661393149707E-022                  0.0000000000000000E+000                  0.0000000000000000E+000 
                                     397                  4.7242307221236818E-001                  9.4973465046427896E-001                  5.4612012324262951E+000                 -5.1550733894291723E+000                  8.4520596101406849E+000                  6.7779619136771807E-001                  3.0212550494816803E-001                  2.0078303684113896E-002                  6.0577955051366481E-022                  0.0000000000000000E+000                  0.0000000000000000E+000 
                                     398                  4.7207902346330749E-001                  9.3478847196377035E-001                  5.4714574764199124E+000                 -5.1366102025941958E+000                  8.4815682092485254E+000                  6.7779619136771807E-001                  3.0212550494816803E-001                  2.0078303684113896E-002                  9.2904374665216167E-022                  0.0000000000000000E+000                  0.0000000000000000E+000 
                                     399                  4.7190699908877715E-001                  9.2703992809576730E-001                  5.4784281593389945E+000                 -5.1241843145538928E+000                  8.5015211896944312E+000                  6.7779619136771807E-001                  3.0212550494816803E-001                  2.0078303684113896E-002                  1.2398235943757597E-021                  0.0000000000000000E+000                  0.0000000000000000E+000 
                                     400                  4.7173497471424686E-001                  9.1909045187167682E-001                  5.4855669738372921E+000                 -5.1114161023531652E+000                  8.5220057435716967E+000                  6.7779619136771807E-001                  3.0212550494816803E-001                  2.0078303684113896E-002                  1.6637928794627266E-021                  0.0000000000000000E+000                  0.0000000000000000E+000 
                                     401                  4.7156295033971635E-001                  9.1092965104390689E-001                  5.4928825728765478E+000                 -5.0982868487788942E+000                  8.5430505247210107E+000                  6.7779619136771807E-001                  3.0212550494816803E-001                  2.0078303684113896E-002                  2.2457861031555710E-021                  0.0000000000000000E+000                  0.0000000000000000E+000 
                                     402                  4.7139092596518595E-001                  9.0254632143041136E-001                  5.4985338869531963E+000                 -5.0880380081809173E+000                  8.5594145537545057E+000                  6.7779619136771807E-001                  3.0212550494816803E-001                  2.0078303684113896E-002                  2.8290484418226028E-021                  0.0000000000000000E+000                  0.0000000000000000E+000 
                                     403                  4.7130432054424448E-001                  8.9823903876973088E-001                  5.5023596423666437E+000                 -5.0811371713882769E+000                  8.5704615589062012E+000                  6.7779619136771807E-001                  3.0212550494816803E-001                  2.0078303684113896E-002                  3.3056240851884794E-021                  0.0000000000000000E+000                  0.0000000000000000E+000 
                                     404                  4.7121771512330307E-001                  8.9387070817213754E-001                  5.5081609290019387E+000                 -5.0707296485320104E+000                  8.5871662486963896E+000                  6.7779619136771807E-001                  3.0212550494816803E-001                  2.0078303684113896E-002                  4.1818645336276078E-021                  0.0000000000000000E+000                  0.0000000000000000E+000 
                                     405                  4.7104450428142025E-001                  8.8494109777893293E-001                  5.5161232575583892E+000                 -5.0562835302039701E+000                  8.6102557448852863E+000                  6.7779619136771807E-001                  3.0212550494816803E-001                  2.0078303684113896E-002                  5.7676266843151466E-021                  0.0000000000000000E+000                  0.0000000000000000E+000 
                                     406                  4.7087129343953749E-001                  8.7574571695740078E-001                  5.5243077750055845E+000                 -5.0413777013703429E+000                  8.6340563502673184E+000                  6.7779619136771807E-001                  3.0212550494816803E-001                  2.0078303684113896E-002                  8.0121492891029133E-021                  0.0000000000000000E+000                  0.0000000000000000E+000 
                                     407                  4.7069808259765450E-001                  8.6626878367544247E-001                  5.5327278261605723E+000                 -5.0259834476599501E+000                  8.6586121589429208E+000                  6.7779619136771807E-001                  3.0212550494816803E-001                  2.0078303684113896E-002                  1.1214962370781423E-020                  0.0000000000000000E+000                  0.0000000000000000E+000 
                                     408                  4.7052487175577196E-001                  8.5649309094748249E-001                  5.5392467371172058E+000                 -5.0139190595526113E+000                  8.6777690367510196E+000                  6.7779619136771807E-001                  3.0212550494816803E-001                  2.0078303684113896E-002                  1.4534960588771884E-020                  0.0000000000000000E+000                  0.0000000000000000E+000 
                                     409                  4.7043826633483060E-001                  8.5148948614452002E-001                  5.5436473187108710E+000                 -5.0058287054367669E+000                  8.6906564300843918E+000                  6.7779619136771807E-001                  3.0212550494816803E-001                  2.0078303684113896E-002                  1.7301563666978847E-020                  0.0000000000000000E+000                  0.0000000000000000E+000 
                                     410                  4.7035166091388930E-001                  8.4640408230033626E-001                  5.5503324311849802E+000                 -4.9936187302251032E+000                  8.7101682509966238E+000                  6.7779619136771807E-001                  3.0212550494816803E-001                  2.0078303684113896E-002                  2.2516772054711803E-020                  0.0000000000000000E+000                  0.0000000000000000E+000 
                                     411                  4.7017845007200665E-001                  8.3597252163724456E-001                  5.5595525890819832E+000                 -4.9765585709653815E+000                  8.7372981314337039E+000                  6.7779619136771807E-001                  3.0212550494816803E-001                  2.0078303684113896E-002                  3.2332683000451037E-020                  0.0000000000000000E+000                  0.0000000000000000E+000 
                                     412                  4.7000523923012399E-001                  8.2518011069276764E-001                  5.5690755806223287E+000                 -4.9588645138884386E+000                  8.7654063466683976E+000                  6.7779619136771807E-001                  3.0212550494816803E-001                  2.0078303684113896E-002                  4.6873797420946281E-020                  0.0000000000000000E+000                  0.0000000000000000E+000 
                                     413                  4.6983202838824145E-001                  8.1400188020915054E-001                  5.5764815858356176E+000                 -4.9449120393411672E+000                  8.7874557935277533E+000                  6.7779619136771807E-001                  3.0212550494816803E-001                  2.0078303684113896E-002                  6.2488610572827270E-020                  0.0000000000000000E+000                  0.0000000000000000E+000 
                                     414                  4.6974542296730021E-001                  8.0826274999821446E-001                  5.5814900434657995E+000                 -4.9355496120218749E+000                  8.8023068762576457E+000                  6.7779619136771807E-001                  3.0212550494816803E-001                  2.0078303684113896E-002                  7.5823108525639638E-020                  0.0000000000000000E+000                  0.0000000000000000E+000 
                                     415                  4.6965881754635896E-001                  8.0241672985797974E-001                  5.5891125262586456E+000                 -4.9214096441492829E+000                  8.8248204068124529E+000                  6.7779619136771807E-001                  3.0212550494816803E-001                  2.0078303684113896E-002                  1.0161587756474644E-019                  0.0000000000000000E+000                  0.0000000000000000E+000 
                                     416                  4.6948560670447670E-001                  7.9038085654607471E-001                  5.5996770307546235E+000                 -4.9015111516786938E+000                  8.8563205294631757E+000                  6.7779619136771807E-001                  3.0212550494816803E-001                  2.0078303684113896E-002                  1.5218246727437401E-019                  0.0000000000000000E+000                  0.0000000000000000E+000 
                                     417                  4.6931239586259443E-001                  7.7786692755970788E-001                  5.6079258964809942E+000                 -4.8857263301097857E+000                  8.8811596017630059E+000                  6.7779619136771807E-001                  3.0212550494816803E-001                  2.0078303684113896E-002                  2.0828424018626676E-019                  0.0000000000000000E+000                  0.0000000000000000E+000 
                                     418                  4.6922579044165302E-001                  7.7142354074801567E-001                  5.6135133043236873E+000                 -4.8751279082927219E+000                  8.8979081049811342E+000                  6.7779619136771807E-001                  3.0212550494816803E-001                  2.0078303684113896E-002                  2.5729349718948982E-019                  0.0000000000000000E+000                  0.0000000000000000E+000 
                                     419                  4.6913918502071161E-001                  7.6484627707198882E-001                  5.6220310331596597E+000                 -4.8591103302165379E+000                  8.9233281772224817E+000                  6.7779619136771807E-001                  3.0212550494816803E-001                  2.0078303684113896E-002                  3.5440002132396204E-019                  0.0000000000000000E+000                  0.0000000000000000E+000 
                                     420                  4.6896597417882907E-001                  7.5125735963835083E-001                  5.6309566306798891E+000                 -4.8418266514914166E+000                  8.9504363016132249E+000                  6.7779619136771807E-001                  3.0212550494816803E-001                  2.0078303684113896E-002                  4.9524252084330193E-019                  0.0000000000000000E+000                  0.0000000000000000E+000 
                                     421                  4.6887936875788777E-001                  7.4424457155590784E-001                  5.6370106106766062E+000                 -4.8302170371723294E+000                  8.9687306236886162E+000                  6.7779619136771807E-001                  3.0212550494816803E-001                  2.0078303684113896E-002                  6.2051583113734259E-019                  0.0000000000000000E+000                  0.0000000000000000E+000 
                                     422                  4.6879276333694653E-001                  7.3707399265228546E-001                  5.6462527305212875E+000                 -4.8126629870664628E+000                  8.9965229160200817E+000                  6.7779619136771807E-001                  3.0212550494816803E-001                  2.0078303684113896E-002                  8.7354597051502029E-019                  0.0000000000000000E+000                  0.0000000000000000E+000 
                                     423                  4.6861955249506404E-001                  7.2221720057364813E-001                  5.6559784988795849E+000                 -4.7935882415713547E+000                  9.0263340286150644E+000                  6.7779619136771807E-001                  3.0212550494816803E-001                  2.0078303684113896E-002                  1.2506855656285336E-018                  0.0000000000000000E+000                  0.0000000000000000E+000 
                                     424                  4.6853294707412291E-001                  7.1452986132062313E-001                  5.6625860488911322E+000                 -4.7807701991499645E+000                  9.0464725484864719E+000                  6.7779619136771807E-001                  3.0212550494816803E-001                  2.0078303684113896E-002                  1.5932707709099370E-018                  0.0000000000000000E+000                  0.0000000000000000E+000 
                                     425                  4.6844634165318172E-001                  7.0665395876986614E-001                  5.6693484559645544E+000                 -4.7676125477107947E+000                  9.0671287976338721E+000                  6.7779619136771807E-001                  3.0212550494816803E-001                  2.0078303684113896E-002                  2.0390508381597771E-018                  0.0000000000000000E+000                  0.0000000000000000E+000 
                                     426                  4.6835973623224042E-001                  6.9858041641229007E-001                  5.6745524178741187E+000                 -4.7573833022150147E+000                  9.0831249952310529E+000                  6.7779619136771807E-001                  3.0212550494816803E-001                  2.0078303684113896E-002                  2.4639538418049955E-018                  0.0000000000000000E+000                  0.0000000000000000E+000 
                                     427                  4.6831643352176977E-001                  6.9446772701928372E-001                  5.6780568907881532E+000                 -4.7505351918324665E+000                  9.0938644384679783E+000                  6.7779619136771807E-001                  3.0212550494816803E-001                  2.0078303684113896E-002                  2.7975707009730871E-018                  0.0000000000000000E+000                  0.0000000000000000E+000 
                                     428                  4.6827313081129912E-001                  6.9030195874865619E-001                  5.6833674481498129E+000                 -4.7402183664621225E+000                  9.1100899820142072E+000                  6.7779619136771807E-001                  3.0212550494816803E-001                  2.0078303684113896E-002                  3.3886881990111756E-018                  0.0000000000000000E+000                  0.0000000000000000E+000 
                                     429                  4.6818652539035804E-001                  6.8180315594303620E-001                  5.6906416970514266E+000                 -4.7259331132801963E+000                  9.1324633141508542E+000                  6.7779619136771807E-001                  3.0212550494816803E-001                  2.0078303684113896E-002                  4.4026603962169837E-018                  0.0000000000000000E+000                  0.0000000000000000E+000 
                                     430                  4.6809991996941691E-001                  6.7307526869542156E-001                  5.6981042976120921E+000                 -4.7112309040836999E+000                  9.1554707763629057E+000                  6.7779619136771807E-001                  3.0212550494816803E-001                  2.0078303684113896E-002                  5.7515738612629416E-018                  0.0000000000000000E+000                  0.0000000000000000E+000 
                                     431                  4.6801331454847594E-001                  6.6410617195635369E-001                  5.7038627235075303E+000                 -4.6997567507625506E+000                  9.1733481498660172E+000                  6.7779619136771807E-001                  3.0212550494816803E-001                  2.0078303684113896E-002                  7.0642537865051170E-018                  0.0000000000000000E+000                  0.0000000000000000E+000 
                                     432                  4.6797001183800546E-001                  6.5952880615144349E-001                  5.7077447837735908E+000                 -4.6920732143418524E+000                  9.1853584734332898E+000                  6.7779619136771807E-001                  3.0212550494816803E-001                  2.0078303684113896E-002                  8.1095990766375127E-018                  0.0000000000000000E+000                  0.0000000000000000E+000 
                                     433                  4.6792670912753498E-001                  6.5488620347044368E-001                  5.7136339884228029E+000                 -4.6804943487934167E+000                  9.2035167282241304E+000                  6.7779619136771807E-001                  3.0212550494816803E-001                  2.0078303684113896E-002                  9.9892113927973534E-018                  0.0000000000000000E+000                  0.0000000000000000E+000 
                                     434                  4.6784010370659385E-001                  6.4539425679809848E-001                  5.7217246623207094E+000                 -4.6643926652730832E+000                  9.2286486775947250E+000                  6.7779619136771807E-001                  3.0212550494816803E-001                  2.0078303684113896E-002                  1.3288960745376399E-017                  0.0000000000000000E+000                  0.0000000000000000E+000 
                                     435                  4.6775349828565282E-001                  6.3561849880686883E-001                  5.7279825368374393E+000                 -4.6517823876169224E+000                  9.2482359624484616E+000                  6.7779619136771807E-001                  3.0212550494816803E-001                  2.0078303684113896E-002                  1.6559432387725706E-017                  0.0000000000000000E+000                  0.0000000000000000E+000 
                                     436                  4.6771019557518223E-001                  6.3062125401014391E-001                  5.7322052256659628E+000                 -4.6433361313411643E+000                  9.2614026025847735E+000                  6.7779619136771807E-001                  3.0212550494816803E-001                  2.0078303684113896E-002                  1.9196623694574501E-017                  0.0000000000000000E+000                  0.0000000000000000E+000 
                                     437                  4.6766689286471164E-001                  6.2554677711931850E-001                  5.7386171987886465E+000                 -4.6306044521112462E+000                  9.2813212500810920E+000                  6.7779619136771807E-001                  3.0212550494816803E-001                  2.0078303684113896E-002                  2.4000651778454098E-017                  0.0000000000000000E+000                  0.0000000000000000E+000 
                                     438                  4.6758028744377045E-001                  6.1515182048479566E-001                  5.7474485928975527E+000                 -4.6128297273854946E+000                  9.3089825546056542E+000                  6.7779619136771807E-001                  3.0212550494816803E-001                  2.0078303684113896E-002                  3.2609934524171207E-017                  0.0000000000000000E+000                  0.0000000000000000E+000 
                                     439                  4.6749368202282909E-001                  6.0441849734959230E-001                  5.7542978202297279E+000                 -4.5988509440291878E+000                  9.3306180509907044E+000                  6.7779619136771807E-001                  3.0212550494816803E-001                  2.0078303684113896E-002                  4.1326341460129092E-017                  0.0000000000000000E+000                  0.0000000000000000E+000 
                                     440                  4.6745037931235839E-001                  5.9892125800196627E-001                  5.7589244114333518E+000                 -4.5894856300818976E+000                  9.3451711216614601E+000                  6.7779619136771807E-001                  3.0212550494816803E-001                  2.0078303684113896E-002                  4.8457931731745034E-017                  0.0000000000000000E+000                  0.0000000000000000E+000 
                                     441                  4.6740707660188768E-001                  5.9333129086820224E-001                  5.7659572469300127E+000                 -4.5753642370103762E+000                  9.3672027667117401E+000                  6.7779619136771807E-001                  3.0212550494816803E-001                  2.0078303684113896E-002                  6.1648096747935202E-017                  0.0000000000000000E+000                  0.0000000000000000E+000 
                                     442                  4.6732047118094638E-001                  5.8185420352847028E-001                  5.7732644349190565E+000                 -4.5603075134729041E+000                  9.3904426418459384E+000                  6.7779619136771807E-001                  3.0212550494816803E-001                  2.0078303684113896E-002                  7.9139989408061177E-017                  0.0000000000000000E+000                  0.0000000000000000E+000 
                                     443                  4.6727716847047585E-001                  5.7596746816338995E-001                  5.7782044615452559E+000                 -4.5502183086133297E+000                  9.4060826733256953E+000                  6.7779619136771807E-001                  3.0212550494816803E-001                  2.0078303684113896E-002                  9.3611679041382341E-017                  0.0000000000000000E+000                  0.0000000000000000E+000 
                                     444                  4.6723386576000531E-001                  5.6997503813105521E-001                  5.7857202372937850E+000                 -4.5350024043237829E+000                  9.4297725620095090E+000                  6.7779619136771807E-001                  3.0212550494816803E-001                  2.0078303684113896E-002                  1.2069208243557365E-016                  0.0000000000000000E+000                  0.0000000000000000E+000 
                                     445                  4.6714726033906395E-001                  5.5764985658794930E-001                  5.7935498140085180E+000                 -4.5187025000038670E+000                  9.4548561679907088E+000                  6.7779619136771807E-001                  3.0212550494816803E-001                  2.0078303684113896E-002                  1.5720699504132921E-016                  0.0000000000000000E+000                  0.0000000000000000E+000 
                                     446                  4.6710395762859325E-001                  5.5131778455469316E-001                  5.7988483299121985E+000                 -4.5077788821728602E+000                  9.4717462931678469E+000                  6.7779619136771807E-001                  3.0212550494816803E-001                  2.0078303684113896E-002                  1.8780028414665887E-016                  0.0000000000000000E+000                  0.0000000000000000E+000 
                                     447                  4.6706065491812254E-001                  5.4486422480344654E-001                  5.8042448378367553E+000                 -4.4966267658201682E+000                  9.4889786423708902E+000                  6.7779619136771807E-001                  3.0212550494816803E-001                  2.0078303684113896E-002                  2.2494908313749384E-016                  0.0000000000000000E+000                  0.0000000000000000E+000 
                                     448                  4.6701735220765200E-001                  5.3828468605226287E-001                  5.8097431179796111E+000                 -4.4852373706241790E+000                  9.5065664262826655E+000                  6.7779619136771807E-001                  3.0212550494816803E-001                  2.0078303684113896E-002                  2.7019457714649000E-016                  0.0000000000000000E+000                  0.0000000000000000E+000 
                                     449                  4.6697404949718141E-001                  5.3157442756922502E-001                  5.8181222015522138E+000                 -4.4680568391620605E+000                  9.5332312253959195E+000                  6.7779619136771807E-001                  3.0212550494816803E-001                  2.0078303684113896E-002                  3.5662644146804824E-016                  0.0000000000000000E+000                  0.0000000000000000E+000 
                                     450                  4.6688744407624011E-001                  5.1772935998744551E-001                  5.8268946722405248E+000                 -4.4495010315207493E+000                  9.5616551711083950E+000                  6.7779619136771807E-001                  3.0212550494816803E-001                  2.0078303684113896E-002                  4.7668450847812043E-016                  0.0000000000000000E+000                  0.0000000000000000E+000 
                                     451                  4.6684414136576941E-001                  5.1059592688924638E-001                  5.8328426608857553E+000                 -4.4370645585322555E+000                  9.5808126408522796E+000                  6.7779619136771807E-001                  3.0212550494816803E-001                  2.0078303684113896E-002                  5.7955811892732857E-016                  0.0000000000000000E+000                  0.0000000000000000E+000 
                                     452                  4.6680083865529876E-001                  5.0330992340034220E-001                  5.8389149895163612E+000                 -4.4243387914505412E+000                  9.6004040566050488E+000                  6.7779619136771807E-001                  3.0212550494816803E-001                  2.0078303684113896E-002                  7.0698098230599319E-016                  0.0000000000000000E+000                  0.0000000000000000E+000 
                                     453                  4.6675753594482805E-001                  4.9586503970160228E-001                  5.8451169805721879E+000                 -4.4113112771118574E+000                  9.6204481127014780E+000                  6.7779619136771807E-001                  3.0212550494816803E-001                  2.0078303684113896E-002                  8.6540460808932473E-016                  0.0000000000000000E+000                  0.0000000000000000E+000 
                                     454                  4.6671423323435735E-001                  4.8825457324383925E-001                  5.8514542570194301E+000                 -4.3979687404708683E+000                  9.6409646953641612E+000                  6.7779619136771807E-001                  3.0212550494816803E-001                  2.0078303684113896E-002                  1.0631394215576527E-015                  0.0000000000000000E+000                  0.0000000000000000E+000 
                                     455                  4.6667093052388670E-001                  4.8047139620363583E-001                  5.8579327566291362E+000                 -4.3842969754747401E+000                  9.6619749846910583E+000                  6.7779619136771807E-001                  3.0212550494816803E-001                  2.0078303684113896E-002                  1.3109393561141647E-015                  0.0000000000000000E+000                  0.0000000000000000E+000 
                                     456                  4.6662762781341616E-001                  4.7250792026180305E-001                  5.8645587506081265E+000                 -4.3702807364525480E+000                  9.6835015674647043E+000                  6.7779619136771807E-001                  3.0212550494816803E-001                  2.0078303684113896E-002                  1.6227863244867107E-015                  0.0000000000000000E+000                  0.0000000000000000E+000 
                                     457                  4.6658432510294556E-001                  4.6435605826296061E-001                  5.8713388765602419E+000                 -4.3559036869476735E+000                  9.7055685620545908E+000                  6.7779619136771807E-001                  3.0212550494816803E-001                  2.0078303684113896E-002                  2.0169488979588634E-015                  0.0000000000000000E+000                  0.0000000000000000E+000 
                                     458                  4.6654102239247502E-001                  4.5600718110008204E-001                  5.8782801826043807E+000                 -4.3411483042827541E+000                  9.7282017571205284E+000                  6.7779619136771807E-001                  3.0212550494816803E-001                  2.0078303684113896E-002                  2.5174197076193135E-015                  0.0000000000000000E+000                  0.0000000000000000E+000 
                                     459                  4.6649771968200426E-001                  4.4745206985424130E-001                  5.8853901679116110E+000                 -4.3259957495377233E+000                  9.7514287659654197E+000                  6.7779619136771807E-001                  3.0212550494816803E-001                  2.0078303684113896E-002                  3.1558779332110665E-015                  0.0000000000000000E+000                  0.0000000000000000E+000 
                                     460                  4.6645441697153350E-001                  4.3868086304907811E-001                  5.8926768410695010E+000                 -4.3104257831585988E+000                  9.7752791985733847E+000                  6.7779619136771807E-001                  3.0212550494816803E-001                  2.0078303684113896E-002                  3.9743864968178409E-015                  0.0000000000000000E+000                  0.0000000000000000E+000 
                                     461                  4.6641111426106285E-001                  4.2968299715535924E-001                  5.9001487970794111E+000                 -4.2944166720235986E+000                  9.7997848539499604E+000                  6.7779619136771807E-001                  3.0212550494816803E-001                  2.0078303684113896E-002                  5.0291245765275817E-015                  0.0000000000000000E+000                  0.0000000000000000E+000 
                                     462                  4.6636781155059220E-001                  4.2044713922312654E-001                  5.9078152904566998E+000                 -4.2779450526492804E+000                  9.8249799358698748E+000                  6.7779619136771807E-001                  3.0212550494816803E-001                  2.0078303684113896E-002                  6.3955866211866346E-015                  0.0000000000000000E+000                  0.0000000000000000E+000 
                                     463                  4.6632450884012155E-001                  4.1096111105880989E-001                  5.9156863242516025E+000                 -4.2609857803058446E+000                  9.8509012955620054E+000                  6.7779619136771807E-001                  3.0212550494816803E-001                  2.0078303684113896E-002                  8.1758788904100310E-015                  0.0000000000000000E+000                  0.0000000000000000E+000 
                                     464                  4.6628120612965085E-001                  4.0121180356280550E-001                  5.9237727547130472E+000                 -4.2435118224332120E+000                  9.8775887055203935E+000                  6.7779619136771807E-001                  3.0212550494816803E-001                  2.0078303684113896E-002                  1.0509037448723439E-014                  0.0000000000000000E+000                  0.0000000000000000E+000 
                                     465                  4.6623790341918020E-001                  3.9118507811815800E-001                  5.9300229930922699E+000                 -4.2298298915659647E+000                  9.8983725328536263E+000                  6.7779619136771807E-001                  3.0212550494816803E-001                  2.0078303684113896E-002                  1.2752620853649756E-014                  0.0000000000000000E+000                  0.0000000000000000E+000 
                                     466                  4.6621625206394490E-001                  3.8606554017305761E-001                  5.9342390210204652E+000                 -4.2206834577240713E+000                  9.9123280310505244E+000                  6.7779619136771807E-001                  3.0212550494816803E-001                  2.0078303684113896E-002                  1.4521162906698959E-014                  0.0000000000000000E+000                  0.0000000000000000E+000 
                                     467                  4.6619460070870966E-001                  3.8087090656519262E-001                  5.9406385536443027E+000                 -4.2069229815084919E+000                  9.9334166873891157E+000                  6.7779619136771807E-001                  3.0212550494816803E-001                  2.0078303684113896E-002                  1.7667805444394819E-014                  0.0000000000000000E+000                  0.0000000000000000E+000 
                                     468                  4.6615129799823901E-001                  3.7024207831206440E-001                  5.9494462185193742E+000                 -4.1877203504692959E+000                  9.9626750258930983E+000                  6.7779619136771807E-001                  3.0212550494816803E-001                  2.0078303684113896E-002                  2.3124710812398802E-014                  0.0000000000000000E+000                  0.0000000000000000E+000 
                                     469                  4.6610799528776842E-001                  3.5928602904224610E-001                  5.9585231351517258E+000                 -4.1678710689409266E+000                  9.9928946491708039E+000                  6.7779619136771807E-001                  3.0212550494816803E-001                  2.0078303684113896E-002                  3.0470107368386565E-014                  0.0000000000000000E+000                  0.0000000000000000E+000 
                                     470                  4.6606469257729771E-001                  3.4798322194421805E-001                  5.9655642439646206E+000                 -4.1522491289565480E+000                  1.0016533478486160E+001                  6.7779619136771807E-001                  3.0212550494816803E-001                  2.0078303684113896E-002                  3.7715612556404969E-014                  0.0000000000000000E+000                  0.0000000000000000E+000 
                                     471                  4.6604304122206225E-001                  3.4219898109151431E-001                  5.9703204530729339E+000                 -4.1418072409778732E+000                  1.0032416027803816E+001                  6.7779619136771807E-001                  3.0212550494816803E-001                  2.0078303684113896E-002                  4.3525500871906673E-014                  0.0000000000000000E+000                  0.0000000000000000E+000 
                                     472                  4.6602138986682690E-001                  3.3632005117333003E-001                  5.9775503162170072E+000                 -4.1260990035606664E+000                  1.0056433422920156E+001                  6.7779619136771807E-001                  3.0212550494816803E-001                  2.0078303684113896E-002                  5.4048096699407615E-014                  0.0000000000000000E+000                  0.0000000000000000E+000 
                                     473                  4.6597808715635636E-001                  3.2425757806460992E-001                  5.9850645772315536E+000                 -4.1093091534563282E+000                  1.0081787248506823E+001                  6.7779619136771807E-001                  3.0212550494816803E-001                  2.0078303684113896E-002                  6.7685120291593833E-014                  0.0000000000000000E+000                  0.0000000000000000E+000 
                                     474                  4.6595643580112117E-001                  3.1807635092822040E-001                  5.9901445411815200E+000                 -4.0980878147456945E+000                  1.0098828182678769E+001                  6.7779619136771807E-001                  3.0212550494816803E-001                  2.0078303684113896E-002                  7.8730326914991434E-014                  0.0000000000000000E+000                  0.0000000000000000E+000 
                                     475                  4.6593478444588593E-001                  3.1178770686972218E-001                  5.9978729305618588E+000                 -4.0812080573613425E+000                  1.0124607593232088E+001                  6.7779619136771807E-001                  3.0212550494816803E-001                  2.0078303684113896E-002                  9.8945073660092345E-014                  0.0000000000000000E+000                  0.0000000000000000E+000 
                                     476                  4.6589148173541517E-001                  2.9886310918770376E-001                  6.0059255942174774E+000                 -4.0630805078296843E+000                  1.0151921055781651E+001                  6.7779619136771807E-001                  3.0212550494816803E-001                  2.0078303684113896E-002                  1.2554541908152495E-013                  2.0054887287208648E-039                  0.0000000000000000E+000 
                                     477                  4.6586983038017982E-001                  2.9223023222884459E-001                  6.0113744313385045E+000                 -4.0509667773314204E+000                  1.0170286299044383E+001                  6.7779619136771807E-001                  3.0212550494816803E-001                  2.0078303684113896E-002                  1.4733367984097623E-013                  3.6121610324232559E-039                  0.0000000000000000E+000 
                                     478                  4.6584817902494441E-001                  2.8547454336671163E-001                  6.0169423328048657E+000                 -4.0385688461803504E+000                  1.0189074979043179E+001                  6.7779619136771807E-001                  3.0212550494816803E-001                  2.0078303684113896E-002                  1.7341182808824015E-013                  6.5743597779401936E-039                  0.0000000000000000E+000 
                                     479                  4.6582638030166512E-001                  2.7854436487472423E-001                  6.0226345568399404E+000                 -4.0258711751708116E+000                  1.0208308310746940E+001                  6.7779619136771807E-001                  3.0212550494816803E-001                  2.0078303684113896E-002                  2.0473181931486572E-013                  1.2096590600412820E-038                  0.0000000000000000E+000 
                                     480                  4.6580458157838567E-001                  2.7148060307632960E-001                  6.0313076356498048E+000                 -4.0067729077107828E+000                  1.0237426145085765E+001                  6.7779619136771807E-001                  3.0212550494816803E-001                  2.0078303684113896E-002                  2.6319315077247180E-013                  3.0461686851341908E-038                  0.0000000000000000E+000 
                                     481                  4.6576098413182698E-001                  2.5691700192064976E-001                  6.0403875429971015E+000                 -3.9860770354118791E+000                  1.0268491062813499E+001                  6.7779619136771807E-001                  3.0212550494816803E-001                  2.0078303684113896E-002                  3.4237607723141124E-013                  7.9728085539303833E-038                  0.0000000000000000E+000 
                                     482                  4.6573918540854764E-001                  2.4942211184268964E-001                  6.0465419161680707E+000                 -3.9722511619578005E+000                  1.0289393887341918E+001                  6.7779619136771807E-001                  3.0212550494816803E-001                  2.0078303684113896E-002                  4.0863253661126440E-013                  1.5241951950015228E-037                  0.0000000000000000E+000 
                                     483                  4.6571738668526830E-001                  2.4177223365041556E-001                  6.0528231590379784E+000                 -3.9581143552871860E+000                  1.0310756270141761E+001                  6.7779619136771807E-001                  3.0212550494816803E-001                  2.0078303684113896E-002                  4.8915517455999964E-013                  2.9442757601666898E-037                  0.0000000000000000E+000 
                                     484                  4.6569558796198895E-001                  2.3396122917929527E-001                  6.0592363543823495E+000                 -3.9436536540589846E+000                  1.0332597132247640E+001                  6.7779619136771807E-001                  3.0212550494816803E-001                  2.0078303684113896E-002                  5.8734134835296564E-013                  5.7488661979394141E-037                  0.0000000000000000E+000 
                                     485                  4.6567378923870972E-001                  2.2598259868847403E-001                  6.0657868844173803E+000                 -3.9288552949999427E+000                  1.0354936543324138E+001                  6.7779619136771807E-001                  3.0212550494816803E-001                  2.0078303684113896E-002                  7.0747851874765546E-013                  1.1350557603463749E-036                  0.0000000000000000E+000 
                                     486                  4.6565199051543038E-001                  2.1782945253642177E-001                  6.0724804541838333E+000                 -3.9137046512029126E+000                  1.0377795814456737E+001                  6.7779619136771807E-001                  3.0212550494816803E-001                  2.0078303684113896E-002                  8.5499962625594035E-013                  2.2670329117202164E-036                  0.0000000000000000E+000 
                                     487                  4.6563019179215104E-001                  2.0949447999938298E-001                  6.0793231175530886E+000                 -3.8981861561251341E+000                  1.0401197600342021E+001                  6.7779619136771807E-001                  3.0212550494816803E-001                  2.0078303684113896E-002                  1.0368183987880573E-012                  4.5823468737054218E-036                  0.0000000000000000E+000 
                                     488                  4.6560839306887181E-001                  2.0096991504101150E-001                  6.0845824031181914E+000                 -3.8861243021300198E+000                  1.0419296777183050E+001                  6.7779619136771807E-001                  3.0212550494816803E-001                  2.0078303684113896E-002                  1.2020944214319620E-012                  7.8538506384744591E-036                  0.0000000000000000E+000 
                                     489                  4.6559749370723225E-001                  1.9663565325268437E-001                  6.0881216844489838E+000                 -3.8780764052404462E+000                  1.0431425024614821E+001                  6.7779619136771807E-001                  3.0212550494816803E-001                  2.0078303684113896E-002                  1.3273067072629592E-012                  1.1271216622601221E-035                  0.0000000000000000E+000 
                                     490                  4.6558659434559257E-001                  1.9225089768669337E-001                  6.0934810817216682E+000                 -3.8659925917863069E+000                  1.0449714090645728E+001                  6.7779619136771807E-001                  3.0212550494816803E-001                  2.0078303684113896E-002                  1.5411281608074952E-012                  1.9438262907248945E-035                  0.0000000000000000E+000 
                                     491                  4.6556479562231329E-001                  1.8332174622484521E-001                  6.1008112525335942E+000                 -3.8492664889951089E+000                  1.0474894515395075E+001                  6.7779619136771807E-001                  3.0212550494816803E-001                  2.0078303684113896E-002                  1.8896644158097612E-012                  4.0838050732499635E-035                  0.0000000000000000E+000 
                                     492                  4.6554299689903395E-001                  1.7417656720198699E-001                  6.1083188524001573E+000                 -3.8320991203665664E+000                  1.0500723974665508E+001                  6.7779619136771807E-001                  3.0212550494816803E-001                  2.0078303684113896E-002                  2.3262964868051666E-012                  8.6997969433758071E-035                  0.0000000000000000E+000 
                                     493                  4.6552119817575466E-001                  1.6480535402170404E-001                  6.1141017157424518E+000                 -3.8187102773834107E+000                  1.0520756495817066E+001                  6.7779619136771807E-001                  3.0212550494816803E-001                  2.0078303684113896E-002                  2.7293865797717186E-012                  1.5539152190912019E-034                  0.0000000000000000E+000 
                                     494                  4.6551029881411510E-001                  1.6003394015420591E-001                  6.1179964925747710E+000                 -3.8097791393147991E+000                  1.0534184478962279E+001                  6.7779619136771807E-001                  3.0212550494816803E-001                  2.0078303684113896E-002                  3.0378799709016258E-012                  2.2929981046813114E-034                  0.0000000000000000E+000 
                                     495                  4.6549939945247543E-001                  1.5520201207383572E-001                  6.1238990258282451E+000                 -3.7963718526969732E+000                  1.0554440563037279E+001                  6.7779619136771807E-001                  3.0212550494816803E-001                  2.0078303684113896E-002                  3.5702106152758743E-012                  4.1251044372378487E-034                  0.0000000000000000E+000 
                                     496                  4.6547760072919614E-001                  1.4534576189465942E-001                  6.1299819443098356E+000                 -3.7822147251147404E+000                  1.0575587862815777E+001                  6.7779619136771807E-001                  3.0212550494816803E-001                  2.0078303684113896E-002                  4.2171024350160914E-012                  7.5412325905045987E-034                  0.0000000000000000E+000 
                                     497                  4.6546670136755647E-001                  1.4032343990118271E-001                  6.1340611224347601E+000                 -3.7727304902196948E+000                  1.0589765502406554E+001                  6.7779619136771807E-001                  3.0212550494816803E-001                  2.0078303684113896E-002                  4.7134646933594004E-012                  1.1284361976803122E-033                  0.0000000000000000E+000 
                                     498                  4.6545580200591680E-001                  1.3523498528231459E-001                  6.1402164895049278E+000                 -3.7584299293657675E+000                  1.0611156445579660E+001                  6.7779619136771807E-001                  3.0212550494816803E-001                  2.0078303684113896E-002                  5.5719449552416802E-012                  2.0682097029362047E-033                  0.0000000000000000E+000 
                                     499                  4.6543400328263762E-001                  1.2484878882812531E-001                  6.1485920064952122E+000                 -3.7383586645494709E+000                  1.0640747603446020E+001                  6.7779619136771807E-001                  3.0212550494816803E-001                  2.0078303684113896E-002                  6.9988166001436624E-012                  4.7024040591242292E-033                  0.0000000000000000E+000 
                                     500                  4.6541220455935850E-001                  1.1418388730698734E-001                  6.1550136421863719E+000                 -3.7225160948295923E+000                  1.0663792642312217E+001                  6.7779619136771807E-001                  3.0212550494816803E-001                  2.0078303684113896E-002                  8.3374017826184746E-012                  8.8064082498253595E-033                  0.0000000000000000E+000 
                                     501                  4.6540130519771883E-001                  1.0874751893767722E-001                  6.1593283973483706E+000                 -3.7119157979337478E+000                  1.0679245212535132E+001                  6.7779619136771807E-001                  3.0212550494816803E-001                  2.0078303684113896E-002                  9.3729811834941693E-012                  1.3400317792667871E-032                  0.0000000000000000E+000 
                                     502                  4.6539040583607927E-001                  1.0323783138906574E-001                  6.1658530685493425E+000                 -3.6959545324266618E+000                  1.0702563982314725E+001                  6.7779619136771807E-001                  3.0212550494816803E-001                  2.0078303684113896E-002                  1.1179671364740706E-011                  2.5214275253317242E-032                  0.0000000000000000E+000 
                                     503                  4.6536860711279993E-001                  9.1985146915981128E-002                  6.1725594423058094E+000                 -3.6788909854437315E+000                  1.0727042881060395E+001                  6.7779619136771807E-001                  3.0212550494816803E-001                  2.0078303684113896E-002                  1.3410133285528630E-011                  4.8207863943663552E-032                  0.0000000000000000E+000 
                                     504                  4.6535770775116037E-001                  8.6247564948243316E-002                  6.1770715381473806E+000                 -3.6674852065941748E+000                  1.0743457308870394E+001                  6.7779619136771807E-001                  3.0212550494816803E-001                  2.0078303684113896E-002                  1.5146813960202848E-011                  7.4411919309783773E-032                  0.0000000000000000E+000 
                                     505                  4.6534680838952069E-001                  8.0431177998829220E-002                  6.1839038378807416E+000                 -3.6503285047477450E+000                  1.0768228481366547E+001                  6.7779619136771807E-001                  3.0212550494816803E-001                  2.0078303684113896E-002                  1.8196984721170984E-011                  1.4315686033042084E-031                  0.0000000000000000E+000 
                                     506                  4.6532500966624146E-001                  6.8546556477480466E-002                  6.1909493476871251E+000                 -3.6319628402000497E+000                  1.0794292466621940E+001                  6.7779619136771807E-001                  3.0212550494816803E-001                  2.0078303684113896E-002                  2.2002473394333837E-011                  2.8057030767260425E-031                  0.0000000000000000E+000 
                                     507                  4.6531411030460185E-001                  6.2484785704953132E-002                  6.1956963041162938E+000                 -3.6197016094068943E+000                  1.0811768873532015E+001                  6.7779619136771807E-001                  3.0212550494816803E-001                  2.0078303684113896E-002                  2.4987103232444832E-011                  4.4052793711330079E-031                  0.0000000000000000E+000 
                                     508                  4.6530321094296229E-001                  5.6337968993780171E-002                  6.2028945737169918E+000                 -3.6012808523874975E+000                  1.0838141805000525E+001                  6.7779619136771807E-001                  3.0212550494816803E-001                  2.0078303684113896E-002                  3.0268916649442961E-011                  8.7019571225409537E-031                  0.0000000000000000E+000 
                                     509                  4.6528141221968300E-001                  4.3771123844547427E-002                  6.2103436351361410E+000                 -3.5815347102249557E+000                  1.0865958350653042E+001                  6.7779619136771807E-001                  3.0212550494816803E-001                  2.0078303684113896E-002                  3.6936895847564005E-011                  1.7563651622925320E-030                  0.0000000000000000E+000 
                                     510                  4.6527051285804349E-001                  3.7358735330821562E-002                  6.2153696018020410E+000                 -3.5683701695078103E+000                  1.0884607513023747E+001                  6.7779619136771818E-001                  3.0212550494816803E-001                  2.0078303684113785E-002                  4.2209417552596944E-011                  2.8138901023741039E-030                  0.0000000000000000E+000 
                                     511                  4.6525961349640382E-001                  3.0853995217038809E-002                  6.2230007194151451E+000                 -3.5486172051327118E+000                  1.0912747393776614E+001                  6.7779619136771807E-001                  3.0212550494816803E-001                  2.0078303684113896E-002                  5.1618681900057383E-011                  5.7336534757172238E-030                  0.0000000000000000E+000 
                                     512                  4.6523781477312470E-001                  1.7546094037216967E-002                  6.2309201848086904E+000                 -3.5273940878198839E+000                  1.0942503529027526E+001                  6.7779619136771807E-001                  3.0212550494816803E-001                  2.0078303684113896E-002                  6.3647769073214550E-011                  1.1971505033320827E-029                  0.0000000000000000E+000 
                                     513                  4.6522691541148503E-001                  1.0752145006209995E-002                  6.2362679082973829E+000                 -3.5132597020694520E+000                  1.0962449115201341E+001                  6.7779619136771807E-001                  3.0212550494816803E-001                  2.0078303684113896E-002                  7.3242392462049282E-011                  1.9624741792834675E-029                  0.0000000000000000E+000 
                                     514                  4.6521601604984547E-001                  3.8573749690260489E-003                  6.2417014026176307E+000                 -3.4988673567961222E+000                  1.0982739778885170E+001                  6.7779619136771807E-001                  3.0212550494816803E-001                  2.0078303684113896E-002                  8.4438455492271404E-011                  3.2365225829773340E-029                  0.0000000000000000E+000 
                                     515                  4.6520511668820580E-001                 -3.1404833655637393E-003                  6.2472224769681679E+000                 -3.4842093658273008E+000                  1.1003384472494206E+001                  6.7779619136771807E-001                  3.0212550494816803E-001                  2.0078303684113896E-002                  9.7528303031418666E-011                  5.3704481825995466E-029                  0.0000000000000000E+000 
                                     516                  4.6519421732656613E-001                 -1.0243740652354137E-002                  6.2514371553959451E+000                 -3.4729009922187708E+000                  1.1019234928829286E+001                  6.7779619136771807E-001                  3.0212550494816803E-001                  2.0078303684113896E-002                  1.0886373462248453E-010                  7.8963734483393238E-029                  0.0000000000000000E+000 
                                     517                  4.6518876764574629E-001                 -1.3834553032602500E-002                  6.2542649873563132E+000                 -3.4653670308938653E+000                  1.1029829888281492E+001                  6.7779619136771807E-001                  3.0212550494816803E-001                  2.0078303684113896E-002                  1.1716514662633363E-010                  1.0219154554214943E-028                  0.0000000000000000E+000 
                                     518                  4.6518331796492651E-001                 -1.7452580358959836E-002                  6.2585336102607858E+000                 -3.4540712154730255E+000                  1.1045765858875797E+001                  6.7779619136771807E-001                  3.0212550494816803E-001                  2.0078303684113896E-002                  1.3085498910352617E-010                  1.5064242482518450E-028                  0.0000000000000000E+000 
                                     519                  4.6517241860328684E-001                 -2.4773739115894450E-002                  6.2671917870351734E+000                 -3.4312624493043953E+000                  1.1078014774973335E+001                  6.7779619136771807E-001                  3.0212550494816803E-001                  2.0078303684113896E-002                  1.6354416118212256E-010                  3.2967009567054780E-028                  0.0000000000000000E+000 
                                     520                  4.6515061988000761E-001                 -3.9775324067666616E-002                  6.2761888780182833E+000                 -3.4065258802406158E+000                  1.1112308657547553E+001                  6.7779619136771807E-001                  3.0212550494816803E-001                  2.0078303684113896E-002                  2.0641822101286759E-010                  7.4182860075276542E-028                  0.0000000000000000E+000 
                                     521                  4.6513972051836799E-001                 -4.7440358032358340E-002                  6.2807504734604143E+000                 -3.3940454467915440E+000                  1.1129650793425702E+001                  6.7779619136771807E-001                  3.0212550494816803E-001                  2.0078303684113896E-002                  2.3213238084772197E-010                  1.1167250218275118E-027                  0.0000000000000000E+000 
                                     522                  4.6513427083754816E-001                 -5.1316079399202838E-002                  6.2838094448358000E+000                 -3.3857300986200003E+000                  1.1141240150503787E+001                  6.7779619136771807E-001                  3.0212550494816803E-001                  2.0078303684113896E-002                  2.5106871661396473E-010                  1.4678749088492679E-027                  0.0000000000000000E+000 
                                     523                  4.6512882115672838E-001                 -5.5221872816829769E-002                  6.2884240976024994E+000                 -3.3732605607100852E+000                  1.1158668001204372E+001                  6.7779619136771807E-001                  3.0212550494816803E-001                  2.0078303684113896E-002                  2.8246978228212680E-010                  2.2143542825823231E-027                  0.0000000000000000E+000 
                                     524                  4.6511792179508887E-001                 -6.3127682153736167E-002                  6.2946791578342243E+000                 -3.3560829415785260E+000                  1.1182498925942117E+001                  6.7779619136771807E-001                  3.0212550494816803E-001                  2.0078303684113896E-002                  3.3142491807475064E-010                  3.8601394251322866E-027                  0.0000000000000000E+000 
                                     525                  4.6510702243344926E-001                 -7.1156830019812906E-002                  6.3010249649155083E+000                 -3.3385240097074300E+000                  1.1206775723152472E+001                  6.7779619136771807E-001                  3.0212550494816803E-001                  2.0078303684113896E-002                  3.8963897825358507E-010                  6.7682731760980683E-027                  0.0000000000000000E+000 
                                     526                  4.6509612307180970E-001                 -7.9311077134046434E-002                  6.3074600897457671E+000                 -3.3205652774534791E+000                  1.1231509518143499E+001                  6.7779619136771807E-001                  3.0212550494816803E-001                  2.0078303684113896E-002                  4.5898652261959543E-010                  1.1934306743241397E-026                  0.0000000000000000E+000 
                                     527                  4.6508522371017003E-001                 -8.7591948083803009E-002                  6.3139831315356041E+000                 -3.3021882144521668E+000                  1.1256711456983915E+001                  6.7779619136771807E-001                  3.0212550494816803E-001                  2.0078303684113896E-002                  5.4174444192997849E-010                  2.1158662426530770E-026                  0.0000000000000000E+000 
                                     528                  4.6507432434853041E-001                 -9.6000700108465162E-002                  6.3205930517580873E+000                 -3.2833751839513248E+000                  1.1282392631806170E+001                  6.7779619136771807E-001                  3.0212550494816803E-001                  2.0078303684113896E-002                  6.4068556725149710E-010                  3.7712973471189150E-026                  0.0000000000000000E+000 
                                     529                  4.6506342498689079E-001                 -1.0453830727591658E-001                  6.3256253595202674E+000                 -3.2687541511306937E+000                  1.1302167523993779E+001                  6.7779619136771807E-001                  3.0212550494816803E-001                  2.0078303684113896E-002                  7.2812952096512278E-010                  5.8490336163614718E-026                  0.0000000000000000E+000 
                                     530                  4.6505797530607101E-001                 -1.0885361095717162E-001                  6.3289953555355458E+000                 -3.2590104867862291E+000                  1.1315374663254532E+001                  6.7779619136771807E-001                  3.0212550494816803E-001                  2.0078303684113896E-002                  7.9300380081378724E-010                  7.8394474333578901E-026                  0.0000000000000000E+000 
                                     531                  4.6505252562525123E-001                 -1.1320133528043966E-001                  6.3323867819637849E+000                 -3.2491490226802813E+000                  1.1328707551271179E+001                  6.7779619136771807E-001                  3.0212550494816803E-001                  2.0078303684113896E-002                  8.6408537312720957E-010                  1.0520595560365922E-025                  0.0000000000000000E+000 
                                     532                  4.6504707594443145E-001                 -1.1758151721428500E-001                  6.3357996756588841E+000                 -3.2391680661216147E+000                  1.1342167491435680E+001                  6.7779619136771807E-001                  3.0212550494816803E-001                  2.0078303684113896E-002                  9.4200569275906855E-010                  1.4136653672179249E-025                  0.0000000000000000E+000 
                                     533                  4.6504162626361173E-001                 -1.2199417456755694E-001                  6.3409409263482575E+000                 -3.2241996341920118E+000                  1.1362393723007482E+001                  6.7779619136771807E-001                  3.0212550494816809E-001                  2.0078303684113896E-002                  1.0723237477459684E-009                  2.2027656513554185E-025                  0.0000000000000000E+000 
                                     534                  4.6503072690197211E-001                 -1.3092146556188500E-001                  6.3478959586272747E+000                 -3.2034914164694164E+000                  1.1390098385378053E+001                  6.7779619136771807E-001                  3.0212550494816809E-001                  2.0078303684113896E-002                  1.2782943476062240E-009                  4.0075108152497634E-025                  0.0000000000000000E+000 
                                     535                  4.6501982754033261E-001                 -1.3997849844993471E-001                  6.3549393489293067E+000                 -3.1822802474605885E+000                  1.1418334036554738E+001                  6.7779619136771807E-001                  3.0212550494816809E-001                  2.0078303684113896E-002                  1.5269319705644028E-009                  7.3283172331862599E-025                  0.0000000000000000E+000 
                                     536                  4.6500892817869305E-001                 -1.4916473544208669E-001                  6.3603006813724710E+000                 -3.1657785656983428E+000                  1.1440092481720111E+001                  6.7779619136771807E-001                  3.0212550494816809E-001                  2.0078303684113896E-002                  1.7486888170915761E-009                  1.1587927331290079E-024                  0.0000000000000000E+000 
                                     537                  4.6500347849787332E-001                 -1.5380345032111167E-001                  6.3638902832458113E+000                 -3.1547941789634870E+000                  1.1454612669898223E+001                  6.7779619136771807E-001                  3.0212550494816809E-001                  2.0078303684113896E-002                  1.9141419574706180E-009                  1.5730903348722871E-024                  0.0000000000000000E+000 
                                     538                  4.6499802881705360E-001                 -1.5847409768582635E-001                  6.3692971636351521E+000                 -3.1383376065093320E+000                  1.1476417519615092E+001                  6.7779619136771807E-001                  3.0212550494816809E-001                  2.0078303684113896E-002                  2.1921234557074874E-009                  2.4887116682207114E-024                  0.0000000000000000E+000 
                                     539                  4.6498712945541404E-001                 -1.6791603785882386E-001                  6.3766121056941971E+000                 -3.1155659064061312E+000                  1.1506296612566050E+001                  6.7779619136771807E-001                  3.0212550494816809E-001                  2.0078303684113896E-002                  2.6347786271896698E-009                  4.6215243620603321E-024                  0.0000000000000000E+000 
                                     540                  4.6497623009377448E-001                 -1.7748361011598610E-001                  6.3821797218489271E+000                 -3.0978503410919926E+000                  1.1529325324633893E+001                  6.7779619136771807E-001                  3.0212550494816809E-001                  2.0078303684113896E-002                  3.0317568492324452E-009                  7.3931714071750109E-024                  0.0000000000000000E+000 
                                     541                  4.6497078041295464E-001                 -1.8231094544104909E-001                  6.3859065917615601E+000                 -3.0860691575063504E+000                  1.1544682729524281E+001                  6.7779619136771807E-001                  3.0212550494816814E-001                  2.0078303684113785E-002                  3.3289299229089250E-009                  1.0113137433521515E-023                  0.0000000000000000E+000 
                                     542                  4.6496533073213481E-001                 -1.8716890585470819E-001                  6.3896562213849970E+000                 -3.0741517681122583E+000                  1.1560182160257902E+001                  6.7779619136771807E-001                  3.0212550494816814E-001                  2.0078303684113785E-002                  3.6571045282763585E-009                  1.3850711838073868E-023                  0.0000000000000000E+000 
                                     543                  4.6495988105131492E-001                 -1.9205718142807890E-001                  6.3934285226986249E+000                 -3.0620973047765814E+000                  1.1575824172172513E+001                  6.7779619136771807E-001                  3.0212550494816814E-001                  2.0078303684113785E-002                  4.0196787520670656E-009                  1.8992481148677621E-023                  0.0000000000000000E+000 
                                     544                  4.6495443137049508E-001                 -1.9697543317424668E-001                  6.3991080457488358E+000                 -3.0440593887762137E+000                  1.1599291716557460E+001                  6.7779619136771807E-001                  3.0212550494816814E-001                  2.0078303684113785E-002                  4.6314762050241195E-009                  3.0493466257899811E-023                  0.0000000000000000E+000 
                                     545                  4.6494353200885541E-001                 -2.0690689380728988E-001                  6.4067860167693595E+000                 -3.0191005522134637E+000                  1.1631447851494155E+001                  6.7779619136771796E-001                  3.0212550494816814E-001                  2.0078303684113896E-002                  5.6123715528604197E-009                  5.7735512613881854E-023                  0.0000000000000000E+000 
                                     546                  4.6493263264721585E-001                 -2.1695350057197324E-001                  6.4126244714075513E+000                 -2.9996880999404314E+000                  1.1656226313705579E+001                  6.7779619136771796E-001                  3.0212550494816814E-001                  2.0078303684113896E-002                  6.4978585703701358E-009                  9.3687960755766784E-023                  0.0000000000000000E+000 
                                     547                  4.6492718296639607E-001                 -2.2201529596163588E-001                  6.4165299232342985E+000                 -2.9867966954269365E+000                  1.1672731339440890E+001                  6.7779619136771796E-001                  3.0212550494816814E-001                  2.0078303684113896E-002                  7.1633452494044128E-009                  1.2934167895530067E-022                  0.0000000000000000E+000 
                                     548                  4.6492173328557623E-001                 -2.2710437569132999E-001                  6.4204567718927379E+000                 -2.9737641406554078E+000                  1.1689380407515062E+001                  6.7779619136771796E-001                  3.0212550494816820E-001                  2.0078303684113896E-002                  7.9007406432024133E-009                  1.7874790862627953E-022                  0.0000000000000000E+000 
                                     549                  4.6491628360475645E-001                 -2.3222017840994313E-001                  6.4244048492497736E+000                 -2.9605904447292195E+000                  1.1706173341723071E+001                  6.7779619136771796E-001                  3.0212550494816820E-001                  2.0078303684113896E-002                  8.7181326777004200E-009                  2.4727520606898444E-022                  0.0000000000000000E+000 
                                     550                  4.6491083392393662E-001                 -2.3736211202650090E-001                  6.4303446395352557E+000                 -2.9409071384272956E+000                  1.1731336702785796E+001                  6.7779619136771796E-001                  3.0212550494816826E-001                  2.0078303684113785E-002                  1.0102513838934505E-008                  4.0210849280198299E-022                  0.0000000000000000E+000 
                                     551                  4.6489993456229711E-001                 -2.4772944583777423E-001                  6.4363749513490980E+000                 -2.9201963208779373E+000                  1.1757433845399499E+001                  6.7779619136771785E-001                  3.0212550494816820E-001                  2.0078303684113896E-002                  1.1746686097257355E-008                  6.5848962632074796E-022                  0.0000000000000000E+000 
                                     552                  4.6489448488147733E-001                 -2.5294584939989201E-001                  6.4404067665264613E+000                 -2.9064621017346619E+000                  1.1774798562170712E+001                  6.7779619136771774E-001                  3.0212550494816826E-001                  2.0078303684114007E-002                  1.2985558983405574E-008                  9.1441664537853765E-022                  0.0000000000000000E+000 
                                     553                  4.6488903520065750E-001                 -2.5818572738309647E-001                  6.4464707120456382E+000                 -2.8859613089927856E+000                  1.1800799826250906E+001                  6.7779619136771774E-001                  3.0212550494816837E-001                  2.0078303684113896E-002                  1.5087243130642421E-008                  1.4951729266524206E-021                  0.0000000000000000E+000 
                                     554                  4.6487813583901794E-001                 -2.6874102918628939E-001                  6.4526247575275049E+000                 -2.8644030934317311E+000                  1.1827759832036614E+001                  6.7779619136771763E-001                  3.0212550494816837E-001                  2.0078303684114007E-002                  1.7589379455517049E-008                  2.4617050334489300E-021                  0.0000000000000000E+000 
                                     555                  4.6487268615819816E-001                 -2.7404676836755104E-001                  6.4567382078778346E+000                 -2.8501229742125131E+000                  1.1845684178077828E+001                  6.7779619136771763E-001                  3.0212550494816848E-001                  2.0078303684113896E-002                  1.9477609975893306E-008                  3.4302467802693629E-021                  0.0000000000000000E+000 
                                     556                  4.6486723647737827E-001                 -2.7937291875591991E-001                  6.4608717600442418E+000                 -2.8357101141454319E+000                  1.1863745499576419E+001                  6.7779619136771763E-001                  3.0212550494816853E-001                  2.0078303684113896E-002                  2.1577285641079315E-008                  4.7836860316933815E-021                  0.0000000000000000E+000 
                                     557                  4.6486178679655848E-001                 -2.8471866361777398E-001                  6.4650254232802506E+000                 -2.8211665870077742E+000                  1.1881942416836745E+001                  6.7779619136771752E-001                  3.0212550494816853E-001                  2.0078303684113896E-002                  2.3912818677363389E-008                  6.6763845782083485E-021                  0.0000000000000000E+000 
                                     558                  4.6485633711573876E-001                 -2.9008317172535114E-001                  6.4712708677798298E+000                 -2.7994959649388798E+000                  1.1909156714336547E+001                  6.7779619136771752E-001                  3.0212550494816864E-001                  2.0078303684113896E-002                  2.7883646132648982E-008                  1.0996098570882693E-020                  0.0000000000000000E+000 
                                     559                  4.6484543775409920E-001                 -3.0087378878468690E-001                  6.4776083178228943E+000                 -2.7767451039393127E+000                  1.1937355954642081E+001                  6.7779619136771740E-001                  3.0212550494816875E-001                  2.0078303684113896E-002                  3.2626730461116814E-008                  1.8235731284125021E-020                  0.0000000000000000E+000 
                                     560                  4.6483998807327942E-001                 -3.0628943174569373E-001                  6.4818438564194718E+000                 -2.7617053473983524E+000                  1.1956079365204070E+001                  6.7779619136771718E-001                  3.0212550494816887E-001                  2.0078303684113896E-002                  3.6213520714781202E-008                  2.5529194932857764E-020                  0.0000000000000000E+000 
                                     561                  4.6483453839245958E-001                 -3.1172043539041938E-001                  6.4861002175907343E+000                 -2.7465491554000265E+000                  1.1974929593184378E+001                  6.7779619136771707E-001                  3.0212550494816892E-001                  2.0078303684114007E-002                  4.0209219044247009E-008                  3.5766454970129959E-020                  0.0000000000000000E+000 
                                     562                  4.6482908871163992E-001                 -3.1716594509105261E-001                  6.4903776785036893E+000                 -2.7312800878436598E+000                  1.1993904537730739E+001                  6.7779619136771707E-001                  3.0212550494816909E-001                  2.0078303684113896E-002                  4.4661715398050321E-008                  5.0146366123173270E-020                  0.0000000000000000E+000 
                                     563                  4.6482363903082008E-001                 -3.2262511177124881E-001                  6.4946765565199982E+000                 -2.7159019139497809E+000                  1.2013001990482824E+001                  6.7779619136771696E-001                  3.0212550494816909E-001                  2.0078303684113896E-002                  4.9624627519840828E-008                  7.0360464558193933E-020                  0.0000000000000000E+000 
                                     564                  4.6481818935000030E-001                 -3.2809709534451592E-001                  6.4989972083754672E+000                 -2.7004186000611012E+000                  1.2032219641088039E+001                  6.7779619136771685E-001                  3.0212550494816925E-001                  2.0078303684113896E-002                  5.5157997872088571E-008                  9.8797358312666691E-020                  0.0000000000000000E+000 
                                     565                  4.6481273966918046E-001                 -3.3358106814670485E-001                  6.5033400232621350E+000                 -2.6848342832901197E+000                  1.2051555083363288E+001                  6.7779619136771663E-001                  3.0212550494816937E-001                  2.0078303684114007E-002                  6.1329072617355996E-008                  1.3883270336009538E-019                  0.0000000000000000E+000 
                                     566                  4.6480728998836068E-001                 -3.3907621817166766E-001                  6.5077053644548375E+000                 -2.6691531316926307E+000                  1.2071005822044533E+001                  6.7779619136771652E-001                  3.0212550494816953E-001                  2.0078303684113896E-002                  6.8213136365194623E-008                  1.9524031070080286E-019                  0.0000000000000000E+000 
                                     567                  4.6480184030754085E-001                 -3.4458175062812629E-001                  6.5142707171362053E+000                 -2.6458726322653354E+000                  1.2100030160873008E+001                  6.7779619136771629E-001                  3.0212550494816987E-001                  2.0078303684113896E-002                  7.9954179226263216E-008                  3.2517757052292898E-019                  0.0000000000000000E+000 
                                     568                  4.6479094094590123E-001                 -3.5563017994691309E-001                  6.5209390941714300E+000                 -2.6215342103886177E+000                  1.2130050653204904E+001                  6.7779619136771596E-001                  3.0212550494817025E-001                  2.0078303684113785E-002                  9.4044586324156465E-008                  5.4551454009478511E-019                  0.0000000000000000E+000 
                                     569                  4.6478549126508140E-001                 -3.6116217434939951E-001                  6.5253963962633588E+000                 -2.6055044499402449E+000                  1.2149936531354976E+001                  6.7779619136771574E-001                  3.0212550494817036E-001                  2.0078303684113896E-002                  1.0472993006740075E-007                  7.6943277541433140E-019                  0.0000000000000000E+000 
                                     570                  4.6478004158426162E-001                 -3.6670152579559157E-001                  6.5298763289247912E+000                 -2.5893960498459792E+000                  1.2169924100308465E+001                  6.7779619136771541E-001                  3.0212550494817075E-001                  2.0078303684113896E-002                  1.1666142031158430E-007                  1.0859840881739516E-018                  0.0000000000000000E+000 
                                     571                  4.6477459190344189E-001                 -3.7224750780734794E-001                  6.5343785938919687E+000                 -2.5732121220083233E+000                  1.2190010470449627E+001                  6.7779619136771518E-001                  3.0212550494817098E-001                  2.0078303684113896E-002                  1.2998602056655287E-007                  1.5337241008984953E-018                  0.0000000000000000E+000 
                                     572                  4.6476914222262211E-001                 -3.7779940337672624E-001                  6.5389027961575854E+000                 -2.5569556173701846E+000                  1.2210192706342751E+001                  6.7779619136771474E-001                  3.0212550494817142E-001                  2.0078303684113896E-002                  1.4486785394801084E-007                  2.1673149747997282E-018                  0.0000000000000000E+000 
                                     573                  4.6476369254180233E-001                 -3.8335650357630929E-001                  6.5423166012036118E+000                 -2.5446071931784142E+000                  1.2225487096780366E+001                  6.7779619136771441E-001                  3.0212550494817159E-001                  2.0078303684114007E-002                  1.5721654288254245E-007                  2.8119527445454472E-018                  0.0000000000000000E+000 
                                     574                  4.6476096770139241E-001                 -3.8613618466727745E-001                  6.5445947689161148E+000                 -2.5364291547027444E+000                  1.2235645911282822E+001                  6.7779619136771430E-001                  3.0212550494817181E-001                  2.0078303684113896E-002                  1.6599954482982038E-007                  3.3439709405966445E-018                  0.0000000000000000E+000 
                                     575                  4.6475824286098255E-001                 -3.8891690641550836E-001                  6.5480152216939720E+000                 -2.5242408579451436E+000                  1.2250829389376083E+001                  6.7779619136771396E-001                  3.0212550494817209E-001                  2.0078303684113896E-002                  1.8005598136974988E-007                  4.3344616654301683E-018                  0.0000000000000000E+000 
                                     576                  4.6475279318016283E-001                 -3.9448233206841932E-001                  6.5526019031213343E+000                 -2.5077827537170716E+000                  1.2271281162995990E+001                  6.7779619136771352E-001                  3.0212550494817259E-001                  2.0078303684113896E-002                  2.0079584718596340E-007                  6.1336398439076397E-018                  0.0000000000000000E+000 
                                     577                  4.6474734349934305E-001                 -4.0005087018831953E-001                  6.5572081080971740E+000                 -2.4912624882093195E+000                  1.2291816699445231E+001                  6.7779619136771307E-001                  3.0212550494817314E-001                  2.0078303684113785E-002                  2.2396304861758246E-007                  8.6826342388847952E-018                  0.0000000000000000E+000 
                                     578                  4.6474189381852327E-001                 -4.0562183169465582E-001                  6.5618331469354958E+000                 -2.4746825671261927E+000                  1.2312432899464801E+001                  6.7779619136771241E-001                  3.0212550494817364E-001                  2.0078303684113896E-002                  2.4984133754886205E-007                  1.2294416642480586E-017                  0.0000000000000000E+000 
                                     579                  4.6473644413770343E-001                 -4.1119453232442987E-001                  6.5664763556385717E+000                 -2.4580455751126520E+000                  1.2333126642415618E+001                  6.7779619136771174E-001                  3.0212550494817436E-001                  2.0078303684113896E-002                  2.7874717965978516E-007                  1.7412516920521014E-017                  0.0000000000000000E+000 
                                     580                  4.6473099445688365E-001                 -4.1676829411981575E-001                  6.5711371029626209E+000                 -2.4413541847058329E+000                  1.2353894790094387E+001                  6.7779619136771108E-001                  3.0212550494817508E-001                  2.0078303684113896E-002                  3.1103345684304452E-007                  2.4665364837599801E-017                  0.0000000000000000E+000 
                                     581                  4.6472554477606393E-001                 -4.2234244708503377E-001                  6.5746501914348512E+000                 -2.4286882899534699E+000                  1.2369617335696393E+001                  6.7779619136771041E-001                  3.0212550494817564E-001                  2.0078303684113896E-002                  3.3782248686085849E-007                  3.2050690633465800E-017                  0.0000000000000000E+000 
                                     582                  4.6472281993565406E-001                 -4.2512885022484748E-001                  6.5769932376269198E+000                 -2.4203065470698419E+000                  1.2380052732494827E+001                  6.7779619136771008E-001                  3.0212550494817603E-001                  2.0078303684113896E-002                  3.5687477418216407E-007                  3.8148925380891347E-017                  0.0000000000000000E+000 
                                     583                  4.6472009509524415E-001                 -4.2791510739505900E-001                  6.5805090763302054E+000                 -2.4078242112239043E+000                  1.2395638185399381E+001                  6.7779619136770941E-001                  3.0212550494817675E-001                  2.0078303684113896E-002                  3.8736285464358365E-007                  4.9506751685876972E-017                  0.0000000000000000E+000 
                                     584                  4.6471464541442437E-001                 -4.3348808891386598E-001                  6.5875544395311598E+000                 -2.3829952795426306E+000                  1.2426728764365814E+001                  6.7779619136770786E-001                  3.0212550494817825E-001                  2.0078303684113896E-002                  4.5611222207848680E-007                  8.3263129432115920E-017                  0.0000000000000000E+000 
                                     585                  4.6470374605278447E-001                 -4.4463856253093692E-001                  6.5946845092727679E+000                 -2.3571497355762290E+000                  1.2458765704328481E+001                  6.7779619136770597E-001                  3.0212550494818008E-001                  2.0078303684113896E-002                  5.3866714309279919E-007                  1.4078435995529858E-016                  0.0000000000000000E+000 
                                     586                  4.6469829637196464E-001                 -4.5020495302138180E-001                  6.5982558135478309E+000                 -2.3443208385863259E+000                  1.2474722968506835E+001                  6.7779619136770486E-001                  3.0212550494818119E-001                  2.0078303684113896E-002                  5.8517748314878449E-007                  1.8292183669805826E-016                  0.0000000000000000E+000 
                                     587                  4.6469557153155466E-001                 -4.5298630831548986E-001                  6.6006369768629156E+000                 -2.3358359593352631E+000                  1.2485308973491273E+001                  6.7779619136770419E-001                  3.0212550494818197E-001                  2.0078303684113896E-002                  6.1824604562581464E-007                  2.1769918919949875E-016                  0.0000000000000000E+000 
                                     588                  4.6469284669114469E-001                 -4.5576675322901056E-001                  6.6042090059677809E+000                 -2.3232069997916258E+000                  1.2501111806814189E+001                  6.7779619136770308E-001                  3.0212550494818302E-001                  2.0078303684113896E-002                  6.7114720779074279E-007                  2.8243516526530521E-016                  0.0000000000000000E+000 
                                     589                  4.6468739701032497E-001                 -4.6132585523390596E-001                  6.6089918720227727E+000                 -2.3061858818142662E+000                  1.2522361820967710E+001                  6.7779619136770131E-001                  3.0212550494818480E-001                  2.0078303684113896E-002                  7.4914241329153208E-007                  3.9992599639860345E-016                  0.0000000000000000E+000 
                                     590                  4.6468194732950518E-001                 -4.6688047259416937E-001                  6.6161661660720767E+000                 -2.2810508702090231E+000                  1.2553926701381272E+001                  6.7779619136769831E-001                  3.0212550494818774E-001                  2.0078303684113896E-002                  8.8217897516339209E-007                  6.7179108864287419E-016                  0.0000000000000000E+000 
                                     591                  4.6467104796786562E-001                 -4.7798388228333399E-001                  6.6234194913866764E+000                 -2.2549356794224322E+000                  1.2586404072532940E+001                  6.7779619136769476E-001                  3.0212550494819135E-001                  2.0078303684113896E-002                  1.0417297826930169E-006                  1.1338091537182240E-015                  0.0000000000000000E+000 
                                     592                  4.6466559828704579E-001                 -4.8352188628208753E-001                  6.6270504951968432E+000                 -2.2419882833205320E+000                  1.2602564579922742E+001                  6.7779619136769265E-001                  3.0212550494819340E-001                  2.0078303684113896E-002                  1.1315309425264074E-006                  1.4715483280169022E-015                  0.0000000000000000E+000 
                                     593                  4.6466287344663587E-001                 -4.8628788357584823E-001                  6.6294707649182776E+000                 -2.2334302704813949E+000                  1.2613279806258877E+001                  6.7779619136769120E-001                  3.0212550494819485E-001                  2.0078303684113896E-002                  1.1953425119221554E-006                  1.7499321665920399E-015                  0.0000000000000000E+000 
                                     594                  4.6466014860622590E-001                 -4.8905220939842131E-001                  6.6331004116885071E+000                 -2.2207000375819428E+000                  1.2629267376275035E+001                  6.7779619136768909E-001                  3.0212550494819701E-001                  2.0078303684113896E-002                  1.2973632647942357E-006                  2.2673923478989502E-015                  0.0000000000000000E+000 
                                     595                  4.6465469892540617E-001                 -4.9457683257584240E-001                  6.6379579074382082E+000                 -2.2035589530557669E+000                  1.2650748669112630E+001                  6.7779619136768565E-001                  3.0212550494820034E-001                  2.0078303684114007E-002                  1.4476355323002014E-006                  3.2044511496624575E-015                  0.0000000000000000E+000 
                                     596                  4.6464924924458628E-001                 -5.0009410579729674E-001                  6.6428262943498950E+000                 -2.1864075190493129E+000                  1.2672258100832630E+001                  6.7779619136768199E-001                  3.0212550494820406E-001                  2.0078303684113896E-002                  1.6151441757219898E-006                  4.5267132822527579E-015                  0.0000000000000000E+000 
                                     597                  4.6464379956376650E-001                 -5.0560362006832660E-001                  6.6477051287695188E+000                 -2.1692482915250269E+000                  1.2693792844548597E+001                  6.7779619136767777E-001                  3.0212550494820828E-001                  2.0078303684113896E-002                  1.8018233353227976E-006                  6.3914381855903274E-015                  0.0000000000000000E+000 
                                     598                  4.6463834988294667E-001                 -5.1110498534052151E-001                  6.6525939583079099E+000                 -2.1520837404374644E+000                  1.2715350124900157E+001                  6.7779619136767322E-001                  3.0212550494821289E-001                  2.0078303684113896E-002                  2.0098169106674822E-006                  9.0195409616846863E-015                  0.0000000000000000E+000 
                                     599                  4.6463290020212683E-001                 -5.1659783011824600E-001                  6.6574923173409131E+000                 -2.1349162386222473E+000                  1.2736927220466015E+001                  6.7779619136766789E-001                  3.0212550494821822E-001                  2.0078303684113896E-002                  2.2415001850869795E-006                  1.2721092666006247E-014                  0.0000000000000000E+000 
                                     600                  4.6462745052130716E-001                 -5.2208180089836520E-001                  6.6623997183333925E+000                 -2.1177480429129627E+000                  1.2758521465884172E+001                  6.7779619136766223E-001                  3.0212550494822388E-001                  2.0078303684113896E-002                  2.4995034153330743E-006                  1.7930903390274756E-014                  0.0000000000000000E+000 
                                     601                  4.6462200084048727E-001                 -5.2755656133763829E-001                  6.6673156481888940E+000                 -2.1005812858611002E+000                  1.2780130253637820E+001                  6.7779619136765568E-001                  3.0212550494823032E-001                  2.0078303684114007E-002                  2.7867377289269501E-006                  2.5258117953680482E-014                  0.0000000000000000E+000 
                                     602                  4.6461655115966743E-001                 -5.3302179127849159E-001                  6.6722395692591325E+000                 -2.0834179771131791E+000                  1.2801751035495737E+001                  6.7779619136764857E-001                  3.0212550494823764E-001                  2.0078303684113785E-002                  3.1064235844847498E-006                  3.5555258797280869E-014                  0.0000000000000000E+000 
                                     603                  4.6461110147884754E-001                 -5.3847718575359638E-001                  6.6771709204303775E+000                 -2.0662600052691040E+000                  1.2823381323617957E+001                  6.7779619136764058E-001                  3.0212550494824553E-001                  2.0078303684113896E-002                  3.4621219547054769E-006                  5.0014214121436344E-014                  0.0000000000000000E+000 
                                     604                  4.6460565179802776E-001                 -5.4392245397599825E-001                  6.6821091181218852E+000                 -2.0491091399031145E+000                  1.2845018691340806E+001                  6.7779619136763158E-001                  3.0212550494825452E-001                  2.0078303684113896E-002                  3.8577684825744793E-006                  7.0299505994446862E-014                  0.0000000000000000E+000 
                                     605                  4.6460020211720782E-001                 -5.4935731831817691E-001                  6.6870535572095831E+000                 -2.0319670337729567E+000                  1.2866660773654438E+001                  6.7779619136762170E-001                  3.0212550494826451E-001                  2.0078303684113785E-002                  4.2977108925753510E-006                  9.8733056952355172E-014                  0.0000000000000000E+000 
                                     606                  4.6459475243638781E-001                 -5.5478151328206349E-001                  6.6920036118873032E+000                 -2.0148352251690165E+000                  1.2888305267388152E+001                  6.7779619136761049E-001                  3.0212550494827556E-001                  2.0078303684113896E-002                  4.7867499726965650E-006                  1.3854998211471619E-013                  0.0000000000000000E+000 
                                     607                  4.6458930275556798E-001                 -5.6019478446434667E-001                  6.6969586364766949E+000                 -1.9977151403945750E+000                  1.2909949931120710E+001                  6.7779619136759817E-001                  3.0212550494828777E-001                  2.0078303684114118E-002                  5.3301844829737885E-006                  1.9425217524758858E-013                  0.0000000000000000E+000 
                                     608                  4.6458385307474809E-001                 -5.6559688751882786E-001                  6.7019179663355466E+000                 -1.9806080967262776E+000                  1.2931592584827698E+001                  6.7779619136758451E-001                  3.0212550494830148E-001                  2.0078303684114007E-002                  5.9338604014464235E-006                  2.7209631665764651E-013                  0.0000000000000000E+000 
                                     609                  4.6457840339392836E-001                 -5.7098758712195474E-001                  6.7068809248378534E+000                 -1.9635153173652269E+000                  1.2953231109283658E+001                  6.7779619136756930E-001                  3.0212550494831680E-001                  2.0078303684113896E-002                  6.6042253369743748E-006                  3.8076644969278411E-013                  0.0000000000000000E+000 
                                     610                  4.6457295371310858E-001                 -5.7636665609546289E-001                  6.7118468388708052E+000                 -1.9464379628031752E+000                  1.2974863445265257E+001                  6.7779619136755231E-001                  3.0212550494833373E-001                  2.0078303684113896E-002                  7.3483890891980680E-006                  5.3229972024199179E-013                  0.0000000000000000E+000 
                                     611                  4.6456750403228880E-001                 -5.8173387489611461E-001                  6.7155784047567293E+000                 -1.9335293493446040E+000                  1.2991181656040032E+001                  6.7779619136753833E-001                  3.0212550494834772E-001                  2.0078303684113896E-002                  7.9622730172631747E-006                  6.8428530923037832E-013                  0.0000000000000000E+000 
                                     612                  4.6456477919187883E-001                 -5.8441241409703937E-001                  6.7180630171513300E+000                 -1.9250055129052324E+000                  1.3001989626241425E+001                  6.7779619136752844E-001                  3.0212550494835766E-001                  2.0078303684113896E-002                  8.3971399589687642E-006                  8.0842580008608860E-013                  0.0000000000000000E+000 
                                     613                  4.6456205435146886E-001                 -5.8708791588678000E-001                  6.7217851144903520E+000                 -1.9123382869075627E+000                  1.3018098411463336E+001                  6.7779619136751257E-001                  3.0212550494837354E-001                  2.0078303684113896E-002                  9.0902052006966677E-006                  1.0369778197951581E-012                  0.0000000000000000E+000 
                                     614                  4.6455660467064896E-001                 -5.9243081719645518E-001                  6.7267559384057112E+000                 -1.8953137186835960E+000                  1.3039700353724077E+001                  6.7779619136748914E-001                  3.0212550494839696E-001                  2.0078303684113896E-002                  1.0106075430378597E-005                  1.4449431559043745E-012                  0.0000000000000000E+000 
                                     615                  4.6455115498982913E-001                 -5.9776125284062087E-001                  6.7317271904993419E+000                 -1.8783088568104704E+000                  1.3061288456822357E+001                  6.7779619136746327E-001                  3.0212550494842277E-001                  2.0078303684113896E-002                  1.1232249825219006E-005                  2.0110833626061839E-012                  0.0000000000000000E+000 
                                     616                  4.6454570530900940E-001                 -6.0307903179275757E-001                  6.7366982858739117E+000                 -1.8613247009533225E+000                  1.3082860946640775E+001                  6.7779619136743452E-001                  3.0212550494845153E-001                  2.0078303684113896E-002                  1.2480306166027883E-005                  2.7957181332734450E-012                  0.0000000000000000E+000 
                                     617                  4.6454025562818962E-001                 -6.0838396986147736E-001                  6.7416686616257362E+000                 -1.8443622299537223E+000                  1.3104416103059460E+001                  6.7779619136740277E-001                  3.0212550494848334E-001                  2.0078303684113896E-002                  1.3863013300301201E-005                  3.8817492256257456E-012                  0.0000000000000000E+000 
                                     618                  4.6453480594736984E-001                 -6.1367588965358499E-001                  6.7454008990394119E+000                 -1.8315458709066879E+000                  1.3120667510608198E+001                  6.7779619136737623E-001                  3.0212550494850982E-001                  2.0078303684113896E-002                  1.5001650043161959E-005                  4.9638111442146538E-012                  0.0000000000000000E+000 
                                     619                  4.6453208110695987E-001                 -6.1631637441639298E-001                  6.7478850897877267E+000                 -1.8230839652544550E+000                  1.3131428865668701E+001                  6.7779619136735758E-001                  3.0212550494852847E-001                  2.0078303684113896E-002                  1.5807356199996666E-005                  5.8434930060033411E-012                  0.0000000000000000E+000 
                                     620                  4.6452935626654995E-001                 -6.1895354521696566E-001                  6.7516052929430819E+000                 -1.8105102631464205E+000                  1.3147464723193083E+001                  6.7779619136732794E-001                  3.0212550494855817E-001                  2.0078303684113896E-002                  1.7090079528901728E-005                  7.4552020712787870E-012                  0.0000000000000000E+000 
                                     621                  4.6452390658573012E-001                 -6.2421893417025243E-001                  6.7565703124472734E+000                 -1.7936185168097034E+000                  1.3168958025979643E+001                  6.7779619136728442E-001                  3.0212550494860169E-001                  2.0078303684113896E-002                  1.8967278831859406E-005                  1.0311772590652922E-011                  0.0000000000000000E+000 
                                     622                  4.6451845690491023E-001                 -6.2947081347291123E-001                  6.7615326512139697E+000                 -1.7767523092969137E+000                  1.3190427639105007E+001                  6.7779619136723612E-001                  3.0212550494864998E-001                  2.0078303684113896E-002                  2.1044982001673100E-005                  1.4244082632579819E-011                  0.0000000000000000E+000 
                                     623                  4.6451300722409050E-001                 -6.3470903430125014E-001                  6.7664919455123185E+000                 -1.7599126967766066E+000                  1.3211872097142061E+001                  6.7779619136718261E-001                  3.0212550494870355E-001                  2.0078303684113896E-002                  2.3344270973977772E-005                  1.9649679734496696E-011                  0.0000000000000000E+000 
                                     624                  4.6450755754327072E-001                 -6.3993345666708945E-001                  6.7714478911810030E+000                 -1.7431007886165812E+000                  1.3233289983321770E+001                  6.7779619136712332E-001                  3.0212550494876278E-001                  2.0078303684113896E-002                  2.5888552289562641E-005                  2.7070135210473564E-011                  0.0000000000000000E+000 
                                     625                  4.6450210786245094E-001                 -6.4514395032209559E-001                  6.7764002379026209E+000                 -1.7263177362376405E+000                  1.3254679929136170E+001                  6.7779619136705760E-001                  3.0212550494882845E-001                  2.0078303684113896E-002                  2.8703868612114475E-005                  3.7242157515810491E-011                  0.0000000000000000E+000 
                                     626                  4.6449665818163116E-001                 -6.5034039554401701E-001                  6.7801169818738263E+000                 -1.7136438825066040E+000                  1.3270798128782316E+001                  6.7779619136700364E-001                  3.0212550494888246E-001                  2.0078303684113896E-002                  3.1020169803367599E-005                  4.7291378980509796E-011                  0.0000000000000000E+000 
                                     627                  4.6449393334122113E-001                 -6.5293280320717362E-001                  6.7825902980805619E+000                 -1.7052771715335704E+000                  1.3281469289826848E+001                  6.7779619136696567E-001                  3.0212550494892054E-001                  2.0078303684113785E-002                  3.2658689176643764E-005                  5.5412357667953304E-011                  0.0000000000000000E+000 
                                     628                  4.6449120850081105E-001                 -6.5552166283183144E-001                  6.7862934666647448E+000                 -1.6928466845879224E+000                  1.3297367844369342E+001                  6.7779619136690494E-001                  3.0212550494898111E-001                  2.0078303684113896E-002                  3.5266991215539773E-005                  7.0200246594802121E-011                  0.0000000000000000E+000 
                                     629                  4.6448575881999121E-001                 -6.6068970549006445E-001                  6.7912339191329245E+000                 -1.6761573342582166E+000                  1.3318666183427231E+001                  6.7779619136681601E-001                  3.0212550494907003E-001                  2.0078303684113896E-002                  3.9083983102125103E-005                  9.6182214843839651E-011                  0.0000000000000000E+000 
                                     630                  4.6448030913917127E-001                 -6.6584340968027889E-001                  6.7961702128892387E+000                 -1.6595016706742785E+000                  1.3339931591387314E+001                  6.7779619136671809E-001                  3.0212550494916790E-001                  2.0078303684114007E-002                  4.3311145573142258E-005                  1.3159928297569738E-010                  0.0000000000000000E+000 
                                     631                  4.6447485945835132E-001                 -6.7098270351769917E-001                  6.8011022945062587E+000                 -1.6428809138831308E+000                  1.3361162938937234E+001                  6.7779619136660985E-001                  3.0212550494927615E-001                  2.0078303684114007E-002                  4.7995019213465465E-005                  1.7981061270697500E-010                  0.0000000000000000E+000 
                                     632                  4.6446940977753154E-001                 -6.7610752802299123E-001                  6.8060301277157524E+000                 -1.6262962551886881E+000                  1.3382359144778265E+001                  6.7779619136649039E-001                  3.0212550494939566E-001                  2.0078303684113896E-002                  5.3188544971121513E-005                  2.4534716574285453E-010                  0.0000000000000000E+000 
                                     633                  4.6446396009671181E-001                 -6.8121783710501138E-001                  6.8109536599962892E+000                 -1.6097487953841554E+000                  1.3403519175684044E+001                  6.7779619136635860E-001                  3.0212550494952739E-001                  2.0078303684114007E-002                  5.8952256414016011E-005                  3.3431146794732369E-010                  0.0000000000000000E+000 
                                     634                  4.6445851041589203E-001                 -6.8631359680130788E-001                  6.8158728010181324E+000                 -1.5932395057501871E+000                  1.3424642046388506E+001                  6.7779619136621339E-001                  3.0212550494967250E-001                  2.0078303684114118E-002                  6.5355761992171008E-005                  4.5491035359149548E-010                  0.0000000000000000E+000 
                                     635                  4.6445306073507225E-001                 -6.9139478403592891E-001                  6.8207874251402831E+000                 -1.5767692340294652E+000                  1.3445726819223388E+001                  6.7779619136605340E-001                  3.0212550494983254E-001                  2.0078303684114118E-002                  7.2479605181421776E-005                  6.1816413371527982E-010                  0.0000000000000000E+000 
                                     636                  4.6444761105425247E-001                 -6.9646138541920610E-001                  6.8244751328125970E+000                 -1.5643411692857401E+000                  1.3461605996050166E+001                  6.7779619136592262E-001                  3.0212550494996332E-001                  2.0078303684114118E-002                  7.8374450367884471E-005                  7.7769676645945118E-010                  0.0000000000000000E+000 
                                     637                  4.6444488621384244E-001                 -6.9898874049560733E-001                  6.8269289257534362E+000                 -1.5561379123700982E+000                  1.3472117428033689E+001                  6.7779619136583025E-001                  3.0212550495005575E-001                  2.0078303684114007E-002                  8.2566104937519132E-005                  9.0562550868115198E-010                  0.0000000000000000E+000 
                                     638                  4.6444216137343236E-001                 -7.0151245149028352E-001                  6.8306025586125738E+000                 -1.5439520242683054E+000                  1.3487775835747806E+001                  6.7779619136568403E-001                  3.0212550495020207E-001                  2.0078303684113896E-002                  8.9279135543326234E-005                  1.1367431181929700E-009                  0.0000000000000000E+000 
                                     639                  4.6443671169261241E-001                 -7.0654988152744713E-001                  6.8355025462136298E+000                 -1.5276027768345057E+000                  1.3508741106357613E+001                  6.7779619136547142E-001                  3.0212550495041451E-001                  2.0078303684114118E-002                  9.9195192060724937E-005                  1.5382926738950816E-009                  0.0000000000000000E+000 
                                     640                  4.6443126201179252E-001                 -7.1157273291534273E-001                  6.8403972573680640E+000                 -1.5112949079446727E+000                  1.3529664993523470E+001                  6.7779619136523794E-001                  3.0212550495064805E-001                  2.0078303684114007E-002                  1.1031968974974774E-004                  2.0787913635397175E-009                  0.0000000000000000E+000 
                                     641                  4.6442581233097285E-001                 -7.1658102091794873E-001                  6.8452864558175355E+000                 -1.4950287941159996E+000                  1.3550546785008969E+001                  6.7779619136498226E-001                  3.0212550495090390E-001                  2.0078303684113896E-002                  1.2283745111117838E-004                  2.8052744846836322E-009                  0.0000000000000000E+000 
                                     642                  4.6442036265015313E-001                 -7.2157476585435765E-001                  6.8501698937294009E+000                 -1.4788047423634798E+000                  1.3571385810275142E+001                  6.7779619136470193E-001                  3.0212550495118407E-001                  2.0078303684114007E-002                  1.3697112621390370E-004                  3.7803276591586562E-009                  0.0000000000000000E+000 
                                     643                  4.6441491296933335E-001                 -7.2655399240539531E-001                  6.8538331362917244E+000                 -1.4665661862209451E+000                  1.3587075138363142E+001                  6.7779619136447378E-001                  3.0212550495141227E-001                  2.0078303684113896E-002                  1.4883614061080792E-004                  4.7260434936150402E-009                  0.0000000000000000E+000 
                                     644                  4.6441218812892338E-001                 -7.2903771933478967E-001                  6.8562703172487547E+000                 -1.4584878008383539E+000                  1.3597460493971619E+001                  6.7779619136431379E-001                  3.0212550495157231E-001                  2.0078303684113896E-002                  1.5737327181375329E-004                  5.4804042689003796E-009                  0.0000000000000000E+000 
                                     645                  4.6440946328851335E-001                 -7.3151783099457024E-001                  6.8599185791517003E+000                 -1.4464870890470318E+000                  1.3612930491356805E+001                  6.7779619136406122E-001                  3.0212550495182489E-001                  2.0078303684113896E-002                  1.7122377330402837E-004                  6.8358740845440719E-009                  0.0000000000000000E+000 
                                     646                  4.6440401360769340E-001                 -7.3646811670970291E-001                  6.8647832532939868E+000                 -1.4303906703083102E+000                  1.3633637545594777E+001                  6.7779619136369673E-001                  3.0212550495218921E-001                  2.0078303684114118E-002                  1.9207578622043413E-004                  9.1727758547450084E-009                  0.0000000000000000E+000 
                                     647                  4.6439856392687345E-001                 -7.4140398082345327E-001                  6.8696413063463009E+000                 -1.4143373260877430E+000                  1.3654299544461155E+001                  6.7779619136330060E-001                  3.0212550495258539E-001                  2.0078303684114007E-002                  2.1604229593128184E-004                  1.2291061693062541E-008                  0.0000000000000000E+000 
                                     648                  4.6439311424605362E-001                 -7.4632546387481147E-001                  6.8744925970338482E+000                 -1.3983273391737556E+000                  1.3674916005587834E+001                  6.7779619136287061E-001                  3.0212550495301532E-001                  2.0078303684114118E-002                  2.4373725479767488E-004                  1.6445979583537283E-008                  0.0000000000000000E+000 
                                     649                  4.6438766456523384E-001                 -7.5123261093924842E-001                  6.8793370105860827E+000                 -1.3823610002281361E+000                  1.3695486480801824E+001                  6.7779619136240599E-001                  3.0212550495348017E-001                  2.0078303684113896E-002                  2.7592256948748750E-004                  2.1974160135921988E-008                  0.0000000000000000E+000 
                                     650                  4.6438221488441406E-001                 -7.5612547182007972E-001                  6.8841744559439144E+000                 -1.3664386036352796E+000                  1.3716010555181377E+001                  6.7779619136190461E-001                  3.0212550495398149E-001                  2.0078303684113896E-002                  3.1354668251805417E-004                  2.9318923656012821E-008                  0.0000000000000000E+000 
                                     651                  4.6437676520359417E-001                 -7.6100410119569073E-001                  6.8890048632309808E+000                 -1.3505604438228351E+000                  1.3736487846184273E+001                  6.7779619136136648E-001                  3.0212550495451940E-001                  2.0078303684114118E-002                  3.5779330843733884E-004                  3.9063257091835620E-008                  0.0000000000000000E+000 
                                     652                  4.6437131552277433E-001                 -7.6586855872771820E-001                  6.8938281814701039E+000                 -1.3347268119272715E+000                  1.3756918002837077E+001                  6.7779619136079139E-001                  3.0212550495509444E-001                  2.0078303684114118E-002                  4.1014295193486064E-004                  5.1972725544197360E-008                  0.0000000000000000E+000 
                                     653                  4.6436586584195444E-001                 -7.7071890913286667E-001                  6.8986443765272281E+000                 -1.3189379928614577E+000                  1.3777300704975543E+001                  6.7779619136018066E-001                  3.0212550495570523E-001                  2.0078303684114118E-002                  4.7245049682723128E-004                  6.9051233898397434E-008                  0.0000000000000000E+000 
                                     654                  4.6436041616113466E-001                 -7.7555522222287443E-001                  6.9034534285046609E+000                 -1.3031942614021295E+000                  1.3797635662528661E+001                  6.7779619135953606E-001                  3.0212550495634966E-001                  2.0078303684114340E-002                  5.4704296862048555E-004                  9.1613382314612082E-008                  0.0000000000000000E+000 
                                     655                  4.6435496648031488E-001                 -7.8037757290107856E-001                  6.9082553221853864E+000                 -1.2874958658777869E+000                  1.3817922614835473E+001                  6.7779619135886227E-001                  3.0212550495702334E-001                  2.0078303684114340E-002                  6.3684251182949717E-004                  1.2137818581385326E-007                  0.0000000000000000E+000 
                                     656                  4.6434951679949515E-001                 -7.8518604097477263E-001                  6.9130500354235789E+000                 -1.2718430082529490E+000                  1.3838161329959885E+001                  6.7779619135816549E-001                  3.0212550495772006E-001                  2.0078303684114451E-002                  7.4552090142794504E-004                  1.6059026860063612E-007                  0.0000000000000000E+000 
                                     657                  4.6434406711867526E-001                 -7.8998071074075626E-001                  6.9178375361781894E+000                 -1.2562358398443851E+000                  1.3858351603963325E+001                  6.7779619135745539E-001                  3.0212550495842988E-001                  2.0078303684114784E-002                  8.7769358474718148E-004                  2.1217640603776152E-007                  0.0000000000000000E+000 
                                     658                  4.6433861743785543E-001                 -7.9476167051487745E-001                  6.9226177839139487E+000                 -1.2406744649426804E+000                  1.3878493260127836E+001                  6.7779619135674551E-001                  3.0212550495913931E-001                  2.0078303684115228E-002                  1.0391631019183484E-003                  2.7994744778258985E-007                  0.0000000000000000E+000 
                                     659                  4.6433316775703554E-001                 -7.9952901219335948E-001                  6.9273907308822782E+000                 -1.2251589442712985E+000                  1.3898586148138888E+001                  6.7779619135605518E-001                  3.0212550495982959E-001                  2.0078303684115228E-002                  1.2372240360682618E-003                  3.6885837567499205E-007                  0.0000000000000000E+000 
                                     660                  4.6432771807621576E-001                 -8.0428283084426666E-001                  6.9321563232482237E+000                 -1.2096892981364982E+000                  1.3918630143236115E+001                  6.7779619135540936E-001                  3.0212550496047452E-001                  2.0078303684116117E-002                  1.4810446069773917E-003                  4.8534276248941134E-007                  0.0000000000000000E+000 
                                     661                  4.6432226839539592E-001                 -8.0902322432658147E-001                  6.9369145020777081E+000                 -1.1942655093040442E+000                  1.3938625145338996E+001                  6.7779619135484281E-001                  3.0212550496104063E-001                  2.0078303684116561E-002                  1.7821435892958072E-003                  6.3774229248668580E-007                  0.0000000000000000E+000 
                                     662                  4.6431681871457620E-001                 -8.1375029293365586E-001                  6.9404824220025532E+000                 -1.1826389209313752E+000                  1.3953669816491542E+001                  6.7779619135449376E-001                  3.0212550496138912E-001                  2.0078303684117116E-002                  2.0548310971024845E-003                  7.8232095031376068E-007                  0.0000000000000000E+000 
                                     663                  4.6431409387416606E-001                 -8.1610847695817856E-001                  6.9428558950829684E+000                 -1.1749629635337009E+000                  1.3963629185109962E+001                  6.7779619135431335E-001                  3.0212550496156892E-001                  2.0078303684117671E-002                  2.2622113217474981E-003                  8.9585794808233298E-007                  0.0000000000000000E+000 
                                     664                  4.6431136903375608E-001                 -8.1846337097337107E-001                  6.9464084017313334E+000                 -1.1635579968161525E+000                  1.3978465654743184E+001                  6.7779619135414226E-001                  3.0212550496173929E-001                  2.0078303684118448E-002                  2.6177105442942309E-003                  1.0966486898801728E-006                  0.0000000000000000E+000 
                                     665                  4.6430591935293630E-001                 -8.2316410353192793E-001                  6.9511439104667412E+000                 -1.1482713169754157E+000                  1.3998313274093606E+001                  6.7779619135414459E-001                  3.0212550496173546E-001                  2.0078303684119891E-002                  3.1931029702206106E-003                  1.4351524750684059E-006                  0.0000000000000000E+000 
                                     666                  4.6430046967211636E-001                 -8.2785182336375152E-001                  6.9558717456737256E+000                 -1.1330301177386755E+000                  1.4018111731458125E+001                  6.7779619135450753E-001                  3.0212550496137047E-001                  2.0078303684122001E-002                  3.9096826076073414E-003                  1.8756164056185403E-006                  0.0000000000000000E+000 
                                     667                  4.6429501999129663E-001                 -8.3252663755417133E-001                  6.9605918772250011E+000                 -1.1178343075694070E+000                  1.4037861036471208E+001                  6.7779619135535940E-001                  3.0212550496051610E-001                  2.0078303684124554E-002                  4.8031736662965891E-003                  2.4479814361253762E-006                  0.0000000000000000E+000 
                                     668                  4.6428957031047696E-001                 -8.3718865499735950E-001                  6.9653043254587619E+000                 -1.1026838618186239E+000                  1.4057561218179099E+001                  6.7779619135686453E-001                  3.0212550495900797E-001                  2.0078303684127441E-002                  5.9182793296024506E-003                  3.1907588583375846E-006                  0.0000000000000000E+000 
                                     669                  4.6428412062965724E-001                 -8.4183798716156322E-001                  6.9688377397961663E+000                 -1.0912649563630783E+000                  1.4072382278156921E+001                  6.7779619135854585E-001                  3.0212550495732349E-001                  2.0078303684130661E-002                  6.9356141841234254E-003                  3.8904887160581128E-006                  0.0000000000000000E+000 
                                     670                  4.6428139578924710E-001                 -8.4415756557557053E-001                  6.9711882665022395E+000                 -1.0837253072271364E+000                  1.4082194312535151E+001                  6.7779619135998914E-001                  3.0212550495587803E-001                  2.0078303684132770E-002                  7.7129357686130350E-003                  4.4372712991078172E-006                  0.0000000000000000E+000 
                                     671                  4.6427867094883707E-001                 -8.4647401844705805E-001                  6.9747064904336336E+000                 -1.0725218108937713E+000                  1.4096812290816677E+001                  6.7779619136272717E-001                  3.0212550495313550E-001                  2.0078303684137322E-002                  9.0507946470701778E-003                  5.3994257866169801E-006                  0.0000000000000000E+000 
                                     672                  4.6427322126801712E-001                 -8.5109833213798702E-001                  6.9782287206401650E+000                 -1.0611722416693929E+000                  1.4111559054992842E+001                  6.7779619136624814E-001                  3.0212550494960966E-001                  2.0078303684142207E-002                  1.0639120102506124E-002                  6.5706269854031430E-006                  0.0000000000000000E+000 
                                     673                  4.6427049642760715E-001                 -8.5340549795980536E-001                  6.9805718974633528E+000                 -1.0536782250821011E+000                  1.4121322169214711E+001                  6.7779619136918745E-001                  3.0212550494666635E-001                  2.0078303684146204E-002                  1.1853093113981238E-002                  7.4843915875620012E-006                  0.0000000000000000E+000 
                                     674                  4.6426777158719718E-001                 -8.5570959999143925E-001                  6.9829132949669432E+000                 -1.0461956779481412E+000                  1.4131073081263404E+001                  6.7779619137257041E-001                  3.0212550494327861E-001                  2.0078303684150978E-002                  1.3210256903836565E-002                  8.5225145890594054E-006                  0.0000000000000000E+000 
                                     675                  4.6426504674678731E-001                 -8.5801065450036629E-001                  6.9852529464321051E+000                 -1.0387246374107919E+000                  1.4140811806486772E+001                  6.7779619137658620E-001                  3.0212550493925761E-001                  2.0078303684156196E-002                  1.4727478812665180E-002                  9.7015604098030417E-006                  0.0000000000000000E+000 
                                     676                  4.6426232190637751E-001                 -8.6030867815831191E-001                  6.9875908822733983E+000                 -1.0312651342007422E+000                  1.4150538361350566E+001                  6.7779619138117231E-001                  3.0212550493466583E-001                  2.0078303684161858E-002                  1.6423581029888959E-002                  1.1040251953884828E-005                  0.0000000000000000E+000 
                                     677                  4.6425959706596759E-001                 -8.6260368801134268E-001                  6.9899271404963317E+000                 -1.0238172110235824E+000                  1.4160252763441040E+001                  6.7779619138656721E-001                  3.0212550492926432E-001                  2.0078303684168519E-002                  1.8319568676958338E-002                  1.2559751154186540E-005                  0.0000000000000000E+000 
                                     678                  4.6425687222555767E-001                 -8.6489570154763251E-001                  6.9922617561028257E+000                 -1.0163809039175582E+000                  1.4169955031473826E+001                  6.7779619139273883E-001                  3.0212550492308493E-001                  2.0078303684176291E-002                  2.0438871992541588E-002                  1.4283965266244495E-005                  0.0000000000000000E+000 
                                     679                  4.6425414738514770E-001                 -8.6718473666696327E-001                  6.9945947715974572E+000                 -1.0089562607071576E+000                  1.4179645185299455E+001                  6.7779619139979841E-001                  3.0212550491601675E-001                  2.0078303684184839E-002                  2.2807628452375661E-002                  1.6239902464825727E-005                  0.0000000000000000E+000 
                                     680                  4.6425142254473784E-001                 -8.6947081174748464E-001                  6.9963445354546501E+000                 -1.0033746632080478E+000                  1.4186923874747608E+001                  6.7779619140588587E-001                  3.0212550490992185E-001                  2.0078303684192278E-002                  2.4767513013871010E-002                  1.7878861973955606E-005                  0.0000000000000000E+000 
                                     681                  4.6425006012453285E-001                 -8.7061270164487603E-001                  6.9975098792130712E+000                 -9.9967130644074698E-001                  1.4191759735427365E+001                  6.7779619141018854E-001                  3.0212550490561429E-001                  2.0078303684197163E-002                  2.6166398687176073E-002                  1.9059353697094543E-005                  0.0000000000000000E+000 
                                     682                  4.6424869770432786E-001                 -8.7175385876903333E-001                  6.9983838974012524E+000                 -9.9689052533726841E-001                  1.4195389401017904E+001                  6.7779619141371628E-001                  3.0212550490208206E-001                  2.0078303684201604E-002                  2.7268356448194853E-002                  1.9995096893320516E-005                  0.0000000000000000E+000 
                                     683                  4.6424801649422531E-001                 -8.7232415788326889E-001                  6.9989662876675389E+000                 -9.9504107586592083E-001                  1.4197805050743755E+001                  6.7779619141611902E-001                  3.0212550489967632E-001                  2.0078303684204712E-002                  2.8028501463241370E-002                  2.0643493137123068E-005                  0.0000000000000000E+000 
                                     684                  4.6424733528412288E-001                 -8.7289427472641812E-001                  6.9998394419897663E+000                 -9.9227345822131130E-001                  1.4201422378541727E+001                  6.7779619141990188E-001                  3.0212550489588913E-001                  2.0078303684208931E-002                  2.9208365592862443E-002                  2.1649032263040904E-005                  2.0826937206754515E-058 
                                     685                  4.6424597286391789E-001                 -8.7403397363517177E-001                  7.0010036734431713E+000                 -9.8857894355435394E-001                  1.4206249198168141E+001                  6.7779619142519298E-001                  3.0212550489059170E-001                  2.0078303684215371E-002                  3.0860749079684193E-002                  2.3073245745637141E-005                  3.7297223902098481E-058 
                                     686                  4.6424461044371290E-001                 -8.7517294715665617E-001                  7.0021675459162527E+000                 -9.8488738886294214E-001                  1.4211073010200504E+001                  6.7779619143088754E-001                  3.0212550488489037E-001                  2.0078303684222032E-002                  3.2607364943016914E-002                  2.4589331772890368E-005                  4.4184005409452426E-058 
                                     687                  4.6424324802350792E-001                 -8.7631119781679023E-001                  7.0033310649780658E+000                 -9.8119879975520863E-001                  1.4215893817784568E+001                  6.7779619143698411E-001                  3.0212550487878659E-001                  2.0078303684229359E-002                  3.4453534650312256E-002                  2.6203104108346994E-005                  5.2331648430395121E-058 
                                     688                  4.6424188560330293E-001                 -8.7744872817191844E-001                  7.0044942358856641E+000                 -9.7751318120170327E-001                  1.4220711624140694E+001                  6.7779619144346837E-001                  3.0212550487229478E-001                  2.0078303684236909E-002                  3.6404874846390420E-002                  2.7920737223369259E-005                  6.1969378315238710E-058 
                                     689                  4.6424052318309794E-001                 -8.7858554080731477E-001                  7.0056570635888908E+000                 -9.7383053754424320E-001                  1.4225526432564065E+001                  6.7779619145033498E-001                  3.0212550486542022E-001                  2.0078303684244792E-002                  3.8467313322956699E-002                  2.9748788162670508E-005                  7.3367475886129416E-058 
                                     690                  4.6423916076289296E-001                 -8.7972163833568606E-001                  7.0068195527351964E+000                 -9.7015087250483334E-001                  1.4230338246424918E+001                  6.7779619145771064E-001                  3.0212550485803569E-001                  2.0078303684253673E-002                  4.0647105963229575E-002                  3.1694219907020116E-005                  8.6844860600274723E-058 
                                     691                  4.6423779834268797E-001                 -8.8085702339570271E-001                  7.0079817076742650E+000                 -9.6647418919429107E-001                  1.4235147069168567E+001                  6.7779619146558912E-001                  3.0212550485014794E-001                  2.0078303684262888E-002                  4.2950854462389741E-002                  3.3764425875271467E-005                  1.0277775431647182E-057 
                                     692                  4.6423643592248298E-001                 -8.8199169865050675E-001                  7.0091435324626277E+000                 -9.6280049012061453E-001                  1.4239952904315707E+001                  6.7779619147397263E-001                  3.0212550484175449E-001                  2.0078303684272880E-002                  4.5385524928863448E-002                  3.5967255896381182E-005                  1.2160987888032950E-057 
                                     693                  4.6423507350227800E-001                 -8.8312566678639981E-001                  7.0103050308680501E+000                 -9.5912977719761516E-001                  1.4244755755462203E+001                  6.7779619148287062E-001                  3.0212550483284595E-001                  2.0078303684283427E-002                  4.7958467669201928E-002                  3.8311043962697963E-005                  1.4386450381451647E-057 
                                     694                  4.6423371108207306E-001                 -8.8425893051119486E-001                  7.0114662063738695E+000                 -9.5546205175309140E-001                  1.4249555626279029E+001                  6.7779619149235704E-001                  3.0212550482334832E-001                  2.0078303684294641E-002                  5.0677437811023747E-002                  4.0804637365493592E-005                  1.7015856828141461E-057 
                                     695                  4.6423234866186808E-001                 -8.8539149255305760E-001                  7.0126270621832303E+000                 -9.5179731453686012E-001                  1.4254352520512256E+001                  6.7779619150242043E-001                  3.0212550481327322E-001                  2.0078303684306409E-002                  5.3550617027479479E-002                  4.3457427517492803E-005                  2.0121928205102152E-057 
                                     696                  4.6423098624166309E-001                 -8.8652335565885410E-001                  7.0137876012231928E+000                 -9.4813556572883462E-001                  1.4259146441982750E+001                  6.7779619151315895E-001                  3.0212550480252182E-001                  2.0078303684319287E-002                  5.6586636541773816E-002                  4.6279382889386723E-005                  2.3790372789650775E-057 
                                     697                  4.6422962382145810E-001                 -8.8765452259303645E-001                  7.0149478261487817E+000                 -9.4447680494686248E-001                  1.4263937394586018E+001                  6.7779619152469939E-001                  3.0212550479096772E-001                  2.0078303684332832E-002                  5.9794601221448244E-002                  4.9281083639644104E-005                  2.8122184349237639E-057 
                                     698                  4.6422826140125312E-001                 -8.8878499613600159E-001                  7.0161077393468716E+000                 -9.4082103125443350E-001                  1.4268725382291693E+001                  6.7779619153681514E-001                  3.0212550477883782E-001                  2.0078303684347043E-002                  6.3184114941702313E-002                  5.2473758163669700E-005                  3.3236339956493684E-057 
                                     699                  4.6422689898104819E-001                 -8.8991477908295213E-001                  7.0172673429401362E+000                 -9.3716824316825154E-001                  1.4273510409143672E+001                  6.7779619154973214E-001                  3.0212550476590561E-001                  2.0078303684362253E-002                  6.6765307184585135E-002                  5.5869322139863738E-005                  3.9272983421498198E-057 
                                     700                  4.6422553656084320E-001                 -8.9104387424254794E-001                  7.0184266387907446E+000                 -9.3351843866582718E-001                  1.4278292479259287E+001                  6.7779619156345350E-001                  3.0212550475216787E-001                  2.0078303684378573E-002                  7.0548861308055211E-002                  5.9480419669886929E-005                  4.6397159282626155E-057 
                                     701                  4.6422417414063821E-001                 -8.9217228443541152E-001                  7.0192961711240276E+000                 -9.3077798500391296E-001                  1.4281881738790387E+001                  6.7779619157438342E-001                  3.0212550474122485E-001                  2.0078303684391674E-002                  7.3527715736695420E-002                  6.2339718526530240E-005                  5.2572645039992967E-057 
                                     702                  4.6422349293053577E-001                 -8.9273622834026278E-001                  7.0198755896384890E+000                 -9.2895533946515729E-001                  1.4284270542136117E+001                  6.7779619158189530E-001                  3.0212550473370436E-001                  2.0078303684400334E-002                  7.5581773205366659E-002                  6.4319436365236593E-005                  5.7134215853286587E-057 
                                     703                  4.6422281172043323E-001                 -8.9330000207402926E-001                  7.0207443135281391E+000                 -9.2622780598147469E-001                  1.4287847735667052E+001                  6.7779619159360072E-001                  3.0212550472198479E-001                  2.0078303684414545E-002                  7.8768729374630059E-002                  6.7403691317297317E-005                  6.4719823414532297E-057 
                                     704                  4.6422144930022824E-001                 -8.9442705085030394E-001                  7.0219026946540710E+000                 -9.2258693474612352E-001                  1.4292620960883049E+001                  6.7779619161011051E-001                  3.0212550470545546E-001                  2.0078303684434085E-002                  8.3229457818634472E-002                  7.1745204491386916E-005                  7.6416331859568602E-057 
                                     705                  4.6422008688002325E-001                 -8.9555342318109887E-001                  7.0230607729548673E+000                 -9.1894903375340264E-001                  1.4297391246559114E+001                  6.7779619162760762E-001                  3.0212550468793753E-001                  2.0078303684454846E-002                  8.7941432842555928E-002                  7.6361020118795786E-005                  9.0209543266499949E-057 
                                     706                  4.6421872445981827E-001                 -8.9667912192234178E-001                  7.0242185490438223E+000                 -9.1531409839018707E-001                  1.4302158597172269E+001                  6.7779619164613680E-001                  3.0212550466938615E-001                  2.0078303684477050E-002                  9.2918581202799597E-002                  8.1268129700308309E-005                  1.0647222446434964E-056 
                                     707                  4.6421736203961328E-001                 -8.9780414993558899E-001                  7.0253760232946831E+000                 -9.1168212354740874E-001                  1.4306923017269492E+001                  6.7779619166585470E-001                  3.0212550464964444E-001                  2.0078303684500920E-002                  9.8175585214415703E-002                  8.6484555474602940E-005                  1.2564287992558617E-056 
                                     708                  4.6421599961940840E-001                 -8.9892851008673491E-001                  7.0265331958449480E+000                 -9.0805310362670244E-001                  1.4311684511467199E+001                  6.7779619168679528E-001                  3.0212550462867888E-001                  2.0078303684525789E-002                  1.0372792253471744E-001                  9.2029411123922242E-005                  1.4823721364170826E-056 
                                     709                  4.6421463719920342E-001                 -9.0005220524492724E-001                  7.0276900665990265E+000                 -9.0442703254738033E-001                  1.4316443084450304E+001                  6.7779619170900340E-001                  3.0212550460644411E-001                  2.0078303684552434E-002                  1.0959190811804893E-001                  9.7922966397708943E-005                  1.7486160971901610E-056 
                                     710                  4.6421327477899843E-001                 -9.0117523828112600E-001                  7.0288466352313526E+000                 -9.0080390375330943E-001                  1.4321198740971228E+001                  6.7779619173253214E-001                  3.0212550458288689E-001                  2.0078303684580967E-002                  1.1578473858336610E-001                  1.0418671577624345E-004                  2.0622898116267278E-056 
                                     711                  4.6421191235879344E-001                 -9.0229761206703052E-001                  7.0300029011894862E+000                 -8.9718371021945709E-001                  1.4325951485849185E+001                  6.7779619175749850E-001                  3.0212550455789028E-001                  2.0078303684611276E-002                  1.2232453830394215E-001                  1.1084345031283743E-004                  2.4317727473849894E-056 
                                     712                  4.6421054993858851E-001                 -9.0341932947381087E-001                  7.0311588636971765E+000                 -8.9356644445835465E-001                  1.4330701323969429E+001                  6.7779619178394157E-001                  3.0212550453141518E-001                  2.0078303684643251E-002                  1.2923040816556911E-001                  1.1791733393031102E-004                  2.8669120152978428E-056 
                                     713                  4.6420918751838353E-001                 -9.0454039337105574E-001                  7.0323145217573089E+000                 -8.8995209852687684E-001                  1.4335448260282108E+001                  6.7779619181200412E-001                  3.0212550450331810E-001                  2.0078303684677778E-002                  1.3652247699492884E-001                  1.2543398464132525E-004                  3.3792779391690892E-056 
                                     714                  4.6420782509817854E-001                 -9.0566080662538961E-001                  7.0334698741547959E+000                 -8.8634066403275213E-001                  1.4340192299801171E+001                  6.7779619184185980E-001                  3.0212550447342618E-001                  2.0078303684714083E-002                  1.4422195519806619E-001                  1.3342055958502500E-004                  3.9824623903624488E-056 
                                     715                  4.6420646267797355E-001                 -9.0678057209943497E-001                  7.0346249194595041E+000                 -8.8273213214077828E-001                  1.4344933447603545E+001                  6.7779619187335749E-001                  3.0212550444188968E-001                  2.0078303684752830E-002                  1.5235119140300005E-001                  1.4190584502867838E-004                  4.6924284776974055E-056 
                                     716                  4.6420510025776857E-001                 -9.0789969265063453E-001                  7.0357796560290868E+000                 -8.7912649357947914E-001                  1.4349671708828001E+001                  6.7779619190676799E-001                  3.0212550440843822E-001                  2.0078303684793797E-002                  1.6093373168189262E-001                  1.5092035225725112E-004                  5.5279217149045500E-056 
                                     717                  4.6420373783756363E-001                 -9.0901817113009686E-001                  7.0369340820117605E+000                 -8.7552373864727795E-001                  1.4354407088674053E+001                  6.7779619194215890E-001                  3.0212550437300351E-001                  2.0078303684837540E-002                  1.6999438229038283E-001                  1.6049641824316915E-004                  6.5109503225498272E-056 
                                     718                  4.6420237541735865E-001                 -9.1013601038146508E-001                  7.0380881953490730E+000                 -8.7192385721886956E-001                  1.4359139592400828E+001                  6.7779619197972218E-001                  3.0212550433539376E-001                  2.0078303684884058E-002                  1.7955927470025393E-001                  1.7066831173653620E-004                  7.6673469881496612E-056 
                                     719                  4.6420101299715366E-001                 -9.1125321323978636E-001                  7.0392419937785986E+000                 -8.6832683875144123E-001                  1.4363869225325839E+001                  6.7779619201943009E-001                  3.0212550429563623E-001                  2.0078303684933685E-002                  1.8965593500850964E-001                  1.8147234627014256E-004                  9.0274288687122419E-056 
                                     720                  4.6419965057694879E-001                 -9.1236978253038270E-001                  7.0403954748366617E+000                 -8.6473267229086093E-001                  1.4368595992823998E+001                  6.7779619206153552E-001                  3.0212550425347839E-001                  2.0078303684986087E-002                  2.0031335592719657E-001                  1.9294699929713456E-004                  1.0626769616396599E-055 
                                     721                  4.6419828815674380E-001                 -9.1348572106786063E-001                  7.0415486358609369E+000                 -8.6114134647635865E-001                  1.4373319900326154E+001                  6.7779619210608855E-001                  3.0212550420886947E-001                  2.0078303685042043E-002                  2.1156207272342339E-001                  2.0513303719362256E-004                  1.2507100351760827E-055 
                                     722                  4.6419692573653892E-001                 -9.1460103165479634E-001                  7.0427014739930796E+000                 -8.5755284954590760E-001                  1.4378040953317958E+001                  6.7779619215321574E-001                  3.0212550416168293E-001                  2.0078303685101329E-002                  2.2343424283879973E-001                  2.1807364823448676E-004                  1.4717366847605447E-055 
                                     723                  4.6419556331633394E-001                 -9.1571571708090604E-001                  7.0438539861812961E+000                 -8.5396716934449612E-001                  1.4382759157338530E+001                  6.7779619220314957E-001                  3.0212550411168615E-001                  2.0078303685164278E-002                  2.3596372992580827E-001                  2.3181458342265966E-004                  1.7314968055327908E-055 
                                     724                  4.6419420089612901E-001                 -9.1682978012171390E-001                  7.0450061691829067E+000                 -8.5038429333036081E-001                  1.4387474517979159E+001                  6.7779619225601573E-001                  3.0212550405875288E-001                  2.0078303685231447E-002                  2.4918619143118598E-001                  2.4640430378232100E-004                  2.0367198960677873E-055 
                                     725                  4.6419283847592402E-001                 -9.1794322353775459E-001                  7.0461580195668612E+000                 -8.4680420858102823E-001                  1.4392187040881977E+001                  6.7779619231195343E-001                  3.0212550400274379E-001                  2.0078303685302723E-002                  2.6313917067862247E-001                  2.6189413667960588E-004                  2.3952940826486301E-055 
                                     726                  4.6419147605571914E-001                 -9.1905605007325419E-001                  7.0473095337162066E+000                 -8.4322690179942439E-001                  1.4396896731738503E+001                  6.7779619237111421E-001                  3.0212550394350740E-001                  2.0078303685378440E-002                  2.7786219424498371E-001                  2.7833844189691434E-004                  2.8164643169996580E-055 
                                     727                  4.6419011363551421E-001                 -9.2016826245532157E-001                  7.0484607078306123E+000                 -8.3965235931982773E-001                  1.4401603596288387E+001                  6.7779619243372446E-001                  3.0212550388081655E-001                  2.0078303685459042E-002                  2.9339687307625895E-001                  2.9579478533760256E-004                  3.3110631542022000E-055 
                                     728                  4.6418875121530928E-001                 -9.2127986339275247E-001                  7.0496115379287998E+000                 -8.3608056711372358E-001                  1.4406307640317996E+001                  6.7779619249993506E-001                  3.0212550381452086E-001                  2.0078303685544086E-002                  3.0978700901519513E-001                  3.1432412264892644E-004                  3.8917805376848653E-055 
                                     729                  4.6418738879510441E-001                 -9.2239085557517808E-001                  7.0507620198557817E+000                 -8.3251151080442032E-001                  1.4411008869658859E+001                  6.7779619256999635E-001                  3.0212550374436870E-001                  2.0078303685634902E-002                  3.2707870705000947E-001                  3.3399099455058684E-004                  4.5734800693795980E-055 
                                     730                  4.6418602637489947E-001                 -9.2350124167184000E-001                  7.0519121493471957E+000                 -8.2894517578061844E-001                  1.4415707290186329E+001                  6.7779619264419821E-001                  3.0212550367007046E-001                  2.0078303685731269E-002                  3.4532049350528771E-001                  3.5486373280428505E-004                  5.3735677454032758E-055 
                                     731                  4.6418466395469449E-001                 -9.2461102433121334E-001                  7.0530619221249991E+000                 -8.2538154736486868E-001                  1.4420402907817945E+001                  6.7779619272253733E-001                  3.0212550359162887E-001                  2.0078303685833854E-002                  3.6456344064859503E-001                  3.7701467751882604E-004                  6.3124219367155344E-055 
                                     732                  4.6418330153448950E-001                 -9.2572020618027728E-001                  7.0542113339353163E+000                 -8.2182061088142144E-001                  1.4425095728511872E+001                  6.7779619280541237E-001                  3.0212550350864514E-001                  2.0078303685942434E-002                  3.8486129612796344E-001                  4.0052040758564109E-004                  7.4138969156910438E-055 
                                     733                  4.6418193911428451E-001                 -9.2682878982487471E-001                  7.0553603805485974E+000                 -8.1826235165743344E-001                  1.4429785758265753E+001                  6.7779619289300930E-001                  3.0212550342093247E-001                  2.0078303686058230E-002                  4.0627062079144272E-001                  4.2546198366871010E-004                  8.7059110744195150E-055 
                                     734                  4.6418057669407953E-001                 -9.2793677784927342E-001                  7.0565090577590146E+000                 -8.1470675502377810E-001                  1.4434473003115103E+001                  6.7779619298556981E-001                  3.0212550332824956E-001                  2.0078303686180687E-002                  4.2885093046231598E-001                  4.5192520248887104E-004                  1.0221131132014967E-054 
                                     735                  4.6417921427387454E-001                 -9.2904417281630580E-001                  7.0576573613839502E+000                 -8.1115380631556455E-001                  1.4439157469131990E+001                  6.7779619308345573E-001                  3.0212550323023329E-001                  2.0078303686311028E-002                  4.5266484582215860E-001                  4.8000086660132099E-004                  1.1997772094868181E-054 
                                     736                  4.6417785185366967E-001                 -9.3015097726710416E-001                  7.0588052872634597E+000                 -8.0760349087269789E-001                  1.4443839162423533E+001                  6.7779619318693174E-001                  3.0212550312661923E-001                  2.0078303686449028E-002                  4.7777825118283485E-001                  5.0978507067957690E-004                  1.4080533160660570E-054 
                                     737                  4.6417648943346479E-001                 -9.3125719372112914E-001                  7.0599528312597846E+000                 -8.0405579404038963E-001                  1.4448518089130676E+001                  6.7779619329625640E-001                  3.0212550301714763E-001                  2.0078303686595911E-002                  5.0426045883846660E-001                  5.4137950088862738E-004                  1.6521685408002770E-054 
                                     738                  4.6417512701325991E-001                 -9.3236282467598119E-001                  7.0610999892568289E+000                 -8.0051070116948964E-001                  1.4453194255426657E+001                  6.7779619341183417E-001                  3.0212550290141421E-001                  2.0078303686751564E-002                  5.3218438153888892E-001                  5.7489175122237045E-004                  1.9382340806807643E-054 
                                     739                  4.6417376459305493E-001                 -9.3346787260736197E-001                  7.0622467571596612E+000                 -7.9696819761538717E-001                  1.4457867667515611E+001                  6.7779619353388798E-001                  3.0212550277919498E-001                  2.0078303686916987E-002                  5.6162671585253576E-001                  6.1043565951244248E-004                  2.2733936439203217E-054 
                                     740                  4.6417240217284994E-001                 -9.3457233996888156E-001                  7.0633931308940472E+000                 -7.9342826874024530E-001                  1.4462538331631237E+001                  6.7779619366289756E-001                  3.0212550265000976E-001                  2.0078303687092625E-002                  5.9266813172642707E-001                  6.4813166057155485E-004                  2.6659962291415373E-054 
                                     741                  4.6417103975264495E-001                 -9.3567622919205551E-001                  7.0645391064060226E+000                 -7.8989089991394501E-001                  1.4467206254035604E+001                  6.7779619379914369E-001                  3.0212550251357739E-001                  2.0078303687278920E-002                  6.2539347272603996E-001                  6.8810715696244606E-004                  3.1257971112267657E-054 
                                     742                  4.6416967733243997E-001                 -9.3677954268617791E-001                  7.0656846796614170E+000                 -7.8635607651496631E-001                  1.4471871441017671E+001                  6.7779619394300694E-001                  3.0212550236951619E-001                  2.0078303687476873E-002                  6.5989196521777527E-001                  7.3049691240472769E-004                  3.6641925963355481E-054 
                                     743                  4.6416831491223504E-001                 -9.3788228283820174E-001                  7.0668298466454456E+000                 -7.8282378393085650E-001                  1.4476533898892164E+001                  6.7779619409500347E-001                  3.0212550221730972E-001                  2.0078303687686816E-002                  6.9625743910980642E-001                  7.7544346800912810E-004                  4.2944939761895278E-054 
                                     744                  4.6416695249203010E-001                 -9.3898445201273184E-001                  7.0679746033622921E+000                 -7.7929400755888811E-001                  1.4481193633998242E+001                  6.7779619425553828E-001                  3.0212550205655225E-001                  2.0078303687909527E-002                  7.3458855797978817E-001                  8.2309757726658605E-004                  5.0322454603722675E-054 
                                     745                  4.6416559007182523E-001                 -9.4008605255185262E-001                  7.0691189458346635E+000                 -7.7576673280679442E-001                  1.4485850652698147E+001                  6.7779619442504624E-001                  3.0212550188680776E-001                  2.0078303688146004E-002                  7.7498906010122559E-001                  8.7361866642339991E-004                  5.8955948760899345E-054 
                                     746                  4.6416422765162030E-001                 -9.4118708677505258E-001                  7.0702628701034023E+000                 -7.7224194509343091E-001                  1.4490504961375937E+001                  6.7779619460399299E-001                  3.0212550170761038E-001                  2.0078303688396693E-002                  8.1756801311536775E-001                  9.2717532286867009E-004                  6.9057265379433205E-054 
                                     747                  4.6416286523141542E-001                 -9.4228755697914679E-001                  7.0714063722270941E+000                 -7.6871962984941244E-001                  1.4495156566436304E+001                  6.7779619479292985E-001                  3.0212550151840734E-001                  2.0078303688662813E-002                  8.6244007914219933E-001                  9.8394580705946587E-004                  8.0873639640382598E-054 
                                     748                  4.6416150281121049E-001                 -9.4338746543818608E-001                  7.0725494482816984E+000                 -7.6519977251777072E-001                  1.4499805474303317E+001                  6.7779619499235111E-001                  3.0212550131870386E-001                  2.0078303688945032E-002                  9.0972579270914800E-001                  1.0441185909727789E-003                  9.4693543599164685E-054 
                                     749                  4.6416014039100556E-001                 -9.4448681440336280E-001                  7.0736920943601662E+000                 -7.6168235855468480E-001                  1.4504451691419193E+001                  6.7779619520288314E-001                  3.0212550110787217E-001                  2.0078303689244681E-002                  9.5955185244352847E-001                  1.1078929289435701E-003                  1.1085350303294154E-053 
                                     750                  4.6415877797080074E-001                 -9.4558560610292763E-001                  7.0748343065720878E+000                 -7.5816737343013663E-001                  1.4509095224243094E+001                  6.7779619542520886E-001                  3.0212550088522877E-001                  2.0078303689562427E-002                  1.0120514284692816E+000                  1.1754794605598226E-003                  1.2974603672552288E-053 
                                     751                  4.6415741555059581E-001                 -9.4668384274210915E-001                  7.0759760810433248E+000                 -7.5465480262851914E-001                  1.4513736079249888E+001                  6.7779619565969373E-001                  3.0212550065040716E-001                  2.0078303689899046E-002                  1.0673644833016751E+000                  1.2471008408214304E-003                  1.5182885983629554E-053 
                                     752                  4.6415605313039093E-001                 -9.4778152650299075E-001                  7.0771174139157145E+000                 -7.5114463164944123E-001                  1.4518374262929161E+001                  6.7779619590717666E-001                  3.0212550040256686E-001                  2.0078303690256538E-002                  1.1256381036102523E+000                  1.3229924068626255E-003                  1.7763560016744227E-053 
                                     753                  4.6415469071018600E-001                 -9.4887865954455342E-001                  7.0782583013467057E+000                 -7.4763684600830760E-001                  1.4523009781783866E+001                  6.7779619616831122E-001                  3.0212550014105344E-001                  2.0078303690635346E-002                  1.1870268571086511E+000                  1.4034028844995294E-003                  2.0778829121808186E-053 
                                     754                  4.6415332828998107E-001                 -9.4997524400240918E-001                  7.0793987395090072E+000                 -7.4413143123725600E-001                  1.4527642642329083E+001                  6.7779619644391065E-001                  3.0212549986505222E-001                  2.0078303691037136E-002                  1.2516931591593212E+000                  1.4885951285541874E-003                  2.4301186126870970E-053 
                                     755                  4.6415196586977620E-001                 -9.5107128198883639E-001                  7.0805387245903040E+000                 -7.4062837288552252E-001                  1.4532272851091030E+001                  6.7779619673458824E-001                  3.0212549957394846E-001                  2.0078303691463351E-002                  1.3198076599156139E+000                  1.5788469012124053E-003                  2.8415095593555924E-053 
                                     756                  4.6415060344957126E-001                 -9.5216677559264695E-001                  7.0816782527929778E+000                 -7.3712765651957146E-001                  1.4536900414606000E+001                  6.7779619704128791E-001                  3.0212549926679727E-001                  2.0078303691914767E-002                  1.3915496464511636E+000                  1.6744516961829734E-003                  3.3218952365330903E-053 
                                     757                  4.6414924102936633E-001                 -9.5326172687922195E-001                  7.0828173203337679E+000                 -7.3362926772362524E-001                  1.4541525339419074E+001                  6.7779619736477059E-001                  3.0212549894283564E-001                  2.0078303692393717E-002                  1.4671074718259272E+000                  1.7757196093439865E-003                  3.8827360138056637E-053 
                                     758                  4.6414787860916146E-001                 -9.5435613789021556E-001                  7.0839559234434883E+000                 -7.3013319210124250E-001                  1.4546147632083095E+001                  6.7779619770591604E-001                  3.0212549860118260E-001                  2.0078303692901311E-002                  1.5466789952922042E+000                  1.8829782482619830E-003                  4.5373769013562248E-053 
                                     759                  4.6414651618895658E-001                 -9.5545001064372126E-001                  7.0850940583667583E+000                 -7.2663941527609821E-001                  1.4550767299157569E+001                  6.7779619806575586E-001                  3.0212549824080437E-001                  2.0078303693439770E-002                  1.6304720464878673E+000                  1.9965736932162702E-003                  5.3013541270804419E-053 
                                     760                  4.6414515376875171E-001                 -9.5654334713396061E-001                  7.0862317213617123E+000                 -7.2314792289262453E-001                  1.4555384347207488E+001                  6.7779619844524708E-001                  3.0212549786074283E-001                  2.0078303694010091E-002                  1.7187049160493630E+000                  2.1168715145709594E-003                  6.1927519282428640E-053 
                                     761                  4.6414379134854677E-001                 -9.5763614933144192E-001                  7.0873689086997356E+000                 -7.1965870061672721E-001                  1.4559998782802435E+001                  6.7779619884540343E-001                  3.0212549745998180E-001                  2.0078303694614830E-002                  1.8116068650910944E+000                  2.2442578408460234E-003                  7.2326161925788058E-053 
                                     762                  4.6414242892834190E-001                 -9.5872841918264251E-001                  7.0885056166652145E+000                 -7.1617173413654878E-001                  1.4564610612515354E+001                  6.7779619926729795E-001                  3.0212549703744657E-001                  2.0078303695255428E-002                  1.9094186571537752E+000                  2.3791404786692532E-003                  8.4454336484330658E-053 
                                     763                  4.6414106650813697E-001                 -9.5982015861019043E-001                  7.0896418415552649E+000                 -7.1268700916317484E-001                  1.4569219842921608E+001                  6.7779619971211658E-001                  3.0212549659194859E-001                  2.0078303695934885E-002                  2.0123931171330738E+000                  2.5219500970525568E-003                  9.8596886756984451E-053 
                                     764                  4.6413970408793204E-001                 -9.6091136951253486E-001                  7.0907775796794930E+000                 -7.0920451143133623E-001                  1.4573826480597855E+001                  6.7779620018102538E-001                  3.0212549612232037E-001                  2.0078303696654309E-002                  2.1207957206751478E+000                  2.6731414798509922E-003                  1.1508510662753785E-052 
                                     765                  4.6413834166772716E-001                 -9.6200205376412651E-001                  7.0919128273597547E+000                 -7.0572422670015433E-001                  1.4578430532121097E+001                  6.7779620067534785E-001                  3.0212549562723540E-001                  2.0078303697416811E-002                  2.2349052035290362E+000                  2.8331948346675150E-003                  1.3430422532627369E-052 
                                     766                  4.6413697924752223E-001                 -9.6309221321510674E-001                  7.0930475809298859E+000                 -7.0224614075398051E-001                  1.4583032004067478E+001                  6.7779620119649819E-001                  3.0212549510527692E-001                  2.0078303698224831E-002                  2.3550142021885159E+000                  3.0026171716902189E-003                  1.5670208771820431E-052 
                                     767                  4.6413561682731747E-001                 -9.6418184969141674E-001                  7.0941818367355536E+000                 -6.9877023940270344E-001                  1.4587630903011624E+001                  6.7779620174563604E-001                  3.0212549455528337E-001                  2.0078303699080591E-002                  2.4814299307254291E+000                  3.1819437611240544E-003                  1.8279923477343128E-052 
                                     768                  4.6413425440711265E-001                 -9.6527096499470866E-001                  7.0953155911340016E+000                 -6.9529650848284064E-001                  1.4592227235525542E+001                  6.7779620232439974E-001                  3.0212549397561284E-001                  2.0078303699987421E-002                  2.6144748776089619E+000                  3.3717396698058812E-003                  2.1320059845277432E-052 
                                     769                  4.6413289198690771E-001                 -9.6635956090223485E-001                  7.0964488404937658E+000                 -6.9182493385825938E-001                  1.4596821008177313E+001                  6.7779620293429943E-001                  3.0212549336475292E-001                  2.0078303700947653E-002                  2.7544875449387640E+000                  3.5726013665108493E-003                  2.4860901360076639E-052 
                                     770                  4.6413152956670289E-001                 -9.6744763916670307E-001                  7.0975815811945155E+000                 -6.8835550142085133E-001                  1.4601412227530341E+001                  6.7779620357703774E-001                  3.0212549272099698E-001                  2.0078303701965283E-002                  2.9018232134132020E+000                  3.7851584166776211E-003                  2.8984088756178341E-052 
                                     771                  4.6413016714649802E-001                 -9.6853520151639794E-001                  7.0987138096268838E+000                 -6.8488819709096627E-001                  1.4606000900142622E+001                  6.7779620425418097E-001                  3.0212549204277656E-001                  2.0078303703042533E-002                  3.0568547548176408E+000                  4.0100752732892377E-003                  3.3784438731004939E-052 
                                     772                  4.6412880472629314E-001                 -9.6962224965502053E-001                  7.0998455221921857E+000                 -6.8142300681863488E-001                  1.4610587032565338E+001                  6.7779620496764881E-001                  3.0212549132816735E-001                  2.0078303704183842E-002                  3.2199734684350205E+000                  4.2480531577401611E-003                  3.9372048780379644E-052 
                                     773                  4.6412744230608838E-001                 -9.7070878526153614E-001                  7.1009767153110852E+000                 -6.7795991659915955E-001                  1.4615170631342188E+001                  6.7779620571924648E-001                  3.0212549057536137E-001                  2.0078303705392209E-002                  3.3915899670227647E+000                  4.4998320308133749E-003                  4.5874729583947802E-052 
                                     774                  4.6412607988588345E-001                 -9.7179480999037271E-001                  7.1021073854854180E+000                 -6.7449891258112871E-001                  1.4619751703008570E+001                  6.7779620651094141E-001                  3.0212548978238685E-001                  2.0078303706671741E-002                  3.5721351024399866E+000                  4.7661926840264221E-003                  5.3440824270297296E-052 
                                     775                  4.6412471746567852E-001                 -9.7288032547147818E-001                  7.1032375293700012E+000                 -6.7103998119270825E-001                  1.4624330254090200E+001                  6.7779620734490009E-001                  3.0212548894707331E-001                  2.0078303708026546E-002                  3.7620609449443143E+000                  5.0479589544417903E-003                  6.2242478643560130E-052 
                                     776                  4.6412335504547364E-001                 -9.7396533331089430E-001                  7.1043671437902765E+000                 -6.6758310917267027E-001                  1.4628906291102702E+001                  6.7779620822327835E-001                  3.0212548806726047E-001                  2.0078303709461176E-002                  3.9618418021072643E+000                  5.3460000372201836E-003                  7.2479418417024219E-052 
                                     777                  4.6412199262526871E-001                 -9.7504983509158716E-001                  7.1054962257396337E+000                 -6.6412828356676301E-001                  1.4633479820550631E+001                  6.7779620914835037E-001                  3.0212548714066984E-001                  2.0078303710979739E-002                  4.1719752747254830E+000                  5.6612329102994985E-003                  8.4383315245972319E-052 
                                     778                  4.6412063020506378E-001                 -9.7613383237386320E-001                  7.1066247723766720E+000                 -6.6067549172401663E-001                  1.4638050848926513E+001                  6.7779621012250846E-001                  3.0212548616490409E-001                  2.0078303712587453E-002                  4.3929833672013672E+000                  5.9946248935563709E-003                  9.8222842441820389E-052 
                                     779                  4.6411926778485890E-001                 -9.7721732669611638E-001                  7.1077527810226728E+000                 -6.5722472129275977E-001                  1.4642619382710381E+001                  6.7779621114831801E-001                  3.0212548513739279E-001                  2.0078303714289203E-002                  4.6254136529338190E+000                  6.3471963519575042E-003                  1.1430953369647565E-051 
                                     780                  4.6411790536465397E-001                 -9.7830031957553154E-001                  7.1088802491589300E+000                 -6.5377596021691264E-001                  1.4647185428368841E+001                  6.7779621222839992E-001                  3.0212548405550965E-001                  2.0078303716090429E-002                  4.8698404891994445E+000                  6.7200235226857847E-003                  1.3300454104668258E-051 
                                     781                  4.6411654294444904E-001                 -9.7938281250849502E-001                  7.1100071744241937E+000                 -6.5032919673232781E-001                  1.4651748992354438E+001                  6.7779621336559381E-001                  3.0212548291640934E-001                  2.0078303717996793E-002                  5.1268662816677981E+000                  7.1142414882486788E-003                  1.5472644559212565E-051 
                                     782                  4.6411518052424422E-001                 -9.8046480697146610E-001                  7.1111335546121612E+000                 -6.4688441936288654E-001                  1.4656310081105074E+001                  6.7779621456290495E-001                  3.0212548171708076E-001                  2.0078303720014290E-002                  5.3971228156605484E+000                  7.5310473124238142E-003                  1.7996029398009303E-051 
                                     783                  4.6411381810403929E-001                 -9.8154630442135082E-001                  7.1122593876689004E+000                 -6.4344161691694557E-001                  1.4660868701043089E+001                  6.7779621582319582E-001                  3.0212548045465465E-001                  2.0078303722149471E-002                  5.6812726607771520E+000                  7.9717033505653685E-003                  2.0926806006281508E-051 
                                     784                  4.6411245568383441E-001                 -9.8262730629622219E-001                  7.1133846716904809E+000                 -6.4000077848353165E-001                  1.4665424858575134E+001                  6.7779621714984517E-001                  3.0212547912574628E-001                  2.0078303724408553E-002                  5.9800106044085348E+000                  8.4375407096658195E-003                  2.4330070079694249E-051 
                                     785                  4.6411109326362948E-001                 -9.8370781401598995E-001                  7.1145094049204731E+000                 -6.3656189342869285E-001                  1.4669978560091293E+001                  6.7779621854621275E-001                  3.0212547772698817E-001                  2.0078303726799085E-002                  6.2940651837503143E+000                  8.9299628893725769E-003                  2.8281208380575628E-051 
                                     786                  4.6410973084342461E-001                 -9.8478782898278916E-001                  7.1153528137442930E+000                 -6.3397937805649895E-001                  1.4673396462634908E+001                  6.7779621964200720E-001                  3.0212547662930928E-001                  2.0078303728683577E-002                  6.5402413830003630E+000                  9.3178022632713717E-003                  3.1657631667580511E-051 
                                     787                  4.6410904963332200E-001                 -9.8532764748861223E-001                  7.1159147660254973E+000                 -6.3226140986916324E-001                  1.4675671461719759E+001                  6.7779622039579224E-001                  3.0212547587422389E-001                  2.0078303729983871E-002                  6.7094682120280043E+000                  9.5853317317843509E-003                  3.4126470929812143E-051 
                                     788                  4.6410836842321945E-001                 -9.8586734333072878E-001                  7.1167572140096906E+000                 -6.2968997640000079E-001                  1.4679078593634308E+001                  6.7779622156256714E-001                  3.0212547470542933E-001                  2.0078303732003588E-002                  6.9712165449740855E+000                  1.0000560686543604E-002                  3.8190021476208661E-051 
                                     789                  4.6410700600301447E-001                 -9.8694637694644782E-001                  7.1178802856492078E+000                 -6.2625689031359810E-001                  1.4683624965166738E+001                  6.7779622319014199E-001                  3.0212547307502424E-001                  2.0078303734833769E-002                  7.3359539865962553E+000                  1.0581941000550129E-002                  4.4365704732732715E-051 
                                     790                  4.6410564358280948E-001                 -9.8802492191559166E-001                  7.1187224444672985E+000                 -6.2367871785225981E-001                  1.4687037370166848E+001                  6.7779622446708421E-001                  3.0212547179585136E-001                  2.0078303737064429E-002                  7.6218099884341441E+000                  1.1039758982171820E-002                  4.9640371100204296E-051 
                                     791                  4.6410496237270688E-001                 -9.8856400696533975E-001                  7.1192835630268450E+000                 -6.2196362707212671E-001                  1.4689308718585238E+001                  6.7779622534541750E-001                  3.0212547091597863E-001                  2.0078303738603864E-002                  7.8182899169875117E+000                  1.1355517280706690E-002                  5.3495784374899615E-051 
                                     792                  4.6410428116260444E-001                 -9.8910297036010342E-001                  7.1201247599447726E+000                 -6.1939648332428854E-001                  1.4692710395838755E+001                  6.7779622670467721E-001                  3.0212546955432862E-001                  2.0078303740994174E-002                  8.1221547906083433E+000                  1.1845536192366052E-002                  5.9839188845556714E-051 
                                     793                  4.6410291874239951E-001                 -9.9018054204879158E-001                  7.1212461592750858E+000                 -6.1596911013013211E-001                  1.4697249494263856E+001                  6.7779622860055777E-001                  3.0212546765509923E-001                  2.0078303744343051E-002                  8.5455080684370053E+000                  1.2531504198860144E-002                  6.9474700464965976E-051 
                                     794                  4.6410155632219463E-001                 -9.9125762905899661E-001                  7.1223669994542940E+000                 -6.1254362333188861E-001                  1.4701786180905794E+001                  6.7779623059507355E-001                  3.0212546565704174E-001                  2.0078303747884663E-002                  8.9903658455334821E+000                  1.3256257218619935E-002                  8.0645911916086602E-051 
                                     795                  4.6410019390198970E-001                 -9.9233423268539966E-001                  7.1234872798222417E+000                 -6.0912001438290586E-001                  1.4706320462006579E+001                  6.7779623269318767E-001                  3.0212546355518238E-001                  2.0078303751629889E-002                  9.4577904221837752E+000                  1.4021934017507089E-002                  9.3595034691425435E-051 
                                     796                  4.6409883148178477E-001                 -9.9341035420943924E-001                  7.1246069998457848E+000                 -6.0569827498171058E-001                  1.4710852343788000E+001                  6.7779623490022667E-001                  3.0212546134418289E-001                  2.0078303755590499E-002                  9.9488950541230228E+000                  1.4830788316308643E-002                  1.0860207521201862E-050 
                                     797                  4.6409746906157989E-001                 -9.9448599489996814E-001                  7.1257261591167289E+000                 -6.0227839706833353E-001                  1.4715381832451490E+001                  6.7779623722152704E-001                  3.0212545901869531E-001                  2.0078303759777594E-002                  1.0464846349693605E+001                  1.5685194833802776E-002                  1.2599067897790464E-050 
                                     798                  4.6409610664137496E-001                 -9.9556115601375972E-001                  7.1268447573497289E+000                 -5.9886037282113713E-001                  1.4719908934177907E+001                  6.7779623966299685E-001                  3.0212545657279855E-001                  2.0078303764204608E-002                  1.1006866719112345E+001                  1.6587655611688179E-002                  1.4613485530785851E-050 
                                     799                  4.6409474422117003E-001                 -9.9663583879602757E-001                  7.1279627943802399E+000                 -5.9544419465326415E-001                  1.4724433655127257E+001                  6.7779624223057311E-001                  3.0212545400054208E-001                  2.0078303768884753E-002                  1.1576236986281559E+001                  1.7540806654197716E-002                  1.6946672331701289E-050 
                                     800                  4.6409338180096521E-001                 -9.9771004448094736E-001                  7.1290802701624854E+000                 -5.9202985520946783E-001                  1.4728956001438444E+001                  6.7779624493058532E-001                  3.0212545129558260E-001                  2.0078303773832129E-002                  1.2174299077299501E+001                  1.8547424920057499E-002                  1.9648544252222113E-050 
                                     801                  4.6409201938076028E-001                 -9.9878377429213794E-001                  7.1301971847674963E+000                 -5.8861734736268856E-001                  1.4733475979229263E+001                  6.7779624776971381E-001                  3.0212544845122435E-001                  2.0078303779061835E-002                  1.2802458858353607E+001                  1.9610435690530101E-002                  2.2776751593818945E-050 
                                     802                  4.6409065696055540E-001                 -9.9985702944326638E-001                  7.1313135383811614E+000                 -5.8520666421073442E-001                  1.4737993594596229E+001                  6.7779625075487804E-001                  3.0212544546053277E-001                  2.0078303784589191E-002                  1.3462189098684711E+001                  2.0732920297421041E-002                  2.6397864849902802E-050 
                                     803                  4.6408929454035047E-001                 -1.0009298111384506E+000                  7.1324293313022666E+000                 -5.8179779907318796E-001                  1.4742508853614323E+001                  6.7779625389343945E-001                  3.0212544231612953E-001                  2.0078303790431073E-002                  1.4155032537001269E+001                  2.1918124217183907E-002                  3.0588738545530607E-050 
                                     804                  4.6408793212014554E-001                 -1.0020021205727934E+000                  7.1335445639406041E+000                 -5.7839074548815028E-001                  1.4747021762336930E+001                  6.7779625719314018E-001                  3.0212543901025485E-001                  2.0078303796605024E-002                  1.4882605108702242E+001                  2.3169465595326334E-002                  3.5438082617146632E-050 
                                     805                  4.6408656969994072E-001                 -1.0030739589328415E+000                  7.1346592368151374E+000                 -5.7498549720885250E-001                  1.4751532326795816E+001                  6.7779626066175103E-001                  3.0212543553512011E-001                  2.0078303803128916E-002                  1.5646599345868959E+001                  2.4490544217874229E-002                  4.1048272906477736E-050 
                                     806                  4.6408520727973590E-001                 -1.0041453273971652E+000                  7.1357733505521646E+000                 -5.7158204820071534E-001                  1.4756040553001151E+001                  6.7779626430786455E-001                  3.0212543188211288E-001                  2.0078303810022513E-002                  1.6448787846958936E+001                  2.5885150947394433E-002                  4.7537436237880509E-050 
                                     807                  4.6408384485953114E-001                 -1.0052162271367377E+000                  7.1368869058834949E+000                 -5.6818039263812503E-001                  1.4760546446941317E+001                  6.7779626814026450E-001                  3.0212542804242903E-001                  2.0078303817306464E-002                  1.7291026986498359E+001                  2.7357277585399874E-002                  5.5041844839926130E-050 
                                     808                  4.6408248243932626E-001                 -1.0062866593154569E+000                  7.1379999036446939E+000                 -5.6478052490135711E-001                  1.4765050014582977E+001                  6.7779627216828253E-001                  3.0212542400671538E-001                  2.0078303825002086E-002                  1.8175260723391066E+001                  2.8911127254558529E-002                  6.3718672998535036E-050 
                                     809                  4.6408112001912138E-001                 -1.0073566250906365E+000                  7.1391123447733182E+000                 -5.6138243957341083E-001                  1.4769551261871023E+001                  6.7779627640146267E-001                  3.0212541976540552E-001                  2.0078303833131805E-002                  1.9103524638756085E+001                  3.0551125314686085E-002                  7.3749169188954724E-050 
                                     810                  4.6407975759891645E-001                 -1.0084261256133809E+000                  7.1402242303071892E+000                 -5.5798613143724363E-001                  1.4774050194728513E+001                  6.7779628085010057E-001                  3.0212541530817894E-001                  2.0078303841720491E-002                  2.0077950084953233E+001                  3.2281930860703481E-002                  8.5342309655812079E-050 
                                     811                  4.6407839517871152E-001                 -1.0094951620291353E+000                  7.1413355613827489E+000                 -5.5459159547273140E-001                  1.4778546819056920E+001                  6.7779628552476179E-001                  3.0212541062444609E-001                  2.0078303850792123E-002                  2.1100768593376042E+001                  3.4108448748203991E-002                  9.8738992181460996E-050 
                                     812                  4.6407703275850665E-001                 -1.0105637354781158E+000                  7.1424463392333859E+000                 -5.5119882685427424E-001                  1.4783041140736074E+001                  6.7779629043659517E-001                  3.0212540570303098E-001                  2.0078303860373792E-002                  2.2174316399116471E+001                  3.6035842220539821E-002                  1.1421685695553460E-049 
                                     813                  4.6407567033830172E-001                 -1.0116318470957606E+000                  7.1435565651878088E+000                 -5.4780782094716352E-001                  1.4787533165624277E+001                  6.7779629559739019E-001                  3.0212540053211606E-001                  2.0078303870493697E-002                  2.3301039195304632E+001                  3.8069546189266112E-002                  1.3209583026006922E-049 
                                     814                  4.6407430791809678E-001                 -1.0126994980131649E+000                  7.1446662406684345E+000                 -5.4441857330450349E-001                  1.4792022899558340E+001                  6.7779630101937483E-001                  3.0212539509944358E-001                  2.0078303881181592E-002                  2.4483497132059323E+001                  4.0215281205751789E-002                  1.5274450179568597E-049 
                                     815                  4.6407294549789196E-001                 -1.0137666893575354E+000                  7.1457753671898319E+000                 -5.4103107966438646E-001                  1.4796510348353770E+001                  6.7779630671536883E-001                  3.0212538939216349E-001                  2.0078303892467675E-002                  2.5724369998777242E+001                  4.2479068134063241E-002                  1.7658745345121922E-049 
                                     816                  4.6407158307768703E-001                 -1.0148334222526190E+000                  7.1468839463571738E+000                 -5.3764533594700636E-001                  1.4800995517804816E+001                  6.7779631269880880E-001                  3.0212538339680572E-001                  2.0078303904385475E-002                  2.7026462621129422E+001                  4.4867243496347332E-002                  2.0411366542684867E-049 
                                     817                  4.6407022065748216E-001                 -1.0158996978191337E+000                  7.1479919798646980E+000                 -5.3426133825190314E-001                  1.4805478413684593E+001                  6.7779631898384374E-001                  3.0212537709918735E-001                  2.0078303916968965E-002                  2.8392710497508091E+001                  4.7386475618795734E-002                  2.3588617818603597E-049 
                                     818                  4.6406885823727734E-001                 -1.0169655171751568E+000                  7.1490994694942742E+000                 -5.3087908285492813E-001                  1.4809959041745454E+001                  6.7779632558520231E-001                  3.0212537048454297E-001                  2.0078303930254782E-002                  2.9826185711519923E+001                  5.0043781594113011E-002                  2.7255319107669073E-049 
                                     819                  4.6406749581707241E-001                 -1.0180308814366861E+000                  7.1502064171137381E+000                 -5.2749856620549584E-001                  1.4814437407718936E+001                  6.7779633251841320E-001                  3.0212536353730596E-001                  2.0078303944280895E-002                  3.1330103070760597E+001                  5.2846545134662033E-002                  3.1486082306626923E-049 
                                     820                  4.6406613339686759E-001                 -1.0190957917178181E+000                  7.1513128246362196E+000                 -5.2411978485564592E-001                  1.4818913517316108E+001                  6.7779633979976750E-001                  3.0212535624114456E-001                  2.0078303959087940E-002                  3.2907826481147090E+001                  5.5802535171992351E-002                  3.6366774106602549E-049 
                                     821                  4.6406477097666260E-001                 -1.0201602491313233E+000                  7.1524186938896062E+000                 -5.2074273523410175E-001                  1.4823387376227590E+001                  6.7779634744600303E-001                  3.0212534857927870E-001                  2.0078303974718326E-002                  3.4562875524544445E+001                  5.8919925141310565E-002                  4.1996193983017389E-049 
                                     822                  4.6406340855645767E-001                 -1.0212242547878800E+000                  7.1535240265144768E+000                 -5.1736741346986703E-001                  1.4827858990123616E+001                  6.7779635547507611E-001                  3.0212534053370782E-001                  2.0078303991216018E-002                  3.6298932145005537E+001                  6.2207313239808007E-002                  4.8488000406416536E-049 
                                     823                  4.6406204613625285E-001                 -1.0222878097957488E+000                  7.1546288239543019E+000                 -5.1399381537443611E-001                  1.4832328364654639E+001                  6.7779636390554088E-001                  3.0212533208583031E-001                  2.0078304008628756E-002                  3.8119847943232209E+001                  6.5673743861443631E-002                  5.5972921969286749E-049 
                                     824                  4.6406068371604792E-001                 -1.0233509152597839E+000                  7.1557330874583940E+000                 -5.1062193644735765E-001                  1.4836795505451134E+001                  6.7779637275687432E-001                  3.0212532321611957E-001                  2.0078304027006055E-002                  4.0029651643477514E+001                  6.9328730146386269E-002                  6.4601296264988632E-049 
                                     825                  4.6405932129584299E-001                 -1.0244135722806855E+000                  7.1568368180848703E+000                 -5.0725177188137593E-001                  1.4841260418123658E+001                  6.7779638204960213E-001                  3.0212531390399811E-001                  2.0078304046399764E-002                  4.2032556865921016E+001                  7.3182277527782724E-002                  7.4545976479319305E-049 
                                     826                  4.6405795887563811E-001                 -1.0254757819541889E+000                  7.1579400167036074E+000                 -5.0388331656738805E-001                  1.4845723108263050E+001                  6.7779639180507267E-001                  3.0212530412806249E-001                  2.0078304066864838E-002                  4.4132970301853675E+001                  7.7244908451601466E-002                  8.6005665457605239E-049 
                                     827                  4.6405659645543318E-001                 -1.0265375453703882E+000                  7.1590426839991093E+000                 -5.0051656509951770E-001                  1.4850183581440431E+001                  6.7779640204563030E-001                  3.0212529386591069E-001                  2.0078304088459009E-002                  4.6335500156706942E+001                  8.1527688315781402E-002                  9.9208738674005586E-049 
                                     828                  4.6405523403522825E-001                 -1.0275988636128897E+000                  7.1601448204733167E+000                 -4.9715151178022288E-001                  1.4854641843207126E+001                  6.7779641279480063E-001                  3.0212528309395609E-001                  2.0078304111243339E-002                  4.8644964942627610E+001                  8.6042252699041380E-002                  1.1441762903789539E-048 
                                     829                  4.6405387161502337E-001                 -1.0286597377581284E+000                  7.1612464264483640E+000                 -4.9378815062555403E-001                  1.4859097899094536E+001                  6.7779642407694540E-001                  3.0212527178777293E-001                  2.0078304135281666E-002                  5.1066402764445492E+001                  9.0800835931687876E-002                  1.3193385417472180E-048 
                                     830                  4.6405250919481844E-001                 -1.0297201688745201E+000                  7.1623475020693119E+000                 -4.9042647537094963E-001                  1.4863551754614088E+001                  6.7779643591787575E-001                  3.0212525992148315E-001                  2.0078304160641158E-002                  5.3605080713379536E+001                  9.5816300930720799E-002                  1.5210376767985289E-048 
                                     831                  4.6405114677461351E-001                 -1.0307801580218319E+000                  7.1634480473068747E+000                 -4.8706647947490522E-001                  1.4868003415257263E+001                  6.7779644834443398E-001                  3.0212524746817332E-001                  2.0078304187392648E-002                  5.6266504912559526E+001                  1.0110217052453510E-001                  1.7532515098567114E-048 
                                     832                  4.6404978435440869E-001                 -1.0318397062504181E+000                  7.1645480619600308E+000                 -4.8370815612388707E-001                  1.4872452886495266E+001                  6.7779646138482341E-001                  3.0212523439956562E-001                  2.0078304215610965E-002                  5.9056430787325645E+001                  1.0667266029766685E-001                  2.0205476397504090E-048 
                                     833                  4.6404842193420376E-001                 -1.0328988146004840E+000                  7.1656475456586506E+000                 -4.8035149823694623E-001                  1.4876900173779033E+001                  6.7779647506834850E-001                  3.0212522068627667E-001                  2.0078304245374823E-002                  6.1980873923798200E+001                  1.1254271305722637E-001                  2.3281699736901095E-048 
                                     834                  4.6404705951399894E-001                 -1.0339574841014181E+000                  7.1667464978661100E+000                 -4.7699649847051206E-001                  1.4881345282539133E+001                  6.7779648942593385E-001                  3.0212520629729994E-001                  2.0078304276766268E-002                  6.5046121136845031E+001                  1.1872803496797699E-001                  2.6821378143979532E-048 
                                     835                  4.6404569709379401E-001                 -1.0350157157711457E+000                  7.1678449178817401E+000                 -4.7364314922315459E-001                  1.4885788218185333E+001                  6.7779650448973650E-001                  3.0212519120039083E-001                  2.0078304309872674E-002                  6.8258742211225552E+001                  1.2524513328611608E-001                  3.0893591290514762E-048 
                                     836                  4.6404433467358919E-001                 -1.0360735106152226E+000                  7.1689428048433639E+000                 -4.7029144264034567E-001                  1.4890228986106388E+001                  6.7779652029347015E-001                  3.0212517536174494E-001                  2.0078304344784970E-002                  7.1625601909997130E+001                  1.3211135595943646E-001                  3.5577602489252443E-048 
                                     837                  4.6404297225338431E-001                 -1.0371308696264092E+000                  7.1700401577297521E+000                 -4.6694137061905661E-001                  1.4894667591669883E+001                  6.7779653687249830E-001                  3.0212515874590196E-001                  2.0078304381599743E-002                  7.5153872527712494E+001                  1.3934493312812304E-001                  4.0964342868165959E-048 
                                     838                  4.6404160983317938E-001                 -1.0381877937837758E+000                  7.1711369753630132E+000                 -4.6359292481245001E-001                  1.4899104040221752E+001                  6.7779655426370355E-001                  3.0212514131587881E-001                  2.0078304420417581E-002                  7.8851047027596152E+001                  1.4696502064388289E-001                  4.7158110245106359E-048 
                                     839                  4.6404024741297445E-001                 -1.0392442840521499E+000                  7.1722332564110065E+000                 -4.6024609663439336E-001                  1.4903538337086125E+001                  6.7779657250567549E-001                  3.0212512303297895E-001                  2.0078304461345509E-002                  8.2724952596336877E+001                  1.5499174569514940E-001                  5.4278513169163915E-048 
                                     840                  4.6403888499276968E-001                 -1.0403003413813936E+000                  7.1733289993897564E+000                 -4.5690087726398021E-001                  1.4907970487565095E+001                  6.7779659163878070E-001                  3.0212510385672448E-001                  2.0078304504494771E-002                  8.6783764708720653E+001                  1.6344625443107008E-001                  6.2462691036752824E-048 
                                     841                  4.6403752257256481E-001                 -1.0413559667058958E+000                  7.1744242026656844E+000                 -4.5355725765021848E-001                  1.4912400496938130E+001                  6.7779661170527783E-001                  3.0212508374473884E-001                  2.0078304549983272E-002                  9.1036021738033483E+001                  1.7235076190741802E-001                  7.1867853656495399E-048 
                                     842                  4.6403616015235988E-001                 -1.0424111609436224E+000                  7.1755188644579091E+000                 -4.5021522851657353E-001                  1.4916828370461625E+001                  6.7779663274930013E-001                  3.0212506265276501E-001                  2.0078304597934915E-002                  9.5490640178968960E+001                  1.8172860441112715E-001                  8.2674184563645309E-048 
                                     843                  4.6403479773215495E-001                 -1.0434659249957763E+000                  7.1766129828405889E+000                 -4.4687478036522743E-001                  1.4921254113368867E+001                  6.7779665481707108E-001                  3.0212504053444933E-001                  2.0078304648479595E-002                  1.0015693036200477E+002                  1.9160429427921266E-001                  9.5088160196917284E-048 
                                     844                  4.6403343531195007E-001                 -1.0445202597460195E+000                  7.1777065557451074E+000                 -4.4353590348170013E-001                  1.4925677730869381E+001                  6.7779667795694765E-001                  3.0212501734129826E-001                  2.0078304701754091E-002                  1.0504461286167616E+002                  2.0200357738813157E-001                  1.0934634584426112E-047 
                                     845                  4.6403207289174514E-001                 -1.0455741660598923E+000                  7.1787995809622611E+000                 -4.4019858793922712E-001                  1.4930099228148451E+001                  6.7779670221924793E-001                  3.0212499302284995E-001                  2.0078304757902066E-002                  1.1016383557375033E+002                  2.1295349314642981E-001                  1.2571972656172266E-047 
                                     846                  4.6403071047154021E-001                 -1.0466276447841190E+000                  7.1798920561444346E+000                 -4.3686282360334144E-001                  1.4934518610366659E+001                  6.7779672765689380E-001                  3.0212496752603124E-001                  2.0078304817074955E-002                  1.1552519100422447E+002                  2.2448243733798068E-001                  1.4451865527395914E-047 
                                     847                  4.6402934805133533E-001                 -1.0476806967460754E+000                  7.1809839788077836E+000                 -4.3352860013623373E-001                  1.4938935882659479E+001                  6.7779675432496111E-001                  3.0212494079560737E-001                  2.0078304879431519E-002                  1.2113973479425397E+002                  2.3662022794826246E-001                  1.6609850459113557E-047 
                                     848                  4.6402798563113046E-001                 -1.0487333227531630E+000                  7.1820753463343392E+000                 -4.3019590700222149E-001                  1.4943351050136771E+001                  6.7779678228109652E-001                  3.0212491277376452E-001                  2.0078304945138958E-002                  1.2701900444734252E+002                  2.4939817406871473E-001                  1.9086612037899586E-047 
                                     849                  4.6402662321092558E-001                 -1.0497855235922098E+000                  7.1831661559740922E+000                 -4.2686473347135728E-001                  1.4947764117882183E+001                  6.7779681158565985E-001                  3.0212488339996774E-001                  2.0078305014372466E-002                  1.3317503891152475E+002                  2.6284914812601207E-001                  2.1928719518407797E-047 
                                     850                  4.6402526079072065E-001                 -1.0508373000288516E+000                  7.1842564048471047E+000                 -4.2353506862308499E-001                  1.4952175090952792E+001                  6.7779684230159298E-001                  3.0212485261109034E-001                  2.0078305087316672E-002                  1.3962039898982488E+002                  2.7700766135841481E-001                  2.5189467868456072E-047 
                                     851                  4.6402389837051572E-001                 -1.0518886528070737E+000                  7.1853460899455275E+000                 -4.2020690135072697E-001                  1.4956583974378431E+001                  6.7779687449467507E-001                  3.0212482034115917E-001                  2.0078305164165755E-002                  1.4636818821404341E+002                  2.9190994268482134E-001                  2.8929837019058179E-047 
                                     852                  4.6402253595031084E-001                 -1.0529395826484542E+000                  7.1864352081355980E+000                 -4.1688022036581523E-001                  1.4960990773160987E+001                  6.7779690823363736E-001                  3.0212478652123959E-001                  2.0078305245122996E-002                  1.5343207455546042E+002                  3.0759402132520020E-001                  3.3219586674200592E-047 
                                     853                  4.6402117353010591E-001                 -1.0539900902517139E+000                  7.1875237561596519E+000                 -4.1355501420231622E-001                  1.4965395492273949E+001                  6.7779694359034603E-001                  3.0212475107925074E-001                  2.0078305330403223E-002                  1.6082631284073153E+002                  3.2409981324374987E-001                  3.8138505132322918E-047 
                                     854                  4.6401981110990098E-001                 -1.0550401762920945E+000                  7.1886117306381472E+000                 -4.1023127122067776E-001                  1.4969798136661934E+001                  6.7779698063978733E-001                  3.0212471393998180E-001                  2.0078305420230924E-002                  1.6856576807749232E+002                  3.4146921162245569E-001                  4.3777833891368190E-047 
                                     855                  4.6401844868969611E-001                 -1.0560898414209359E+000                  7.1896991280715747E+000                 -4.0690897961226186E-001                  1.4974198711239946E+001                  6.7779701946038728E-001                  3.0212467502477058E-001                  2.0078305514842132E-002                  1.7666593935374084E+002                  3.5974618161421495E-001                  5.0241893040227544E-047 
                                     856                  4.6401708626949117E-001                 -1.0571390862649346E+000                  7.1907859448423563E+000                 -4.0358812740357453E-001                  1.4978597220892601E+001                  6.7779706013407759E-001                  3.0212463425143632E-001                  2.0078305614486092E-002                  1.8514298463846336E+002                  3.7897685916459894E-001                  5.7649932026775759E-047 
                                     857                  4.6401572384928635E-001                 -1.0581879114257386E+000                  7.1918721772168039E+000                 -4.0026870246020502E-001                  1.4982993670473704E+001                  6.7779710274607308E-001                  3.0212459153450416E-001                  2.0078305719422707E-002                  1.9401374669642777E+002                  3.9920965443581824E-001                  6.6138239628176460E-047 
                                     858                  4.6401436142908142E-001                 -1.0592363174793771E+000                  7.1929578213469867E+000                 -3.9695069249130416E-001                  1.4987388064805481E+001                  6.7779714738579178E-001                  3.0212454678428174E-001                  2.0078305829926535E-002                  2.0329577879435305E+002                  4.2049536001028703E-001                  7.5862548619155438E-047 
                                     859                  4.6401299900887655E-001                 -1.0602843049757418E+000                  7.1940428732725783E+000                 -3.9363408505355763E-001                  1.4991780408677879E+001                  6.7779719414636752E-001                  3.0212449990734758E-001                  2.0078305946284902E-002                  2.1300737251177779E+002                  4.4288726403261935E-001                  8.7000775399531377E-047 
                                     860                  4.6401163658867162E-001                 -1.0613318744380320E+000                  7.1951273289227569E+000                 -3.9031886755526279E-001                  1.4996170706848101E+001                  6.7779724312514744E-001                  3.0212445080605221E-001                  2.0078306068800345E-002                  2.2316758552797219E+002                  4.6644126859767382E-001                  9.9756142012872136E-047 
                                     861                  4.6401027416846669E-001                 -1.0623790263623798E+000                  7.1962111841180061E+000                 -3.8700502726042835E-001                  1.5000558964039755E+001                  6.7779729442351044E-001                  3.0212439937869956E-001                  2.0078306197790052E-002                  2.3379627095524489E+002                  4.9121601356224226E-001                  1.1436073231594533E-046 
                                     862                  4.6400891174826170E-001                 -1.0634257612171811E+000                  7.1972944345718366E+000                 -3.8369255129323487E-001                  1.5004945184941901E+001                  6.7779734814754788E-001                  3.0212434551886486E-001                  2.0078306333587204E-002                  2.4491410649797024E+002                  5.1727300565637113E-001                  1.3107953727362381E-046 
                                     863                  4.6400754932805682E-001                 -1.0644720794426077E+000                  7.1983770758926635E+000                 -3.8038142664172703E-001                  1.5009329374208679E+001                  6.7779740440775260E-001                  3.0212428911570549E-001                  2.0078306476541963E-002                  2.5654262563601765E+002                  5.4467675358295642E-001                  1.5021506165636047E-046 
                                     864                  4.6400618690785189E-001                 -1.0655179814502682E+000                  7.1994591035855757E+000                 -3.7707164016196260E-001                  1.5013711536458500E+001                  6.7779746331948965E-001                  3.0212423005348865E-001                  2.0078306627021703E-002                  2.6870424879517037E+002                  5.7349490924161073E-001                  1.7211256735458108E-046 
                                     865                  4.6400482448764696E-001                 -1.0665634676226123E+000                  7.2005405130575681E+000                 -3.7376317858821562E-001                  1.5018091676273356E+001                  6.7779752500322066E-001                  3.0212416821136773E-001                  2.0078306785411559E-002                  2.8142231568362604E+002                  6.0379841538971901E-001                  1.9716603983958286E-046 
                                     866                  4.6400346206744197E-001                 -1.0676085383125231E+000                  7.2016212997034188E+000                 -3.7045602868314642E-001                  1.5022469798197809E+001                  6.7779758958448455E-001                  3.0212410346339780E-001                  2.0078306952117653E-002                  2.9472111960201136E+002                  6.3566166193125428E-001                  2.2582498058229351E-046 
                                     867                  4.6400209964723710E-001                 -1.0686531938431032E+000                  7.2027014590673444E+000                 -3.6715017751759788E-001                  1.5026845906738524E+001                  6.7779765719423424E-001                  3.0212403567820206E-001                  2.0078307127563644E-002                  3.0862594317613383E+002                  6.6916265164718314E-001                  2.5860213807487138E-046 
                                     868                  4.6400073722703211E-001                 -1.0696974345084613E+000                  7.2037809869247011E+000                 -3.6384561261166104E-001                  1.5031220006363432E+001                  6.7779772796904725E-001                  3.0212396471875602E-001                  2.0078307312196730E-002                  3.2316309461761466E+002                  7.0438317200987399E-001                  2.9608229315769773E-046 
                                     869                  4.6399937480682729E-001                 -1.0707412605743865E+000                  7.2048598792817131E+000                 -3.6054232193506219E-001                  1.5035592101501077E+001                  6.7779780205140150E-001                  3.0212389044211341E-001                  2.0078307506485094E-002                  3.3835994420802513E+002                  7.4140897333127287E-001                  3.3893225118050341E-046 
                                     870                  4.6399801238662230E-001                 -1.0717846722795239E+000                  7.2059381323717036E+000                 -3.5724029390126849E-001                  1.5039962196540017E+001                  6.7779787958977278E-001                  3.0212381269930760E-001                  2.0078307710919674E-002                  3.5424496192925051E+002                  7.8032995500951496E-001                  3.8791220308191741E-046 
                                     871                  4.6399664996641737E-001                 -1.0728276698360306E+000                  7.2070157426513282E+000                 -3.5393951736184032E-001                  1.5044330295828159E+001                  6.7779796073903986E-001                  3.0212373133494397E-001                  2.0078307926016170E-002                  3.7084775553400607E+002                  8.2124036027179426E-001                  4.4388863997669138E-046 
                                     872                  4.6399528754621244E-001                 -1.0738702534307207E+000                  7.2080927067969256E+000                 -3.5063998160046467E-001                  1.5048696403672487E+001                  6.7779804566066038E-001                  3.0212364618702292E-001                  2.0078308152316704E-002                  3.8819910988505052E+002                  8.6423897984368248E-001                  5.0784903306427229E-046 
                                     873                  4.6399392512600746E-001                 -1.0749124232258449E+000                  7.2091690217007907E+000                 -3.4734167632731516E-001                  1.5053060524338267E+001                  6.7779813452259596E-001                  3.0212355708701522E-001                  2.0078308390388822E-002                  4.0633102774867780E+002                  9.0942936510090366E-001                  5.8091852346575200E-046 
                                     874                  4.6399256270580247E-001                 -1.0759541793599376E+000                  7.2102446844675523E+000                 -3.4404459167363560E-001                  1.5057422662048548E+001                  6.7779822750026408E-001                  3.0212346385890787E-001                  2.0078308640828046E-002                  4.2527676932559558E+002                  9.5692005048927586E-001                  6.6437886853923331E-046 
                                     875                  4.6399120028559759E-001                 -1.0769955219487461E+000                  7.2113196924106528E+000                 -3.4074871818564373E-001                  1.5061782820984039E+001                  6.7779832477622759E-001                  3.0212336631951253E-001                  2.0078308904259878E-002                  4.4507089502143475E+002                  1.0068247861004731E+000                  7.5968996519941900E-046 
                                     876                  4.6398983786539266E-001                 -1.0780364510861693E+000                  7.2123940430488158E+000                 -3.3745404681905200E-001                  1.5066141005282695E+001                  6.7779842654077826E-001                  3.0212326427788155E-001                  2.0078309181340126E-002                  4.6574930729630944E+002                  1.0592627809055306E+000                  8.6851429685718564E-046 
                                     877                  4.6398847544518773E-001                 -1.0790769668450166E+000                  7.2134677341025082E+000                 -3.3416056893344648E-001                  1.5070497219039193E+001                  6.7779853299190573E-001                  3.0212315753533703E-001                  2.0078309472757239E-002                  4.8734929453379158E+002                  1.1143589570076529E+000                  9.9274469251535128E-046 
                                     878                  4.6398711302498286E-001                 -1.0801170692779110E+000                  7.2145407634905379E+000                 -3.3086827628681470E-001                  1.5074851466304775E+001                  6.7779864433605275E-001                  3.0212304588471484E-001                  2.0078309779232417E-002                  5.0990957376026341E+002                  1.1722442154054189E+000                  1.1345358411123198E-045 
                                     879                  4.6398575060477792E-001                 -1.0811567584181101E+000                  7.2156131293266368E+000                 -3.2757716102987272E-001                  1.5079203751086938E+001                  6.7779876078796986E-001                  3.0212292911050714E-001                  2.0078310101522945E-002                  5.3347033615110638E+002                  1.2330557139150531E+000                  1.2963400735384850E-045 
                                     880                  4.6398438818457305E-001                 -1.0821960342803578E+000                  7.2166848299161375E+000                 -3.2428721570059610E-001                  1.5083554077349280E+001                  6.7779888257128551E-001                  3.0212280698829169E-001                  2.0078310440422742E-002                  5.5807329136944861E+002                  1.2969371577108793E+000                  1.4809479751554665E-045 
                                     881                  4.6398302576436806E-001                 -1.0832348968617291E+000                  7.2177558637526307E+000                 -3.2099843321886934E-001                  1.5087902449011219E+001                  6.7779900991885500E-001                  3.0212267928437980E-001                  2.0078310796765253E-002                  5.8376171273661976E+002                  1.3640391024821201E+000                  1.6915344385267712E-045 
                                     882                  4.6398166334416308E-001                 -1.0842733461423635E+000                  7.2188262295147121E+000                 -3.1771080688099718E-001                  1.5092248869947804E+001                  6.7779914307288702E-001                  3.0212254575569014E-001                  2.0078311171422891E-002                  6.1058048341323911E+002                  1.4345192714774351E+000                  1.9317109215269386E-045 
                                     883                  4.6398030092395809E-001                 -1.0853113820863645E+000                  7.2198959260628044E+000                 -3.1442433035427036E-001                  1.5096593343989754E+001                  6.7779928228539021E-001                  3.0212240614929814E-001                  2.0078311565311591E-002                  6.3857614203666265E+002                  1.5085428868670332E+000                  2.2055847234031790E-045 
                                     884                  4.6397893850375310E-001                 -1.0863490046425646E+000                  7.2209649524359687E+000                 -3.1113899767186803E-001                  1.5100935874923298E+001                  6.7779942781852209E-001                  3.0212226020208582E-001                  2.0078311979392138E-002                  6.6779692872845669E+002                  1.5862830159965526E+000                  2.5178262071191287E-045 
                                     885                  4.6397757608354812E-001                 -1.0873862137453194E+000                  7.2220333078487995E+000                 -3.0785480322838527E-001                  1.5105276466490100E+001                  6.7779957994499984E-001                  3.0212210764032921E-001                  2.0078312414670951E-002                  6.9829283090845763E+002                  1.6679209331904201E+000                  2.8737450196995815E-045 
                                     886                  4.6397621366334313E-001                 -1.0884230093152971E+000                  7.2231009916883488E+000                 -3.0457174177388285E-001                  1.5109615122387275E+001                  6.7779973894832068E-001                  3.0212194817947563E-001                  2.0078312872203741E-002                  7.3011562959351375E+002                  1.7536464979207791E+000                  3.2793765178649105E-045 
                                     887                  4.6397485124313814E-001                 -1.0894593912602462E+000                  7.2241680035111004E+000                 -3.0128980840841441E-001                  1.5113951846267392E+001                  6.7779990512329547E-001                  3.0212178152360714E-001                  2.0078313353097399E-002                  7.6331894441598399E+002                  1.8436585500802454E+000                  3.7415797470036899E-045 
                                     888                  4.6397348882293316E-001                 -1.0904953594757658E+000                  7.2252343430399870E+000                 -2.9800899857694196E-001                  1.5118286641738422E+001                  6.7780007877636606E-001                  3.0212160736512222E-001                  2.0078313858511665E-002                  7.9795827874851318E+002                  1.9381653223549826E+000                  4.2681484125007797E-045 
                                     889                  4.6397212640272834E-001                 -1.0915309138460321E+000                  7.2263000101614914E+000                 -2.9472930806399511E-001                  1.5122619512363965E+001                  6.7780026022567830E-001                  3.0212142538465825E-001                  2.0078314389663454E-002                  8.3409106525024674E+002                  2.0373848712718741E+000                  4.8679366420675113E-045 
                                     890                  4.6397076398252340E-001                 -1.0925660542446425E+000                  7.2273650049227731E+000                 -2.9145073298887098E-001                  1.5126950461663354E+001                  6.7780044980212806E-001                  3.0212123525004531E-001                  2.0078314947826637E-002                  8.7177670660243348E+002                  2.1415455275686850E+000                  5.5510014630033270E-045 
                                     891                  4.6396940156231847E-001                 -1.0936007805352610E+000                  7.2284293275287963E+000                 -2.8817326980050600E-001                  1.5131279493111624E+001                  6.7780064784915517E-001                  3.0212103661650680E-001                  2.0078315534338032E-002                  9.1107662018266717E+002                  2.2508863666606445E+000                  6.3287641816732417E-045 
                                     892                  4.6396803914211360E-001                 -1.0946350925723793E+000                  7.2294929783395627E+000                 -2.8489691527261407E-001                  1.5135606610139723E+001                  6.7780085472342655E-001                  3.0212082912597638E-001                  2.0078316150597075E-002                  9.5205427773431416E+002                  2.3656577000810790E+000                  7.2141931417266316E-045 
                                     893                  4.6396667672190867E-001                 -1.0956689902020567E+000                  7.2305559578673835E+000                 -2.8162166649873943E-001                  1.5139931816134773E+001                  6.7780107079536012E-001                  3.0212061240656779E-001                  2.0078316798072038E-002                  9.9477524383617492E+002                  2.4861215888168959E+000                  8.2220106607851791E-045 
                                     894                  4.6396531430170374E-001                 -1.0967024732626178E+000                  7.2316182667741824E+000                 -2.7834752088743986E-001                  1.5144255114440153E+001                  6.7780129644930287E-001                  3.0212038607239639E-001                  2.0078317478300800E-002                  1.0393072141811365E+003                  2.6125523797723780E+000                  9.3689273727875777E-045 
                                     895                  4.6396395188149886E-001                 -1.0977355415853765E+000                  7.2324147397168490E+000                 -2.7588840538665410E-001                  1.5147500184390644E+001                  6.7780147230359344E-001                  3.0212020968522363E-001                  2.0078318011182983E-002                  1.0739534954185785E+003                  2.7115094887017444E+000                  1.0332119528391454E-044 
                                     896                  4.6396327067139637E-001                 -1.0982519160875115E+000                  7.2329453921839262E+000                 -2.7425217405889823E-001                  1.5149660392478573E+001                  6.7780159268817741E-001                  3.0212008893445863E-001                  2.0078318377363957E-002                  1.0976427574287707E+003                  2.7794676498289168E+000                  1.1027743004182467E-044 
                                     897                  4.6396258946129387E-001                 -1.0987681868442785E+000                  7.2337408771166087E+000                 -2.7180255978045076E-001                  1.5152895977668315E+001                  6.7780177811184905E-001                  3.0211990294461022E-001                  2.0078318943540729E-002                  1.1340857801828668E+003                  2.8844767885986324E+000                  1.2158468208313945E-044 
                                     898                  4.6396122704108889E-001                 -1.0998004251727858E+000                  7.2348011794928953E+000                 -2.6853171112575414E-001                  1.5157213572442400E+001                  6.7780203496330327E-001                  3.0211964530468655E-001                  2.0078319732010241E-002                  1.1844787498844175E+003                  3.0305857611826150E+000                  1.3847021054838575E-044 
                                     899                  4.6395986462088390E-001                 -1.1008322482222515E+000                  7.2358608153410353E+000                 -2.6526195832283306E-001                  1.5161529272470025E+001                  6.7780230308238576E-001                  3.0211937635745811E-001                  2.0078320560156127E-002                  1.2369754674088811E+003                  3.1838934597526687E+000                  1.5767253956824607E-044 
                                     900                  4.6395850220067891E-001                 -1.1018636558028418E+000                  7.2369197860323018E+000                 -2.6199330028411738E-001                  1.5165843080880171E+001                  6.7780258292958617E-001                  3.0211909564049388E-001                  2.0078321429919943E-002                  1.2916547446611796E+003                  3.3447445733792360E+000                  1.7950566947412201E-044 
                                     901                  4.6395713978047393E-001                 -1.1028946477211961E+000                  7.2379780930724307E+000                 -2.5872573620901690E-001                  1.5170155000759936E+001                  6.7780287498209546E-001                  3.0211880267456881E-001                  2.0078322343335731E-002                  1.3485976830389602E+003                  3.5134998319191926E+000                  2.0432563378459072E-044 
                                     902                  4.6395577736026894E-001                 -1.1039252237810109E+000                  7.2390357380992363E+000                 -2.5545926557943971E-001                  1.5174465035154844E+001                  6.7780317973406423E-001                  3.0211849696340137E-001                  2.0078323302534340E-002                  1.4078876864871675E+003                  3.6905367322800244E+000                  2.3253605642026218E-044 
                                     903                  4.6395441494006395E-001                 -1.1049553837837138E+000                  7.2400927228803171E+000                 -2.5219388815527288E-001                  1.5178773187069281E+001                  6.7780349769696580E-001                  3.0211817799328605E-001                  2.0078324309748208E-002                  1.4696104684127004E+003                  3.8762502969347730E+000                  2.6459443556105682E-044 
                                     904                  4.6395305251985897E-001                 -1.1059851275291581E+000                  7.2411490493107493E+000                 -2.4892960397039382E-001                  1.5183079459466830E+001                  6.7780382940023487E-001                  3.0211784523245105E-001                  2.0078325367314021E-002                  1.5338540504699095E+003                  4.0710538660015150E+000                  3.0101924743484389E-044 
                                     905                  4.6395169009965398E-001                 -1.1070144548161651E+000                  7.2422047194108075E+000                 -2.4566641332885147E-001                  1.5187383855270548E+001                  6.7780417539150728E-001                  3.0211749813081162E-001                  2.0078326477681152E-002                  1.6007087572174285E+003                  4.2753799234915197E+000                  3.4239797234853693E-044 
                                     906                  4.6395032767944910E-001                 -1.1080433654431669E+000                  7.2432597353239059E+000                 -2.4240431679951260E-001                  1.5191686377363842E+001                  6.7780453623648385E-001                  3.0211713612010344E-001                  2.0078327643412663E-002                  1.6702672068071111E+003                  4.4896809602804906E+000                  3.8939616563941594E-044 
                                     907                  4.6394896525924417E-001                 -1.1090718592090716E+000                  7.2443140993144368E+000                 -2.3914331521203788E-001                  1.5195987028590988E+001                  6.7780491252048647E-001                  3.0211675861231974E-001                  2.0078328867193740E-002                  1.7426242794144894E+003                  4.7144303750570486E+000                  4.4276770670727292E-044 
                                     908                  4.6394760283903935E-001                 -1.1100999359136212E+000                  7.2453678137655801E+000                 -2.3588340965282265E-001                  1.5200285811757118E+001                  6.7780530484813328E-001                  3.0211636500002997E-001                  2.0078330151836798E-002                  1.8178770915714822E+003                  4.9501234148382425E+000                  5.0336637705729775E-044 
                                     909                  4.6394624041883442E-001                 -1.1111275953580906E+000                  7.2461578539280200E+000                 -2.3343501953681881E-001                  1.5203512479252325E+001                  6.7780561014695972E-001                  3.0211605869554548E-001                  2.0078331157494800E-002                  1.8763051877808073E+003                  5.1344714442206172E+000                  5.5415649376494257E-044 
                                     910                  4.6394555920873187E-001                 -1.1116412645383102E+000                  7.2466842264579725E+000                 -2.3180590582654312E-001                  1.5205660459219331E+001                  6.7780581892445635E-001                  3.0211584922733792E-001                  2.0078331848205733E-002                  1.9161957532953486E+003                  5.2610083614393357E+000                  5.9078536713504597E-044 
                                     911                  4.6394487799862943E-001                 -1.1121548293349832E+000                  7.2474733047528908E+000                 -2.2936692046250959E-001                  1.5208877761859933E+001                  6.7780614015073359E-001                  3.0211552693364507E-001                  2.0078332915621333E-002                  1.9774692473695229E+003                  5.4564363010073453E+000                  6.5023985311459406E-044 
                                     912                  4.6394351557842461E-001                 -1.1131816536822441E+000                  7.2485250859537693E+000                 -2.2611031195942563E-001                  1.5213170957205021E+001                  6.7780658443465391E-001                  3.0211508116427255E-001                  2.0078334401073539E-002                  2.0620136662736359E+003                  5.7281651375567284E+000                  7.3884813144829785E-044 
                                     913                  4.6394215315821968E-001                 -1.1142080601884845E+000                  7.2495762282969185E+000                 -2.2285480631369181E-001                  1.5217462295332622E+001                  6.7780704738039554E-001                  3.0211461665958417E-001                  2.0078335960020288E-002                  2.1498636820663355E+003                  6.0130573613331570E+000                  8.3938592235359526E-044 
                                     914                  4.6394079073801486E-001                 -1.1152340486670798E+000                  7.2506267347264073E+000                 -2.1960040582747420E-001                  1.5221751778861529E+001                  6.7780752969413194E-001                  3.0211413270986964E-001                  2.0078337595998419E-002                  2.2411267592334175E+003                  6.3117330769534847E+000                  9.5343991516638700E-044 
                                     915                  4.6393942831780993E-001                 -1.1162596189360467E+000                  7.2516766082374069E+000                 -2.1634711293909178E-001                  1.5226039410374874E+001                  6.7780803210330720E-001                  3.0211362858398155E-001                  2.0078339312711302E-002                  2.3359121725519976E+003                  6.6248407990544225E+000                  1.0828052815957505E-043 
                                     916                  4.6393806589760500E-001                 -1.1172847708180726E+000                  7.2527258517873952E+000                 -2.1309493006954516E-001                  1.5230325192420768E+001                  6.7780855535658491E-001                  3.0211310352938120E-001                  2.0078341114033949E-002                  2.4343308844756793E+003                  6.9530586972284922E+000                  1.2295127257940764E-043 
                                     917                  4.6393670347740018E-001                 -1.1183095041408189E+000                  7.2537744682573484E+000                 -2.0984385955507343E-001                  1.5234609127513016E+001                  6.7780910022410379E-001                  3.0211255677187249E-001                  2.0078343004023669E-002                  2.5364954045801073E+003                  7.2970959025642896E+000                  1.3958590036604856E-043 
                                     918                  4.6393534105719525E-001                 -1.1193338187364943E+000                  7.2548224604519103E+000                 -2.0659390364701488E-001                  1.5238891218131545E+001                  6.7780966749774341E-001                  3.0211198751533014E-001                  2.0078344986926400E-002                  2.6425196326748796E+003                  7.6576938783093755E+000                  1.5844413510888914E-043 
                                     919                  4.6393397863699037E-001                 -1.1203577144418697E+000                  7.2558698311006200E+000                 -2.0334506451295944E-001                  1.5243171466723194E+001                  6.7781025799083683E-001                  3.0211139494197786E-001                  2.0078347067185254E-002                  2.7525186896305854E+003                  8.0356278494696305E+000                  1.7981963120401305E-043 
                                     920                  4.6393261621678544E-001                 -1.1213811910980023E+000                  7.2569165828590716E+000                 -2.0009734423848971E-001                  1.5247449875702095E+001                  6.7781087253873828E-001                  3.0211077821181126E-001                  2.0078349249450511E-002                  2.8666087159180975E+003                  8.4317082934913845E+000                  2.0404435215398293E-043 
                                     921                  4.6393125379658051E-001                 -1.1224042485501169E+000                  7.2577014208878197E+000                 -1.9765815072639870E-001                  1.5250661246042167E+001                  6.7781134998386661E-001                  3.0211029905932701E-001                  2.0078350956806323E-002                  2.9549744702679236E+003                  8.7413299551866341E+000                  2.2431519628155806E-043 
                                     922                  4.6393057258647796E-001                 -1.1229156160813851E+000                  7.2582243350908575E+000                 -1.9603514710557643E-001                  1.5252799060078079E+001                  6.7781167609579385E-001                  3.0210997177522886E-001                  2.0078352128977350E-002                  3.0151963235739822E+003                  8.9537693892824652E+000                  2.3891725147113277E-043 
                                     923                  4.6392989137637547E-001                 -1.1234268787602446E+000                  7.2590082404989316E+000                 -1.9360529595343604E-001                  1.5256001161571486E+001                  6.7781217724628640E-001                  3.0210946881402662E-001                  2.0078353939686933E-002                  3.1075299357827735E+003                  9.2817357588007532E+000                  2.6259109464420562E-043 
                                     924                  4.6392852895617059E-001                 -1.1244490973652133E+000                  7.2600531507112320E+000                 -1.9036094392104325E-001                  1.5260274065791968E+001                  6.7781286918477146E-001                  3.0210877435714856E-001                  2.0078356458079982E-002                  3.2345966031010003E+003                  9.7374946738611001E+000                  2.9781624798478193E-043 
                                     925                  4.6392716653596566E-001                 -1.1254708963248394E+000                  7.2610974519397971E+000                 -1.8711771829594676E-001                  1.5264545139741028E+001                  6.7781358873369502E-001                  3.0210805216696607E-001                  2.0078359099338972E-002                  3.3662244070856837E+003                  1.0215026589116697E+001                  3.3771020090960159E-043 
                                     926                  4.6392580411576073E-001                 -1.1264922754992206E+000                  7.2621411464872834E+000                 -1.8387562077308719E-001                  1.5268814385677114E+001                  6.7781433683454784E-001                  3.0210730129615732E-001                  2.0078361869294792E-002                  3.5025309197071110E+003                  1.0715342925669541E+001                  3.8288431388725166E-043 
                                     927                  4.6392444169555586E-001                 -1.1275132347517753E+000                  7.2631842365890025E+000                 -1.8063465297288739E-001                  1.5273081805829090E+001                  6.7781511444931564E-001                  3.0210652077663513E-001                  2.0078364774049229E-002                  3.6436330837173955E+003                  1.1239500732392328E+001                  4.3402902882040987E-043 
                                     928                  4.6392307927535092E-001                 -1.1285337739490964E+000                  7.2642267244139651E+000                 -1.7739481644230118E-001                  1.5277347402396595E+001                  6.7781592255986012E-001                  3.0210570962015609E-001                  2.0078367819983844E-002                  3.7896468474269645E+003                  1.1788604680492313E+001                  4.9192397247497948E-043 
                                     929                  4.6392171685514610E-001                 -1.1295538929607800E+000                  7.2652686120658885E+000                 -1.7415611265577463E-001                  1.5281611177550570E+001                  6.7781676216726194E-001                  3.0210486681896420E-001                  2.0078371013773855E-002                  3.9406867692739311E+003                  1.2363809142250446E+001                  5.5744933457483879E-043 
                                     930                  4.6392035443494117E-001                 -1.1305735916592810E+000                  7.2663099015842114E+000                 -1.7091854301630816E-001                  1.5285873133433661E+001                  6.7781763429130959E-001                  3.0210399134628907E-001                  2.0078374362401341E-002                  4.0968655872988302E+003                  1.2966320357330209E+001                  6.3159867934095558E-043 
                                     931                  4.6391899201473624E-001                 -1.1315928699197613E+000                  7.2673505949450350E+000                 -1.6768210885652773E-001                  1.5290133272160508E+001                  6.7781853996956620E-001                  3.0210308215726367E-001                  2.0078377873170128E-002                  4.2582937639918991E+003                  1.3597398690170637E+001                  7.1549336875307486E-043 
                                     932                  4.6391762959453142E-001                 -1.1326117276198773E+000                  7.2683906940621608E+000                 -1.6444681143913431E-001                  1.5294391595818469E+001                  6.7781948025601879E-001                  3.0210213819026438E-001                  2.0078381553716884E-002                  4.4250790071742640E+003                  1.4258360982227119E+001                  8.1039879771950237E-043 
                                     933                  4.6391626717432660E-001                 -1.1336301646398061E+000                  7.2694302007880651E+000                 -1.6121265195810994E-001                  1.5298648106468045E+001                  6.7782045622096943E-001                  3.0210115836700108E-001                  2.0078385412029442E-002                  4.5973257268233683E+003                  1.4950583002742876E+001                  9.1774266589080359E-043 
                                     934                  4.6391490475412167E-001                 -1.1346481808619489E+000                  7.2704691169147253E+000                 -1.5797963153952352E-001                  1.5302902806142894E+001                  6.7782146894929263E-001                  3.0210014159424664E-001                  2.0078389456460677E-002                  4.7751344928595890E+003                  1.5675502002004338E+001                  1.0391355382821029E-042 
                                     935                  4.6391354233391674E-001                 -1.1356657761707576E+000                  7.2712480952986187E+000                 -1.5555152402893438E-001                  1.5306096372207286E+001                  6.7782225366581128E-001                  3.0209935371554830E-001                  2.0078392618640417E-002                  4.9122662765322002E+003                  1.6241814079283479E+001                  1.1405271023643465E-042 
                                     936                  4.6391286112381430E-001                 -1.1361744120716599E+000                  7.2717671121231930E+000                 -1.5393588437104555E-001                  1.5308222352933871E+001                  6.7782278862283274E-001                  3.0209881658858506E-001                  2.0078394788582199E-002                  5.0054311098552689E+003                  1.6630194998529653E+001                  1.2134677488192960E-042 
                                     937                  4.6391217991371175E-001                 -1.1366829427065932E+000                  7.2725451848527962E+000                 -1.5151703946931766E-001                  1.5311406758208587E+001                  6.7782360909914419E-001                  3.0209799276184623E-001                  2.0078398139009579E-002                  5.1478175037214214E+003                  1.7229502721722305E+001                  1.3315664833614792E-042 
                                     938                  4.6391081749350699E-001                 -1.1376996958596621E+000                  7.2735823392578354E+000                 -1.4828744227615800E-001                  1.5315656036816808E+001                  6.7782473875163596E-001                  3.0209685845255335E-001                  2.0078402795810746E-002                  5.3428684197288949E+003                  1.8061791448698102E+001                  1.5069630721480639E-042 
                                     939                  4.6390945507330217E-001                 -1.1387160277639869E+000                  7.2746189096464162E+000                 -1.4505898798336153E-001                  1.5319903512327375E+001                  6.7782590962442402E-001                  3.0209568269944831E-001                  2.0078407676127674E-002                  5.5438330307418364E+003                  1.8933195850549453E+001                  1.7051877570925768E-042 
                                     940                  4.6390809265309735E-001                 -1.1397319383110276E+000                  7.2756548975218482E+000                 -1.4183167738649133E-001                  1.5324149186646347E+001                  6.7782712285289803E-001                  3.0209446435670562E-001                  2.0078412790396349E-002                  5.7507832420250179E+003                  1.9845502767954557E+001                  1.9291758249606157E-042 
                                     941                  4.6390673023289247E-001                 -1.1407474273936267E+000                  7.2766903043323090E+000                 -1.3860551121656012E-001                  1.5328393061655262E+001                  6.7782837957712527E-001                  3.0209320227334807E-001                  2.0078418149526600E-002                  5.9637831036721373E+003                  2.0800578236626649E+001                  2.1822353763318854E-042 
                                     942                  4.6390536781268765E-001                 -1.1417624949058405E+000                  7.2777251314717306E+000                 -1.3538049014017695E-001                  1.5332635139211627E+001                  6.7782968093944185E-001                  3.0209189529563574E-001                  2.0078423764922415E-002                  6.1828880390106624E+003                  2.1800370882269469E+001                  2.4680940893356576E-042 
                                     943                  4.6390400539248289E-001                 -1.1427771407429079E+000                  7.2787593802805706E+000                 -1.3215661475997639E-001                  1.5336875421149061E+001                  6.7783102808214146E-001                  3.0209054226935522E-001                  2.0078429648503260E-002                  6.4081440376928776E+003                  2.2846915455412102E+001                  2.7909517750441279E-042 
                                     944                  4.6390264297227807E-001                 -1.1437913648009019E+000                  7.2797930520466574E+000                 -1.2893388561486072E-001                  1.5341113909277672E+001                  6.7783242214502548E-001                  3.0208914204224641E-001                  2.0078435812728168E-002                  6.6395868216196677E+003                  2.3942336511749197E+001                  3.1555394326042227E-042 
                                     945                  4.6390128055207319E-001                 -1.1448051669768202E+000                  7.2808261480059810E+000                 -1.2571230317999091E-001                  1.5345350605384347E+001                  6.7783386426240189E-001                  3.0208769346698050E-001                  2.0078442270617614E-002                  6.8772410015735677E+003                  2.5088852243615765E+001                  3.5671855975273241E-042 
                                     946                  4.6389991813186837E-001                 -1.1458185471682094E+000                  7.2818586693434968E+000                 -1.2249186786727224E-001                  1.5349585511233036E+001                  6.7783535556053054E-001                  3.0208619540368997E-001                  2.0078449035779489E-002                  7.1211191915232166E+003                  2.6288778468453611E+001                  4.0318908722607679E-042 
                                     947                  4.6389855571166361E-001                 -1.1468315052732552E+000                  7.2828906171938952E+000                 -1.1927258002505770E-001                  1.5353818628565037E+001                  6.7783689715417317E-001                  3.0208464672339330E-001                  2.0078456122433530E-002                  7.3712211337534673E+003                  2.7544532780454233E+001                  4.5564116349552215E-042 
                                     948                  4.6389719329145879E-001                 -1.1478440411903976E+000                  7.2839219926423828E+000                 -1.1605443993806071E-001                  1.5358049959099281E+001                  6.7783849014358311E-001                  3.0208304631097777E-001                  2.0078463545439185E-002                  7.6275327886214181E+003                  2.8858638871636472E+001                  5.1483540421661435E-042 
                                     949                  4.6389583087125391E-001                 -1.1488561548184240E+000                  7.2849527967254506E+000                 -1.1283744782721281E-001                  1.5362279504532619E+001                  6.7784013561111178E-001                  3.0208139306856563E-001                  2.0078471320322588E-002                  7.8900254243387244E+003                  3.0233731028935313E+001                  5.8162795748862191E-042 
                                     950                  4.6389446845104909E-001                 -1.1498678460561107E+000                  7.2859830304315967E+000                 -1.0962160384946068E-001                  1.5366507266539996E+001                  6.7784183461742298E-001                  3.0207968591927103E-001                  2.0078479463305987E-002                  8.1586547128749771E+003                  3.1672558814026708E+001                  6.5698235269597930E-042 
                                     951                  4.6389310603084416E-001                 -1.1508791148022279E+000                  7.2870126947020717E+000                 -1.0640690809753983E-001                  1.5370733246774687E+001                  6.7784358819785717E-001                  3.0207792381080467E-001                  2.0078487991338156E-002                  8.4333598167555374E+003                  3.3177991932980717E+001                  7.4198280024070783E-042 
                                     952                  4.6389174361063934E-001                 -1.1518899609552438E+000                  7.2880417904316150E+000                 -1.0319336059969449E-001                  1.5374957446868560E+001                  6.7784539735852001E-001                  3.0207610571935523E-001                  2.0078496922124822E-002                  8.7140624892797405E+003                  3.4753025302971842E+001                  8.3784911754688135E-042 
                                     953                  4.6389038119043458E-001                 -1.1529003844133376E+000                  7.2890703184692178E+000                 -9.9980961319140693E-002                  1.5379179868432477E+001                  6.7784726307226861E-001                  3.0207423065356820E-001                  2.0078506274163188E-002                  9.0006661884040714E+003                  3.6400784323984780E+001                  9.4595347824008342E-042 
                                     954                  4.6388901877022976E-001                 -1.1539103850741426E+000                  7.2906113479675581E+000                 -9.5180536449532727E-002                  1.5385495552657233E+001                  6.7785017468987752E-001                  3.0207130414022548E-001                  2.0078521169897057E-002                  9.4405643381779919E+003                  3.9013473121436938E+001                  1.1343180582730199E-041 
                                     955                  4.6388629392982000E-001                 -1.1559291780309531E+000                  7.2926650063080452E+000                 -8.8762387113539051E-002                  1.5393929943642728E+001                  6.7785425669535870E-001                  3.0206720065546899E-001                  2.0078542649172304E-002                  1.0047524550410310E+004                  4.2786336053692857E+001                  1.4445641138550769E-041 
                                     956                  4.6388356908941031E-001                 -1.1579462782531458E+000                  7.2947164081896059E+000                 -8.2348827931014251E-002                  1.5402357249229535E+001                  6.7785858024404189E-001                  3.0206285356531937E-001                  2.0078566190638747E-002                  1.0675331873683052E+004                  4.6913574392479347E+001                  1.8385235111729678E-041 
                                     957                  4.6388084424900061E-001                 -1.1599616848892291E+000                  7.2962541789749285E+000                 -7.7525674403235781E-002                  1.5408687678817383E+001                  6.7786197931349390E-001                  3.0205943541671243E-001                  2.0078585269793670E-002                  1.1159802088250995E+004                  5.0264056992198924E+001                  2.2024469947167113E-041 
                                     958                  4.6387948182879579E-001                 -1.1609687228308017E+000                  7.2972781926255319E+000                 -7.4322452582094078E-002                  1.5412895929527034E+001                  6.7786432704634225E-001                  3.0205707418909922E-001                  2.0078598764558531E-002                  1.1487677575997952E+004                  5.2623715605337544E+001                  2.4835342086907529E-041 
                                     959                  4.6387811940859086E-001                 -1.1619753371194028E+000                  7.2988124657996512E+000                 -6.9535677756803346E-002                  1.5419190477451297E+001                  6.7786797047743508E-001                  3.0205340929912056E-001                  2.0078620223444421E-002                  1.1986103533526299E+004                  5.6363089224450292E+001                  2.9725482967973997E-041 
                                     960                  4.6387539456818122E-001                 -1.1639873540826855E+000                  7.3008571224850787E+000                 -6.3135881675404779E-002                  1.5427596595540557E+001                  6.7787304679964266E-001                  3.0204830202660865E-001                  2.0078651173748741E-002                  1.2664224928532403E+004                  6.1758676969615486E+001                  3.7762293575986145E-041 
                                     961                  4.6387266972777147E-001                 -1.1659976748278218E+000                  7.3028995377575887E+000                 -5.6741327752179153E-002                  1.5435995673874471E+001                  6.7787837934261919E-001                  3.0204293559223100E-001                  2.0078685065149759E-002                  1.3353725279751607E+004                  6.7655640232319612E+001                  4.7942509901393817E-041 
                                     962                  4.6386994488736172E-001                 -1.1680063015096824E+000                  7.3049397143666601E+000                 -5.0353337385658108E-002                  1.5444387723334282E+001                  6.7788397043923310E-001                  3.0203730736246670E-001                  2.0078722198300203E-002                  1.4051053029485092E+004                  7.4098868468012398E+001                  6.0829522939374501E-041 
                                     963                  4.6386722004695202E-001                 -1.1700132424589658E+000                  7.3064690682998767E+000                 -4.5551512083779951E-002                  1.5450691625712487E+001                  6.7788832383225661E-001                  3.0203292392651432E-001                  2.0078752241229125E-002                  1.4578521755210591E+004                  7.9323919829650634E+001                  7.2701731904261451E-041 
                                     964                  4.6386585762674720E-001                 -1.1710160555945452E+000                  7.3079957921635774E+000                 -4.0786298013365245E-002                  1.5456962557529032E+001                  6.7789282695133701E-001                  3.0202838857427761E-001                  2.0078784474385380E-002                  1.5104311650805112E+004                  8.4895751130449867E+001                  8.6835591834557005E-041 
                                     965                  4.6386313278633734E-001                 -1.1730204956579813E+000                  7.3100303849042323E+000                 -3.4419490781681793E-002                  1.5465337085526201E+001                  6.7789904671611922E-001                  3.0202212233069381E-001                  2.0078830953186966E-002                  1.5804591669374957E+004                  9.2927193554447939E+001                  1.1000538766766845E-040 
                                     966                  4.6386040794592759E-001                 -1.1750232935699858E+000                  7.3120627508884226E+000                 -2.8062611529544972E-002                  1.5473704628568015E+001                  6.7790550990189546E-001                  3.0201560830312851E-001                  2.0078881794975967E-002                  1.6498223611306326E+004                  1.0169461431541360E+002                  1.3927013119170404E-040 
                                     967                  4.6385768310551795E-001                 -1.1770244738916156E+000                  7.3140928947453130E+000                 -2.1716250546293597E-002                  1.5482065202235965E+001                  6.7791221031694116E-001                  3.0200885225678248E-001                  2.0078937426276422E-002                  1.7180178399634995E+004                  1.1126298638421798E+002                  1.7620966818896691E-040 
                                     968                  4.6385495826510820E-001                 -1.1790240642044347E+000                  7.3156147294511227E+000                 -1.6947924525048688E-002                  1.5488345433995921E+001                  6.7791737928545170E-001                  3.0200363826257148E-001                  2.0078982451976812E-002                  1.7682661139360815E+004                  1.1901444972878032E+002                  2.1015588933871700E-040 
                                     969                  4.6385359584490327E-001                 -1.1800232435484594E+000                  7.3171339595939360E+000                 -1.2217462136987522E-002                  1.5494592948582376E+001                  6.7792267376277027E-001                  3.0199829558716845E-001                  2.0079030650061336E-002                  1.8171224850921531E+004                  1.2727319759341745E+002                  2.5048242107902766E-040 
                                     970                  4.6385087100449346E-001                 -1.1820205056460096E+000                  7.3191585727352324E+000                 -5.8990263724856187E-003                  1.5502936178402377E+001                  6.7792991284653925E-001                  3.0199098703784377E-001                  2.0079100115616977E-002                  1.8802444484971660E+004                  1.3916563110615189E+002                  3.1642434198208103E-040 
                                     971                  4.6384814616408360E-001                 -1.1840162556924771E+000                  7.3211809861847845E+000                  4.0793159166788243E-004                  1.5511272508185813E+001                  6.7793734376136472E-001                  3.0198348021845856E-001                  2.0079176020176726E-002                  1.9404230891339328E+004                  1.5213301553745450E+002                  3.9947759307451822E-040 
                                     972                  4.6384542132367390E-001                 -1.1860105269366861E+000                  7.3232012083387366E+000                  6.7034146357765464E-003                  1.5519601962292583E+001                  6.7794494976537234E-001                  3.0197579129401747E-001                  2.0079258940610245E-002                  1.9971486957166821E+004                  1.6626899480038932E+002                  5.0401820267590632E-040 
                                     973                  4.6384269648326404E-001                 -1.1880033530023009E+000                  7.3262247545399672E+000                  1.6063641346224233E-002                  1.5532026814850150E+001                  6.7795665653638448E-001                  3.0196394523131492E-001                  2.0079398232300649E-002                  2.0740558271943282E+004                  1.8984226892852774E+002                  7.1307452141766908E-040 
                                     974                  4.6383724680244448E-001                 -1.1919852589741433E+000                  7.3297507959514938E+000                  2.7062321592254756E-002                  1.5546603349430336E+001                  6.7797064761412518E-001                  3.0194976737592633E-001                  2.0079585009948442E-002                  2.1516544492836067E+004                  2.2154558148547707E+002                  1.0681073295036807E-039 
                                     975                  4.6383315954182980E-001                 -1.1949679376517928E+000                  7.3332671334643456E+000                  3.7956481198236379E-002                  1.5561092685406932E+001                  6.7798491587139487E-001                  3.0193528055597507E-001                  2.0079803572630062E-002                  2.2121964540156889E+004                  2.5828092264212609E+002                  1.5959423616732900E-039 
                                     976                  4.6382770986101007E-001                 -1.1989405671545545E+000                  7.3362800128610104E+000                  4.7364070174317839E-002                  1.5573580989566508E+001                  6.7799724836957687E-001                  3.0192273391414204E-001                  2.0080017716281096E-002                  2.2508954428972309E+004                  2.9451709129464467E+002                  2.2503321277781363E-039 
                                     977                  4.6382498502060027E-001                 -1.2009247694793586E+000                  7.3387837778121616E+000                  5.5110760295384739E-002                  1.5583905155616383E+001                  6.7800754574124911E-001                  3.0191223471529671E-001                  2.0080219543454181E-002                  2.2718607716296301E+004                  3.2833412751469695E+002                  2.9913918373183586E-039 
                                     978                  4.6382089775998564E-001                 -1.2038989260181587E+000                  7.3417853516756750E+000                  6.4421869346986058E-002                  1.5596309117614188E+001                  6.7801985169792989E-001                  3.0189965599248131E-001                  2.0080492309588749E-002                  2.2842329846273355E+004                  3.7394081921812784E+002                  4.2057410277821922E-039 
                                     979                  4.6381681049937090E-001                 -1.2068703947571544E+000                  7.3452797891132473E+000                  7.5230069183431100E-002                  1.5610729340830515E+001                  6.7803402544069302E-001                  3.0188511624489911E-001                  2.0080858314407868E-002                  2.2804970905480754E+004                  4.3486165331890851E+002                  6.2468153596086330E-039 
                                     980                  4.6381136081855123E-001                 -1.2108285260779073E+000                  7.3487711722565914E+000                  8.6092915371765263E-002                  1.5625195593294366E+001                  6.7804789333308613E-001                  3.0187082324382652E-001                  2.0081283423087348E-002                  2.2583252596229995E+004                  5.0548135351448121E+002                  9.2693664790739142E-039 
                                     981                  4.6380727355793666E-001                 -1.2137939023788660E+000                  7.3527485079613299E+000                  9.8369734728074976E-002                  1.5641592738733033E+001                  6.7806318848213964E-001                  3.0185495638836068E-001                  2.0081855129499671E-002                  2.2106301901459439E+004                  5.9951307802629208E+002                  1.4508602321801236E-038 
                                     982                  4.6380046145691239E-001                 -1.2187312345844072E+000                  7.3567252157024203E+000                  1.1079817268895878E-001                  1.5658114313714817E+001                  6.7807778479371394E-001                  3.0183968690975843E-001                  2.0082528296527569E-002                  2.1428475427367688E+004                  7.1080945528151267E+002                  2.2698692947319705E-038 
                                     983                  4.6379637419629771E-001                 -1.2216897402809237E+000                  7.3597000296269961E+000                  1.2005308198992233E-001                  1.5670432161253711E+001                  6.7808816428438212E-001                  3.0182872106534092E-001                  2.0083114650276901E-002                  2.0797419421295192E+004                  8.0692743194494039E+002                  3.1697605798828353E-038 
                                     984                  4.6379228693568297E-001                 -1.2246456360512890E+000                  7.3631637193985320E+000                  1.3081407643031107E-001                  1.5684753274196478E+001                  6.7809958878590249E-001                  3.0181651299448520E-001                  2.0083898219612317E-002                  1.9951940609767727E+004                  9.3482145699946659E+002                  4.6726594428677598E-038 
                                     985                  4.6378683725486347E-001                 -1.2285829572234965E+000                  7.3666248703648201E+000                  1.4164726585599377E-001                  1.5699120621625420E+001                  6.7811023326880537E-001                  3.0180496110807176E-001                  2.0084805623122870E-002                  1.9013096937029444E+004                  1.0824350830428430E+003                  6.8842741527486816E-038 
                                     986                  4.6378274999424890E-001                 -1.2315325712678336E+000                  7.3690936986281850E+000                  1.4938697489121314E-001                  1.5709371096821837E+001                  6.7811732013933113E-001                  3.0179714076586800E-001                  2.0085539094800930E-002                  1.8297963516998505E+004                  1.2013445050035293E+003                  9.0735351880413442E-038 
                                     987                  4.6378002515383915E-001                 -1.2334973333480141E+000                  7.3710658350620273E+000                  1.5556037769131087E-001                  1.5717545978462539E+001                  6.7812266541799060E-001                  3.0179115196505474E-001                  2.0086182616954718E-002                  1.7705123879289535E+004                  1.3053089770949982E+003                  1.1310281861598122E-037 
                                     988                  4.6377730031342934E-001                 -1.2354608245021850E+000                  7.3740180115344991E+000                  1.6476511005446803E-001                  1.5729742350373570E+001                  6.7813012313943200E-001                  3.0178262559322944E-001                  2.0087251267338568E-002                  1.6791758200100860E+004                  1.4772494396572727E+003                  1.5723440441385441E-037 
                                     989                  4.6377185063260973E-001                 -1.2393843343834985E+000                  7.3784408767635448E+000                  1.7862960831818042E-001                  1.5748054473771797E+001                  6.7814004336182465E-001                  3.0177083348046607E-001                  2.0089123157709277E-002                  1.5393922913429464E+004                  1.7766559593181194E+003                  2.5756524677308463E-037 
                                     990                  4.6376503853158557E-001                 -1.2442814893506318E+000                  7.3823703604974327E+000                  1.9108457369783954E-001                  1.5764416527816481E+001                  6.7814756970419821E-001                  3.0176133140586597E-001                  2.0091098889935877E-002                  1.4150091465296860E+004                  2.0915707964846470E+003                  3.9952388657814711E-037 
                                     991                  4.6376095127097089E-001                 -1.2472150800999524E+000                  7.3853103117862009E+000                  2.0037133459558995E-001                  1.5776616532495906E+001                  6.7815237971347742E-001                  3.0175481725597847E-001                  2.0092803030544060E-002                  1.3231774624664637E+004                  2.3612299849504161E+003                  5.5484583106524495E-037 
                                     992                  4.6375686401035621E-001                 -1.2501453564774792E+000                  7.3887339055966308E+000                  2.1117720248660588E-001                  1.5790801442442136E+001                  6.7815708448682932E-001                  3.0174785120947334E-001                  2.0095064303697341E-002                  1.2188408021187033E+004                  2.7169208286001208E+003                  8.1357123702050365E-037 
                                     993                  4.6375141432953670E-001                 -1.2540473279700883E+000                  7.3931281973446907E+000                  2.2507666690670072E-001                  1.5809013656882428E+001                  6.7816168831793444E-001                  3.0173984092993705E-001                  2.0098470752128561E-002                  1.0905885958884197E+004                  3.2482955445183411E+003                  1.3311404608747241E-036 
                                     994                  4.6374460222851210E-001                 -1.2589163735759310E+000                  7.3965464916901684E+000                  2.3602441031408886E-001                  1.5823284797756591E+001                  6.7816414168097494E-001                  3.0173428596624380E-001                  2.0101572352781316E-002                  9.9617692106796494E+003                  3.7287283199945828E+003                  1.9558146042245366E-036 
                                     995                  4.6374187738810219E-001                 -1.2608608089697932E+000                  7.3984948814435922E+000                  2.4221750436323872E-001                  1.5831376274380304E+001                  6.7816512261848316E-001                  3.0173136217212237E-001                  2.0103515209394462E-002                  9.4417293624621889E+003                  4.0311689855052064E+003                  2.4363545770731758E-036 
                                     996                  4.6373915254769238E-001                 -1.2628036233251141E+000                  7.4004416516848899E+000                  2.4840737994797565E-001                  1.5839461795203238E+001                  6.7816571464262210E-001                  3.0172863807646971E-001                  2.0105647280908245E-002                  8.9481013219313390E+003                  4.3556216583539290E+003                  3.0360323191071183E-036 
                                     997                  4.6373642770728263E-001                 -1.2647448106017580E+000                  7.4021441377692154E+000                  2.5382869487170251E-001                  1.5846539591475000E+001                  6.7816596878980684E-001                  3.0172638994230389E-001                  2.0107641267889331E-002                  8.5298377968672030E+003                  4.6590511567956028E+003                  3.6822334746242719E-036 
                                     998                  4.6373438407697520E-001                 -1.2661996089162493E+000                  7.4036020994798335E+000                  2.5846554571469538E-001                  1.5852595827863896E+001                  6.7816597887643260E-001                  3.0172456062078096E-001                  2.0109460502786503E-002                  8.1816089763930622E+003                  4.9340448355120971E+003                  4.3455628648023308E-036 
                                     999                  4.6373234044666783E-001                 -1.2676534902481005E+000                  7.4053015272478504E+000                  2.6386367652546655E-001                  1.5859649366950384E+001                  6.7816576439463583E-001                  3.0172254033846818E-001                  2.0111695266896046E-002                  7.7892792316062460E+003                  5.2733001957343176E+003                  5.2736445352012290E-036 
                                    1000                  4.6372961560625792E-001                 -1.2695906018419252E+000                  7.4072426808328107E+000                  2.7003882849596195E-001                  1.5867713995491123E+001                  6.7816516796664961E-001                  3.0172037408958097E-001                  2.0114457943769426E-002                  7.3586103703828467E+003                  5.6863254457783960E+003                  6.5839476150016700E-036 
                                    1001                  4.6372689076584805E-001                 -1.2715260804660984E+000                  7.4089402726907867E+000                  2.7544703283791133E-001                  1.5874773450920109E+001                  6.7816442816389666E-001                  3.0171861175904913E-001                  2.0116960077054213E-002                  7.0027327420420279E+003                  6.0708267585689264E+003                  8.0003370415923323E-036 
                                    1002                  4.6372484713554074E-001                 -1.2729765941983673E+000                  7.4103940563367408E+000                  2.8007276658597546E-001                  1.5880813991890943E+001                  6.7816334381371657E-001                  3.0171716566364154E-001                  2.0119490522641836E-002                  6.7006136910684827E+003                  6.4191150777518114E+003                  9.4586093900622595E-036 
                                    1003                  4.6372280350523343E-001                 -1.2744261878364340E+000                  7.4116051404988257E+000                  2.8393169026920440E-001                  1.5885850777348915E+001                  6.7816246092071553E-001                  3.0171603635403077E-001                  2.0121502725253704E-002                  6.4639637119168792E+003                  6.7217810032550105E+003                  1.0879661787435951E-035 
                                    1004                  4.6372144108502844E-001                 -1.2753920614488938E+000                  7.4125733449257041E+000                  2.8701271408748896E-001                  1.5889874022750790E+001                  6.7816168821791534E-001                  3.0171516694221157E-001                  2.0123144839873097E-002                  6.2785617047987635E+003                  6.9727954518587530E+003                  1.2171434605672457E-035 
                                    1005                  4.6372007866482345E-001                 -1.2763575258952331E+000                  7.4140242548994788E+000                  2.9161785418641861E-001                  1.5895892760909959E+001                  6.7816011418168398E-001                  3.0171391357616489E-001                  2.0125972242151180E-002                  6.0053673985169407E+003                  7.3645995033985519E+003                  1.4407148296553327E-035 
                                    1006                  4.6371735382441359E-001                 -1.2782872781421060E+000                  7.4159583196912493E+000                  2.9777358211684657E-001                  1.5903930422574122E+001                  6.7815812197660352E-001                  3.0171235550979658E-001                  2.0129522513599896E-002                  5.6589665437534550E+003                  7.9158838088171224E+003                  1.8059873640924187E-035 
                                    1007                  4.6371462898400367E-001                 -1.2802153918029284E+000                  7.4174085064439650E+000                  3.0240214417743494E-001                  1.5909968044943739E+001                  6.7815601915740886E-001                  3.0171127473265658E-001                  2.0132706109934562E-002                  5.4149217019850694E+003                  8.3518380178289935E+003                  2.1414469579050594E-035 
                                    1008                  4.6371326656379869E-001                 -1.2811788076302295E+000                  7.4183743721785369E+000                  3.0547670254419845E-001                  1.5913982282738070E+001                  6.7815461764374485E-001                  3.0171057662635831E-001                  2.0134805729896899E-002                  5.2521468360936533E+003                  8.6535211814603281E+003                  2.3997398444392357E-035 
                                    1009                  4.6371190414359370E-001                 -1.2821418133161324E+000                  7.4193398507486474E+000                  3.0855018350174279E-001                  1.5917995016608014E+001                  6.7815308860825474E-001                  3.0170991457762886E-001                  2.0136996814116404E-002                  5.0969907743636777E+003                  8.9637126401191690E+003                  2.6900550392161765E-035 
                                    1010                  4.6371054172338871E-001                 -1.2831044086955414E+000                  7.4203049436112387E+000                  3.1162257445917796E-001                  1.5922006245851202E+001                  6.7815146123405090E-001                  3.0170927886895166E-001                  2.0139259896997386E-002                  4.9454484428965789E+003                  9.2829269190598279E+003                  3.0165015119575786E-035 
                                    1011                  4.6370917930318373E-001                 -1.2840665936306068E+000                  7.4215104932517635E+000                  3.1545554321637614E-001                  1.5927012642849624E+001                  6.7814925083170097E-001                  3.0170853225982536E-001                  2.0142216908473731E-002                  4.7657600998101389E+003                  9.6940442558026971E+003                  3.4823223000314429E-035 
                                    1012                  4.6370713567287630E-001                 -1.2855091171690283E+000                  7.4229566906679034E+000                  3.2006009723026185E-001                  1.5933023893342712E+001                  6.7814643152612797E-001                  3.0170767253823749E-001                  2.0145895935634539E-002                  4.5523280841749474E+003                  1.0207294496427850E+004                  4.1405752750015509E-035 
                                    1013                  4.6370509204256893E-001                 -1.2869507163966059E+000                  7.4241614716180022E+000                  3.2390134712606422E-001                  1.5938036196635789E+001                  6.7814387008111188E-001                  3.0170700756997826E-001                  2.0149122348909865E-002                  4.3842762597201609E+003                  1.0650720801959347E+004                  4.7865826145511756E-035 
                                    1014                  4.6370372962236395E-001                 -1.2879112581355414E+000                  7.4251246472165331E+000                  3.2696827528635791E-001                  1.5942039892623914E+001                  6.7814170976197774E-001                  3.0170649961669976E-001                  2.0151790621322441E-002                  4.2529069778380936E+003                  1.1015941906796248E+004                  5.3773409726487395E-035 
                                    1015                  4.6370236720215907E-001                 -1.2888713887601420E+000                  7.4263278072959391E+000                  3.3079439323184062E-001                  1.5947036890304338E+001                  6.7813892519528962E-001                  3.0170589542146570E-001                  2.0155179383244626E-002                  4.0931091457198854E+003                  1.1485680739918229E+004                  6.2224960026016700E-035 
                                    1016                  4.6370032357185170E-001                 -1.2903108296238277E+000                  7.4277711450935247E+000                  3.3539077337441980E-001                  1.5953036827681895E+001                  6.7813514999446123E-001                  3.0170522564832486E-001                  2.0159624357213968E-002                  3.9113903525753640E+003                  1.2068567581898184E+004                  7.4206094391547179E-035 
                                    1017                  4.6369827994154433E-001                 -1.2917493445860633E+000                  7.4289735494228903E+000                  3.3922516226993926E-001                  1.5958039675328811E+001                  6.7813181398387512E-001                  3.0170469814571982E-001                  2.0163487870405117E-002                  3.7634905591757347E+003                  1.2571385766446101E+004                  8.6002136137786993E-035 
                                    1018                  4.6369691752133935E-001                 -1.2927078293829506E+000                  7.4299348289046820E+000                  3.4228657048320227E-001                  1.5962035820898418E+001                  6.7812913757575066E-001                  3.0170430422898292E-001                  2.0166558195266360E-002                  3.6500410482535826E+003                  1.2983215288918049E+004                  9.6818018351535858E-035 
                                    1019                  4.6369555510113436E-001                 -1.2936659025082187E+000                  7.4308957316641919E+000                  3.4534679034271232E-001                  1.5966030454292353E+001                  6.7812655908097841E-001                  3.0170393162232378E-001                  2.0169509296697807E-002                  3.5398219929770135E+003                  1.3404091584913898E+004                  1.0904206065833191E-034 
                                    1020                  4.6369419268092943E-001                 -1.2946235640359789E+000                  7.4318562585107237E+000                  3.4840599526178689E-001                  1.5970023574851682E+001                  6.7812362810824178E-001                  3.0170358087017018E-001                  2.0172791021588088E-002                  3.4330182153226024E+003                  1.3833985018477701E+004                  1.2286434245147989E-034 
                                    1021                  4.6369283026072444E-001                 -1.2955808136574769E+000                  7.4330561166040754E+000                  3.5222259939992112E-001                  1.5975007377575183E+001                  6.7811956204378665E-001                  3.0170317761401638E-001                  2.0177260342197023E-002                  3.3059549895779892E+003                  1.4382870060223180E+004                  1.4271407458497881E-034 
                                    1022                  4.6369078663041702E-001                 -1.2970159310293823E+000                  7.4344955026125055E+000                  3.5680732119064495E-001                  1.5980991433760861E+001                  6.7811468858107360E-001                  3.0170272434729362E-001                  2.0182587071632785E-002                  3.1562429845906618E+003                  1.5061074900584430E+004                  1.7098414805912798E-034 
                                    1023                  4.6368874300010970E-001                 -1.2984501209400447E+000                  7.4358143526786780E+000                  3.6101104761508468E-001                  1.5986476827054410E+001                  6.7810996649380084E-001                  3.0170235320799366E-001                  2.0187680298205501E-002                  3.0267473419709941E+003                  1.5699092810267623E+004                  2.0198306691281461E-034 
                                    1024                  4.6368703997485350E-001                 -1.2996445632618772E+000                  7.4370125607509330E+000                  3.6482779882534844E-001                  1.5991458306354852E+001                  6.7810547357220596E-001                  3.0170204548186286E-001                  2.0192480945931179E-002                  2.9126756022445124E+003                  1.6291923987347051E+004                  2.3518805641984218E-034 
                                    1025                  4.6368533694959729E-001                 -1.3008383611146452E+000                  7.4388077669272015E+000                  3.7052759504946170E-001                  1.5998905725480208E+001                  6.7809833356715832E-001                  3.0170164686232742E-001                  2.0200019570514316E-002                  2.7514408471974457E+003                  1.7200079943275297E+004                  2.9584593861347435E-034 
                                    1026                  4.6368193089908494E-001                 -1.3032241205198372E+000                  7.4407231841573171E+000                  3.7664574168415682E-001                  1.6006883121914260E+001                  6.7809024302181065E-001                  3.0170129395928108E-001                  2.0208463018908329E-002                  2.5889441156885937E+003                  1.8197839807127712E+004                  3.7872850499831390E-034 
                                    1027                  4.6367988726877757E-001                 -1.3046542876314651E+000                  7.4421581275954791E+000                  3.8121705776237874E-001                  1.6012848970965248E+001                  6.7808386560690448E-001                  3.0170107472620744E-001                  2.0215059666888080E-002                  2.4728185098008635E+003                  1.8961274417820408E+004                  4.5629161577942935E-034 
                                    1028                  4.6367784363847014E-001                 -1.3060835257176600E+000                  7.4435922463188291E+000                  3.8578584498973589E-001                  1.6018811399190049E+001                  6.7807719147892653E-001                  3.0170090128877142E-001                  2.0221907232301994E-002                  2.3628292783860888E+003                  1.9735167590263456E+004                  5.5030715239375678E-034 
                                    1029                  4.6367580000816278E-001                 -1.3075118345314614E+000                  7.4455022587614907E+000                  3.9185489686260888E-001                  1.6026738707246963E+001                  6.7806783387637537E-001                  3.0170073763878658E-001                  2.0231428484838054E-002                  2.2245586412045377E+003                  2.0777644671376638E+004                  7.0744430466859665E-034 
                                    1030                  4.6367239395765042E-001                 -1.3098903662719052E+000                  7.4471742266028134E+000                  3.9720282481051977E-001                  1.6033708144642546E+001                  6.7805927864932614E-001                  3.0170065019861336E-001                  2.0240071152060501E-002                  2.1092912318294439E+003                  2.1703253225298242E+004                  8.8298083999088146E-034 
                                    1031                  4.6367103153744543E-001                 -1.3108410124053052E+000                  7.4486048306821875E+000                  4.0174861189711847E-001                  1.6039645596121805E+001                  6.7805161458452123E-001                  3.0170062611591958E-001                  2.0247759299559132E-002                  2.0163258255939943E+003                  2.2494418494825150E+004                  1.0684577032586006E-033 
                                    1032                  4.6366830669703546E-001                 -1.3127411142497971E+000                  7.4502739802009019E+000                  4.0707344110674515E-001                  1.6046591072023030E+001                  6.7804244181507833E-001                  3.0170065382296546E-001                  2.0256904361956263E-002                  1.9134025207402233E+003                  2.3416577094190510E+004                  1.3365461404415461E-033 
                                    1033                  4.6366626306672803E-001                 -1.3141650840795829E+000                  7.4517034771786959E+000                  4.1162782375221157E-001                  1.6052534078215974E+001                  6.7803395969697644E-001                  3.0170072483206284E-001                  2.0265315470960665E-002                  1.8295081117758534E+003                  2.4203705683365690E+004                  1.6207370841331352E-033 
                                    1034                  4.6366421943642067E-001                 -1.3155881234685805E+000                  7.4528943783177573E+000                  4.1542692553980148E-001                  1.6057489345399965E+001                  6.7802688882114592E-001                  3.0170081842374302E-001                  2.0272292755111110E-002                  1.7626378687180854E+003                  2.4852149737163494E+004                  1.9045769325946940E-033 
                                    1035                  4.6366285701621568E-001                 -1.3165362893871313E+000                  7.4543217490522187E+000                  4.1996240802224188E-001                  1.6063413128844164E+001                  6.7801831448821182E-001                  3.0170097430015436E-001                  2.0280711211633884E-002                  1.6860244758635015E+003                  2.5616453856229804E+004                  2.3127970126274225E-033 
                                    1036                  4.6366013217580571E-001                 -1.3184314302202007E+000                  7.4562245269400504E+000                  4.2602449946694942E-001                  1.6071323488198875E+001                  6.7800637258189911E-001                  3.0170125801154990E-001                  2.0292369406550992E-002                  1.5893991577443232E+003                  2.6610577262258495E+004                  3.0005719223783059E-033 
                                    1037                  4.6365740733539573E-001                 -1.3203249172950899E+000                  7.4581258825242358E+000                  4.3208198662348551E-001                  1.6079227731813532E+001                  6.7799389729259929E-001                  3.0170163283393708E-001                  2.0304469873463571E-002                  1.4990148942322594E+003                  2.7564399890242912E+004                  3.8979694936130068E-033 
                                    1038                  4.6365468249498576E-001                 -1.3222167504990667E+000                  7.4602627282365717E+000                  4.3888064207578353E-001                  1.6088103097418195E+001                  6.7797951791709776E-001                  3.0170216718507176E-001                  2.0318314897830536E-002                  1.4039586934648357E+003                  2.8575516700689666E+004                  5.2390571886459246E-033 
                                    1039                  4.6365127644447351E-001                 -1.3245792623169492E+000                  7.4629902326771731E+000                  4.4755281894737747E-001                  1.6099426689514495E+001                  6.7796049144908299E-001                  3.0170303648934310E-001                  2.0336472061573962E-002                  1.2921006168396432E+003                  2.9749240955387009E+004                  7.6589345143404695E-033 
                                    1040                  4.6364684857880745E-001                 -1.3276467787783066E+000                  7.4661891009330379E+000                  4.5773657282186608E-001                  1.6112718185718155E+001                  6.7793769655839087E-001                  3.0170434838103727E-001                  2.0357955060571920E-002                  1.1730687223660398E+003                  3.0916213024028741E+004                  1.1991998944806748E-032 
                                    1041                  4.6364208010809027E-001                 -1.3309454254981268E+000                  7.4686765939301933E+000                  4.6569620220214508E-001                  1.6123088578581434E+001                  6.7791944693213446E-001                  3.0170560742774782E-001                  2.0374945640117659E-002                  1.0882039672026208E+003                  3.1640910705137179E+004                  1.7030086695293205E-032 
                                    1042                  4.6363969587273168E-001                 -1.3325927234178436E+000                  7.4704502847345564E+000                  4.7134159784977747E-001                  1.6130457258702208E+001                  6.7790630419607012E-001                  3.0170665961601695E-001                  2.0387036187912932E-002                  1.0325110458474246E+003                  3.2035166216604346E+004                  2.1885103994347827E-032 
                                    1043                  4.6363697103232188E-001                 -1.3344738177609927E+000                  7.4723410755618875E+000                  4.7736325946832564E-001                  1.6138315512845232E+001                  6.7789228317595884E-001                  3.0170791226340782E-001                  2.0399804560633283E-002                  9.7598284864308857E+002                  3.2347446122635949E+004                  2.8614100309881212E-032 
                                    1044                  4.6363424619191201E-001                 -1.3363532632362269E+000                  7.4747015276739406E+000                  4.8486071660866753E-001                  1.6148108661224541E+001                  6.7787476615879250E-001                  3.0170970916159234E-001                  2.0415524679615160E-002                  9.1042680395118293E+002                  3.2560381808445090E+004                  4.0018934999746994E-032 
                                    1045                  4.6363015893129722E-001                 -1.3391694613291893E+000                  7.4784720111034417E+000                  4.9680550385720623E-001                  1.6163725180836511E+001                  6.7784706157710595E-001                  3.0171316708482754E-001                  2.0439771338066515E-002                  8.1547526905369807E+002                  3.2484610982703358E+004                  6.8484368580862081E-032 
                                    1046                  4.6362334683027268E-001                 -1.3438555278194901E+000                  7.4817740248244764E+000                  5.0740079504528912E-001                  1.6177517300502075E+001                  6.7782347272416088E-001                  3.0171682113397813E-001                  2.0459706141860989E-002                  7.3947102821547765E+002                  3.2028751891404881E+004                  1.0981991034353455E-031 
                                    1047                  4.6362062198986276E-001                 -1.3457267485274320E+000                  7.4837737914881366E+000                  5.1376220229191250E-001                  1.6185822824681654E+001                  6.7780953946605749E-001                  3.0171938881697058E-001                  2.0471071716971934E-002                  6.9732403049821642E+002                  3.1573229482157971E+004                  1.4618868326153772E-031 
                                    1048                  4.6361755654440168E-001                 -1.3478299309272948E+000                  7.4865927148266955E+000                  5.2269980187360576E-001                  1.6197505402916377E+001                  6.7779049825462212E-001                  3.0172349653910080E-001                  2.0486005206277080E-002                  6.4187352228291468E+002                  3.0743078017613465E+004                  2.1881008678767169E-031 
                                    1049                  4.6361244746863306E-001                 -1.3513308941081532E+000                  7.4904648784048371E+000                  5.3499949494614285E-001                  1.6213573100545588E+001                  6.7776559803443015E-001                  3.0173018934614598E-001                  2.0504212619423923E-002                  5.7213760025726458E+002                  2.9342356237393797E+004                  3.8082798480889882E-031 
                                    1050                  4.6360631657771079E-001                 -1.3555246835507970E+000                  7.4937496789523959E+000                  5.4550546457886373E-001                  1.6227265944728405E+001                  6.7774566368575839E-001                  3.0173692920280770E-001                  2.0517407111433905E-002                  5.1769365348023462E+002                  2.8046220648279246E+004                  6.0939998206769849E-031 
                                    1051                  4.6360291052719843E-001                 -1.3578507301776408E+000                  7.4963246743552032E+000                  5.5368665888474278E-001                  1.6237953445730373E+001                  6.7773072591326056E-001                  3.0174301343315091E-001                  2.0526260653588535E-002                  4.7811906028733273E+002                  2.7049575230573209E+004                  8.8041019268023852E-031 
                                    1052                  4.6359882326658347E-001                 -1.3606386960090153E+000                  7.4993643849881417E+000                  5.6334343639488715E-001                  1.6250569363489923E+001                  6.7771378850599906E-001                  3.0175120171083764E-001                  2.0535009783163360E-002                  4.3424357925500323E+002                  2.6002221535114157E+004                  1.3584619800037130E-030 
                                    1053                  4.6359405479586591E-001                 -1.3638867942545716E+000                  7.5026344234134266E+000                  5.7374433504980560E-001                  1.6264152174680476E+001                  6.7769587277775944E-001                  3.0176137758126742E-001                  2.0542749640973135E-002                  3.9005533381813808E+002                  2.5163108526502197E+004                  2.1643325057847279E-030 
                                    1054                  4.6358928632514856E-001                 -1.3671299300760471E+000                  7.5059000583449782E+000                  5.8413002977372752E-001                  1.6277716070201240E+001                  6.7767857029891598E-001                  3.0177313854486820E-001                  2.0548291156215814E-002                  3.4876649681921958E+002                  2.4751986873966034E+004                  3.4423534621885306E-030 
                                    1055                  4.6358451785443100E-001                 -1.3703681135279739E+000                  7.5096251568720769E+000                  5.9594627803287936E-001                  1.6293162015447809E+001                  6.7765814067340568E-001                  3.0178881104939703E-001                  2.0553048277197283E-002                  3.0489695683432677E+002                  2.4958191338711378E+004                  5.8347837396857250E-030 
                                    1056                  4.6357838696350828E-001                 -1.3745244974742998E+000                  7.5131159910148710E+000                  6.0708980555201875E-001                  1.6307697103365300E+001                  6.7763810790599444E-001                  3.0180597729318387E-001                  2.0555914800821640E-002                  2.6647903722953333E+002                  2.5923922836658992E+004                  9.5548209041407508E-030 
                                    1057                  4.6357429970289316E-001                 -1.3772906298294281E+000                  7.5159031272670118E+000                  6.1595229617821967E-001                  1.6319272096045012E+001                  6.7762096313445486E-001                  3.0182167889203282E-001                  2.0557357973512325E-002                  2.3786288029246910E+002                  2.7287590725894606E+004                  1.4146427577714852E-029 
                                    1058                  4.6357021244227814E-001                 -1.3800531371834310E+000                  7.5186869670099981E+000                  6.2480440529711301E-001                  1.6330833189532807E+001                  6.7760244028093719E-001                  3.0183935403728596E-001                  2.0558205681776798E-002                  2.1104373976192002E+002                  2.9208324263546812E+004                  2.0911217553969590E-029 
                                    1059                  4.6356612518166307E-001                 -1.3828120211673149E+000                  7.5216406940168090E+000                  6.3418805987714755E-001                  1.6343091991139605E+001                  6.7758114157862759E-001                  3.0186024088263902E-001                  2.0558617538733337E-002                  1.8422074561465891E+002                  3.1860333684096644E+004                  3.1615031858693321E-029 
                                    1060                  4.6356152701347109E-001                 -1.3859114960498784E+000                  7.5247646021544963E+000                  6.4412272890492972E-001                  1.6356065201393747E+001                  6.7755543332960477E-001                  3.0188599070135458E-001                  2.0558575969040649E-002                  1.5879346916239695E+002                  3.5425906413422890E+004                  4.8879669845780687E-029 
                                    1061                  4.6355692884527910E-001                 -1.3890063846550991E+000                  7.5274811622583373E+000                  6.5278160958531795E-001                  1.6367363035164697E+001                  6.7753060075635418E-001                  3.0191115308945266E-001                  2.0558246154193105E-002                  1.3890598190537554E+002                  3.9183536482539261E+004                  7.1313552965658855E-029 
                                    1062                  4.6355352279476669E-001                 -1.3912958424240300E+000                  7.5297897358732069E+000                  6.6012409431509755E-001                  1.6376949822025466E+001                  6.7750740319393665E-001                  3.0193477155137910E-001                  2.0557825254684303E-002                  1.2279840000858665E+002                  4.2825012525060287E+004                  9.8204812120520153E-029 
                                    1063                  4.6355011674425417E-001                 -1.3935827823615550E+000                  7.5316932794391507E+000                  6.6619232625326863E-001                  1.6384866132987479E+001                  6.7748632191105773E-001                  3.0195633039715070E-001                  2.0557347691791517E-002                  1.1150153690390212E+002                  4.6208850145041040E+004                  1.2777711718779298E-028 
                                    1064                  4.6354790281142100E-001                 -1.3950678990557075E+000                  7.5328173254846105E+000                  6.6977517489880400E-001                  1.6389540153994584E+001                  6.7747317774483262E-001                  3.0196977401834874E-001                  2.0557048236818698E-002                  1.0493728998880847E+002                  4.8348365113408974E+004                  1.4922240774054470E-028 
                                    1065                  4.6354679584500441E-001                 -1.3958100462679404E+000                  7.5335661206257081E+000                  6.7215711333389272E-001                  1.6392649552684173E+001                  6.7746403522283161E-001                  3.0197911641531733E-001                  2.0556848361851010E-002                  1.0085338372173129E+002                  4.9841189489124336E+004                  1.6544728093966761E-028 
                                    1066                  4.6354568887858777E-001                 -1.3965519271240054E+000                  7.5344009576559374E+000                  6.7481158802549135E-001                  1.6396115163719866E+001                  6.7745356167984383E-001                  3.0198979327903086E-001                  2.0556645041125310E-002                  9.6534340565916565E+001                  5.1571921598749730E+004                  1.8560285509690757E-028 
                                    1067                  4.6354432645838273E-001                 -1.3974646479887789E+000                  7.5353218763055789E+000                  6.7774133319355045E-001                  1.6399939325600318E+001                  6.7744149393085917E-001                  3.0200214880222309E-001                  2.0556357266917735E-002                  9.1983690067080701E+001                  5.3557804164758047E+004                  2.1066949870842957E-028 
                                    1068                  4.6354296403817763E-001                 -1.3983769650379851E+000                  7.5362424214794093E+000                  6.8067004689583643E-001                  1.6403761943342058E+001                  6.7742895931090175E-001                  3.0201501039932394E-001                  2.0556030289774263E-002                  8.7635549530685907E+001                  5.5626752055044744E+004                  2.3907498977760749E-028 
                                    1069                  4.6354160161797253E-001                 -1.3992888780717010E+000                  7.5371625936254878E+000                  6.8359771831026783E-001                  1.6407583016936130E+001                  6.7741598611367038E-001                  3.0202835868476696E-001                  2.0555655201562661E-002                  8.3547955978662955E+001                  5.7783192776255062E+004                  2.7125756803491937E-028 
                                    1070                  4.6354023919776743E-001                 -1.4002003869120248E+000                  7.5380249614384987E+000                  6.8634248362547756E-001                  1.6411164807395778E+001                  6.7740340109706565E-001                  3.0204136733287534E-001                  2.0555231570059007E-002                  8.0053895082585598E+001                  5.9889071992373174E+004                  3.0530166115495518E-028 
                                    1071                  4.6353904708008792E-001                 -1.4009976239375419E+000                  7.5388294987278810E+000                  6.8890251758824961E-001                  1.6414505708327365E+001                  6.7739123470013041E-001                  3.0205388793637683E-001                  2.0554877363492707E-002                  7.6856593266111361E+001                  6.1924725979648771E+004                  3.4086441861519015E-028 
                                    1072                  4.6353785496240851E-001                 -1.4017945511796894E+000                  7.5396337492909060E+000                  6.9146178402377656E-001                  1.6417845426968324E+001                  6.7737865304165235E-001                  3.0206683000135426E-001                  2.0554516956993396E-002                  7.3790893925153526E+001                  6.4030264486221917E+004                  3.8051275424772629E-028 
                                    1073                  4.6353666284472911E-001                 -1.4025911684615247E+000                  7.5404377133996432E+000                  6.9402029817580557E-001                  1.6421183963294705E+001                  6.7736562147232082E-001                  3.0208014754612078E-001                  2.0554230981558397E-002                  7.0953846974810304E+001                  6.6216630108191952E+004                  4.2470910331413875E-028 
                                    1074                  4.6353547072704970E-001                 -1.4033874755774038E+000                  7.5415853684614742E+000                  6.9766596689519111E-001                  1.6425943798181326E+001                  6.7734619495495396E-001                  3.0210005528440265E-001                  2.0553749760643392E-002                  6.7337622497099062E+001                  6.9467539113151870E+004                  4.9672782661144895E-028 
                                    1075                  4.6353325679421647E-001                 -1.4048655300630168E+000                  7.5430769216963087E+000                  7.0241355989958054E-001                  1.6432137738111738E+001                  6.7731962760550091E-001                  3.0212730528701842E-001                  2.0553067107480727E-002                  6.2862588282926254E+001                  7.3938861297473370E+004                  6.0869740900873895E-028 
                                    1076                  4.6353104286138325E-001                 -1.4063425127660025E+000                  7.5441953222573623E+000                  7.0598117861925014E-001                  1.6436788385591594E+001                  6.7729829215051107E-001                  3.0214919979597593E-001                  2.0552508053512941E-002                  6.0036287220458874E+001                  7.7487652997887068E+004                  7.0877081317935274E-028 
                                    1077                  4.6352993589496666E-001                 -1.4070805899801571E+000                  7.5449403542393023E+000                  7.0835303654200066E-001                  1.6439882257511414E+001                  6.7728367105784915E-001                  3.0216420678630462E-001                  2.0552122155846231E-002                  5.8219534379702090E+001                  7.9945219136754095E+004                  7.8429538803385061E-028 
                                    1078                  4.6352882892855002E-001                 -1.4078183986756438E+000                  7.5456851376783227E+000                  7.1072428360744788E-001                  1.6442975109713728E+001                  6.7726854050310115E-001                  3.0217977961646042E-001                  2.0551679880438378E-002                  5.6571266912307536E+001                  8.2480481040928178E+004                  8.6775688335030302E-028 
                                    1079                  4.6352772196213338E-001                 -1.4085559386189086E+000                  7.5464296723268403E+000                  7.1309495306938642E-001                  1.6446066942141883E+001                  6.7725282602014358E-001                  3.0219583921996662E-001                  2.0551334759889794E-002                  5.5083094275146230E+001                  8.5100050675661594E+004                  9.5997687544739930E-028 
                                    1080                  4.6352661499571685E-001                 -1.4092932095189361E+000                  7.5474884643125453E+000                  7.1646079378613126E-001                  1.6450458813241717E+001                  6.7722946448515120E-001                  3.0221987692989444E-001                  2.0550658584954418E-002                  5.3271791188114868E+001                  8.8966418976895598E+004                  1.1080421494488763E-027 
                                    1081                  4.6352457136540925E-001                 -1.4106536343688929E+000                  7.5488616808481792E+000                  7.2083418561420853E-001                  1.6456161510668089E+001                  6.7719805724191173E-001                  3.0225212433363496E-001                  2.0549818424453248E-002                  5.1026045552454711E+001                  9.4246543425312557E+004                  1.3342600036835240E-027 
                                    1082                  4.6352252773510166E-001                 -1.4120131401621681E+000                  7.5502340462330846E+000                  7.2520561226634961E-001                  1.6461860731464597E+001                  6.7716460696237024E-001                  3.0228646871843334E-001                  2.0548924319196415E-002                  4.9224201638985988E+001                  9.9840217060679730E+004                  1.6059663780283709E-027 
                                    1083                  4.6352048410479418E-001                 -1.4133717250333371E+000                  7.5516055586686583E+000                  7.2957502456026868E-001                  1.6467556475037977E+001                  6.7712926565141074E-001                  3.0232275448436813E-001                  2.0547979864221189E-002                  4.7701644051236279E+001                  1.0576420497684320E+005                  1.9321614758863682E-027 
                                    1084                  4.6351844047448659E-001                 -1.4147293872585269E+000                  7.5527480735311476E+000                  7.3322006310645316E-001                  1.6472305195812005E+001                  6.7709813585931156E-001                  3.0235471052474833E-001                  2.0547153615940061E-002                  4.6683927365386694E+001                  1.1097030119317365E+005                  2.2534393198118086E-027 
                                    1085                  4.6351707805428155E-001                 -1.4156339729082801E+000                  7.5536614639663791E+000                  7.3613083947886881E-001                  1.6476098463360433E+001                  6.7707216660746039E-001                  3.0238138305440854E-001                  2.0546450338131073E-002                  4.5999630220343910E+001                  1.1531616342445835E+005                  2.5478585481217514E-027 
                                    1086                  4.6351571563407645E-001                 -1.4165381469982898E+000                  7.5549163566673512E+000                  7.4012296064469718E-001                  1.6481303588539539E+001                  6.7703507939051755E-001                  3.0241952596118310E-001                  2.0545394648299409E-002                  4.5231532368828347E+001                  1.2156398835798707E+005                  3.0152845352522938E-027 
                                    1087                  4.6351333139871764E-001                 -1.4181194853380779E+000                  7.5565129506221220E+000                  7.4521302439798187E-001                  1.6487934451238882E+001                  6.7698443765963079E-001                  3.0247148658471690E-001                  2.0544075755652313E-002                  4.4554264277760787E+001                  1.3001664080446200E+005                  3.7347072419485991E-027 
                                    1088                  4.6351094716335883E-001                 -1.4196995572600299E+000                  7.5581083669008313E+000                  7.5030070149853390E-001                  1.6494560575888450E+001                  6.7693026284249136E-001                  3.0252691887351191E-001                  2.0542818283996733E-002                  4.4148188489896967E+001                  1.3905977364584364E+005                  4.6230852795336808E-027 
                                    1089                  4.6350856292800013E-001                 -1.4212783586205577E+000                  7.5597025995794533E+000                  7.5538595597543690E-001                  1.6501181960639176E+001                  6.7687263195791803E-001                  3.0258609614282317E-001                  2.0541271899258806E-002                  4.3965279364950803E+001                  1.4872633752335858E+005                  5.7194664030042621E-027 
                                    1090                  4.6350617869264138E-001                 -1.4228558853736746E+000                  7.5609547675862236E+000                  7.5938866395502203E-001                  1.6506389213090014E+001                  6.7682452522939418E-001                  3.0263564610516414E-001                  2.0539828665441684E-002                  4.3987760041844744E+001                  1.5679331865690058E+005                  6.7582967752301639E-027 
                                    1091                  4.6350481627243634E-001                 -1.4237567405897513E+000                  7.5618646864242791E+000                  7.6229248441567388E-001                  1.6510168553523503E+001                  6.7678797267464741E-001                  3.0267321353410992E-001                  2.0538813791242672E-002                  4.4061052377704016E+001                  1.6293216213378310E+005                  7.6282810916412729E-027 
                                    1092                  4.6350345385223124E-001                 -1.4246571771398289E+000                  7.5627742129995257E+000                  7.6519567292947543E-001                  1.6513946344448261E+001                  6.7674985311318803E-001                  3.0271239907976666E-001                  2.0537747807045315E-002                  4.4194639458945332E+001                  1.6931272348318843E+005                  8.6086688112887838E-027 
                                    1093                  4.6350209143202620E-001                 -1.4255571939217910E+000                  7.5636833456504675E+000                  7.6809822312013898E-001                  1.6517722585374017E+001                  6.7671021314729984E-001                  3.0275300805696170E-001                  2.0536778795738453E-002                  4.4374682537118339E+001                  1.7594888414458389E+005                  9.7132453923719838E-027 
                                    1094                  4.6350072901182110E-001                 -1.4264567898416365E+000                  7.5644785944652657E+000                  7.7063931597385771E-001                  1.6521027229766279E+001                  6.7667413985869374E-001                  3.0279000542370904E-001                  2.0535854717597224E-002                  4.4573821072009956E+001                  1.8197026950444255E+005                  1.0793990959803693E-026 
                                    1095                  4.6349970719666733E-001                 -1.4271312075638067E+000                  7.5651599236578528E+000                  7.7281539611249150E-001                  1.6523857367323583E+001                  6.7664235255122951E-001                  3.0282261360262908E-001                  2.0535033846141415E-002                  4.4765094439267145E+001                  1.8729471313373660E+005                  1.1814036147277451E-026 
                                    1096                  4.6349868538151362E-001                 -1.4278053874486742E+000                  7.5661811807994148E+000                  7.7607180298234757E-001                  1.6528094382655087E+001                  6.7659293896571027E-001                  3.0287332896126223E-001                  2.0533732073027444E-002                  4.5091419247463499E+001                  1.9557139942747011E+005                  1.3524100032508483E-026 
                                    1097                  4.6349664175120625E-001                 -1.4291530493978091E+000                  7.5675424891704619E+000                  7.8042209117207251E-001                  1.6533749480229353E+001                  6.7652361305673858E-001                  3.0294449259652606E-001                  2.0531894346735413E-002                  4.5594784523444318E+001                  2.0719191692280502E+005                  1.6190988014527257E-026 
                                    1098                  4.6349459812089883E-001                 -1.4304997536446662E+000                  7.5689028884227438E+000                  7.8477117776970462E-001                  1.6539401083376099E+001                  6.7645021890240375E-001                  3.0301982462074872E-001                  2.0529956476847522E-002                  4.6162438290305545E+001                  2.1951124651482832E+005                  1.9375856786074429E-026 
                                    1099                  4.6349255449059146E-001                 -1.4318454956693656E+000                  7.5702623708056755E+000                  7.8911910985689593E-001                  1.6545049189660272E+001                  6.7637264640861328E-001                  3.0309944685693430E-001                  2.0527906734452372E-002                  4.6787199434400861E+001                  2.3257206693012622E+005                  2.3177773568406121E-026 
                                    1100                  4.6349051086028398E-001                 -1.4331902707741160E+000                  7.5716209278284214E+000                  7.9346613585958081E-001                  1.6550693796443817E+001                  6.7629019795676892E-001                  3.0318406261582159E-001                  2.0525739427409428E-002                  4.7461243303898030E+001                  2.4642473746757381E+005                  2.7714642349900017E-026 
                                    1101                  4.6348846722997650E-001                 -1.4345340734561147E+000                  7.5729785502101032E+000                  7.9781232519074230E-001                  1.6556334900845034E+001                  6.7620270472023836E-001                  3.0327384759501286E-001                  2.0523447684748786E-002                  4.8178959123359959E+001                  2.6111882074999626E+005                  3.3126415865392385E-026 
                                    1102                  4.6348642359966902E-001                 -1.4358768979587169E+000                  7.5743352280979570E+000                  8.0215772448595080E-001                  1.6561972499730256E+001                  6.7611006722904554E-001                  3.0336890084077139E-001                  2.0521031930183065E-002                  4.8933701731776615E+001                  2.7670679623037565E+005                  3.9579261869067161E-026 
                                    1103                  4.6348437996936154E-001                 -1.4372187383405697E+000                  7.5754652909906168E+000                  8.0578366895132136E-001                  1.6566672635848494E+001                  6.7602846677250839E-001                  3.0345261621337360E-001                  2.0518917014118010E-002                  4.9589874219157991E+001                  2.9042886888429767E+005                  4.5895662937396043E-026 
                                    1104                  4.6348301754915650E-001                 -1.4381127399107791E+000                  7.5763686773322227E+000                  8.0867988609619679E-001                  1.6570427105656517E+001                  6.7596047584908781E-001                  3.0352237269972243E-001                  2.0517151451189708E-002                  5.0128738562884834E+001                  3.0189999831036560E+005                  5.1654947577305351E-026 
                                    1105                  4.6348165512895145E-001                 -1.4390062992668751E+000                  7.5772716314873891E+000                  8.1157588454106622E-001                  1.6574180013408469E+001                  6.7588984820252929E-001                  3.0359488169710741E-001                  2.0515270100363248E-002                  5.0680192784869099E+001                  3.1383271796684357E+005                  5.8126975631320276E-026 
                                    1106                  4.6348029270874630E-001                 -1.4398994143428221E+000                  7.5781741497511215E+000                  8.1447177790567460E-001                  1.6577931357901484E+001                  6.7581629128089937E-001                  3.0367025195597480E-001                  2.0513456763125770E-002                  5.1243653171447811E+001                  3.2625888093641063E+005                  6.5398789431631357E-026 
                                    1107                  4.6347893028854126E-001                 -1.4407920828287599E+000                  7.5793014551955658E+000                  8.1808632020171201E-001                  1.6582613545809362E+001                  6.7572016413664238E-001                  3.0376891843703041E-001                  2.0510917426327158E-002                  5.1963369481283578E+001                  3.4248981357541803E+005                  7.5759320555582634E-026 
                                    1108                  4.6347688665823383E-001                 -1.4421302560172802E+000                  7.5806535721693420E+000                  8.2242990798795856E-001                  1.6588234735561347E+001                  6.7559857910071852E-001                  3.0389363577243039E-001                  2.0507785126851141E-002                  5.2848908958884536E+001                  3.6308113956608390E+005                  9.0354790939648773E-026 
                                    1109                  4.6347484302792630E-001                 -1.4434674109504295E+000                  7.5820046737639606E+000                  8.2677354531677316E-001                  1.6593852396574878E+001                  6.7546964875360305E-001                  3.0402586973412132E-001                  2.0504481512275685E-002                  5.3756670263891536E+001                  3.8495230700042838E+005                  1.0772212534441871E-025 
                                    1110                  4.6347279939761882E-001                 -1.4448035388118343E+000                  7.5830176203035311E+000                  8.3003844902893065E-001                  1.6598069780976921E+001                  6.7536773393571070E-001                  3.0413038602532583E-001                  2.0501880038963471E-002                  5.4452232156067687E+001                  4.0225835014549550E+005                  1.2288388540154021E-025 
                                    1111                  4.6347177758246505E-001                 -1.4454712059016042E+000                  7.5836923946176666E+000                  8.3221044747217188E-001                  1.6600875930596551E+001                  6.7529729569721231E-001                  3.0420261756420014E-001                  2.0500086738587608E-002                  5.4921691879090176E+001                  4.1423372772463440E+005                  1.3413829680388842E-025 
                                    1112                  4.6347075576731123E-001                 -1.4461386126326445E+000                  7.5844792225900646E+000                  8.3474272544146311E-001                  1.6604146982313338E+001                  6.7521262132501714E-001                  3.0428944391094398E-001                  2.0497934764038828E-002                  5.5475433779072944E+001                  4.2866843944973341E+005                  1.4855796574998162E-025 
                                    1113                  4.6346939334710618E-001                 -1.4470280841791392E+000                  7.5853780986775137E+000                  8.3763914083502222E-001                  1.6607885769391928E+001                  6.7511203667219832E-001                  3.0439257252180418E-001                  2.0495390805997493E-002                  5.6116698270455110E+001                  4.4581231897324318E+005                  1.6692391184651945E-025 
                                    1114                  4.6346803092690109E-001                 -1.4479170874471265E+000                  7.5867249996003663E+000                  8.4197199549969493E-001                  1.6613479592933292E+001                  6.7495361730159820E-001                  3.0455497572673002E-001                  2.0491406971671733E-002                  5.7092792006404068E+001                  4.7285366526809888E+005                  1.9873483700221611E-025 
                                    1115                  4.6346530608649100E-001                 -1.4496937170932689E+000                  7.5881838811142712E+000                  8.4669066362716294E-001                  1.6619557282803303E+001                  6.7477076984324702E-001                  3.0474238099304846E-001                  2.0486849163704468E-002                  5.8174778868006555E+001                  5.0413320581346663E+005                  2.4003192048487772E-025 
                                    1116                  4.6346360306123469E-001                 -1.4508031191438331E+000                  7.5893048867021458E+000                  8.5031345722047946E-001                  1.6624222385995054E+001                  6.7462213517936065E-001                  3.0489471573201499E-001                  2.0483149088624364E-002                  5.9020720737540401E+001                  5.2963999709598918E+005                  2.7745399012448122E-025 
                                    1117                  4.6346190003597837E-001                 -1.4519117660402412E+000                  7.5904251032104062E+000                  8.5393721660310584E-001                  1.6628885009891476E+001                  6.7446596148592164E-001                  3.0505487613756294E-001                  2.0479162376515481E-002                  5.9879379692664919E+001                  5.5648804580026842E+005                  3.2063585348052774E-025 
                                    1118                  4.6346019701072205E-001                 -1.4530196500238726E+000                  7.5915445168415880E+000                  8.5756221018980916E-001                  1.6633545149694640E+001                  6.7430157733159357E-001                  3.0522310230106409E-001                  2.0475320367342342E-002                  6.0750625279191958E+001                  5.8479771969171125E+005                  3.7045333555808994E-025 
                                    1119                  4.6345849398546585E-001                 -1.4541267626065351E+000                  7.5925513830724309E+000                  8.6082814398241325E-001                  1.6637739276646691E+001                  6.7414636188872323E-001                  3.0538227130184858E-001                  2.0471366809428182E-002                  6.1545827972729690E+001                  6.1154260949987103E+005                  4.2180357009040332E-025 
                                    1120                  4.6345713156526075E-001                 -1.4550118875466855E+000                  7.5934457280563130E+000                  8.6373004092031958E-001                  1.6641463788066730E+001                  6.7400264284944156E-001                  3.0552948642132483E-001                  2.0467870729233617E-002                  6.2260867843320298E+001                  6.3639914122331119E+005                  4.7331209277827714E-025 
                                    1121                  4.6345576914505576E-001                 -1.4558965086608904E+000                  7.5943395328688288E+000                  8.6663304018045828E-001                  1.6645186700380087E+001                  6.7385282411346448E-001                  3.0568291259010938E-001                  2.0464263296426144E-002                  6.2983855577680309E+001                  6.6232463397179439E+005                  5.3103787076905149E-025 
                                    1122                  4.6345440672485066E-001                 -1.4567806208995342E+000                  7.5952327889030151E+000                  8.6953715966790890E-001                  1.6648908010546140E+001                  6.7369688708416664E-001                  3.0584256035601637E-001                  2.0460552559816936E-002                  6.3714798668455757E+001                  6.8936528212603740E+005                  5.9572216049639498E-025 
                                    1123                  4.6345304430464562E-001                 -1.4576642191545470E+000                  7.5962369455714391E+000                  8.7280332634177660E-001                  1.6653090446367827E+001                  6.7351418767652216E-001                  3.0602954350857203E-001                  2.0456268814905809E-002                  6.4546275921021888E+001                  7.2117154124885076E+005                  6.7783025199213320E-025 
                                    1124                  4.6345134127938925E-001                 -1.4587679911559641E+000                  7.5973519307446216E+000                  8.7643717684178701E-001                  1.6657737579241090E+001                  6.7330064960373703E-001                  3.0624807405301924E-001                  2.0451276343243729E-002                  6.5482227099989302E+001                  7.5834991040873947E+005                  7.8227081612978568E-025 
                                    1125                  4.6344963825413293E-001                 -1.4598709406014228E+000                  7.5984660086949125E+000                  8.8007343556290751E-001                  1.6662382191050106E+001                  6.7307580368419151E-001                  3.0647815472474116E-001                  2.0446041591067332E-002                  6.6430483317324729E+001                  7.9755931315739825E+005                  9.0262554847443127E-025 
                                    1126                  4.6344793522887662E-001                 -1.4609730556853502E+000                  7.5995791592783837E+000                  8.8371198541445928E-001                  1.6667024274475271E+001                  6.7284007554083292E-001                  3.0671931567134203E-001                  2.0440608787825054E-002                  6.7391153757741705E+001                  8.3890188286081166E+005                  1.0412847305573630E-024 
                                    1127                  4.6344623220362025E-001                 -1.4620743248378949E+000                  7.6005802690285513E+000                  8.8699176597534013E-001                  1.6671202091103364E+001                  6.7261626993676138E-001                  3.0694820550123603E-001                  2.0435524562002594E-002                  6.8266469474983111E+001                  8.7808151322848280E+005                  1.1840478704088394E-024 
                                    1128                  4.6344486978341520E-001                 -1.4629547177793589E+000                  7.6014694100623847E+000                  8.8990681655481363E-001                  1.6674912088404820E+001                  6.7240945653537143E-001                  3.0715978107731134E-001                  2.0430762387317225E-002                  6.9052619088142478E+001                  9.1449823461329576E+005                  1.3270975936107755E-024 
                                    1129                  4.6344350736321022E-001                 -1.4638345540185433E+000                  7.6025797618339137E+000                  8.9354844276016476E-001                  1.6679542618113224E+001                  6.7213883178009415E-001                  3.0743670615626434E-001                  2.0424462063641569E-002                  7.0045373540193992E+001                  9.6224808723350160E+005                  1.5301402786523943E-024 
                                    1130                  4.6344146373290257E-001                 -1.4651532614731639E+000                  7.6035786229735205E+000                  8.9684064263426855E-001                  1.6683718452834075E+001                  6.7188261575352759E-001                  3.0769869987825765E-001                  2.0418684368214812E-002                  7.0951149276813538E+001                  1.0075488992859479E+006                  1.7392329844812586E-024 
                                    1131                  4.6344044191774869E-001                 -1.4658121223880853E+000                  7.6042439020914543E+000                  8.9903251272848472E-001                  1.6686496952144726E+001                  6.7170512486602441E-001                  3.0788010985318898E-001                  2.0414765280786673E-002                  7.1559609452819458E+001                  1.0389893279215699E+006                  1.8940529572578007E-024 
                                    1132                  4.6343942010259487E-001                 -1.4664706560312870E+000                  7.6051302090985882E+000                  9.0195306715404167E-001                  1.6690196448779293E+001                  6.7146014368282514E-001                  3.0813037597688131E-001                  2.0409480340293551E-002                  7.2376913296284698E+001                  1.0825224969107811E+006                  2.1218515948952465E-024 
                                    1133                  4.6343771707733855E-001                 -1.4675674840611375E+000                  7.6062372992536211E+000                  9.0561296417574821E-001                  1.6694823182546170E+001                  6.7113875867210449E-001                  3.0845868882470495E-001                  2.0402552503190563E-002                  7.3410063500833402E+001                  1.1396988644178268E+006                  2.4452875510841205E-024 
                                    1134                  4.6343601405208229E-001                 -1.4686633759818013E+000                  7.6073432832579764E+000                  9.0927756842987251E-001                  1.6699447323317102E+001                  6.7080011177009957E-001                  3.0880452021294691E-001                  2.0395368016953519E-002                  7.4454953952589065E+001                  1.2000935485236016E+006                  2.8176145758087817E-024 
                                    1135                  4.6343431102682597E-001                 -1.4697583135751331E+000                  7.6084481294655655E+000                  9.1294712366286279E-001                  1.6704068859577919E+001                  6.7044375117126087E-001                  3.0916852274950812E-001                  2.0387726079231006E-002                  7.5511538529160575E+001                  1.2638513869283067E+006                  3.2461746612267829E-024 
                                    1136                  4.6343260800156966E-001                 -1.4708522779176181E+000                  7.6094966876615260E+000                  9.1643914360896694E-001                  1.6708457996165912E+001                  6.7008814980945053E-001                  3.0953205546301787E-001                  2.0379794727531597E-002                  7.6526239408022590E+001                  1.3276727156564225E+006                  3.7131107984369544E-024 
                                    1137                  4.6343107527883887E-001                 -1.4718359953702274E+000                  7.6104890197815340E+000                  9.1975139143835616E-001                  1.6712612886947124E+001                  6.6973364991005824E-001                  3.0989360999868876E-001                  2.0372740091253005E-002                  7.7496593102735659E+001                  1.3914352796008503E+006                  4.2168213407356415E-024 
                                    1138                  4.6342954255610813E-001                 -1.4728188924660632E+000                  7.6114803485200699E+000                  9.2306890919537432E-001                  1.6716765638455094E+001                  6.6936140627228180E-001                  3.1027266966989392E-001                  2.0365924057824225E-002                  7.8475853566746423E+001                  1.4585500207494840E+006                  4.7884343463906300E-024 
                                    1139                  4.6342800983337745E-001                 -1.4738009523500921E+000                  7.6124706453268880E+000                  9.2639152035816708E-001                  1.6720916240281397E+001                  6.6897188951063780E-001                  3.1066985863641844E-001                  2.0358251852943710E-002                  7.9464070634644528E+001                  1.5289531101988875E+006                  5.4370573365497281E-024 
                                    1140                  4.6342647711064661E-001                 -1.4747821584972109E+000                  7.6134598805348164E+000                  9.2971970017203309E-001                  1.6725064681504961E+001                  6.6856384690808879E-001                  3.1108633360816818E-001                  2.0349819483743037E-002                  8.0461008961059804E+001                  1.6028414927628320E+006                  6.1730641668763472E-024 
                                    1141                  4.6342494438791582E-001                 -1.4757624932380693E+000                  7.6144480227360125E+000                  9.3305405021763088E-001                  1.6729210950655382E+001                  6.6813578642878113E-001                  3.1152266435776688E-001                  2.0341549213451993E-002                  8.1466390033688640E+001                  1.6805977713789137E+006                  7.0081973358659467E-024 
                                    1142                  4.6342341166518508E-001                 -1.4767419374706221E+000                  7.6154350387354901E+000                  9.3639494950796898E-001                  1.6733355035663617E+001                  6.6768667556098538E-001                  3.1198032444544521E-001                  2.0332999993569412E-002                  8.2479979848899447E+001                  1.7623374381623773E+006                  7.9558370549926767E-024 
                                    1143                  4.6342187894245435E-001                 -1.4777204711601271E+000                  7.6164208937415729E+000                  9.3974270733975285E-001                  1.6737496923835867E+001                  6.6721575506519870E-001                  3.1246008654334800E-001                  2.0324158391453295E-002                  8.3501589086435970E+001                  1.8482559625226306E+006                  9.0311209537982857E-024 
                                    1144                  4.6342034621972361E-001                 -1.4786980734949948E+000                  7.6177878696464481E+000                  9.4439335330871488E-001                  1.6743235880026493E+001                  6.6652371771017593E-001                  3.1316488988458513E-001                  2.0311392405238937E-002                  8.4931043977461343E+001                  1.9748474148691429E+006                  1.0768098859297271E-023 
                                    1145                  4.6341762137931353E-001                 -1.4804337034217556E+000                  7.6190984387776979E+000                  9.4889578978573597E-001                  1.6748761892418550E+001                  6.6581357111267758E-001                  3.1388774945690212E-001                  2.0298679430420297E-002                  8.6321174946808611E+001                  2.1051214637419712E+006                  1.2750626285476374E-023 
                                    1146                  4.6341625895910854E-001                 -1.4813003260590820E+000                  7.6199706809086951E+000                  9.5189756917104784E-001                  1.6752436299200102E+001                  6.6531449700821677E-001                  3.1439554946251252E-001                  2.0289953529270655E-002                  8.7253107947865189E+001                  2.1968636753706783E+006                  1.4270013926569228E-023 
                                    1147                  4.6341489653890355E-001                 -1.4821661446621410E+000                  7.6210593809354421E+000                  9.5565486572229197E-001                  1.6757022238994640E+001                  6.6465990990190349E-001                  3.1506132905637535E-001                  2.0278761041721216E-002                  8.8424171989720008E+001                  2.3173885308468272E+006                  1.6425575732577334E-023 
                                    1148                  4.6341285290859591E-001                 -1.4834633376342241E+000                  7.6220379625628993E+000                  9.5905830063018627E-001                  1.6761157448500938E+001                  6.6403972097143560E-001                  3.1569192482028385E-001                  2.0268354208280548E-002                  8.9486961944110405E+001                  2.4318106970612826E+006                  1.8644171904323282E-023 
                                    1149                  4.6341183109344208E-001                 -1.4841112105816714E+000                  7.6226894637190599E+000                  9.6132823993820493E-001                  1.6763908852727440E+001                  6.6360957483950322E-001                  3.1612916829276133E-001                  2.0261256867735389E-002                  9.0197719565663121E+001                  2.5112787073179060E+006                  2.0286770548296575E-023 
                                    1150                  4.6341080927828820E-001                 -1.4847585958230731E+000                  7.6234486868051663E+000                  9.6398063719190386E-001                  1.6767115936236621E+001                  6.6309023804170331E-001                  3.1665694804219663E-001                  2.0252813916100010E-002                  9.1029602051595404E+001                  2.6073586883332594E+006                  2.2386841184731714E-023 
                                    1151                  4.6340944685808311E-001                 -1.4856210053503225E+000                  7.6243152782550183E+000                  9.6702241197919803E-001                  1.6770781274527621E+001                  6.6247201578099213E-001                  3.1728503240963007E-001                  2.0242951809377852E-002                  9.1984369919972508E+001                  2.7218328830354614E+006                  2.5055359017548862E-023 
                                    1152                  4.6340808443787807E-001                 -1.4864825100352250E+000                  7.6256126596553147E+000                  9.7159018594793345E-001                  1.6776264977815767E+001                  6.6149416666347827E-001                  3.1827808636541494E-001                  2.0227746971106741E-002                  9.3420495521261600E+001                  2.9031521473360057E+006                  2.9665553812495739E-023 
                                    1153                  4.6340535959746787E-001                 -1.4882027561157893E+000                  7.6270151578236938E+000                  9.7658792493940616E-001                  1.6782221514842838E+001                  6.6035977184373029E-001                  3.1942954814815799E-001                  2.0210680008111659E-002                  9.4988610768945520E+001                  3.1137670185692110E+006                  3.5631436560327906E-023 
                                    1154                  4.6340365657221150E-001                 -1.4892759162360119E+000                  7.6280914647199856E+000                  9.8044373597473311E-001                  1.6786793226303200E+001                  6.5943240097949918E-001                  3.2037044025245809E-001                  2.0197158768042733E-002                  9.6197414007348158E+001                  3.2861628391605713E+006                  4.1027068548941289E-023 
                                    1155                  4.6340195354695513E-001                 -1.4903474992777173E+000                  7.6291655448131506E+000                  9.8431760868545781E-001                  1.6791361933671393E+001                  6.5845375320141142E-001                  3.2136295739085424E-001                  2.0183289407734284E-002                  9.7408740595866576E+001                  3.4681782736988841E+006                  4.7244938917669200E-023 
                                    1156                  4.6340025052169881E-001                 -1.4914174512037026E+000                  7.6302373044502518E+000                  9.8821047484803737E-001                  1.6795927602095386E+001                  6.5742157670121248E-001                  3.2240934014067274E-001                  2.0169083158114720E-002                  9.8621689367174042E+001                  3.6602734121553521E+006                  5.4411811517739999E-023 
                                    1157                  4.6339854749644238E-001                 -1.4924857155310058E+000                  7.6313066451109490E+000                  9.9212361778704639E-001                  1.6800490194798616E+001                  6.5633263422578780E-001                  3.2351282394940545E-001                  2.0154541824806804E-002                  9.9835094689118250E+001                  3.8629518814330441E+006                  6.2674938652919718E-023 
                                    1158                  4.6339684447118595E-001                 -1.4935522324720305E+000                  7.6323734630005049E+000                  9.9605829185919104E-001                  1.6805049672967254E+001                  6.5518380887847749E-001                  3.2467651923410296E-001                  2.0139671887419608E-002                  1.0104776194009497E+002                  4.0767203425351311E+006                  7.2204821393336623E-023 
                                    1159                  4.6339514144592953E-001                 -1.4946169390147381E+000                  7.6334376489491351E+000                  1.0000157779929759E+000                  1.6809605995643707E+001                  6.5397194524264834E-001                  3.2590357246606250E-001                  2.0124482291289159E-002                  1.0225843122446500E+002                  4.3020928420642707E+006                  8.3199063569596087E-023 
                                    1160                  4.6339343842067310E-001                 -1.4956797688684473E+000                  7.6344990883106805E+000                  1.0039973307092749E+000                  1.6814159119620420E+001                  6.5269400426116653E-001                  3.2719700968106802E-001                  2.0108986057765454E-002                  1.0346581169997754E+002                  4.5395830930824839E+006                  9.5886618212517475E-023 
                                    1161                  4.6339173539541662E-001                 -1.4967406525420144E+000                  7.6353461542488210E+000                  1.0072051785766638E+000                  1.6817802828743769E+001                  6.5162119181166411E-001                  3.2828243852292421E-001                  2.0096369665411729E-002                  1.0442921676735841E+002                  4.7387203229534393E+006                  1.0743559539978500E-022 
                                    1162                  4.6339071358026279E-001                 -1.4973762123961947E+000                  7.6362969209857665E+000                  1.0108224500103988E+000                  1.6821889521375830E+001                  6.5035977789935995E-001                  3.2955825324676297E-001                  2.0081968853877141E-002                  1.0550593501029056E+002                  4.9726136412528167E+006                  1.2211455437082328E-022 
                                    1163                  4.6338866994995509E-001                 -1.4986451048598066E+000                  7.6372450476747211E+000                  1.0144766628441382E+000                  1.6825985468130828E+001                  6.4903639172193839E-001                  3.3089626822798568E-001                  2.0067340050075932E-002                  1.0657978792133893E+002                  5.2176585553979045E+006                  1.3883585863030699E-022 
                                    1164                  4.6338764813480127E-001                 -1.4992783836024675E+000                  7.6379807757123803E+000                  1.0173277536064613E+000                  1.6829163116470582E+001                  6.4796352472449181E-001                  3.3198065239191726E-001                  2.0055822883590979E-002                  1.0740848273139163E+002                  5.4159994785221824E+006                  1.5342755502588468E-022 
                                    1165                  4.6338628571459628E-001                 -1.5001215181958010E+000                  7.6388195920527711E+000                  1.0206066851061701E+000                  1.6832794434304642E+001                  6.4668799172947511E-001                  3.3326949860404681E-001                  2.0042509666478026E-002                  1.0834983771664628E+002                  5.6513684831394395E+006                  1.7202223183165524E-022 
                                    1166                  4.6338492329439129E-001                 -1.5009631946844173E+000                  7.6400739202145669E+000                  1.0255506434144945E+000                  1.6838226781910191E+001                  6.4467360186366762E-001                  3.3530412058292275E-001                  2.0022277553409573E-002                  1.0974492748256758E+002                  6.0221345021950826E+006                  2.0428886153752175E-022 
                                    1167                  4.6338219845398115E-001                 -1.5026420380972190E+000                  7.6412965470643934E+000                  1.0304652233224134E+000                  1.6843562258030406E+001                  6.4257327899557903E-001                  3.3742457067025450E-001                  2.0002150334166524E-002                  1.1109672369398027E+002                  6.4071189827573551E+006                  2.4187231625081559E-022 
                                    1168                  4.6338092118503882E-001                 -1.5034267932783174E+000                  7.6420744128406612E+000                  1.0336192300129192E+000                  1.6846958278328824E+001                  6.4116587697227467E-001                  3.3884494201917015E-001                  1.9989181008555179E-002                  1.1194618005658873E+002                  6.6642806686578281E+006                  2.6946012789563621E-022 
                                    1169                  4.6337964391609648E-001                 -1.5042101007713142E+000                  7.6428500633847571E+000                  1.0367943269122437E+000                  1.6850352243014001E+001                  6.3970333733565476E-001                  3.4032054430053132E-001                  1.9976118363813855E-002                  1.1278540069320995E+002                  6.9306948830064554E+006                  3.0025558194535750E-022 
                                    1170                  4.6337836664715415E-001                 -1.5049919173439266E+000                  7.6436234247728807E+000                  1.0399912745685573E+000                  1.6853744122922471E+001                  6.3818393562237896E-001                  3.4185308836758110E-001                  1.9962976010039934E-002                  1.1361344850359102E+002                  7.2065611317686252E+006                  3.3464051249491385E-022 
                                    1171                  4.6337708937821187E-001                 -1.5057721984178907E+000                  7.6445741220678043E+000                  1.0439611137675220E+000                  1.6857921040400541E+001                  6.3622924379770462E-001                  3.4382408068094339E-001                  1.9946675521351986E-002                  1.1461689998986027E+002                  7.5600517600455228E+006                  3.8263023594846394E-022 
                                    1172                  4.6337521605042986E-001                 -1.5069137480598618E+000                  7.6456996185339925E+000                  1.0487341567023558E+000                  1.6862888091329491E+001                  6.3378355672231279E-001                  3.4628927947419280E-001                  1.9927163803494352E-002                  1.1578459080871495E+002                  8.0000385577039737E+006                  4.4893821608902346E-022 
                                    1173                  4.6337334272264785E-001                 -1.5080517449783784E+000                  7.6467178732653416E+000                  1.0531225047739792E+000                  1.6867401620796151E+001                  6.3144098022555240E-001                  3.4864968511047228E-001                  1.9909334663975375E-002                  1.1681870634044198E+002                  8.4189383147230987E+006                  5.1936626980812473E-022 
                                    1174                  4.6337180999991701E-001                 -1.5089800750671791E+000                  7.6476303192775790E+000                  1.0571091991211019E+000                  1.6871458442075188E+001                  6.2923199281088349E-001                  3.5087474948148611E-001                  1.9893257707630396E-002                  1.1772380221183683E+002                  8.8116258296204563E+006                  5.9236491057675860E-022 
                                    1175                  4.6337027727718616E-001                 -1.5099058317736354E+000                  7.6489922248482705E+000                  1.0631464120762650E+000                  1.6877524621795544E+001                  6.2573350406854622E-001                  3.5439735826871949E-001                  1.9869137662734238E-002                  1.1902895986735562E+002                  9.4289160451269373E+006                  7.2201862541776853E-022 
                                    1176                  4.6336721183172452E-001                 -1.5117493240765407E+000                  7.6504925453120380E+000                  1.0699957873254877E+000                  1.6884279730896740E+001                  6.2156726703343357E-001                  3.5859035762020619E-001                  1.9842375346360241E-002                  1.2040810573085312E+002                  1.0155826423333591E+007                  9.0049044465852790E-022 
                                    1177                  4.6336516820141693E-001                 -1.5129719723782000E+000                  7.6516843273720250E+000                  1.0755532233738705E+000                  1.6889669130293594E+001                  6.1801681761802385E-001                  3.6216210637576862E-001                  1.9821076006207528E-002                  1.2144452916961352E+002                  1.0768558708842389E+007                  1.0753359021945705E-021 
                                    1178                  4.6336312457110929E-001                 -1.5141892904619605E+000                  7.6526706459177012E+000                  1.0802531581474313E+000                  1.6894159555016962E+001                  6.1490213906695268E-001                  3.6529442629525771E-001                  1.9803434637789552E-002                  1.2226068562965690E+002                  1.1300630777157988E+007                  1.2473362983114817E-021 
                                    1179                  4.6336176215090424E-001                 -1.5149977387478775E+000                  7.6534556022225111E+000                  1.0840513466264783E+000                  1.6897745243595821E+001                  6.1230645957897434E-001                  3.6790411577135651E-001                  1.9789424649669152E-002                  1.2287878409221037E+002                  1.1740312097670514E+007                  1.4050128113000006E-021 
                                    1180                  4.6336039973069920E-001                 -1.5158036283762610E+000                  7.6542365094764042E+000                  1.0878888872932937E+000                  1.6901327945349745E+001                  6.0961531556472170E-001                  3.7060916423202034E-001                  1.9775520203257901E-002                  1.2346479747419313E+002                  1.2192470955755008E+007                  1.5830834853672768E-021 
                                    1181                  4.6335903731049410E-001                 -1.5166068802397776E+000                  7.6550132376174078E+000                  1.0917671614381566E+000                  1.6904907600664377E+001                  6.0682591227913563E-001                  3.7341235281338969E-001                  1.9761734907474682E-002                  1.2401683698593619E+002                  1.2657076123756204E+007                  1.7842481920330366E-021 
                                    1182                  4.6335767489028906E-001                 -1.5174074130722095E+000                  7.6557856539286808E+000                  1.0956873707151353E+000                  1.6908484147903572E+001                  6.0393601155928278E-001                  3.7631590360443296E-001                  1.9748084836284319E-002                  1.2453314251126170E+002                  1.3134047028986925E+007                  2.0115597221618285E-021 
                                    1183                  4.6335631247008402E-001                 -1.5182051438320578E+000                  7.6565536233820248E+000                  1.0996505331505733E+000                  1.6912057523379531E+001                  6.0094393676965052E-001                  3.7932147530183313E-001                  1.9734587928516345E-002                  1.2501209307489989E+002                  1.3623254953062799E+007                  2.2684671315454533E-021 
                                    1184                  4.6335495004987887E-001                 -1.5189999880923748E+000                  7.6574123361379103E+000                  1.1041592991489106E+000                  1.6916071872059881E+001                  5.9745350561076827E-001                  3.8282688685351707E-001                  1.9719607535714667E-002                  1.2550362978123196E+002                  1.4188062160122380E+007                  2.5977821507541557E-021 
                                    1185                  4.6335324702462244E-001                 -1.5199893594040734E+000                  7.6583591562966964E+000                  1.1092398305961730E+000                  1.6920529380588192E+001                  5.9341573825392724E-001                  3.8688102827588777E-001                  1.9703233470184989E-002                  1.2598878882210073E+002                  1.4833237274212595E+007                  3.0212308781420628E-021 
                                    1186                  4.6335154399936601E-001                 -1.5209739137156741E+000                  7.6592982912393985E+000                  1.1143936793740936E+000                  1.6924981573333969E+001                  5.8920781900610042E-001                  3.9110508646135850E-001                  1.9687094532541138E-002                  1.2640615003720788E+002                  1.5496400984069088E+007                  3.5150897943449523E-021 
                                    1187                  4.6334984097410958E-001                 -1.5219534759041657E+000                  7.6602294587434798E+000                  1.1196243224933435E+000                  1.6929428307338110E+001                  5.8482296679408197E-001                  3.9550549703051574E-001                  1.9671536175402293E-002                  1.2675115420145016E+002                  1.6177394745890548E+007                  4.0913107443910345E-021 
                                    1188                  4.6334813794885316E-001                 -1.5229278647527014E+000                  7.6612445539210059E+000                  1.1254645489368977E+000                  1.6934311059293009E+001                  5.7979613719675915E-001                  4.0054927336748997E-001                  1.9654589435750935E-002                  1.2704382793684128E+002                  1.6945667269053504E+007                  4.8368147257544988E-021 
                                    1189                  4.6334609431854551E-001                 -1.5240900566661233E+000                  7.6623397027399021E+000                  1.1319506331063831E+000                  1.6939632114233572E+001                  5.7406141837416069E-001                  4.0630184974696576E-001                  1.9636731878873492E-002                  1.2725450430888138E+002                  1.7805856608237475E+007                  5.8082980947835812E-021 
                                    1190                  4.6334405068823781E-001                 -1.5252442174405709E+000                  7.6631516887906832E+000                  1.1369016811259429E+000                  1.6943622539509608E+001                  5.6958490407360318E-001                  4.1079136853040549E-001                  1.9623727395991386E-002                  1.2733539141984858E+002                  1.8464973735250570E+007                  6.6643929103189113E-021 
                                    1191                  4.6334302887308382E-001                 -1.5258181730528773E+000                  7.6636895390654320E+000                  1.1402353309714939E+000                  1.6946276542611407E+001                  5.6651703468253611E-001                  4.1386771202973499E-001                  1.9615253287728951E-002                  1.2734988288231449E+002                  1.8910872593489438E+007                  7.3052283316260476E-021 
                                    1192                  4.6334200705792983E-001                 -1.5263899983054492E+000                  7.6644910074265002E+000                  1.1452866379335267E+000                  1.6950248141585302E+001                  5.6178804457551401E-001                  4.1860911295926528E-001                  1.9602842465220705E-002                  1.2731051215645915E+002                  1.9588932039313216E+007                  8.3856735680438838E-021 
                                    1193                  4.6333996342762213E-001                 -1.5275271138492454E+000                  7.6655021747642396E+000                  1.1518568514804415E+000                  1.6955323222486253E+001                  5.5552078952645623E-001                  4.2489168707549080E-001                  1.9587523398052920E-002                  1.2715462269065605E+002                  2.0469304373276595E+007                  1.0003081981891913E-020 
                                    1194                  4.6333809009984017E-001                 -1.5285615491686053E+000                  7.6664572663462058E+000                  1.1582519342099680E+000                  1.6960168446556523E+001                  5.4928805553769477E-001                  4.3113849200528448E-001                  1.9573452457020801E-002                  1.2688808077240465E+002                  2.1324867426621675E+007                  1.1843544553957972E-020 
                                    1195                  4.6333621677205833E-001                 -1.5295881457639260E+000                  7.6673999009299676E+000                  1.1647590870002051E+000                  1.6965005461008051E+001                  5.4282114577156704E-001                  4.3761888961900980E-001                  1.9559964609423108E-002                  1.2650306739259682E+002                  2.2191638648414854E+007                  1.4024103688366987E-020 
                                    1196                  4.6333434344427638E-001                 -1.5306066440992496E+000                  7.6683296885807612E+000                  1.1713804785923576E+000                  1.6969834012280234E+001                  5.3611948218966743E-001                  4.4433344737604680E-001                  1.9547070434285718E-002                  1.2599606760427609E+002                  2.3067591538285255E+007                  1.6606688150836332E-020 
                                    1197                  4.6333247011649442E-001                 -1.5316167848816618E+000                  7.6690797450906105E+000                  1.1768896191082221E+000                  1.6973781476597363E+001                  5.3046139940195336E-001                  4.5000163393820691E-001                  1.9536966659839727E-002                  1.2548898506829721E+002                  2.3789259291672014E+007                  1.9068068372281541E-020 
                                    1198                  4.6333127799881491E-001                 -1.5322551238663666E+000                  7.6699461229442933E+000                  1.1834047855218106E+000                  1.6978368694558977E+001                  5.2365017876020770E-001                  4.5682411566676578E-001                  1.9525705573026464E-002                  1.2478234451424576E+002                  2.4636053522440728E+007                  2.2409109248934116E-020 
                                    1199                  4.6332889376345571E-001                 -1.5335210886402901E+000                  7.6711195473765628E+000                  1.1925883705362883E+000                  1.6984697617516328E+001                  5.1390896820613352E-001                  4.6657999435633585E-001                  1.9511037437530687E-002                  1.2361801276323239E+002                  2.5808953251160249E+007                  2.7990635304072164E-020 
                                    1200                  4.6332633922557104E-001                 -1.5348611048892893E+000                  7.6723462567839187E+000                  1.2026389971335074E+000                  1.6991444648028644E+001                  5.0305217448539874E-001                  4.7745133592887962E-001                  1.9496489585721699E-002                  1.2211741116399227E+002                  2.7061421553402495E+007                  3.5482963556001857E-020 
                                    1201                  4.6332361438516095E-001                 -1.5362710850114869E+000                  7.6737347432465377E+000                  1.2146133907758268E+000                  1.6999250368482755E+001                  4.8987361283879327E-001                  4.9064527189399332E-001                  1.9481115267213411E-002                  1.2003385656132996E+002                  2.8504479075112626E+007                  4.6691843036524791E-020 
                                    1202                  4.6332020833464821E-001                 -1.5380043405053445E+000                  7.6749276678398148E+000                  1.2255550901782768E+000                  1.7006181800382162E+001                  4.7769194170438478E-001                  5.0283939755449503E-001                  1.9468660741120192E-002                  1.1788857160922493E+002                  2.9764149130038060E+007                  5.9477633353681779E-020 
                                    1203                  4.6331816470434051E-001                 -1.5390281269815360E+000                  7.6759482736659610E+000                  1.2353308448937517E+000                  1.7012213556438660E+001                  4.6664371727791432E-001                  5.1389753143477179E-001                  1.9458751287313891E-002                  1.1576366214968830E+002                  3.0844020283824705E+007                  7.3454315108323585E-020 
                                    1204                  4.6331543986393053E-001                 -1.5403737575280734E+000                  7.6770796015935652E+000                  1.2467511818218722E+000                  1.7019089947456742E+001                  4.5363782265692532E-001                  5.2691374965715776E-001                  1.9448427685916925E-002                  1.1307728087302490E+002                  3.2042117428129967E+007                  9.3302003041207161E-020 
                                    1205                  4.6331271502352034E-001                 -1.5416966004046648E+000                  7.6781749297884714E+000                  1.2584432476059679E+000                  1.7025941444434899E+001                  4.4020374443646781E-001                  5.4035706477424494E-001                  1.9439190789287242E-002                  1.1010242760920724E+002                  3.3190276285820045E+007                  1.1828426049502001E-019 
                                    1206                  4.6330999018311014E-001                 -1.5429960206982543E+000                  7.6792666585787588E+000                  1.2707625590732907E+000                  1.7032978645545793E+001                  4.2597011451124445E-001                  5.5459920835984533E-001                  1.9430677128910223E-002                  1.0675712707988335E+002                  3.4314179762170158E+007                  1.5068247972944493E-019 
                                    1207                  4.6330709504017425E-001                 -1.5443503985515354E+000                  7.6805562299614127E+000                  1.2862366913885470E+000                  1.7041567602733473E+001                  4.0799404809418094E-001                  5.7258438796358857E-001                  1.9421563942230491E-002                  1.0227330348544071E+002                  3.5593877399825223E+007                  2.0209105083954151E-019 
                                    1208                  4.6330309293082172E-001                 -1.5461770466703004E+000                  7.6818514808440748E+000                  1.3031010085963850E+000                  1.7050654548070241E+001                  3.8843296374455993E-001                  5.9215376122923391E-001                  1.9413275026206156E-002                  9.7119306987814426E+001                  3.6806148665913060E+007                  2.7426001497671162E-019 
                                    1209                  4.6329977203157185E-001                 -1.5476517694383773E+000                  7.6828693200941061E+000                  1.3173260223998398E+000                  1.7058115635956952E+001                  3.7196137285887526E-001                  6.0863122224516686E-001                  1.9407404895957825E-002                  9.2582589639557341E+001                  3.7680138930111617E+007                  3.5124130164841120E-019 
                                    1210                  4.6329704719116166E-001                 -1.5488336028095233E+000                  7.6839405583798239E+000                  1.3332442291249256E+000                  1.7066254470383154E+001                  3.5355106625582888E-001                  6.2704702773969911E-001                  1.9401906004472003E-002                  8.7323219632826948E+001                  3.8492859303323537E+007                  4.5890081888721571E-019 
                                    1211                  4.6329313023307200E-001                 -1.5504874610334380E+000                  7.6850730408008801E+000                  1.3515431547462777E+000                  1.7075393944994730E+001                  3.3260487966699365E-001                  6.4799841993207818E-001                  1.9396700400928113E-002                  8.1154765888846839E+001                  3.9199917932361089E+007                  6.1533450428620035E-019 
                                    1212                  4.6328955388003346E-001                 -1.5519508751206472E+000                  7.6861592856873822E+000                  1.3705640417706373E+000                  1.7084669155808591E+001                  3.1106362000186294E-001                  6.6954408273922961E-001                  1.9392297258907454E-002                  7.4643088065356736E+001                  3.9678482752498999E+007                  8.2361144554970442E-019 
                                    1213                  4.6328546661941816E-001                 -1.5535688057516071E+000                  7.6874992513627873E+000                  1.3963048378328549E+000                  1.7096914305675806E+001                  2.8237626634492996E-001                  6.9823600918791751E-001                  1.9387724467152534E-002                  6.5790193629384063E+001                  3.9902565010869250E+007                  1.1980732708318260E-018 
                                    1214                  4.6327933572849528E-001                 -1.5558873354832556E+000                  7.6887022668883009E+000                  1.4227736532312358E+000                  1.7109276824043675E+001                  2.5380085753880349E-001                  7.2681506542104901E-001                  1.9384077040147440E-002                  5.6896087862439821E+001                  3.9611831240704149E+007                  1.7157593301255570E-018 
                                    1215                  4.6327507816535446E-001                 -1.5574225340666983E+000                  7.6899238262655523E+000                  1.4522928632607681E+000                  1.7122842939834737E+001                  2.2285540976585272E-001                  7.5776347381091325E-001                  1.9381116423234035E-002                  4.7297754931107526E+001                  3.8695845992387652E+007                  2.5079490122640680E-018 
                                    1216                  4.6326775515675211E-001                 -1.5599241791484664E+000                  7.6911195443869627E+000                  1.4864354823335602E+000                  1.7138438003336557E+001                  1.8879805905781222E-001                  7.9182326714549356E-001                  1.9378673796694224E-002                  3.6987396013533967E+001                  3.6825853917472884E+007                  3.7607736323994907E-018 
                                    1217                  4.6326162426582940E-001                 -1.5618903484365865E+000                  7.6920515177836828E+000                  1.5168423288921631E+000                  1.7152426285049248E+001                  1.6014113698681853E-001                  8.2048176379169380E-001                  1.9377099221487670E-002                  2.8702605477826275E+001                  3.4496002857777454E+007                  5.2684856833166229E-018 
                                    1218                  4.6325549337490673E-001                 -1.5637479392738152E+000                  7.6927087736507955E+000                  1.5414705692007236E+000                  1.7163941238164391E+001                  1.3824838259975680E-001                  8.4237549220281427E-001                  1.9376125197428928E-002                  2.2730399020888367E+001                  3.2174108116888065E+007                  6.8072143301574337E-018 
                                    1219                  4.6325140611429183E-001                 -1.5649304155426977E+000                  7.6932935245161485E+000                  1.5652371316133811E+000                  1.7175279900600163E+001                  1.1821844199196999E-001                  8.6240614969835361E-001                  1.9375408309676434E-002                  1.7619363069001832E+001                  2.9597135865670729E+007                  8.6256705866035568E-018 
                                    1220                  4.6324527522336900E-001                 -1.5666264458700521E+000                  7.6938092301085605E+000                  1.5893048480156435E+000                  1.7187147378376327E+001                  9.9312620189865627E-002                  8.8131256618228582E-001                  1.9374813627848542E-002                  1.3185649599783176E+001                  2.6709532354367893E+007                  1.0813878524776238E-017 
                                    1221                  4.6324059190391431E-001                 -1.5678646681930002E+000                  7.6941232547771845E+000                  1.6055867156929915E+000                  1.7195412832724315E+001                  8.7274460530338410E-002                  8.9335109771774546E-001                  1.9374441751916160E-002                  1.0593075591486839E+001                  2.4610418621532224E+007                  1.2517560763663726E-017 
                                    1222                  4.6323765418534735E-001                 -1.5686179565712026E+000                  7.6943435321176068E+000                  1.6176800928763073E+000                  1.7201722671669668E+001                  7.8776402461992523E-002                  9.0184939612624726E-001                  1.9374201411760161E-002                  8.8870323147829868E+000                  2.3000403150316920E+007                  1.3911741999873487E-017 
                                    1223                  4.6323471646678033E-001                 -1.5693543373016163E+000                  7.6944986992291220E+000                  1.6267647542927015E+000                  1.7206585411075036E+001                  7.2685281027403847E-002                  9.0794066513274008E-001                  1.9374053839856131E-002                  7.7337347236109872E+000                  2.1776957748270046E+007                  1.5028322746005282E-017 
                                    1224                  4.6323309859278666E-001                 -1.5697530455536506E+000                  7.6946031537769972E+000                  1.6330973403471627E+000                  1.7210019069308565E+001                  6.8549955823125827E-002                  9.1207608325047929E-001                  1.9373960926394873E-002                  6.9847179204790493E+000                  2.0908608795551356E+007                  1.5846606629493059E-017 
                                    1225                  4.6323148071879311E-001                 -1.5701470596186238E+000                  7.6947385600699008E+000                  1.6416185287610534E+000                  1.7214691012877353E+001                  6.3117341744846123E-002                  9.1750879419422282E-001                  1.9373864060931112E-002                  6.0444445290132460E+000                  1.9717417235161129E+007                  1.7001113111481844E-017 
                                    1226                  4.6322867072712004E-001                 -1.5708205818296750E+000                  7.6948557920879814E+000                  1.6494757146939460E+000                  1.7219119352990376E+001                  5.8357495899455714E-002                  9.2226872636796886E-001                  1.9373777732575426E-002                  5.2658302968241282E+000                  1.8632565066841837E+007                  1.8110536807600540E-017 
                                    1227                  4.6322726573128348E-001                 -1.5711524557544909E+000                  7.6949302837828384E+000                  1.6546107080245851E+000                  1.7222055613891254E+001                  5.5336122432918591E-002                  9.2529014923292185E-001                  1.9373728334159512E-002                  4.7935541978685183E+000                  1.7920450709095925E+007                  1.8864336702168722E-017 
                                    1228                  4.6322586073544691E-001                 -1.5714811779539448E+000                  7.6950109412691061E+000                  1.6603815817402752E+000                  1.7225378349693838E+001                  5.1998009252559943E-002                  9.2862830583372258E-001                  1.9373684913717493E-002                  4.2918156408734323E+000                  1.7108595048550401E+007                  1.9738824831133529E-017 
                                    1229                  4.6322407255892795E-001                 -1.5718950893717527E+000                  7.6950958634684525E+000                  1.6666851592380492E+000                  1.7229083905846267E+001                  4.8498147738567483E-002                  9.3212822706386644E-001                  1.9373625197566025E-002                  3.7905133315638611E+000                  1.6234354417411169E+007                  2.0723506681542939E-017 
                                    1230                  4.6322228438240892E-001                 -1.5723041977392664E+000                  7.6952155558736495E+000                  1.6758666416038357E+000                  1.7234604233638002E+001                  4.3633779473845627E-002                  9.3699269469446311E-001                  1.9373525831691274E-002                  3.1367389111125048E+000                  1.4975431155703997E+007                  2.2219619540768119E-017 
                                    1231                  4.6321870802937082E-001                 -1.5731086621214192E+000                  7.6953261584638701E+000                  1.6851285469509933E+000                  1.7240355279366174E+001                  3.9067579931513434E-002                  9.4155900471178244E-001                  1.9373415356704116E-002                  2.5711164965599753E+000                  1.3746151280814759E+007                  2.3787634395679370E-017 
                                    1232                  4.6321666439906345E-001                 -1.5735606136635860E+000                  7.6954009607655820E+000                  1.6917386279458040E+000                  1.7244507685327758E+001                  3.5907361623704573E-002                  9.4471928708050101E-001                  1.9373351295794428E-002                  2.2067289850899261E+000                  1.2859064446522169E+007                  2.4955245455404851E-017 
                                    1233                  4.6321462076875608E-001                 -1.5740071219114615E+000                  7.6954654298828560E+000                  1.6977096072812525E+000                  1.7248337799176319E+001                  3.3193527981158669E-002                  9.4743316217936802E-001                  1.9373309839473274E-002                  1.9130070218415767E+000                  1.2076994766383009E+007                  2.6039173498808144E-017 
                                    1234                  4.6321287516786852E-001                 -1.5743843784903371E+000                  7.6955212262104240E+000                  1.7030934699210776E+000                  1.7251849135411735E+001                  3.0848701806973744E-002                  9.4977802935605127E-001                  1.9373268836974988E-002                  1.6737922045675739E+000                  1.1384558135537630E+007                  2.7041581372500666E-017 
                                    1235                  4.6321112956698102E-001                 -1.5747579546996446E+000                  7.6955736304463702E+000                  1.7083495381547198E+000                  1.7255344253632611E+001                  2.8674037080580878E-002                  9.5195273274072723E-001                  1.9373230178691858E-002                  1.4645119106661173E+000                  1.0729244015975725E+007                  2.8041348342927644E-017 
                                    1236                  4.6320938396609346E-001                 -1.5751279860805341E+000                  7.6956228396091984E+000                  1.7135086235450450E+000                  1.7258823244712477E+001                  2.6623415512731573E-002                  9.5400338888613923E-001                  1.9373195601129156E-002                  1.2783010020657564E+000                  1.0097301910955826E+007                  2.9044394057279008E-017 
                                    1237                  4.6320763836520590E-001                 -1.5754945792849158E+000                  7.6956763676009743E+000                  1.7193319637938229E+000                  1.7262832680015482E+001                  2.4445140035929045E-002                  9.5618169746025494E-001                  1.9373162503816044E-002                  1.0929019193961191E+000                  9.4129032703304850E+006                  3.0200634644082285E-017 
                                    1238                  4.6320533928111013E-001                 -1.5759723697376389E+000                  7.6957323597713030E+000                  1.7258324798436955E+000                  1.7267366043453130E+001                  2.2113799854510563E-002                  9.5851307891605564E-001                  1.9373121229433798E-002                  9.0851614461780150E-001                  8.6597096710044164E+006                  3.1524105496204503E-017 
                                    1239                  4.6320304019701425E-001                 -1.5764446089004482E+000                  7.6957810148404784E+000                  1.7318147779198230E+000                  1.7271622898665800E+001                  2.0107494588770494E-002                  9.6051941447988354E-001                  1.9373090931345982E-002                  7.6208011762629513E-001                  7.9962487367381956E+006                  3.2769652122157580E-017 
                                    1240                  4.6320099656670671E-001                 -1.5768599056455008E+000                  7.6958235406019284E+000                  1.7373269287912081E+000                  1.7275606713020231E+001                  1.8359110243319890E-002                  9.6226782798960331E-001                  1.9373061767076760E-002                  6.4385463572831214E-001                  7.4048108053677045E+006                  3.3942475807726940E-017 
                                    1241                  4.6319895293639929E-001                 -1.5772711369537826E+000                  7.6958597470742269E+000                  1.7422702610686387E+000                  1.7279240379443888E+001                  1.6888740784763986E-002                  9.6373821985564001E-001                  1.9373039359596000E-002                  5.5143307637106098E-001                  6.8981965347429737E+006                  3.5012658794029227E-017 
                                    1242                  4.6319724991114303E-001                 -1.5776108310723480E+000                  7.6958907010867170E+000                  1.7466938842261983E+000                  1.7282527754531326E+001                  1.5630179936677507E-002                  9.6499680079162631E-001                  1.9373019271696212E-002                  4.7742631241981859E-001                  6.4563092943091234E+006                  3.5987403189671648E-017 
                                    1243                  4.6319554688588677E-001                 -1.5779478695658455E+000                  7.6959194538596316E+000                  1.7509943587417489E+000                  1.7285759768738092E+001                  1.4463933323597898E-002                  9.6616306425468090E-001                  1.9373002421721242E-002                  4.1315758380961287E-001                  6.0399795760472221E+006                  3.6949622658331208E-017 
                                    1244                  4.6319388643626197E-001                 -1.5782739902848530E+000                  7.6959462069410796E+000                  1.7551680926951057E+000                  1.7288936929167861E+001                  1.3395075241124826E-002                  9.6723193905808269E-001                  1.9372985700792489E-002                  3.5799563592767147E-001                  5.6528735320548946E+006                  3.7896432715497958E-017 
                                    1245                  4.6319222598663706E-001                 -1.5785977176635602E+000                  7.6959840374760455E+000                  1.7612960488584068E+000                  1.7293673518123370E+001                  1.1935782399255301E-002                  9.6869125455346961E-001                  1.9372963047275094E-002                  2.8856645675499626E-001                  5.1153337417954290E+006                  3.9311758854197958E-017 
                                    1246                  4.6318890508738747E-001                 -1.5792382300993628E+000                  7.6960194268314499E+000                  1.7676005030064710E+000                  1.7298626864684135E+001                  1.0559765864967579E-002                  9.7006728841778966E-001                  1.9372945717242795E-002                  2.2942486020716929E-001                  4.5975173194727981E+006                  4.0793387274777426E-017 
                                    1247                  4.6318698918397411E-001                 -1.5796036988375424E+000                  7.6960436543966564E+000                  1.7721293855913303E+000                  1.7302227839963539E+001                  9.6356934355362189E-003                  9.7099137769908195E-001                  1.9372928865381889E-002                  1.9320225853967224E-001                  4.2428350071071340E+006                  4.1878930396544579E-017 
                                    1248                  4.6318507328056080E-001                 -1.5799662868469651E+000                  7.6960663411685406E+000                  1.7765816879161547E+000                  1.7305811085737300E+001                  8.7922945041246404E-003                  9.7183479394937711E-001                  1.9372911546498228E-002                  1.6267193559619800E-001                  3.9145576751749734E+006                  4.2961007521522138E-017 
                                    1249                  4.6318315737714760E-001                 -1.5803260732106805E+000                  7.6960876038062436E+000                  1.7809657791870335E+000                  1.7309376742274079E+001                  8.0176523014092397E-003                  9.7260945009278776E-001                  1.9372897605802963E-002                  1.3678098206451123E-001                  3.6086707676270241E+006                  4.4041721823375156E-017 
                                    1250                  4.6318124147373430E-001                 -1.5806831288301131E+000                  7.6961073295914995E+000                  1.7852262438559807E+000                  1.7312885684113144E+001                  7.3300522721202284E-003                  9.7329705722844440E-001                  1.9372890499435358E-002                  1.1557455167032135E-001                  3.3341154718854348E+006                  4.5104938671901704E-017 
                                    1251                  4.6317936814595256E-001                 -1.5810296828903359E+000                  7.6961256696007450E+000                  1.7893938401518856E+000                  1.7316338492338019E+001                  6.6872571615049165E-003                  9.7393986459282555E-001                  1.9372878245669578E-002                  9.7231936828863885E-002                  3.0731561386593883E+006                  4.6161373605003995E-017 
                                    1252                  4.6317749481817094E-001                 -1.5813737469614422E+000                  7.6961472504823014E+000                  1.7945250288390173E+000                  1.7320629747272235E+001                  5.9542657152960492E-003                  9.7467286558685673E-001                  1.9372868697847268E-002                  7.8123256830989238E-002                  2.7710618331749421E+006                  4.7483094299158870E-017 
                                    1253                  4.6317468482649810E-001                 -1.5818852905926533E+000                  7.6961709610105329E+000                  1.8005737225747529E+000                  1.7325747787647206E+001                  5.1770245965670984E-003                  9.7545012025184008E-001                  1.9372855151592816E-002                  6.0011714145655287E-002                  2.4453377625831440E+006                  4.9068731853209692E-017 
                                    1254                  4.6317187483482541E-001                 -1.5823915355097413E+000                  7.6961891070685331E+000                  1.8055286759144189E+000                  1.7329986823185710E+001                  4.6075073398516809E-003                  9.7601964639429284E-001                  1.9372846265855448E-002                  4.8171842566072147E-002                  2.2028474580860240E+006                  5.0390575598598174E-017 
                                    1255                  4.6317000150704374E-001                 -1.5827261740160465E+000                  7.6962028470548711E+000                  1.8094439636265527E+000                  1.7333358833947031E+001                  4.1890298608401981E-003                  9.7643813207143559E-001                  1.9372838067724163E-002                  4.0247580565813824E-002                  2.0219987914668180E+006                  5.1452336699532493E-017 
                                    1256                  4.6316812817926206E-001                 -1.5830585741457615E+000                  7.6962155766578277E+000                  1.8132253741973567E+000                  1.7336639080629496E+001                  3.8183247219290115E-003                  9.7680884431846215E-001                  1.9372830959608844E-002                  3.3791795521678818E-002                  1.8601174900566209E+006                  5.2490987451996549E-017 
                                    1257                  4.6316634000274304E-001                 -1.5833738188973572E+000                  7.6962274103348678E+000                  1.8168850401989176E+000                  1.7339828501740712E+001                  3.4799826457808177E-003                  9.7714719037274922E-001                  1.9372826981469915E-002                  2.8360151875183422E-002                  1.7104489485469074E+006                  5.3510372233582401E-017 
                                    1258                  4.6316455182622407E-001                 -1.5836870976819715E+000                  7.6962386914630407E+000                  1.8205077810258026E+000                  1.7343003773968608E+001                  3.1702268307549843E-003                  9.7745694483187151E-001                  1.9372828337373527E-002                  2.3782247148063453E-002                  1.5719701729597060E+006                  5.4532561963487720E-017 
                                    1259                  4.6316276364970499E-001                 -1.5839984450399134E+000                  7.6962494639930608E+000                  1.8240946376156717E+000                  1.7346165006437118E+001                  2.8877076053879839E-003                  9.7773946910638798E-001                  1.9372823288223984E-002                  1.9940130016858276E-002                  1.4443936393846576E+006                  5.5557704089237926E-017 
                                    1260                  4.6316097547318591E-001                 -1.5843078943538202E+000                  7.6962649207299672E+000                  1.8294067112745263E+000                  1.7350877446131573E+001                  2.5112893337568467E-003                  9.7811590041532726E-001                  1.9372810250915862E-002                  1.5321464632395358E-002                  1.2723853749615522E+006                  5.7101492478745926E-017 
                                    1261                  4.6315739912014775E-001                 -1.5849212203415906E+000                  7.6962811694324449E+000                  1.8353993248281428E+000                  1.7356231145916688E+001                  2.1379242484476767E-003                  9.7848929314379240E-001                  1.9372782607759875E-002                  1.1311177671454026E-002                  1.0990166411805449E+006                  5.8878860521805841E-017 
                                    1262                  4.6315484458226336E-001                 -1.5853548723350430E+000                  7.6962939802142163E+000                  1.8403289370143050E+000                  1.7360660235390469E+001                  1.8636782320159708E-003                  9.7876354492449680E-001                  1.9372776843487260E-002                  8.7319751693029669E-003                  9.6950901157010219E+005                  6.0373195031402247E-017 
                                    1263                  4.6315229004437897E-001                 -1.5857849107706199E+000                  7.6963046256719609E+000                  1.8445965909818534E+000                  1.7364514124665035E+001                  1.6521388358103706E-003                  9.7897506514565635E-001                  1.9372796018533256E-002                  6.9593519718490343E-003                  8.6835277446117194E+005                  6.1690055164879263E-017 
                                    1264                  4.6315037414096566E-001                 -1.5861051144492977E+000                  7.6963134253357364E+000                  1.8482217410646331E+000                  1.7367800082051893E+001                  1.4882255261015824E-003                  9.7913897600166677E-001                  1.9372798472231612E-002                  5.7168025042230262E-003                  7.8906373134460021E+005                  6.2826784079487912E-017 
                                    1265                  4.6314845823755230E-001                 -1.5864233574333455E+000                  7.6963219295794376E+000                  1.8518175185179535E+000                  1.7371070887636233E+001                  1.3404315471393206E-003                  9.7928677161323163E-001                  1.9372796839629003E-002                  4.6960574095398135E-003                  7.1688319221065158E+005                  6.3970803211709432E-017 
                                    1266                  4.6314654233413904E-001                 -1.5867396688689503E+000                  7.6963301654086633E+000                  1.8553857465082062E+000                  1.7374326666481203E+001                  1.2064270223501737E-003                  9.7942077980740916E-001                  1.9372793170240654E-002                  3.8528231459989356E-003                  6.5077877227067971E+005                  6.5122935293784497E-017 
                                    1267                  4.6314462643072574E-001                 -1.5870540762583440E+000                  7.6963379800427836E+000                  1.8588474684003111E+000                  1.7377495785117041E+001                  1.0898514500026950E-003                  9.7953735969808886E-001                  1.9372788851908407E-002                  3.1840743682686403E-003                  5.9280723085708288E+005                  6.6256746094975998E-017 
                                    1268                  4.6314279567857536E-001                 -1.5873527565758458E+000                  7.6963454145585448E+000                  1.8622087515636823E+000                  1.7380579122896137E+001                  9.8377719461961678E-004                  9.7964344073229803E-001                  1.9372782073082351E-002                  2.6274878739290823E-003                  5.3945113917171024E+005                  6.7374154537003313E-017 
                                    1269                  4.6314096492642487E-001                 -1.5876497445229942E+000                  7.6963562901514475E+000                  1.8672039914089602E+000                  1.7385175941907185E+001                  8.4391362450084411E-004                  9.7978331385240669E-001                  1.9372772523092441E-002                  1.9712735380695997E-003                  4.6834568538384530E+005                  6.9064882517426544E-017 
                                    1270                  4.6313730342212417E-001                 -1.5882387269162090E+000                  7.6963674128947490E+000                  1.8725002371200481E+000                  1.7390066465275662E+001                  7.1560757259605048E-004                  9.7991162128854892E-001                  1.9372771138855049E-002                  1.4478591513967193E-003                  4.0222038787493791E+005                  7.0896920622067129E-017 
                                    1271                  4.6313508948929083E-001                 -1.5885916857557674E+000                  7.6963755956932252E+000                  1.8764546971165064E+000                  1.7393727841938933E+001                  6.3095308912666586E-004                  9.7999628031889696E-001                  1.9372766591976398E-002                  1.1441782823739871E-003                  3.5802046470815735E+005                  7.2293238945425815E-017 
                                    1272                  4.6313287555645766E-001                 -1.5889422962882924E+000                  7.6963862188618020E+000                  1.8816550037212509E+000                  1.7398554489203580E+001                  5.3254898346962332E-004                  9.8009469085952639E-001                  1.9372760157003954E-002                  8.3346566813313153E-004                  3.0597628595152294E+005                  7.4167650908808830E-017 
                                    1273                  4.6312921405215668E-001                 -1.5895170842689039E+000                  7.6963990487390781E+000                  1.8880711796532090E+000                  1.7404527449785107E+001                  4.3060710182729590E-004                  9.8019662421867815E-001                  1.9372768679494556E-002                  5.6053812307286664E-004                  2.5124183091087342E+005                  7.6541068676079406E-017 
                                    1274                  4.6312555254785565E-001                 -1.5900856839210338E+000                  7.6964090024941756E+000                  1.8931321281105851E+000                  1.7409251402687090E+001                  3.6343997134948719E-004                  9.8026375309288694E-001                  1.9372806935763598E-002                  4.0848837483953347E-004                  2.1464085143550878E+005                  7.8462388659906179E-017 
                                    1275                  4.6312338119065405E-001                 -1.5904200112966280E+000                  7.6964163144015298E+000                  1.8968698969812738E+000                  1.7412746120156509E+001                  3.1934267548895917E-004                  9.8030785911678853E-001                  1.9372798207722530E-002                  3.2082764760254265E-004                  1.9029535752479406E+005                  7.9910741544022193E-017 
                                    1276                  4.6312120983345240E-001                 -1.5907522375909386E+000                  7.6964235396592144E+000                  1.9005831898982717E+000                  1.7416223506144664E+001                  2.8112749785161903E-004                  9.8034611200335142E-001                  1.9372760498796993E-002                  2.5288816778325847E-004                  1.6902056766988678E+005                  8.1374487247876255E-017 
                                    1277                  4.6311903847625085E-001                 -1.5910823898537092E+000                  7.6964306889923462E+000                  1.9042734849561458E+000                  1.7419683717963601E+001                  2.4702685270353529E-004                  9.8038032905847117E-001                  1.9372644088825330E-002                  1.9859709615499134E-004                  1.4983660680946897E+005                  8.2854608378483789E-017 
                                    1278                  4.6311686711904926E-001                 -1.5914104937354514E+000                  7.6964395081534116E+000                  1.9088346516992105E+000                  1.7423966681871487E+001                  2.1043802327043549E-004                  9.8041717322204347E-001                  1.9372388754686054E-002                  1.4714991215817889E-004                  1.2904325750074237E+005                  8.4719850399480668E-017 
                                    1279                  4.6311363137106226E-001                 -1.5918956855340127E+000                  7.6964473319189484E+000                  1.9129040638513417E+000                  1.7427792543167048E+001                  1.8148220601536228E-004                  9.8044612072128057E-001                  1.9372397072704106E-002                  1.1149243680988420E-004                  1.1237810160129546E+005                  8.6418121492292107E-017 
                                    1280                  4.6311201349706871E-001                 -1.5921366224736166E+000                  7.6964525215741926E+000                  1.9156004145008396E+000                  1.7430330120344372E+001                  1.6444217259877199E-004                  9.8046299052973129E-001                  1.9372567297669896E-002                  9.2656513871586384E-005                  1.0248796274197809E+005                  8.7561578204694881E-017 
                                    1281                  4.6311039562307521E-001                 -1.5923764661156219E+000                  7.6964599990913456E+000                  1.9194802777353077E+000                  1.7433984884656127E+001                  1.4253766028904285E-004                  9.8048440579536300E-001                  1.9373056544347955E-002                  7.0823954859970385E-005                  8.9668990679839248E+004                  8.9232925620829293E-017 
                                    1282                  4.6310733017761385E-001                 -1.5928279415235769E+000                  7.6964697171428504E+000                  1.9245255486092003E+000                  1.7438742890093081E+001                  1.1786687003213837E-004                  9.8050902370860660E-001                  1.9373109421361279E-002                  4.9502590346870606E-005                  7.5051278486659096E+004                  9.1453312893106320E-017 
                                    1283                  4.6310426473215249E-001                 -1.5932755904194613E+000                  7.6964768297263682E+000                  1.9282153672412206E+000                  1.7442226553616230E+001                  1.0262095153262808E-004                  9.8052455840985853E-001                  1.9372820638608901E-002                  3.8109935426174661E-005                  6.5922327653679560E+004                  9.3111536468362324E-017 
                                    1284                  4.6310281716068469E-001                 -1.5934856685505205E+000                  7.6964813821794857E+000                  1.9305702297725162E+000                  1.7444451014794925E+001                  9.3711925592814333E-005                  9.8053353768378737E-001                  1.9372750390619808E-002                  3.2091277816719887E-005                  6.0539755584792612E+004                  9.4185406545226273E-017 
                                    1285                  4.6310136958921677E-001                 -1.5936949134919085E+000                  7.6964881972224868E+000                  1.9340839858827914E+000                  1.7447772849210736E+001                  8.1807265594449087E-005                  9.8054549365319987E-001                  1.9372699081205647E-002                  2.4804712676133536E-005                  5.3295979862472370E+004                  9.5810684300233438E-017 
                                    1286                  4.6309847444628111E-001                 -1.5941109284873953E+000                  7.6964953896715071E+000                  1.9377866166130147E+000                  1.7451275931441842E+001                  7.0836843706282814E-005                  9.8055642094302120E-001                  1.9372742213272565E-002                  1.8869014594549648E-005                  4.6560483730919979E+004                  9.7553386059267864E-017 
                                    1287                  4.6309677142102484E-001                 -1.5943541188384129E+000                  7.6965007093159397E+000                  1.9405145055285284E+000                  1.7453858461939951E+001                  6.3601423249628531E-005                  9.8056366139071938E-001                  1.9372737186030942E-002                  1.5370047038814223E-005                  4.2078981501726412E+004                  9.8857572479412997E-017 
                                    1288                  4.6309506839576858E-001                 -1.5945961918349336E+000                  7.6965086787968069E+000                  1.9445825509806747E+000                  1.7457712220331775E+001                  5.3971892755275165E-005                  9.8057331567236639E-001                  1.9372712434878370E-002                  1.1236416861226416E-005                  3.6057915856004896E+004                  1.0083504079000019E-016 
                                    1289                  4.6309166234525606E-001                 -1.5950770228834017E+000                  7.6965192860241389E+000                  1.9499699366120167E+000                  1.7462820343151286E+001                  4.3344456201740118E-005                  9.8058393589171189E-001                  1.9372719652086423E-002                  7.3866401105557109E-006                  2.9334408673134949E+004                  1.0351488594999091E-016 
                                    1290                  4.6308825629474365E-001                 -1.5955534989402447E+000                  7.6965268365269770E+000                  1.9537836315456349E+000                  1.7466439326652971E+001                  3.7101256560785247E-005                  9.8059013853539678E-001                  1.9372760208042461E-002                  5.4822628786418327E-006                  2.5339927056989553E+004                  1.0545500892354319E-016 
                                    1291                  4.6308680872327579E-001                 -1.5957547012656510E+000                  7.6965313394376462E+000                  1.9560464800193356E+000                  1.7468587707381133E+001                  3.3741283199080046E-005                  9.8059349252880401E-001                  1.9372766187996882E-002                  4.5683497651107470E-006                  2.3170534291075222E+004                  1.0662350342061175E-016 
                                    1292                  4.6308536115180804E-001                 -1.5959551358237480E+000                  7.6965380932285461E+000                  1.9594244996356120E+000                  1.7471796368279641E+001                  2.9281474651466616E-005                  9.8059795581214881E-001                  1.9372762713199765E-002                  3.4781434224823780E-006                  2.0271554094874231E+004                  1.0839221335830519E-016 
                                    1293                  4.6308246600887254E-001                 -1.5963537227123472E+000                  7.6965457751029795E+000                  1.9632478079679072E+000                  1.7475430091137447E+001                  2.4919597237434831E-005                  9.8060234271737956E-001                  1.9372737685383057E-002                  2.5493102204566741E-006                  1.7410748375377854E+004                  1.1042978442668760E-016 
                                    1294                  4.6308042237856506E-001                 -1.5966332661426565E+000                  7.6965521344694361E+000                  1.9663942964558794E+000                  1.7478422140976136E+001                  2.1755177769715521E-005                  9.8060551448032429E-001                  1.9372730341906008E-002                  1.9616463231287604E-006                  1.5315032687078407E+004                  1.1213569760734067E-016 
                                    1295                  4.6307837874825769E-001                 -1.5969113265842687E+000                  7.6965580991432239E+000                  1.9693307011218673E+000                  1.7481215699222982E+001                  1.9143430202430181E-005                  9.8060812186608337E-001                  1.9372734703714145E-002                  1.5322179408382052E-006                  1.3571721157833950E+004                  1.1375175383383881E-016 
                                    1296                  4.6307659057173867E-001                 -1.5971534245333010E+000                  7.6965636690562063E+000                  1.9720593169393978E+000                  1.7483812664019990E+001                  1.6983348397512473E-005                  9.8061028285927621E-001                  1.9372733792326291E-002                  1.2155450559694043E-006                  1.2119442626089642E+004                  1.1527459776000543E-016 
                                    1297                  4.6307480239521970E-001                 -1.5973944079274474E+000                  7.6965720290147512E+000                  1.9761288532582075E+000                  1.7487687762579053E+001                  1.4196669782446168E-005                  9.8061307098015826E-001                  1.9372732350059318E-002                  8.5922585590294035E-007                  1.0230301353415414E+004                  1.1758433051142635E-016 
                                    1298                  4.6307122604218176E-001                 -1.5978730676593897E+000                  7.6965815973299900E+000                  1.9807531323323977E+000                  1.7492093767835318E+001                  1.1544212689398303E-005                  9.8061572200945757E-001                  1.9372733777852980E-002                  5.7544458095570999E-007                  8.4117745244119669E+003                  1.2026592277318869E-016 
                                    1299                  4.6306867150429748E-001                 -1.5982123033363043E+000                  7.6965895805973883E+000                  1.9845808460761509E+000                  1.7495742914517834E+001                  9.7103716771860905E-006                  9.8061755939396678E-001                  1.9372730234356039E-002                  4.1135974601241415E-007                  7.1408739019746909E+003                  1.2253254802064761E-016 
                                    1300                  4.6306611696641303E-001                 -1.5985493486003388E+000                  7.6965969083310597E+000                  1.9880706339649015E+000                  1.7499071501366341E+001                  8.2496866087103969E-006                  9.8061903419338747E-001                  1.9372716120003797E-002                  2.9966744152535267E-007                  6.1177487610408416E+003                  1.2463690478258282E-016 
                                    1301                  4.6306398818484279E-001                 -1.5988285654476277E+000                  7.6966069124904628E+000                  1.9927962264193655E+000                  1.7503581259773128E+001                  6.6351149711889328E-006                  9.8062064662105031E-001                  1.9372718263978461E-002                  1.9623673129453058E-007                  4.9766036552352543E+003                  1.2754520768415102E-016 
                                    1302                  4.6305973062170230E-001                 -1.5993825474080181E+000                  7.6966194829490862E+000                  1.9986762586722013E+000                  1.7509196498561227E+001                  5.0247362873884751E-006                  9.8062220250855470E-001                  1.9372772755157919E-002                  1.1423464742851196E-007                  3.8223996437362480E+003                  1.3126059569782195E-016 
                                    1303                  4.6305598396613851E-001                 -1.5998652207456157E+000                  7.6966279279248697E+000                  2.0025898868369509E+000                  1.7512936160443193E+001                  4.1581721146348450E-006                  9.8062302284282576E-001                  1.9372818985059603E-002                  7.8999837255670526E-008                  3.1930947444837871E+003                  1.3379438791122035E-016 
                                    1304                  4.6305436609214501E-001                 -1.6000722708029211E+000                  7.6966355766765213E+000                  2.0061070350131689E+000                  1.7516298507813143E+001                  3.5013032381457709E-006                  9.8062370698046242E-001                  1.9372791716299465E-002                  5.6501377175108255E-008                  2.7115116674700116E+003                  1.3611407592940884E-016 
                                    1305                  4.6305113034415835E-001                 -1.6004839094349026E+000                  7.6966436455439995E+000                  2.0097923701300968E+000                  1.7519823181172740E+001                  2.9292284793771464E-006                  9.8062436364785810E-001                  1.9372707123662569E-002                  3.9904823062113911E-008                  2.2886553504182289E+003                  1.3858868607186322E-016 
                                    1306                  4.6304925701637656E-001                 -1.6007207426883256E+000                  7.6966519940253262E+000                  2.0135759121449017E+000                  1.7523443379719279E+001                  2.4271744539986648E-006                  9.8062488901794598E-001                  1.9372683807600044E-002                  2.7651298869253576E-008                  1.9137255486523154E+003                  1.4117701164776692E-016 
                                    1307                  4.6304585096586420E-001                 -1.6011485944923107E+000                  7.6966598224668079E+000                  2.0170993065373954E+000                  1.7526816102234797E+001                  2.0296494362957591E-006                  9.8062528630229862E-001                  1.9372684048265087E-002                  1.9500760357444433E-008                  1.6139149573813413E+003                  1.4363166396002791E-016 
                                    1308                  4.6304431824313358E-001                 -1.6013399810674802E+000                  7.6966671188397449E+000                  2.0203597131157771E+000                  1.7529938319874201E+001                  1.7210284705840269E-006                  9.8062558557184731E-001                  1.9372693399682062E-002                  1.4131398555133049E-008                  1.3792885855294296E+003                  1.4594192629223224E-016 
                                    1309                  4.6304125279767233E-001                 -1.6017206426411765E+000                  7.6966788997362388E+000                  2.0255793791860208E+000                  1.7534939188317093E+001                  1.3178215794447157E-006                  9.8062595139851572E-001                  1.9372730779904868E-002                  8.3894442069497209E-009                  1.0695003175137485E+003                  1.4971973182200989E-016 
                                    1310                  4.6303691008326880E-001                 -1.6022551573871731E+000                  7.6966909891331152E+000                  2.0308802515668698E+000                  1.7540020885810637E+001                  9.9731135810391747E-007                  9.8062626354397142E-001                  1.9372739144670525E-002                  4.8657044254348323E-009                  8.1978084726099144E+002                  1.5365855511579475E-016 
                                    1311                  4.6303367433528181E-001                 -1.6026498565197917E+000                  7.6966990222226812E+000                  2.0343713147802194E+000                  1.7543369251979229E+001                  8.2718814464955661E-007                  9.8062643432893015E-001                  1.9372738482925200E-002                  3.3750267268225786E-009                  6.8568112556706240E+002                  1.5631025757362845E-016 
                                    1312                  4.6303188615876256E-001                 -1.6028666909290570E+000                  7.6967076110043333E+000                  2.0380754499979048E+000                  1.7546923401948444E+001                  6.7791958278641661E-007                  9.8062658734210928E-001                  1.9372734738307917E-002                  2.2867427380139002E-009                  5.6698544770544822E+002                  1.5917500342943611E-016 
                                    1313                  4.6302830980572440E-001                 -1.6032976396703245E+000                  7.6967163588672145E+000                  2.0418208194087075E+000                  1.7550518584272975E+001                  5.5460226933533593E-007                  9.8062671332284146E-001                  1.9372732074889210E-002                  1.5440067556934857E-009                  4.6805245394895110E+002                  1.6212617371256967E-016 
                                    1314                  4.6302643647794262E-001                 -1.6035219434714059E+000                  7.6967249817269865E+000                  2.0454836683920909E+000                  1.7554035975852816E+001                  4.5363330002130825E-007                  9.8062682309617788E-001                  1.9372723270522085E-002                  1.0419088062299943E-009                  3.8623502154055467E+002                  1.6506647423478279E-016 
                                    1315                  4.6302294527616733E-001                 -1.6039373702141437E+000                  7.6967332148976366E+000                  2.0489565870682678E+000                  1.7557372260783151E+001                  3.7339718641493450E-007                  9.8062690863296853E-001                  1.9372717969845077E-002                  7.1169996926453987E-010                  3.2059252218801049E+002                  1.6790462176427273E-016 
                                    1316                  4.6302132740217383E-001                 -1.6041287524424475E+000                  7.6967410455587704E+000                  2.0522358863524475E+000                  1.7560523686033907E+001                  3.1085416193163361E-007                  9.8062696590507048E-001                  1.9372723240767553E-002                  4.9705179624656283E-010                  2.6901327168760207E+002                  1.7063037802088735E-016 
                                    1317                  4.6301809165418717E-001                 -1.6045093887726336E+000                  7.6967528880370670E+000                  2.0571539499715250E+000                  1.7565252029757090E+001                  2.3595743308837572E-007                  9.8062701593607471E-001                  1.9372748106492255E-002                  2.8970087401835236E-010                  2.0663476804204763E+002                  1.7480335414777514E-016 
                                    1318                  4.6301400439357243E-001                 -1.6049861883891297E+000                  7.6967636607715448E+000                  2.0615857949660712E+000                  1.7569515009760394E+001                  1.8223252468790861E-007                  9.8062707982976838E-001                  1.9372737937706885E-002                  1.7459328295434576E-010                  1.6130183594142960E+002                  1.7865315567797598E-016 
                                    1319                  4.6301144985568810E-001                 -1.6052819508381200E+000                  7.6967719627652649E+000                  2.0649733284280729E+000                  1.7572774802099541E+001                  1.4954121375244465E-007                  9.8062712628472537E-001                  1.9372724174060885E-002                  1.1850327146810449E-010                  1.3345192573814072E+002                  1.8165423883251101E-016 
                                    1320                  4.6300889531780376E-001                 -1.6055760137403028E+000                  7.6967796562575650E+000                  2.0680916582763378E+000                  1.7575776554768940E+001                  1.2439986437358514E-007                  9.8062717130415611E-001                  1.9372704295979482E-002                  8.2605079618937915E-011                  1.1185413587619412E+002                  1.8446242812851413E-016 
                                    1321                  4.6300672396060216E-001                 -1.6058246445227733E+000                  7.6967867369862253E+000                  2.0709438867368148E+000                  1.7578522998007504E+001                  1.0496478327597249E-007                  9.8062719733328052E-001                  1.9372697701936170E-002                  5.9202757311766048E-011                  9.5031397335038648E+001                  1.8706988052004947E-016 
                                    1322                  4.6300455260340062E-001                 -1.6060720713323420E+000                  7.6967973745794520E+000                  2.0751967636819102E+000                  1.7582619631698886E+001                  8.1491225792026833E-008                  9.8062721336560976E-001                  1.9372705143164470E-002                  3.6039652295865747E-011                  7.4541316349735780E+001                  1.9102806383809067E-016 
                                    1323                  4.6300020988899743E-001                 -1.6065633543852569E+000                  7.6968088124638294E+000                  2.0797296061293111E+000                  1.7586987886306769E+001                  6.1793683027095610E-008                  9.8062718473116306E-001                  1.9372753475153881E-002                  2.0942717940506246E-011                  5.7146258622247110E+001                  1.9534121433093994E-016 
                                    1324                  4.6299757019985027E-001                 -1.6068596819192864E+000                  7.6968174768385982E+000                  2.0831347239524161E+000                  1.7590270682237627E+001                  5.0044563037745746E-008                  9.8062718986144337E-001                  1.9372760093993580E-002                  1.3845316880107205E-011                  4.6663408232515224E+001                  1.9864683890280476E-016 
                                    1325                  4.6299493051070317E-001                 -1.6071542958661182E+000                  7.6968265774595492E+000                  2.0866855125148707E+000                  1.7593695108594094E+001                  4.0105146914193595E-008                  9.8062719667605136E-001                  1.9372763218801770E-002                  8.9656191921194183E-012                  3.7717894920334736E+001                  2.0215494425547324E-016 
                                    1326                  4.6299203536776767E-001                 -1.6074754721049824E+000                  7.6968361175947324E+000                  2.0903799752460221E+000                  1.7597259381366460E+001                  3.1784014527282807E-008                  9.8062721177092216E-001                  1.9372756445063311E-002                  5.6798043228084974E-012                  3.0160379298935165E+001                  2.0587241022943225E-016 
                                    1327                  4.6298914022483223E-001                 -1.6077946328365165E+000                  7.6968459583364686E+000                  2.0941613253409264E+000                  1.7600908828431582E+001                  2.4977539274396074E-008                  9.8062723644761740E-001                  1.9372738574843340E-002                  3.5386573200817071E-012                  2.3919373590119474E+001                  2.0974988493122809E-016 
                                    1328                  4.6298607477937115E-001                 -1.6081303967847504E+000                  7.6968561020039497E+000                  2.0980282627592950E+000                  1.7604642277215543E+001                  1.9450442544734731E-008                  9.8062724998197537E-001                  1.9372730567582042E-002                  2.1652489462323301E-012                  1.8801573506397901E+001                  2.1379255341512495E-016 
                                    1329                  4.6298300933391001E-001                 -1.6084639545915189E+000                  7.6968642908018410E+000                  2.1011277073611896E+000                  1.7607635741438187E+001                  1.5903762563911865E-008                  9.8062724547939162E-001                  1.9372738616845853E-002                  1.4580828819310722E-012                  1.5488970369375062E+001                  2.1709043036769964E-016 
                                    1330                  4.6298113600612845E-001                 -1.6086667211790069E+000                  7.6968736211773141E+000                  2.1046342472697974E+000                  1.7611023469064108E+001                  1.2640071803692791E-008                  9.8062725134630158E-001                  1.9372736013626657E-002                  9.2859568927046038E-013                  1.2415399468812408E+001                  2.2088445376393248E-016 
                                    1331                  4.6297738935056509E-001                 -1.6090698358135684E+000                  7.6968869444471917E+000                  2.1095978968298348E+000                  1.7615820888246748E+001                  9.0953831845681477E-009                  9.8062725515515525E-001                  1.9372735749461523E-002                  4.8639366544813108E-013                  9.0417873835233316E+000                  2.2637158136764236E-016 
                                    1332                  4.6297313178742505E-001                 -1.6095240578608379E+000                  7.6969013729862361E+000                  2.1149161496678950E+000                  1.7620963554945174E+001                  6.3451326196657318E-009                  9.8062722601919583E-001                  1.9372767635671528E-002                  2.3966485239687607E-013                  6.3895783977092488E+000                  2.3240597946455080E-016 
                                    1333                  4.6296874649739056E-001                 -1.6099876797590482E+000                  7.6969120665586184E+000                  2.1188206588022909E+000                  1.7624740800213122E+001                  4.8312263615494851E-009                  9.8062719973041701E-001                  1.9372795438356682E-002                  1.4021212429455169E-013                  4.9113417662600680E+000                  2.3694105579996222E-016 
                                    1334                  4.6296674544271454E-001                 -1.6101978304737168E+000                  7.6969221321392425E+000                  2.1224658841299626E+000                  1.7628268482595786E+001                  3.7515681514486298E-009                  9.8062731872558895E-001                  1.9372677522842885E-002                  8.5267268205438500E-014                  3.8476175293746682E+000                  2.4125709562471643E-016 
                                    1335                  4.6296274333336257E-001                 -1.6106155235676740E+000                  7.6969325114662226E+000                  2.1261968262905921E+000                  1.7631880381081469E+001                  2.8926826672900621E-009                  9.8062766047323480E-001                  1.9372336634082554E-002                  5.1136499379506381E-014                  2.9936386203446506E+000                  2.4575831414235381E-016 
                                    1336                  4.6296057197616114E-001                 -1.6108407052680196E+000                  7.6969398234682744E+000                  2.1288075273296703E+000                  1.7634408497250604E+001                  2.4014783970579135E-009                  9.8062760471869714E-001                  1.9372392879824507E-002                  3.5459031855270516E-014                  2.5011005637930470E+000                  2.4895898023209880E-016 
                                    1337                  4.6295840061895965E-001                 -1.6110648850465228E+000                  7.6969495152464402E+000                  2.1322457899604013E+000                  1.7637738891126066E+001                  1.8806672143774477E-009                  9.8062717891489448E-001                  1.9372819204438341E-002                  2.1921515811710143E-014                  1.9751613478036816E+000                  2.5323935656020389E-016 
                                    1338                  4.6295482426592205E-001                 -1.6114319594412547E+000                  7.6969592303386625E+000                  2.1356682586164135E+000                  1.7641055064799652E+001                  1.4625964941069561E-009                  9.8062710124751096E-001                  1.9372897289892554E-002                  1.3364635997479210E-014                  1.5489087196377771E+000                  2.5757535626196469E-016 
                                    1339                  4.6295265290872051E-001                 -1.6116535266819287E+000                  7.6969665812540056E+000                  2.1382414121327256E+000                  1.7643548989357225E+001                  1.2114718172050163E-009                  9.8062708363653905E-001                  1.9372915151989134E-002                  9.2243821274724777E-015                  1.2910086853366625E+000                  2.6088553262822766E-016 
                                    1340                  4.6295048155151897E-001                 -1.6118741216691592E+000                  7.6969776235158296E+000                  2.1420802636604033E+000                  1.7647270732080415E+001                  9.1607207857405279E-010                  9.8062711597586416E-001                  1.9372883108063732E-002                  5.3217312934620190E-015                  9.8536013467347350E-001                  2.6590542602780263E-016 
                                    1341                  4.6294613883711594E-001                 -1.6123124252386170E+000                  7.6969894214469585E+000                  2.1461489744400124E+000                  1.7651216737006735E+001                  6.7595116508468390E-010                  9.8062724196563633E-001                  1.9372757358412485E-002                  2.9250959291196597E-015                  7.3429439361464655E-001                  2.7133427888381825E-016 
                                    1342                  4.6294354172360008E-001                 -1.6125727311204898E+000                  7.6970014569987741E+000                  2.1502632046856647E+000                  1.7655208346546470E+001                  4.9690657656706838E-010                  9.8062726724908966E-001                  1.9372732254003711E-002                  1.5959570427129549E-015                  5.4522206744202495E-001                  2.7693969298697274E-016 
                                    1343                  4.6293907128230261E-001                 -1.6130176562642693E+000                  7.6970122917754846E+000                  2.1539378348452063E+000                  1.7658774689228860E+001                  3.7398124629369864E-010                  9.8062726081982610E-001                  1.9372738806192613E-002                  9.1177812939954209E-016                  4.1402784041309654E-001                  2.8204662805781689E-016 
                                    1344                  4.6293719795452087E-001                 -1.6132029331068121E+000                  7.6970205915429464E+000                  2.1567329972470377E+000                  1.7661488262544978E+001                  3.0126459033455405E-010                  9.8062727001182692E-001                  1.9372729686908507E-002                  5.9554408175254834E-016                  3.3579951239066130E-001                  2.8599609114944097E-016 
                                    1345                  4.6293421766032256E-001                 -1.6134962852334096E+000                  7.6970308040187181E+000                  2.1601501619067127E+000                  1.7664806588601401E+001                  2.3093360430930830E-010                  9.8062726776930698E-001                  1.9372731999759418E-002                  3.5273602434482465E-016                  2.5955559129740280E-001                  2.9090171756030826E-016 
                                    1346                  4.6293123736612418E-001                 -1.6137879268976023E+000                  7.6970405976861773E+000                  2.1634043307622424E+000                  1.7667967556181981E+001                  1.7882793230333697E-010                  9.8062725150722463E-001                  1.9372748313947419E-002                  2.1312744623805153E-016                  2.0259038915096086E-001                  2.9565374683411146E-016 
                                    1347                  4.6292851252571415E-001                 -1.6140530896707224E+000                  7.6970532639087299E+000                  2.1675796432273775E+000                  1.7672024601085177E+001                  1.2875740934255206E-010                  9.8062723219361381E-001                  1.9372767677628744E-002                  1.1156777805752033E-016                  1.4735730568541636E-001                  3.0186808945142278E-016 
                                    1348                  4.6292387178189087E-001                 -1.6145014776663844E+000                  7.6970711816295321E+000                  2.1734243482087674E+000                  1.7677706217210520E+001                  8.0524171079402832E-011                  9.8062723047700362E-001                  1.9372769442472237E-002                  4.4234662250140269E-017                  9.3478038591010323E-002                  3.1079347376678990E-016 
                                    1349                  4.6291812407165095E-001                 -1.6150512890839808E+000                  7.6970857010741467E+000                  2.1781094490199218E+000                  1.7682262642203753E+001                  5.4488112283569127E-011                  9.8062722961100079E-001                  1.9372770334511125E-002                  2.0476533197941735E-017                  6.3979969271361972E-002                  3.1814368164662665E-016 
                                    1350                  4.6291548438250385E-001                 -1.6153017772602229E+000                  7.6970948554169505E+000                  2.1810391854962390E+000                  1.7685112853486352E+001                  4.2675163961502059E-011                  9.8062735095845788E-001                  1.9372648998866926E-002                  1.2646470726097712E-017                  5.0468065429965819E-002                  3.2283082000053560E-016 
                                    1351                  4.6291284469335664E-001                 -1.6155510111398705E+000                  7.6971052081329612E+000                  2.1843306258495852E+000                  1.7688315810245474E+001                  3.2437111471129674E-011                  9.8062763287947952E-001                  1.9372367088083320E-002                  7.3626771146635894E-018                  3.8668760287231006E-002                  3.2818163209405750E-016 
                                    1352                  4.6290952379410710E-001                 -1.6158627996120893E+000                  7.6971167680620045E+000                  2.1879792368849862E+000                  1.7691867329818372E+001                  2.3831262811660980E-011                  9.8062750926373210E-001                  1.9372490712436630E-002                  4.0081128152127204E-018                  2.8663942914185385E-002                  3.3421940295623474E-016 
                                    1353                  4.6290620289485762E-001                 -1.6161726441848963E+000                  7.6971270153814526E+000                  2.1911903992246344E+000                  1.7694993885717334E+001                  1.8085914338483042E-011                  9.8062687336299614E-001                  1.9373126618917991E-002                  2.3258329816128141E-018                  2.1925705163871836E-002                  3.3962728055271727E-016 
                                    1354                  4.6290364835697351E-001                 -1.6164096776854711E+000                  7.6971417412837742E+000                  2.1957660132629204E+000                  1.7699450504476012E+001                  1.2251171411675170E-011                  9.8062703592264566E-001                  1.9372964065103138E-002                  1.0786652505368893E-018                  1.5018889136060299E-002                  3.4749035407939699E-016 
                                    1355                  4.6289777291983986E-001                 -1.6169505922437664E+000                  7.6971578644330796E+000                  2.2007271190730266E+000                  1.7704284503356838E+001                  7.8899316104996335E-012                  9.8062730931678965E-001                  1.9372690675320436E-002                  4.5258772995110483E-019                  9.7901214675281071E-003                  3.5622791233741025E-016 
                                    1356                  4.6289445202059026E-001                 -1.6172537364988520E+000                  7.6971687846469479E+000                  2.2040575719126516E+000                  1.7707530710576705E+001                  5.8591501455736404E-012                  9.8062724362364462E-001                  1.9372756370496180E-002                  2.5153546862892221E-019                  7.3296965889580205E-003                  3.6221997608573791E-016 
                                    1357                  4.6289155687765476E-001                 -1.6175165103199260E+000                  7.6971812226908574E+000                  2.2078221951611643E+000                  1.7711201176803733E+001                  4.1837316404092569E-012                  9.8062721486567828E-001                  1.9372785130137959E-002                  3.3592568422924830E-020                  5.2821895687719779E-003                  3.6911845517426352E-016 
                                    1358                  4.6288738446577693E-001                 -1.6178927747207850E+000                  7.6972007533022229E+000                  2.2136731536629828E+000                  1.7716908035777944E+001                  2.4853945687087801E-012                  9.8062725020979535E-001                  1.9372749787719301E-002                  1.2017964721922355E-020                  3.1831682033311346E-003                  3.8011003543984875E-016 
                                    1359                  4.6288048721348929E-001                 -1.6185085453333088E+000                  7.6972214214215615E+000                  2.2197884026620756E+000                  1.7722875550345432E+001                  1.3974688034638582E-012                  9.8062730446535795E-001                  1.9372695533244610E-002                  1.4834926625147511E-020                  1.8167895542090214E-003                  3.9195897595317043E-016 
                                    1360                  4.6287571874277206E-001                 -1.6189298171984139E+000                  7.6972438124339870E+000                  2.2263233551477630E+000                  1.7729255846752707E+001                  7.6399242954417147E-013                  9.8062724731761708E-001                  1.9372752681618977E-002                  4.5019543996876597E-021                  1.0092632752619734E-003                  4.0504285266040796E-016 
                                    1361                  4.6286788482659358E-001                 -1.6196141785920903E+000                  7.6972760350260403E+000                  2.2355716956741056E+000                  1.7738290957205450E+001                  3.1702563417262168E-013                  9.8062725092721081E-001                  1.9372749072472106E-002                  2.0578370836024037E-022                  4.2840456547829051E-004                  4.2433379173962998E-016 
                                    1362                  4.6285766667505668E-001                 -1.6204927452351636E+000                  7.6973338309159871E+000                  2.2517104441060107E+000                  1.7754073222214416E+001                  7.2138140487311001E-014                  9.8062724940418888E-001                  1.9372750595738952E-002                  1.1063887867292781E-023                  1.0142090097439463E-004                  4.6030142793447041E-016 
                                    1363                  4.6283569764925214E-001                 -1.6223299000530358E+000                  7.6974013376916233E+000                  2.2699000160017881E+000                  1.7771884244394478E+001                  9.6027165378772682E-015                  9.8062724613745289E-001                  1.9372753862537562E-002                  2.0455418828114812E-025                  1.4118279372977037E-005                  5.0463588516661788E-016 
                                    1364                  4.6282054072447160E-001                 -1.6235583472531734E+000                  7.6974584842285969E+000                  2.2847594185126963E+000                  1.7786452364376323E+001                  1.8667137423433476E-015                  9.8062724476196295E-001                  1.9372755238035166E-002                  3.0827430442142039E-026                  2.8468602192934719E-006                  5.4412106497359166E-016 
                                    1365                  4.6280453228706309E-001                 -1.6248230094164571E+000                  7.6975110900150687E+000                  2.2980354933298401E+000                  1.7799481569744128E+001                  3.8686797685320711E-016                  9.8062724097178089E-001                  1.9372759028218778E-002                  3.5456059805524822E-028                  6.0965076411032485E-007                  5.8210166284045514E-016 
                                    1366                  4.6279210020269307E-001                 -1.6257829202694285E+000                  7.6975640439725268E+000                  2.3110250252358604E+000                  1.7812241607254858E+001                  8.4478738845492968E-017                  9.8062724139332613E-001                  1.9372758606673757E-002                  1.7427941346286988E-029                  1.3747132121362430E-007                  6.2192560781677916E-016 
                                    1367                  4.6277609176528539E-001                 -1.6269915651905154E+000                  7.6976247960542583E+000                  2.3254970835979765E+000                  1.7826471765608311E+001                  1.3859710808794023E-017                  9.8062723924671635E-001                  1.9372760753283647E-002                  4.8524039535346635E-031                  2.3376631230391337E-008                  6.6963696931357783E-016 
                                    1368                  4.6275974272282600E-001                 -1.6281954609185108E+000                  7.6976982264297993E+000                  2.3424060572489598E+000                  1.7843116247682890E+001                  1.6631570391258800E-018                  9.8062723446700262E-001                  1.9372765532997382E-002                  7.2693525699838761E-033                  2.9253702384529709E-009                  7.3022857576831107E-016 
                                    1369                  4.6273730536507657E-001                 -1.6298000767997274E+000                  7.6977631889082208E+000                  2.3568786003368203E+000                  1.7857377634761143E+001                  1.9842774288057104E-019                  9.8062723407166075E-001                  1.9372765928339253E-002                  1.0704005165033648E-034                  3.6180654956652634E-010                  7.8660222678476249E-016 
                                    1370                  4.6272580994459689E-001                 -1.6306018711200938E+000                  7.6978121197849596E+000                  2.3674842745363156E+000                  1.7867837415911449E+001                  4.5020561376844771E-020                  9.8062723862547774E-001                  1.9372761374522263E-002                  5.6487093375593785E-036                  8.4286282306680818E-011                  8.3077459643532162E-016 
                                    1371                  4.6271188771312782E-001                 -1.6315552682654777E+000                  7.6978858779852821E+000                  2.3830229347360037E+000                  1.7883175645263325E+001                  5.2852342258540257E-021                  9.8062723869516832E-001                  1.9372761304831676E-002                  8.0735704727774013E-038                  1.0286050817460762E-011                  9.0020743645643223E-016 
                                    1372                  4.6268774733012180E-001                 -1.6331644791230233E+000                  7.6979556293756985E+000                  2.3972650034265834E+000                  1.7897247670859105E+001                  4.9411555154590700E-022                  9.8062722385403178E-001                  1.9372776145968218E-002                  7.2961225124462043E-040                  9.9650209400839099E-013                  9.6915178068696143E-016 
                                    1373                  4.6267629448527470E-001                 -1.6339093362291992E+000                  7.6980212937771100E+000                  2.4102740951287007E+000                  1.7910112834176097E+001                  7.0236920801084609E-023                  9.8062723712670774E-001                  1.9372762873292260E-002                  1.5199012997800513E-041                  1.4634206113786399E-013                  1.0369442015588679E-015 
                                    1374                  4.6265441061073376E-001                 -1.6353008196323850E+000                  7.6980859887295496E+000                  2.4227526710454836E+000                  1.7922463366849527E+001                  7.6985814891796074E-024                  9.8062722309699557E-001                  1.9372776903004429E-002                  2.2603157433434369E-037                  1.6550755695739030E-014                  1.1066227535418696E-015 
                                    1375                  4.6264376670288249E-001                 -1.6359631250702524E+000                  7.6981358370891586E+000                  2.4321388547180463E+000                  1.7931759708631795E+001                  1.5963454415118431E-024                  9.8062723012580699E-001                  1.9372769874193008E-002                  8.2645860237643988E-045                  3.5138556583705915E-015                  1.1622467504238361E-015 
                                    1376                  4.6262946129073140E-001                 -1.6368388711455233E+000                  7.6982190200366452E+000                  2.4473861238342298E+000                  1.7946872753489856E+001                  1.3002401970748740E-025                  9.8062722792640034E-001                  1.9372772073599664E-002                  5.6828287679304323E-047                  2.9741530618418737E-016                  1.2589167809673124E-015 
                                    1377                  4.6260238318915869E-001                 -1.6384531636818567E+000                  7.6983330756215462E+000                  2.4675157500439937E+000                  1.7966847110201247E+001                  3.6500689042088541E-027                  9.8062722914664868E-001                  1.9372770853351318E-002                  4.6952991488359646E-050                  8.7846857791014173E-018                  1.3995839010519676E-015 
                                    1378                  4.6257334660854121E-001                 -1.6401246714905524E+000                  7.6984216641431820E+000                  2.4825762546718191E+000                  1.7981807608233943E+001                  1.2865174041375056E-028                  9.8062722444369899E-001                  1.9372775556301014E-002                  6.0432960648052982E-053                  3.2167148057541541E-019                  1.5155278279622709E-015 
                                    1379                  4.6255929665017781E-001                 -1.6409125666845152E+000                  7.6984964684751169E+000                  2.4949142454442370E+000                  1.7994073989290261E+001                  1.1646449500237683E-029                  9.8062721238014250E-001                  1.9372787619857501E-002                  5.0984481667769896E-055                  3.0046782513742205E-020                  1.6180091825932183E-015 
                                    1380                  4.6253715732184830E-001                 -1.6421276992695326E+000                  7.6985761542090119E+000                  2.5077113175076846E+000                  1.8006806470884325E+001                  7.1103984218917195E-031                  9.8062723070513402E-001                  1.9372769294865977E-002                  1.9584992794176728E-057                  1.8951372312900837E-021                  1.7320089428892122E-015 
                                    1381                  4.6252106373317792E-001                 -1.6429915409265368E+000                  7.6986654065858451E+000                  2.5216308059624786E+000                  1.8020666930361752E+001                  4.1274169801096531E-032                  9.8062721330581837E-001                  1.9372786694181632E-002                  6.8191959044094990E-060                  1.1398448144362131E-022                  1.8656427569517117E-015 
                                    1382                  4.6249458169044444E-001                 -1.6443789004629206E+000                  7.6987805394668580E+000                  2.5389958729649202E+000                  1.8037974603255176E+001                  8.0350050422416416E-034                  9.8062720904139444E-001                  1.9372790958605557E-002                  2.6923260578058590E-063                  2.3197886639343674E-024                  2.0477035945953785E-015 
                                    1383                  4.6246665207624382E-001                 -1.6457984406208761E+000                  7.6988703955278002E+000                  2.5521170491800040E+000                  1.8051064321778117E+001                  2.6367144349080408E-035                  9.8062720672819870E-001                  1.9372793271801303E-002                  2.9903709190671687E-066                  7.8731194940328581E-026                  2.1976126998297580E-015 
                                    1384                  4.6245251696661799E-001                 -1.6465006144460410E+000                  7.6989391031823997E+000                  2.5619008817210829E+000                  1.8060831418828560E+001                  2.4553874417205176E-036                  9.8062721382693407E-001                  1.9372786173065926E-002                  2.6538039122710137E-068                  7.5184801998732990E-027                  2.3168984945227929E-015 
                                    1385                  4.6243463520142808E-001                 -1.6473738570225398E+000                  7.6990622312061463E+000                  2.5789270020835917E+000                  1.8077842078296111E+001                  6.6015314891408513E-038                  9.8062720156072380E-001                  1.9372798439276195E-002                  1.9970292730600415E-071                  2.1121180523544611E-028                  2.5410560155333408E-015 
                                    1386                  4.6239546562053657E-001                 -1.6492305491793555E+000                  7.6991954203629760E+000                  2.5966896229420993E+000                  1.8095606829519927E+001                  0.0000000000000000E+000                  9.8062720038735784E-001                  1.9372799612642155E-002                  0.0000000000000000E+000                  0.0000000000000000E+000                  2.7994194674118753E-015 
                                    1387                  4.6237366689725740E-001                 -1.6502322756582710E+000                  7.6992774200202714E+000                  2.6072947427064865E+000                  1.8106222221711821E+001                  0.0000000000000000E+000                  9.8062719341336158E-001                  1.9372806586638425E-002                  0.0000000000000000E+000                  0.0000000000000000E+000                  2.9667862198814201E-015 
                                    1388                  4.6235816936742641E-001                 -1.6509313560346817E+000                  7.6993812160132418E+000                  2.6203741767972759E+000                  1.8119323651936988E+001                  0.0000000000000000E+000                  9.8062719234971851E-001                  1.9372807650281487E-002                  0.0000000000000000E+000                  0.0000000000000000E+000                  3.1879127458239980E-015 
                                    1389                  4.6232666340018724E-001                 -1.6523203773875410E+000                  7.6994817591079023E+000                  2.6327163226960235E+000                  1.8131695852669392E+001                  0.0000000000000000E+000                  9.8062720518389679E-001                  1.9372794816103212E-002                  0.0000000000000000E+000                  0.0000000000000000E+000                  3.4125755809818257E-015 
                                    1390                  4.6231303919813771E-001                 -1.6529082072963306E+000                  7.6995497287913910E+000                  2.6408743181246312E+000                  1.8139878776798717E+001                  0.0000000000000000E+000                  9.8062717863779292E-001                  1.9372821362207082E-002                  0.0000000000000000E+000                  0.0000000000000000E+000                  3.5702473746138996E-015 
                                    1391                  4.6229626439936411E-001                 -1.6536217036787886E+000                  7.6996625527529838E+000                  2.6541050220786806E+000                  1.8153158491136185E+001                  0.0000000000000000E+000                  9.8062718640775193E-001                  1.9372813592248073E-002                  0.0000000000000000E+000                  0.0000000000000000E+000                  3.8426092380935288E-015 
                                    1392                  4.6226279995307995E-001                 -1.6550124326547795E+000                  7.6998259132539468E+000                  2.6726304826547138E+000                  1.8171770339819417E+001                  0.0000000000000000E+000                  9.8062718396091331E-001                  1.9372816039086693E-002                  0.0000000000000000E+000                  0.0000000000000000E+000                  4.2615660702453447E-015 
                                    1393                  4.6222414127976541E-001                 -1.6565676779208514E+000                  7.6999766147680049E+000                  2.6891033485681133E+000                  1.8188337539238884E+001                  0.0000000000000000E+000                  9.8062717986485815E-001                  1.9372820135141855E-002                  0.0000000000000000E+000                  0.0000000000000000E+000                  4.6749027631803154E-015 
                                    1394                  4.6219689287566645E-001                 -1.6576326828851793E+000                  7.7001147541134252E+000                  2.7037052455943691E+000                  1.8203037084620366E+001                  0.0000000000000000E+000                  9.8062717651426445E-001                  1.9372823485735546E-002                  0.0000000000000000E+000                  0.0000000000000000E+000                  5.0770303495893659E-015 
                                    1395                  4.6216410963948479E-001                 -1.6588815924471216E+000                  7.7002474108649741E+000                  2.7173188437249842E+000                  1.8216753592141320E+001                  0.0000000000000000E+000                  9.8062717507259733E-001                  1.9372824927402665E-002                  0.0000000000000000E+000                  0.0000000000000000E+000                  5.4851846944776807E-015 
                                    1396                  4.6213967122705951E-001                 -1.6597906180089075E+000                  7.7003945616371574E+000                  2.7319641382823363E+000                  1.8231522653815677E+001                  0.0000000000000000E+000                  9.8062716959180574E-001                  1.9372830408194264E-002                  0.0000000000000000E+000                  0.0000000000000000E+000                  5.9636480969618301E-015 
                                    1397                  4.6210096997811417E-001                 -1.6611935926014632E+000                  7.7005394283088027E+000                  2.7459621832582313E+000                  1.8245651562938377E+001                  0.0000000000000000E+000                  9.8062716637865488E-001                  1.9372833621345120E-002                  0.0000000000000000E+000                  0.0000000000000000E+000                  6.4626767235848633E-015 
                                    1398                  4.6207802171278795E-001                 -1.6620053005479130E+000                  7.7006724004369129E+000                  2.7584460794617174E+000                  1.8258262837461210E+001                  0.0000000000000000E+000                  9.8062716293854735E-001                  1.9372837061452652E-002                  0.0000000000000000E+000                  0.0000000000000000E+000                  6.9454807379608838E-015 
                                    1399                  4.6204464241776749E-001                 -1.6631603291016499E+000                  7.7007986734752611E+000                  2.7700102289910880E+000                  1.8269953885519573E+001                  0.0000000000000000E+000                  9.8062716048856746E-001                  1.9372839511432538E-002                  0.0000000000000000E+000                  0.0000000000000000E+000                  7.4271495643945643E-015 
                                    1400                  4.6202488732479574E-001                 -1.6638301652030514E+000                  7.7009568943797175E+000                  2.7840961088251648E+000                  1.8284206317397381E+001                  0.0000000000000000E+000                  9.8062715922983557E-001                  1.9372840770164435E-002                  0.0000000000000000E+000                  0.0000000000000000E+000                  8.0627582562651913E-015 
                                    1401                  4.6197830958403979E-001                 -1.6653707869960739E+000                  7.7011757145195849E+000                  2.8029237340931954E+000                  1.8303276925782985E+001                  0.0000000000000000E+000                  9.8062715363950004E-001                  1.9372846360499962E-002                  0.0000000000000000E+000                  0.0000000000000000E+000                  9.0046951133576175E-015 
                                    1402                  4.6193394577611557E-001                 -1.6667903655134175E+000                  7.7013717007071785E+000                  2.8191738122076893E+000                  1.8319755899549062E+001                  0.0000000000000000E+000                  9.8062715236841302E-001                  1.9372847631586976E-002                  0.0000000000000000E+000                  0.0000000000000000E+000                  9.9127450322518682E-015 
                                    1403                  4.6189750103563298E-001                 -1.6679236666822241E+000                  7.7015274552162829E+000                  2.8317009299988509E+000                  1.8332471814717874E+001                  0.0000000000000000E+000                  9.8062714367927095E-001                  1.9372856320729048E-002                  0.0000000000000000E+000                  0.0000000000000000E+000                  1.0679761065987044E-014 
                                    1404                  4.6187012490463963E-001                 -1.6687563981691711E+000                  7.7017278410067380E+000                  2.8473297117485949E+000                  1.8348351644768389E+001                  0.0000000000000000E+000                  9.8062714684301122E-001                  1.9372853156988779E-002                  0.0000000000000000E+000                  0.0000000000000000E+000                  1.1727483094107671E-014 
                                    1405                  4.6181575582333562E-001                 -1.6703652530495172E+000                  7.7019493752732933E+000                  2.8640454662277244E+000                  1.8365354803618992E+001                  0.0000000000000000E+000                  9.8062713731993756E-001                  1.9372862680062441E-002                  0.0000000000000000E+000                  0.0000000000000000E+000                  1.2971380403110896E-014 
                                    1406                  4.6178054577616412E-001                 -1.6713769440812714E+000                  7.7021301788671526E+000                  2.8772554119672993E+000                  1.8378806234265976E+001                  0.0000000000000000E+000                  9.8062712495793869E-001                  1.9372875042061311E-002                  0.0000000000000000E+000                  0.0000000000000000E+000                  1.4055025117954940E-014 
                                    1407                  4.6174303664489424E-001                 -1.6724298879793773E+000                  7.7023597787077245E+000                  2.8935092785894527E+000                  1.8395374925857244E+001                  0.0000000000000000E+000                  9.8062712908703198E-001                  1.9372870912968021E-002                  0.0000000000000000E+000                  0.0000000000000000E+000                  1.5524317434241844E-014 
                                    1408                  4.6168871013921836E-001                 -1.6739118173396432E+000                  7.7026151059676335E+000                  2.9109607080584108E+000                  1.8413186303427079E+001                  0.0000000000000000E+000                  9.8062712443081712E-001                  1.9372875569182879E-002                  0.0000000000000000E+000                  0.0000000000000000E+000                  1.7288316392344252E-014 
                                    1409                  4.6164170664214210E-001                 -1.6751551373045179E+000                  7.7028180981692671E+000                  2.9243909481077974E+000                  1.8426909414844665E+001                  0.0000000000000000E+000                  9.8062712047917344E-001                  1.9372879520826558E-002                  0.0000000000000000E+000                  0.0000000000000000E+000                  1.8793204221592993E-014 
                                    1410                  4.6160866795216871E-001                 -1.6760086131112111E+000                  7.7029759922639496E+000                  2.9345771918855323E+000                  1.8437327217681805E+001                  0.0000000000000000E+000                  9.8062711990692553E-001                  1.9372880093074474E-002                  0.0000000000000000E+000                  0.0000000000000000E+000                  2.0029092724353947E-014 
                                    1411                  4.6157971652281066E-001                 -1.6767431851570935E+000                  7.7032332711394131E+000                  2.9507015072360034E+000                  1.8453835224620864E+001                  0.0000000000000000E+000                  9.8062711200040786E-001                  1.9372887999592137E-002                  0.0000000000000000E+000                  0.0000000000000000E+000                  2.2169639584618065E-014 
                                    1412                  4.6150801915951634E-001                 -1.6785112368511372E+000                  7.7035498687257942E+000                  2.9698444277264420E+000                  1.8473460647950159E+001                  0.0000000000000000E+000                  9.8062710513293394E-001                  1.9372894867066059E-002                  0.0000000000000000E+000                  0.0000000000000000E+000                  2.5037244618854268E-014 
                                    1413                  4.6145697097745519E-001                 -1.6797282862495522E+000                  7.7037763335721907E+000                  2.9830751019386348E+000                  1.8487042654871683E+001                  0.0000000000000000E+000                  9.8062709492412770E-001                  1.9372905075872304E-002                  0.0000000000000000E+000                  0.0000000000000000E+000                  2.7253553936909462E-014 
                                    1414                  4.6142073911512460E-001                 -1.6805721648323300E+000                  7.7039957185277004E+000                  2.9955413206026877E+000                  1.8499853660833836E+001                  0.0000000000000000E+000                  9.8062709829896577E-001                  1.9372901701034229E-002                  0.0000000000000000E+000                  0.0000000000000000E+000                  2.9538302169633326E-014 
                                    1415                  4.6137275637852648E-001                 -1.6816653993982384E+000                  7.7042465805712510E+000                  3.0094087387267541E+000                  1.8514120395559800E+001                  0.0000000000000000E+000                  9.8062709259982617E-001                  1.9372907400173833E-002                  0.0000000000000000E+000                  0.0000000000000000E+000                  3.2327047683760129E-014 
                                    1416                  4.6132494394445456E-001                 -1.6827284065728585E+000                  7.7045817985219198E+000                  3.0273152647466848E+000                  1.8532568016965016E+001                  0.0000000000000000E+000                  9.8062708087094719E-001                  1.9372919129052812E-002                  0.0000000000000000E+000                  0.0000000000000000E+000                  3.6360891065502339E-014 
                                    1417                  4.6124537008935418E-001                 -1.6844424555922897E+000                  7.7049626139640015E+000                  3.0468891983550637E+000                  1.8552766469757241E+001                  0.0000000000000000E+000                  9.8062707298284968E-001                  1.9372927017150321E-002                  0.0000000000000000E+000                  0.0000000000000000E+000                  4.1406113914213607E-014 
                                    1418                  4.6118137891534949E-001                 -1.6857740391942735E+000                  7.7052501572295036E+000                  3.0611528887327721E+000                  1.8567507816235238E+001                  0.0000000000000000E+000                  9.8062706863867422E-001                  1.9372931361325785E-002                  0.0000000000000000E+000                  0.0000000000000000E+000                  4.5562466878570371E-014 
                                    1419                  4.6113761116626234E-001                 -1.6866621543474427E+000                  7.7054983088220439E+000                  3.0731208602936944E+000                  1.8579891750466430E+001                  0.0000000000000000E+000                  9.8062706566348812E-001                  1.9372934336511882E-002                  0.0000000000000000E+000                  0.0000000000000000E+000                  4.9402886335671272E-014 
                                    1420                  4.6108873434140468E-001                 -1.6876331978504262E+000                  7.7057456682243046E+000                  3.0847608057083282E+000                  1.8591949645168818E+001                  0.0000000000000000E+000                  9.8062706407162392E-001                  1.9372935928376078E-002                  0.0000000000000000E+000                  0.0000000000000000E+000                  5.3479295500547407E-014 
                                    1421                  4.6104564780241780E-001                 -1.6884717923893993E+000                  7.7060520158002550E+000                  3.0987831585269601E+000                  1.8606493662170621E+001                  0.0000000000000000E+000                  9.8062705442782705E-001                  1.9372945572172950E-002                  0.0000000000000000E+000                  0.0000000000000000E+000                  5.8886489776348861E-014 
                                    1422                  4.6097522770806704E-001                 -1.6898088410033272E+000                  7.7063843524784437E+000                  3.1135565130325689E+000                  1.8621838011857651E+001                  0.0000000000000000E+000                  9.8062704623456531E-001                  1.9372953765434686E-002                  0.0000000000000000E+000                  0.0000000000000000E+000                  6.5235782041129602E-014 
                                    1423                  4.6092320028648215E-001                 -1.6907712495562657E+000                  7.7066587935932258E+000                  3.1254166698842840E+000                  1.8634173127338858E+001                  0.0000000000000000E+000                  9.8062703623591574E-001                  1.9372963764084261E-002                  0.0000000000000000E+000                  0.0000000000000000E+000                  7.0876899597786216E-014 
                                    1424                  4.6087449376414724E-001                 -1.6916535598406324E+000                  7.7068948435457667E+000                  3.1353888218035100E+000                  1.8644556177403150E+001                  0.0000000000000000E+000                  9.8062703275811969E-001                  1.9372967241880312E-002                  0.0000000000000000E+000                  0.0000000000000000E+000                  7.6034356743147000E-014 
                                    1425                  4.6083685690598081E-001                 -1.6923234506452793E+000                  7.7072471816016304E+000                  3.1498781857250795E+000                  1.8659662262214681E+001                  0.0000000000000000E+000                  9.8062702577122052E-001                  1.9372974228779483E-002                  0.0000000000000000E+000                  0.0000000000000000E+000                  8.4279348528610403E-014 
                                    1426                  4.6074591535728782E-001                 -1.6939011829158088E+000                  7.7077091605624410E+000                  3.1682609616184485E+000                  1.8678860425923361E+001                  0.0000000000000000E+000                  9.8062702088997589E-001                  1.9372979110024113E-002                  0.0000000000000000E+000                  0.0000000000000000E+000                  9.6176017750396392E-014 
                                    1427                  4.6066927922075279E-001                 -1.6951883051426135E+000                  7.7080883592527778E+000                  3.1828408613518890E+000                  1.8694114429380118E+001                  0.0000000000000000E+000                  9.8062701199159086E-001                  1.9372988008409142E-002                  0.0000000000000000E+000                  0.0000000000000000E+000                  1.0692455476670954E-013 
                                    1428                  4.6060899212668094E-001                 -1.6961751347157039E+000                  7.7085418610277232E+000                  3.1996961470012617E+000                  1.8711780610445956E+001                  0.0000000000000000E+000                  9.8062700292643401E-001                  1.9372997073565990E-002                  0.0000000000000000E+000                  0.0000000000000000E+000                  1.2102952270895148E-013 
                                    1429                  4.6050604424994174E-001                 -1.6978108672322578E+000                  7.7090568684262877E+000                  3.2181722291231289E+000                  1.8731184251309077E+001                  0.0000000000000000E+000                  9.8062699532372832E-001                  1.9373004676271677E-002                  0.0000000000000000E+000                  0.0000000000000000E+000                  1.3887238505885532E-013 
                                    1430                  4.6042463964269581E-001                 -1.6990628557177436E+000                  7.7094557857395314E+000                  3.2320122068490518E+000                  1.8745746743063105E+001                  0.0000000000000000E+000                  9.8062698076468857E-001                  1.9373019235311428E-002                  0.0000000000000000E+000                  0.0000000000000000E+000                  1.5413195303801998E-013 
                                    1431                  4.6036379906541680E-001                 -1.6999760287417274E+000                  7.7098284450469290E+000                  3.2445849902513371E+000                  1.8758997194281307E+001                  0.0000000000000000E+000                  9.8062697929359843E-001                  1.9373020706401567E-002                  0.0000000000000000E+000                  0.0000000000000000E+000                  1.6960697715792652E-013 
                                    1432                  4.6029210170213036E-001                 -1.7010285684304502E+000                  7.7102652708676045E+000                  3.2589189891294987E+000                  1.8774128828215204E+001                  0.0000000000000000E+000                  9.8062696768557345E-001                  1.9373032314426553E-002                  0.0000000000000000E+000                  0.0000000000000000E+000                  1.8936668117152200E-013 
                                    1433                  4.6020889991866237E-001                 -1.7022195332198597E+000                  7.7106350683450771E+000                  3.2707424000096781E+000                  1.8786630340486568E+001                  0.0000000000000000E+000                  9.8062695884463524E-001                  1.9373041155364756E-002                  0.0000000000000000E+000                  0.0000000000000000E+000                  2.0757124359175920E-013 
                                    1434                  4.6016140940196137E-001                 -1.7028853208786794E+000                  7.7109431035035216E+000                  3.2803669069254111E+000                  1.8796821090893822E+001                  0.0000000000000000E+000                  9.8062696972041952E-001                  1.9373030279580483E-002                  0.0000000000000000E+000                  0.0000000000000000E+000                  2.2382159793197104E-013 
                                    1435                  4.6010020321257039E-001                 -1.7037289734009811E+000                  7.7113381885331904E+000                  3.2924389355904138E+000                  1.8809621415356812E+001                  0.0000000000000000E+000                  9.8062693737951012E-001                  1.9373062620489878E-002                  0.0000000000000000E+000                  0.0000000000000000E+000                  2.4621524142607228E-013 
                                    1436                  4.6002228104708670E-001                 -1.7047804499851782E+000                  7.7117784303767261E+000                  3.3055532144390041E+000                  1.8823549905454232E+001                  0.0000000000000000E+000                  9.8062693984006333E-001                  1.9373060159936673E-002                  0.0000000000000000E+000                  0.0000000000000000E+000                  2.7337000295318764E-013 
                                    1437                  4.5994555900296163E-001                 -1.7057921209156328E+000                  7.7121968427049650E+000                  3.3177012800506689E+000                  1.8836474131078049E+001                  0.0000000000000000E+000                  9.8062693255907707E-001                  1.9373067440922931E-002                  0.0000000000000000E+000                  0.0000000000000000E+000                  3.0148655074222571E-013 
                                    1438                  4.5987563050296981E-001                 -1.7066947240638728E+000                  7.7126936278640237E+000                  3.3317339782783821E+000                  1.8851430664838013E+001                  0.0000000000000000E+000                  9.8062692236928184E-001                  1.9373077630718161E-002                  0.0000000000000000E+000                  0.0000000000000000E+000                  3.3800559050729465E-013 
                                    1439                  4.5977173428232693E-001                 -1.7080030782991102E+000                  7.7132272125187678E+000                  3.3463897261197961E+000                  1.8867082151287917E+001                  5.8442025787503556E-045                  9.8062691248901057E-001                  1.9373087510989428E-002                  1.0239542785168243E-084                  1.7697910014265285E-034                  3.8139752277868548E-013 
                                    1440                  4.5968941881544079E-001                 -1.7090133304858541E+000                  7.7137567164509537E+000                  3.3605044128877117E+000                  1.8882187301265283E+001                  0.0000000000000000E+000                  9.8062690456048784E-001                  1.9373095439512156E-002                  0.0000000000000000E+000                  0.0000000000000000E+000                  4.2906414742710485E-013 
                                    1441                  4.5958723705389198E-001                 -1.7102366983582034E+000                  7.7144581426600611E+000                  3.3785973687383093E+000                  1.8901595849286490E+001                  0.0000000000000000E+000                  9.8062689148663740E-001                  1.9373108513362602E-002                  0.0000000000000000E+000                  0.0000000000000000E+000                  5.0002256544564983E-013 
                                    1442                  4.5944545128744790E-001                 -1.7118811612139939E+000                  7.7150891592242523E+000                  3.3943624847110159E+000                  1.8918549007080340E+001                  0.0000000000000000E+000                  9.8062687887385702E-001                  1.9373121126142978E-002                  0.0000000000000000E+000                  0.0000000000000000E+000                  5.7239654424847849E-013 
                                    1443                  4.5936830062855777E-001                 -1.7127516035286898E+000                  7.7155055462371624E+000                  3.4044884097307304E+000                  1.8929460010852527E+001                  0.0000000000000000E+000                  9.8062686481349415E-001                  1.9373135186505852E-002                  0.0000000000000000E+000                  0.0000000000000000E+000                  6.2495114520946662E-013 
                                    1444                  4.5930109383236550E-001                 -1.7134965256049661E+000                  7.7160547265869681E+000                  3.4175218769892313E+000                  1.8943529997083164E+001                  0.0000000000000000E+000                  9.8062685856348331E-001                  1.9373141436516694E-002                  0.0000000000000000E+000                  0.0000000000000000E+000                  7.0060748526390285E-013 
                                    1445                  4.5917799566994999E-001                 -1.7148301468750760E+000                  7.7166061577099700E+000                  3.4303054050948836E+000                  1.8957357251716171E+001                  0.0000000000000000E+000                  9.8062684924174115E-001                  1.9373150758258850E-002                  0.0000000000000000E+000                  0.0000000000000000E+000                  7.8461741845386820E-013 
                                    1446                  4.5911027453603015E-001                 -1.7155476096188316E+000                  7.7170892835874252E+000                  3.4412269011039558E+000                  1.8969193776687966E+001                  0.0000000000000000E+000                  9.8062684351411000E-001                  1.9373156485889997E-002                  0.0000000000000000E+000                  0.0000000000000000E+000                  8.6527132769339092E-013 
                                    1447                  4.5901083590901465E-001                 -1.7165811675143734E+000                  7.7177167860100839E+000                  3.4550735627853584E+000                  1.8984230827151475E+001                  0.0000000000000000E+000                  9.8062682552018643E-001                  1.9373174479813571E-002                  0.0000000000000000E+000                  0.0000000000000000E+000                  9.8088628283887920E-013 
                                    1448                  4.5889326687716536E-001                 -1.7177739608135092E+000                  7.7185165989283773E+000                  3.4721861914638592E+000                  1.9002862969771119E+001                  0.0000000000000000E+000                  9.8062680906260047E-001                  1.9373190937399531E-002                  0.0000000000000000E+000                  0.0000000000000000E+000                  1.1478561886693328E-012 
                                    1449                  4.5873429365838708E-001                 -1.7193393414640965E+000                  7.7195015323121448E+000                  3.4925106343093555E+000                  1.9025062489657895E+001                  0.0000000000000000E+000                  9.8062679265736252E-001                  1.9373207342637477E-002                  0.0000000000000000E+000                  0.0000000000000000E+000                  1.3878442564020743E-012 
                                    1450                  4.5855273244113970E-001                 -1.7210649035724332E+000                  7.7203201014991807E+000                  3.5088441449875494E+000                  1.9042958485394220E+001                  0.0000000000000000E+000                  9.8062678345450383E-001                  1.9373216545496175E-002                  0.0000000000000000E+000                  0.0000000000000000E+000                  1.6205329813113528E-012 
                                    1451                  4.5845123646322444E-001                 -1.7220025074448972E+000                  7.7209566875010047E+000                  3.5211762683200853E+000                  1.9056505936578613E+001                  0.0000000000000000E+000                  9.8062676516009839E-001                  1.9373234839901610E-002                  0.0000000000000000E+000                  0.0000000000000000E+000                  1.8247607318971887E-012 
                                    1452                  4.5833242444853650E-001                 -1.7230767847009456E+000                  7.7217827707328563E+000                  3.5367469444650648E+000                  1.9073654848079233E+001                  0.0000000000000000E+000                  9.8062675187888715E-001                  1.9373248121112852E-002                  0.0000000000000000E+000                  0.0000000000000000E+000                  2.1240109550875757E-012 
                                    1453                  4.5816509324170218E-001                 -1.7245493742445954E+000                  7.7226235173742301E+000                  3.5521593177084823E+000                  1.9090676579287614E+001                  0.0000000000000000E+000                  9.8062673169248049E-001                  1.9373268307519509E-002                  0.0000000000000000E+000                  0.0000000000000000E+000                  2.4735859695425187E-012 
                                    1454                  4.5804088068088472E-001                 -1.7256136744360282E+000                  7.7234656726224946E+000                  3.5671332814328420E+000                  1.9107262633277934E+001                  0.0000000000000000E+000                  9.8062671901012932E-001                  1.9373280989870678E-002                  0.0000000000000000E+000                  0.0000000000000000E+000                  2.8746917363243715E-012 
                                    1455                  4.5787260652154266E-001                 -1.7270185736307602E+000                  7.7243100866922640E+000                  3.5817582714377716E+000                  1.9123506678927896E+001                  0.0000000000000000E+000                  9.8062669754986453E-001                  1.9373302450135466E-002                  0.0000000000000000E+000                  0.0000000000000000E+000                  3.3355912877600751E-012 
                                    1456                  4.5774710811640362E-001                 -1.7280401750904280E+000                  7.7250860158483485E+000                  3.5948367225880369E+000                  1.9138072891531664E+001                  0.0000000000000000E+000                  9.8062668724536606E-001                  1.9373312754633942E-002                  0.0000000000000000E+000                  0.0000000000000000E+000                  3.8169955189141029E-012 
                                    1457                  4.5760215060064374E-001                 -1.7291938094705706E+000                  7.7257751676383855E+000                  3.6062055000922855E+000                  1.9150764596680244E+001                  0.0000000000000000E+000                  9.8062667884101562E-001                  1.9373321158984380E-002                  0.0000000000000000E+000                  0.0000000000000000E+000                  4.2970876956664126E-012 
                                    1458                  4.5750644092214277E-001                 -1.7299407155781181E+000                  7.7264446881027924E+000                  3.6170065542877738E+000                  1.9162850222328082E+001                  0.0000000000000000E+000                  9.8062665717712694E-001                  1.9373342822873063E-002                  0.0000000000000000E+000                  0.0000000000000000E+000                  4.8152672314390735E-012 
                                    1459                  4.5736791305804875E-001                 -1.7310018191126217E+000                  7.7271567532518013E+000                  3.6282772933855032E+000                  1.9175488594523603E+001                  0.0000000000000000E+000                  9.8062664472059802E-001                  1.9373355279401983E-002                  0.0000000000000000E+000                  0.0000000000000000E+000                  5.4290566183798409E-012 
                                    1460                  4.5725679244470085E-001                 -1.7318366312561435E+000                  7.7277976475082779E+000                  3.6382200194129171E+000                  1.9186662243769248E+001                  0.0000000000000000E+000                  9.8062663399449057E-001                  1.9373366005509429E-002                  0.0000000000000000E+000                  0.0000000000000000E+000                  6.0418566661449992E-012 
                                    1461                  4.5714274760468865E-001                 -1.7326788843779384E+000                  7.7286934060464327E+000                  3.6517997407297380E+000                  1.9201961435997298E+001                  0.0000000000000000E+000                  9.8062661590386535E-001                  1.9373384096134649E-002                  0.0000000000000000E+000                  0.0000000000000000E+000                  7.0045027185945394E-012 
                                    1462                  4.5694131999135312E-001                 -1.7341321612380307E+000                  7.7295437830407918E+000                  3.6644331906497416E+000                  1.9216230729109032E+001                  0.0000000000000000E+000                  9.8062659911286743E-001                  1.9373400887132575E-002                  0.0000000000000000E+000                  0.0000000000000000E+000                  8.0490614308949471E-012 
                                    1463                  4.5684224031135096E-001                 -1.7348316989301791E+000                  7.7301861661647511E+000                  3.6737661700269157E+000                  1.9226798025680758E+001                  0.0000000000000000E+000                  9.8062658654160273E-001                  1.9373413458397271E-002                  0.0000000000000000E+000                  0.0000000000000000E+000                  8.9304728809732934E-012 
                                    1464                  4.5671374635133455E-001                 -1.7357245202075644E+000                  7.7309880004861524E+000                  3.6852011213505138E+000                  1.9239773895409876E+001                  0.0000000000000000E+000                  9.8062656803468395E-001                  1.9373431965316046E-002                  0.0000000000000000E+000                  0.0000000000000000E+000                  1.0155901075853390E-011 
                                    1465                  4.5655738623130337E-001                 -1.7367899133365929E+000                  7.7319255066319013E+000                  3.6982834069055275E+000                  1.9254658134987906E+001                  0.0000000000000000E+000                  9.8062655632549722E-001                  1.9373443674502777E-002                  0.0000000000000000E+000                  0.0000000000000000E+000                  1.1785726807859961E-011 
                                    1466                  4.5637952444459895E-001                 -1.7379750264078868E+000                  7.7326743919001935E+000                  3.7085403189110444E+000                  1.9266356079819172E+001                  0.0000000000000000E+000                  9.8062653726244808E-001                  1.9373462737551916E-002                  0.0000000000000000E+000                  0.0000000000000000E+000                  1.3260042618352441E-011 
                                    1467                  4.5628938945791908E-001                 -1.7385651968595668E+000                  7.7332593176069500E+000                  3.7164076772931978E+000                  1.9275347689393197E+001                  2.1193807399435314E-045                  9.8062652505661951E-001                  1.9373474943380486E-002                  3.6756229750328715E-085                  2.7929700202259635E-034                  1.4527747687426539E-011 
                                    1468                  4.5616966817790461E-001                 -1.7393386486935081E+000                  7.7342865022217442E+000                  3.7299424096060605E+000                  1.9290854776964732E+001                  0.0000000000000000E+000                  9.8062650579343358E-001                  1.9373494206566422E-002                  0.0000000000000000E+000                  0.0000000000000000E+000                  1.7028989333523268E-011 
                                    1469                  4.5591964679787683E-001                 -1.7409170976931057E+000                  7.7354316166074444E+000                  3.7447228615884876E+000                  1.9307838600650609E+001                  0.0000000000000000E+000                  9.8062648188824841E-001                  1.9373518111751586E-002                  0.0000000000000000E+000                  0.0000000000000000E+000                  2.0294472435634758E-011 
                                    1470                  4.5575511604452629E-001                 -1.7419300954317172E+000                  7.7366629669407345E+000                  3.7601514330436894E+000                  1.9325631509825442E+001                  3.5479544620414585E-044                  9.8062645684580907E-001                  1.9373543154190931E-002                  1.1688601297578421E-082                  5.7262303912324942E-033                  2.4447290379550651E-011 
                                    1471                  4.5547163807117175E-001                 -1.7436303754217251E+000                  7.7382169941751817E+000                  3.7791025396589148E+000                  1.9347569508806600E+001                  0.0000000000000000E+000                  9.8062642338656825E-001                  1.9373576613431753E-002                  0.0000000000000000E+000                  0.0000000000000000E+000                  3.0834940690436775E-011 
                                    1472                  4.5518549389115370E-001                 -1.7452925580516707E+000                  7.7395662885334184E+000                  3.7951026546133568E+000                  1.9366164372847198E+001                  0.0000000000000000E+000                  9.8062639625557180E-001                  1.9373603744428203E-002                  0.0000000000000000E+000                  0.0000000000000000E+000                  3.7626761517597064E-011 
                                    1473                  4.5497314343113093E-001                 -1.7464932798945001E+000                  7.7404355797925994E+000                  3.8051946304000537E+000                  1.9377928145931822E+001                  0.0000000000000000E+000                  9.8062637484026982E-001                  1.9373625159730179E-002                  0.0000000000000000E+000                  0.0000000000000000E+000                  4.2724805635828893E-011 
                                    1474                  4.5486236684445897E-001                 -1.7471091242640036E+000                  7.7414430315893217E+000                  3.8166334806955180E+000                  1.9391299390565788E+001                  0.0000000000000000E+000                  9.8062635533382381E-001                  1.9373644666176193E-002                  0.0000000000000000E+000                  0.0000000000000000E+000                  4.9434476681313098E-011 
                                    1475                  4.5459712228443766E-001                 -1.7485556384254564E+000                  7.7429569708888604E+000                  3.8334679926662059E+000                  1.9411040501448777E+001                  0.0000000000000000E+000                  9.8062632460592780E-001                  1.9373675394072198E-002                  0.0000000000000000E+000                  0.0000000000000000E+000                  6.1427685090072423E-011 
                                    1476                  4.5429291670439603E-001                 -1.7501685014833492E+000                  7.7441101711946230E+000                  3.8460379792914496E+000                  1.9425828442821512E+001                  0.0000000000000000E+000                  9.8062629912639399E-001                  1.9373700873606015E-002                  0.0000000000000000E+000                  0.0000000000000000E+000                  7.2376057566395644E-011 
                                    1477                  4.5415952036437934E-001                 -1.7508610723661862E+000                  7.7449525739880158E+000                  3.8550289409614455E+000                  1.9436435783296783E+001                  0.0000000000000000E+000                  9.8062627932483271E-001                  1.9373720675167294E-002                  0.0000000000000000E+000                  0.0000000000000000E+000                  8.1502440954084610E-011 
                                    1478                  4.5397168180435687E-001                 -1.7518217853197153E+000                  7.7459669198010506E+000                  3.8656971199398740E+000                  1.9449050748751070E+001                  0.0000000000000000E+000                  9.8062626195781155E-001                  1.9373738042188449E-002                  0.0000000000000000E+000                  0.0000000000000000E+000                  9.3947019918467012E-011 
                                    1479                  4.5377042620433100E-001                 -1.7528330073145335E+000                  7.7471580370551409E+000                  3.8779939622555926E+000                  1.9463632302071165E+001                  0.0000000000000000E+000                  9.8062622843746394E-001                  1.9373771562536057E-002                  0.0000000000000000E+000                  0.0000000000000000E+000                  1.1086197361618782E-010 
                                    1480                  4.5351171815096702E-001                 -1.7541066229388340E+000                  7.7482256062045511E+000                  3.8888510508266441E+000                  1.9476539915090999E+001                  0.0000000000000000E+000                  9.8062624202400406E-001                  1.9373757975995942E-002                  0.0000000000000000E+000                  0.0000000000000000E+000                  1.2847137197430672E-010 
                                    1481                  4.5335484199094639E-001                 -1.7548651610854364E+000                  7.7490227577035986E+000                  3.8968291902757786E+000                  1.9486047493230327E+001                  0.0000000000000000E+000                  9.8062615970816047E-001                  1.9373840291839528E-002                  0.0000000000000000E+000                  0.0000000000000000E+000                  1.4331590475181165E-010 
                                    1482                  4.5319968596426380E-001                 -1.7556055491323144E+000                  7.7501680619100073E+000                  3.9081003165755952E+000                  1.9499512834136159E+001                  0.0000000000000000E+000                  9.8062616329011765E-001                  1.9373836709882353E-002                  0.0000000000000000E+000                  0.0000000000000000E+000                  1.6751317855256436E-010 
                                    1483                  4.5290399504423806E-001                 -1.7569905322684667E+000                  7.7518675672210300E+000                  3.9245034842669746E+000                  1.9519173384045512E+001                  0.0000000000000000E+000                  9.8062612679089356E-001                  1.9373873209106440E-002                  0.0000000000000000E+000                  0.0000000000000000E+000                  2.1074843493796216E-010 
                                    1484                  4.5252401759089345E-001                 -1.7587228846004472E+000                  7.7536135856794264E+000                  3.9409973455084910E+000                  1.9539017898715851E+001                  0.0000000000000000E+000                  9.8062608745105584E-001                  1.9373912548944161E-002                  0.0000000000000000E+000                  0.0000000000000000E+000                  2.6624037496766677E-010 
                                    1485                  4.5220097655085734E-001                 -1.7601563651422822E+000                  7.7550928964239167E+000                  3.9546714353786840E+000                  1.9555530251503757E+001                  0.0000000000000000E+000                  9.8062605167578165E-001                  1.9373948324218349E-002                  0.0000000000000000E+000                  0.0000000000000000E+000                  3.2396634621549783E-010 
                                    1486                  4.5192162689750004E-001                 -1.7613685732593154E+000                  7.7562235563144091E+000                  3.9649574370460132E+000                  1.9567986561127388E+001                  0.0000000000000000E+000                  9.8062602151791700E-001                  1.9373978482082999E-002                  0.0000000000000000E+000                  0.0000000000000000E+000                  3.7601284408513331E-010 
                                    1487                  4.5173608539256049E-001                 -1.7621603282258946E+000                  7.7574441655345971E+000                  3.9758598906957485E+000                  1.9581227018369571E+001                  0.0000000000000000E+000                  9.8062599550435869E-001                  1.9374004495641306E-002                  0.0000000000000000E+000                  0.0000000000000000E+000                  4.4110061339278833E-010 
                                    1488                  4.5141612066713993E-001                 -1.7635016965377843E+000                  7.7591652861359561E+000                  3.9909792724428539E+000                  1.9599645169868868E+001                  0.0000000000000000E+000                  9.8062595244650530E-001                  1.9374047553494700E-002                  0.0000000000000000E+000                  0.0000000000000000E+000                  5.5159309428546525E-010 
                                    1489                  4.5101521556617080E-001                 -1.7651416797382931E+000                  7.7607590666800759E+000                  4.0047608121511464E+000                  1.9616487821320742E+001                  0.0000000000000000E+000                  9.8062591200621640E-001                  1.9374087993783595E-002                  0.0000000000000000E+000                  0.0000000000000000E+000                  6.7748915310937786E-010 
                                    1490                  4.5073930207924540E-001                 -1.7662455199543112E+000                  7.7619021271034452E+000                  4.0144848418557642E+000                  1.9628406348681501E+001                  0.0000000000000000E+000                  9.8062588241197191E-001                  1.9374117588028095E-002                  0.0000000000000000E+000                  0.0000000000000000E+000                  7.8434237283667417E-010 
                                    1491                  4.5052487048737594E-001                 -1.7670900615251950E+000                  7.7633634448333302E+000                  4.0266921055768785E+000                  1.9643412893282882E+001                  0.0000000000000000E+000                  9.8062584937154418E-001                  1.9374150628455822E-002                  0.0000000000000000E+000                  0.0000000000000000E+000                  9.4455800523708816E-010 
                                    1492                  4.5010709561733919E-001                 -1.7687035008972469E+000                  7.7647216466964792E+000                  4.0379525247133108E+000                  1.9657286619775689E+001                  0.0000000000000000E+000                  9.8062581453758135E-001                  1.9374185462418647E-002                  0.0000000000000000E+000                  0.0000000000000000E+000                  1.1219435317936845E-009 
                                    1493                  4.4992899227503608E-001                 -1.7693790506286289E+000                  7.7660020512308874E+000                  4.0483532799084845E+000                  1.9670141570920954E+001                  0.0000000000000000E+000                  9.8062578094958197E-001                  1.9374219050418029E-002                  0.0000000000000000E+000                  0.0000000000000000E+000                  1.3178756627258475E-009 
                                    1494                  4.4954103073096219E-001                 -1.7708263421814794E+000                  7.7678636309998863E+000                  4.0632841581291705E+000                  1.9688647468865877E+001                  0.0000000000000000E+000                  9.8062573259199259E-001                  1.9374267408007406E-002                  0.0000000000000000E+000                  0.0000000000000000E+000                  1.6631826092129601E-009 
                                    1495                  4.4909456430989569E-001                 -1.7724527721869328E+000                  7.7697450375239594E+000                  4.0781359138515629E+000                  1.9707117899952596E+001                  0.0000000000000000E+000                  9.8062568178928422E-001                  1.9374318210715780E-002                  0.0000000000000000E+000                  0.0000000000000000E+000                  2.1007814123396011E-009 
                                    1496                  4.4868405292106628E-001                 -1.7739134388528772E+000                  7.7714342949952808E+000                  4.0912610507610268E+000                  1.9723494612092072E+001                  0.0000000000000000E+000                  9.8062563611203823E-001                  1.9374363887961765E-002                  0.0000000000000000E+000                  0.0000000000000000E+000                  2.5873120356682249E-009 
                                    1497                  4.4831349363979911E-001                 -1.7752049170710908E+000                  7.7726557550439983E+000                  4.1006518995090859E+000                  1.9735240880778122E+001                  0.0000000000000000E+000                  9.8062560358506246E-001                  1.9374396414937545E-002                  0.0000000000000000E+000                  0.0000000000000000E+000                  3.0057731045143152E-009 
                                    1498                  4.4811177702646010E-001                 -1.7758976367615193E+000                  7.7737986287794678E+000                  4.1093124150280431E+000                  1.9746100471177940E+001                  0.0000000000000000E+000                  9.8062557238507175E-001                  1.9374427614928247E-002                  0.0000000000000000E+000                  0.0000000000000000E+000                  3.4556486767372544E-009 
                                    1499                  4.4777367913771821E-001                 -1.7770430290564296E+000                  7.7753352453088134E+000                  4.1208465364619595E+000                  1.9760595603428207E+001                  0.0000000000000000E+000                  9.8062552734545727E-001                  1.9374472654542729E-002                  1.5885511620271094E-032                  0.0000000000000000E+000                  4.1651218583431698E-009 
                                    1500                  4.4737711817241638E-001                 -1.7783624534061926E+000                  7.7766034249827305E+000                  4.1302956901068484E+000                  1.9772495691431779E+001                  0.0000000000000000E+000                  9.8062549308317315E-001                  1.9374506916826850E-002                  0.0000000000000000E+000                  0.0000000000000000E+000                  4.8564329591503113E-009 
                                    1501                  4.4715891030312782E-001                 -1.7790778536515099E+000                  7.7778015114137000E+000                  4.1390968359538558E+000                  1.9783607276132155E+001                  0.0000000000000000E+000                  9.8062545669907408E-001                  1.9374543300925917E-002                  0.0000000000000000E+000                  0.0000000000000000E+000                  5.6101136449501683E-009 
                                    1502                  4.4679126060484808E-001                 -1.7802668143714002E+000                  7.7800513887859344E+000                  4.1553670893231667E+000                  1.9804212694298712E+001                  0.0000000000000000E+000                  9.8062539327283715E-001                  1.9374606727162846E-002                  0.0000000000000000E+000                  0.0000000000000000E+000                  7.3430194582393852E-009 
                                    1503                  4.4604336749076334E-001                 -1.7826252284264963E+000                  7.7824189306730762E+000                  4.1723838649249396E+000                  1.9825826475342666E+001                  0.0000000000000000E+000                  9.8062531491150706E-001                  1.9374685088492938E-002                  0.0000000000000000E+000                  0.0000000000000000E+000                  9.7365123452244074E-009 
                                    1504                  4.4558721435699256E-001                 -1.7840264829159522E+000                  7.7841813682194596E+000                  4.1848264598934612E+000                  1.9841687860014190E+001                  0.0000000000000000E+000                  9.8062526690178720E-001                  1.9374733098212804E-002                  0.0000000000000000E+000                  0.0000000000000000E+000                  1.1993585942006753E-008 
                                    1505                  4.4513175604900568E-001                 -1.7853991757835292E+000                  7.7859786696621152E+000                  4.1973684041735728E+000                  1.9857720511042128E+001                  0.0000000000000000E+000                  9.8062520700179723E-001                  1.9374792998202772E-002                  0.0000000000000000E+000                  0.0000000000000000E+000                  1.4818876212281551E-008 
                                    1506                  4.4464233813029480E-001                 -1.7868462544682135E+000                  7.7875057035877200E+000                  4.2079471246700342E+000                  1.9871274541615719E+001                  0.0000000000000000E+000                  9.8062515706550668E-001                  1.9374842934493319E-002                  0.0000000000000000E+000                  0.0000000000000000E+000                  1.7724868768678508E-008 
                                    1507                  4.4431533574097792E-001                 -1.7877976986108184E+000                  7.7893849765274714E+000                  4.2207457344606816E+000                  1.9887724278208935E+001                  0.0000000000000000E+000                  9.8062509944321774E-001                  1.9374900556782260E-002                  0.0000000000000000E+000                  0.0000000000000000E+000                  2.2062810723612322E-008 
                                    1508                  4.4362485260814666E-001                 -1.7897681563140400E+000                  7.7912050463623368E+000                  4.2331403481807328E+000                  1.9903684115837084E+001                  0.0000000000000000E+000                  9.8062503751771601E-001                  1.9374962482283986E-002                  0.0000000000000000E+000                  0.0000000000000000E+000                  2.7264606832578250E-008 
                                    1509                  4.4330748869494185E-001                 -1.7906570886963089E+000                  7.7923031812306016E+000                  4.2405244916562728E+000                  1.9913216124806805E+001                  0.0000000000000000E+000                  9.8062499917364887E-001                  1.9375000826351130E-002                  0.0000000000000000E+000                  0.0000000000000000E+000                  3.0959553476783795E-008 
                                    1510                  4.4300962491705237E-001                 -1.7914822063976212E+000                  7.7934887782941988E+000                  4.2484402592836537E+000                  1.9923451925357501E+001                  0.0000000000000000E+000                  9.8062496026489432E-001                  1.9375039735105681E-002                  0.0000000000000000E+000                  0.0000000000000000E+000                  3.5498182844107696E-008 
                                    1511                  4.4263629182621239E-001                 -1.7925042026088647E+000                  7.7953062946280367E+000                  4.2604512435824518E+000                  1.9939019233681012E+001                  0.0000000000000000E+000                  9.8062489660129215E-001                  1.9375103398707849E-002                  0.0000000000000000E+000                  0.0000000000000000E+000                  4.3742259966410815E-008 
                                    1512                  4.4196698452665967E-001                 -1.7943038938937375E+000                  7.7973370474211743E+000                  4.2738288879564879E+000                  1.9956394654305882E+001                  0.0000000000000000E+000                  9.8062482505979165E-001                  1.9375174940208351E-002                  0.0000000000000000E+000                  0.0000000000000000E+000                  5.5207191149183053E-008 
                                    1513                  4.4144562062586884E-001                 -1.7956782459474780E+000                  7.7990409994650340E+000                  4.2849413198037896E+000                  1.9970866026739021E+001                  0.0000000000000000E+000                  9.8062476067329618E-001                  1.9375239326703819E-002                  0.0000000000000000E+000                  0.0000000000000000E+000                  6.7059036494104457E-008 
                                    1514                  4.4095004301913432E-001                 -1.7969633719251246E+000                  7.8005755143086351E+000                  4.2948836226269371E+000                  1.9983840641743551E+001                  0.0000000000000000E+000                  9.8062470249843592E-001                  1.9375297501564082E-002                  0.0000000000000000E+000                  0.0000000000000000E+000                  7.9852991231106297E-008 
                                    1515                  4.4051462614751713E-001                 -1.7980761130431711E+000                  7.8022582712351420E+000                  4.3056839539748903E+000                  1.9997967557595274E+001                  0.0000000000000000E+000                  9.8062464071388011E-001                  1.9375359286119886E-002                  0.0000000000000000E+000                  0.0000000000000000E+000                  9.6635436548269708E-008 
                                    1516                  4.3991387105499546E-001                 -1.7995873098140258E+000                  7.8041441944150609E+000                  4.3177325781287816E+000                  2.0013759706386427E+001                  0.0000000000000000E+000                  9.8062456812606213E-001                  1.9375431873937865E-002                  0.0000000000000000E+000                  0.0000000000000000E+000                  1.1960804285868004E-007 
                                    1517                  4.3933066375409169E-001                 -1.8010288513781938E+000                  7.8056662669623789E+000                  4.3274159184866106E+000                  2.0026476357111783E+001                  0.0000000000000000E+000                  9.8062450864319761E-001                  1.9375491356802388E-002                  0.0000000000000000E+000                  0.0000000000000000E+000                  1.4202129003025484E-007 
                                    1518                  4.3894039474981339E-001                 -1.8019800584555195E+000                  7.8072198990914412E+000                  4.3371959490883061E+000                  2.0039349667715484E+001                  0.0000000000000000E+000                  9.8062444506474888E-001                  1.9375554935251116E-002                  0.0000000000000000E+000                  0.0000000000000000E+000                  1.6912285955108902E-007 
                                    1519                  4.3832368711951231E-001                 -1.8034620954843448E+000                  7.8088857463161583E+000                  4.3476720095797186E+000                  2.0053160753254684E+001                  0.0000000000000000E+000                  9.8062437925061363E-001                  1.9375620749386369E-002                  0.0000000000000000E+000                  0.0000000000000000E+000                  2.0391470990302329E-007 
                                    1520                  4.3783991002022976E-001                 -1.8046073199962429E+000                  7.8106212115982094E+000                  4.3584841465919988E+000                  2.0067448251281373E+001                  0.0000000000000000E+000                  9.8062430414946855E-001                  1.9375695850531449E-002                  0.0000000000000000E+000                  0.0000000000000000E+000                  2.4763277238556394E-007 
                                    1521                  4.3715885949457600E-001                 -1.8061948083575157E+000                  7.8122025320892687E+000                  4.3683427301203688E+000                  2.0080494703483680E+001                  0.0000000000000000E+000                  9.8062423751988159E-001                  1.9375762480118408E-002                  0.0000000000000000E+000                  0.0000000000000000E+000                  2.9556347819759648E-007 
                                    1522                  4.3675651275588567E-001                 -1.8071195980360060E+000                  7.8135395214840608E+000                  4.3766041034695906E+000                  2.0091450057039623E+001                  0.0000000000000000E+000                  9.8062418187608036E-001                  1.9375818123919641E-002                  2.0895043074722218E-031                  0.0000000000000000E+000                  3.4310916450681930E-007 
                                    1523                  4.3623070872643110E-001                 -1.8083140906124233E+000                  7.8154957981119813E+000                  4.3886117658932635E+000                  2.0107405734286743E+001                  0.0000000000000000E+000                  9.8062409300146480E-001                  1.9375906998535197E-002                  0.0000000000000000E+000                  0.0000000000000000E+000                  4.2659519840959799E-007 
                                    1524                  4.3537574389766098E-001                 -1.8102237434970117E+000                  7.8178843880335638E+000                  4.4032486038180068E+000                  2.0126895673435186E+001                  0.0000000000000000E+000                  9.8062398223154779E-001                  1.9376017768452214E-002                  0.0000000000000000E+000                  0.0000000000000000E+000                  5.5645987878854546E-007 
                                    1525                  4.3450103398155715E-001                 -1.8121378629621487E+000                  7.8196950909084677E+000                  4.4143441303138244E+000                  2.0141698083677692E+001                  0.0000000000000000E+000                  9.8062389823719565E-001                  1.9376101762804354E-002                  0.0000000000000000E+000                  0.0000000000000000E+000                  6.8067701365276599E-007 
                                    1526                  4.3403039760045542E-001                 -1.8131519835393026E+000                  7.8212751288281241E+000                  4.4239216898854155E+000                  2.0154506042565540E+001                  0.0000000000000000E+000                  9.8062382366597955E-001                  1.9376176334020445E-002                  0.0000000000000000E+000                  0.0000000000000000E+000                  8.1113284426074065E-007 
                                    1527                  4.3330925516144531E-001                 -1.8146854271053272E+000                  7.8234411594349043E+000                  4.4370109364612276E+000                  2.0172043576517080E+001                  0.0000000000000000E+000                  9.8062371601617027E-001                  1.9376283983829734E-002                  0.0000000000000000E+000                  0.0000000000000000E+000                  1.0314774677640833E-006 
                                    1528                  4.3236138665144813E-001                 -1.8166650103946587E+000                  7.8259264801505832E+000                  4.4519993191197704E+000                  2.0192170293376517E+001                  0.0000000000000000E+000                  9.8062359136967925E-001                  1.9376408630320752E-002                  2.1907100774097290E-030                  0.0000000000000000E+000                  1.3591977474077517E-006 
                                    1529                  4.3134074432278341E-001                 -1.8187534045089035E+000                  7.8279898720343812E+000                  4.4644605237597128E+000                  2.0208935408010475E+001                  0.0000000000000000E+000                  9.8062348154644097E-001                  1.9376518453559033E-002                  0.0000000000000000E+000                  0.0000000000000000E+000                  1.7098526008520926E-006 
                                    1530                  4.3067918420696544E-001                 -1.8200844053301286E+000                  7.8294895280565129E+000                  4.4734700989582308E+000                  2.0221080903014677E+001                  0.0000000000000000E+000                  9.8062340149789751E-001                  1.9376598502102493E-002                  0.0000000000000000E+000                  0.0000000000000000E+000                  2.0202697737262913E-006 
                                    1531                  4.3009430241599567E-001                 -1.8212469461461014E+000                  7.8307757854557352E+000                  4.4811870321470275E+000                  2.0231497752431764E+001                  0.0000000000000000E+000                  9.8062333054593953E-001                  1.9376669454060469E-002                  0.0000000000000000E+000                  0.0000000000000000E+000                  2.3313971306461127E-006 
                                    1532                  4.2959223145116887E-001                 -1.8222346208482554E+000                  7.8327326206792751E+000                  4.4928199980118437E+000                  2.0247234276907804E+001                  0.0000000000000000E+000                  9.8062322103461730E-001                  1.9376778965382702E-002                  0.0000000000000000E+000                  0.0000000000000000E+000                  2.8986578380698036E-006 
                                    1533                  4.2841538354917591E-001                 -1.8245140876060719E+000                  7.8348594004222845E+000                  4.5055974832963956E+000                  2.0264535961887869E+001                  0.0000000000000000E+000                  9.8062309700062522E-001                  1.9376902999374779E-002                  0.0000000000000000E+000                  0.0000000000000000E+000                  3.6778003970506863E-006 
                                    1534                  4.2770941992165085E-001                 -1.8258585746540528E+000                  7.8369451482654240E+000                  4.5179972987485648E+000                  2.0281370936272996E+001                  0.0000000000000000E+000                  9.8062297321748049E-001                  1.9377026782519513E-002                  0.0000000000000000E+000                  0.0000000000000000E+000                  4.6455514433151574E-006 
                                    1535                  4.2653027656072079E-001                 -1.8280679486031837E+000                  7.8389295057929091E+000                  4.5299067461657669E+000                  2.0297557499170402E+001                  0.0000000000000000E+000                  9.8062285241404201E-001                  1.9377147585957988E-002                  0.0000000000000000E+000                  0.0000000000000000E+000                  5.8100345268732676E-006 
                                    1536                  4.2585951949586015E-001                 -1.8293054097507986E+000                  7.8405976298169184E+000                  4.5398435088075093E+000                  2.0311092297769722E+001                  0.0000000000000000E+000                  9.8062274650253944E-001                  1.9377253497460556E-002                  0.0000000000000000E+000                  0.0000000000000000E+000                  7.0143292541487444E-006 
                                    1537                  4.2494526552523132E-001                 -1.8309705439104422E+000                  7.8421618440933765E+000                  4.5492151463460324E+000                  2.0323870067069148E+001                  0.0000000000000000E+000                  9.8062264585691883E-001                  1.9377354143081171E-002                  1.2985789960158031E-029                  0.0000000000000000E+000                  8.3774066257438705E-006 
                                    1538                  4.2433735097492009E-001                 -1.8320644832663460E+000                  7.8442759622248595E+000                  4.5617472679284115E+000                  2.0340998031898703E+001                  0.0000000000000000E+000                  9.8062250442768994E-001                  1.9377495572310055E-002                  0.0000000000000000E+000                  0.0000000000000000E+000                  1.0654543168876994E-005 
                                    1539                  4.2285151573395968E-001                 -1.8346957942107465E+000                  7.8463179874707825E+000                  4.5740747468047696E+000                  2.0357854901329887E+001                  0.0000000000000000E+000                  9.8062236248360402E-001                  1.9377637516395985E-002                  0.0000000000000000E+000                  0.0000000000000000E+000                  1.3473938696104240E-005 
                                    1540                  4.2223848068459791E-001                 -1.8357646388150963E+000                  7.8475304898101967E+000                  4.5813403170817431E+000                  2.0367809761619654E+001                  0.0000000000000000E+000                  9.8062227605393082E-001                  1.9377723946069181E-002                  0.0000000000000000E+000                  0.0000000000000000E+000                  1.5495733412435919E-005 
                                    1541                  4.2158390280395280E-001                 -1.8368955396364071E+000                  7.8488669195574072E+000                  4.5893541144818624E+000                  2.0378801666806392E+001                  0.0000000000000000E+000                  9.8062218163782655E-001                  1.9377818362173449E-002                  0.0000000000000000E+000                  0.0000000000000000E+000                  1.8089394745832683E-005 
                                    1542                  4.2081729730966150E-001                 -1.8382067855986042E+000                  7.8505454617513815E+000                  4.5994221013561818E+000                  2.0392629362155851E+001                  0.0000000000000000E+000                  9.8062205369183297E-001                  1.9377946308167027E-002                  0.0000000000000000E+000                  0.0000000000000000E+000                  2.1992837488762458E-005 
                                    1543                  4.1976299082209073E-001                 -1.8399877209151643E+000                  7.8526798938383244E+000                  4.6122633979472427E+000                  2.0410292198817942E+001                  0.0000000000000000E+000                  9.8062189142108225E-001                  1.9378108578917752E-002                  0.0000000000000000E+000                  0.0000000000000000E+000                  2.8249887061417427E-005 
                                    1544                  4.1843869326866151E-001                 -1.8421896248040734E+000                  7.8546801806092006E+000                  4.6244082396286448E+000                  2.0427017584843750E+001                  0.0000000000000000E+000                  9.8062172964177730E-001                  1.9378270358222704E-002                  0.0000000000000000E+000                  0.0000000000000000E+000                  3.5807583297681936E-005 
                                    1545                  4.1745946247448207E-001                 -1.8437938456441521E+000                  7.8559161197322673E+000                  4.6319456237353753E+000                  2.0437409900450270E+001                  0.0000000000000000E+000                  9.8062163031075300E-001                  1.9378369689246999E-002                  0.0000000000000000E+000                  0.0000000000000000E+000                  4.1502841935148942E-005 
                                    1546                  4.1698030636065025E-001                 -1.8445716914978358E+000                  7.8573047920166763E+000                  4.6403473415335252E+000                  2.0449013883607318E+001                  0.0000000000000000E+000                  9.8062151352147209E-001                  1.9378486478527912E-002                  0.0000000000000000E+000                  0.0000000000000000E+000                  4.9016271616234095E-005 
                                    1547                  4.1579928083029793E-001                 -1.8464696433187346E+000                  7.8590513197801570E+000                  4.6510408972332673E+000                  2.0463792504391449E+001                  0.0000000000000000E+000                  9.8062136291026669E-001                  1.9378637089733308E-002                  0.0000000000000000E+000                  0.0000000000000000E+000                  6.0550740037094140E-005 
                                    1548                  4.1483236824976955E-001                 -1.8480037967262042E+000                  7.8608629158117509E+000                  4.6621290846976562E+000                  2.0479141782705494E+001                  0.0000000000000000E+000                  9.8062120128268004E-001                  1.9378798717319956E-002                  0.0000000000000000E+000                  0.0000000000000000E+000                  7.5517691849114648E-005 
                                    1549                  4.1351675394047810E-001                 -1.8500640086405487E+000                  7.8631612593905409E+000                  4.6762803306293499E+000                  2.0498760621761416E+001                  0.0000000000000000E+000                  9.8062098858170021E-001                  1.9379011418299785E-002                  0.0000000000000000E+000                  0.0000000000000000E+000                  1.0024512232876180E-004 
                                    1550                  4.1184259462358258E-001                 -1.8526426146748141E+000                  7.8650376053304276E+000                  4.6880272754376113E+000                  2.0515060742900484E+001                  0.0000000000000000E+000                  9.8062080514041028E-001                  1.9379194859589721E-002                  0.0000000000000000E+000                  0.0000000000000000E+000                  1.2673198691678440E-004 
                                    1551                  4.1097840512167133E-001                 -1.8539556972477560E+000                  7.8662850949617997E+000                  4.6958251482434878E+000                  2.0525898084811431E+001                  0.0000000000000000E+000                  9.8062068553546133E-001                  1.9379314464538666E-002                  0.0000000000000000E+000                  0.0000000000000000E+000                  1.4826492446047050E-004 
                                    1552                  4.1011875172880841E-001                 -1.8552502509052855E+000                  7.8679385915421047E+000                  4.7061634395554384E+000                  2.0540285403232648E+001                  0.0000000000000000E+000                  9.8062051412062623E-001                  1.9379485879373770E-002                  0.0000000000000000E+000                  0.0000000000000000E+000                  1.8280020515889633E-004 
                                    1553                  4.0864544752262266E-001                 -1.8574429497421368E+000                  7.8701108841717211E+000                  4.7198963724232792E+000                  2.0559418694704867E+001                  0.0000000000000000E+000                  9.8062028062063777E-001                  1.9379719379362226E-002                  0.0000000000000000E+000                  0.0000000000000000E+000                  2.4145404667300243E-004 
                                    1554                  4.0694710789300520E-001                 -1.8599318030452092E+000                  7.8718571539085378E+000                  4.7311197343166347E+000                  2.0575069840709453E+001                  0.0000000000000000E+000                  9.8062008266008260E-001                  1.9379917339917396E-002                  0.0000000000000000E+000                  0.0000000000000000E+000                  3.0287696366676942E-004 
                                    1555                  4.0599527131470081E-001                 -1.8613093840496302E+000                  7.8732175558604567E+000                  4.7398576624259521E+000                  2.0587273890819031E+001                  0.0000000000000000E+000                  9.8061992626917605E-001                  1.9380073730823955E-002                  0.0000000000000000E+000                  0.0000000000000000E+000                  3.6179320841536961E-004 
                                    1556                  4.0483528427243948E-001                 -1.8629721446639069E+000                  7.8745561307734278E+000                  4.7485410319782746E+000                  2.0599410893747741E+001                  0.0000000000000000E+000                  9.8061976633701309E-001                  1.9380233662986912E-002                  0.0000000000000000E+000                  0.0000000000000000E+000                  4.3157369988107295E-004 
                                    1557                  4.0386209347627783E-001                 -1.8643539881607583E+000                  7.8763006891254586E+000                  4.7598515354137811E+000                  2.0615244377683492E+001                  0.0000000000000000E+000                  9.8061955237770748E-001                  1.9380447622292518E-002                  0.0000000000000000E+000                  0.0000000000000000E+000                  5.4389401770909510E-004 
                                    1558                  4.0199078945921357E-001                 -1.8669788135338108E+000                  7.8778889368642666E+000                  4.7704076650099019E+000                  2.0630026218864923E+001                  0.0000000000000000E+000                  9.8061934520411109E-001                  1.9380654795888907E-002                  0.0000000000000000E+000                  0.0000000000000000E+000                  6.7326989047742259E-004 
                                    1559                  4.0116448166735602E-001                 -1.8681248618027579E+000                  7.8790634543148652E+000                  4.7781892240530341E+000                  2.0640939925392018E+001                  0.0000000000000000E+000                  9.8061918712554608E-001                  1.9380812874453923E-002                  0.0000000000000000E+000                  0.0000000000000000E+000                  7.8893056917395035E-004 
                                    1560                  3.9995669617200080E-001                 -1.8697862811527388E+000                  7.8803277548024591E+000                  4.7866662037930841E+000                  2.0652836171797087E+001                  0.0000000000000000E+000                  9.8061901616971980E-001                  1.9380983830280196E-002                  0.0000000000000000E+000                  0.0000000000000000E+000                  9.3697052971677519E-004 
                                    1561                  3.9891605101238348E-001                 -1.8712051301939119E+000                  7.8816916727157587E+000                  4.7958493108876077E+000                  2.0665737944121556E+001                  0.0000000000000000E+000                  9.8061882000996536E-001                  1.9381179990034636E-002                  0.0000000000000000E+000                  0.0000000000000000E+000                  1.1292074127153759E-003 
                                    1562                  3.9747369807355371E-001                 -1.8731530477465279E+000                  7.8833419967926543E+000                  4.8070936694111337E+000                  2.0681550699310989E+001                  0.0000000000000000E+000                  9.8061857986269840E-001                  1.9381420137301597E-002                  0.0000000000000000E+000                  0.0000000000000000E+000                  1.4179596768024944E-003 
                                    1563                  3.9581519722193248E-001                 -1.8753672258632275E+000                  7.8847209083542520E+000                  4.8166550239574493E+000                  2.0695006359389364E+001                  0.0000000000000000E+000                  9.8061836376460154E-001                  1.9381636235398458E-002                  0.0000000000000000E+000                  0.0000000000000000E+000                  1.7182596220462240E-003 
                                    1564                  3.9478856659316530E-001                 -1.8767246317742345E+000                  7.8859970116781488E+000                  4.8255181197561079E+000                  2.0707496014773643E+001                  0.0000000000000000E+000                  9.8061816072293184E-001                  1.9381839277068158E-002                  2.4385798210268805E-027                  0.0000000000000000E+000                  2.0542332415157197E-003 
                                    1565                  3.9327258850186908E-001                 -1.8787113658514234E+000                  7.8873457733524903E+000                  4.8350395914722331E+000                  2.0720921907845320E+001                  0.0000000000000000E+000                  9.8061793152564503E-001                  1.9382068474354974E-002                  0.0000000000000000E+000                  0.0000000000000000E+000                  2.4848534612822992E-003 
                                    1566                  3.9201297018815062E-001                 -1.8803466697293403E+000                  7.8883881129521054E+000                  4.8424758335296332E+000                  2.0731416020144305E+001                  0.0000000000000000E+000                  9.8061775400677731E-001                  1.9382245993222691E-002                  0.0000000000000000E+000                  0.0000000000000000E+000                  2.8811703637685194E-003 
                                    1567                  3.9106882929827974E-001                 -1.8815635261450601E+000                  7.8897757900811074E+000                  4.8523776061565522E+000                  2.0745408050276978E+001                  0.0000000000000000E+000                  9.8061750472800013E-001                  1.9382495271999867E-002                  0.0000000000000000E+000                  0.0000000000000000E+000                  3.5108318341403287E-003 
                                    1568                  3.8901704984872754E-001                 -1.8841828004531187E+000                  7.8910829594726453E+000                  4.8619827828129827E+000                  2.0758983444653968E+001                  0.0000000000000000E+000                  9.8061726633116453E-001                  1.9382733668835472E-002                  0.0000000000000000E+000                  0.0000000000000000E+000                  4.2382116879478640E-003 
                                    1569                  3.8812446147433699E-001                 -1.8853118778347790E+000                  7.8921748522206023E+000                  4.8699884097064823E+000                  2.0770314659049969E+001                  0.0000000000000000E+000                  9.8061704749859624E-001                  1.9382952501403761E-002                  0.0000000000000000E+000                  0.0000000000000000E+000                  4.9617859627550474E-003 
                                    1570                  3.8650836955544710E-001                 -1.8873408097484092E+000                  7.8936012908455773E+000                  4.8806269366263457E+000                  2.0785383079503674E+001                  0.0000000000000000E+000                  9.8061675997112607E-001                  1.9383240028873927E-002                  0.0000000000000000E+000                  0.0000000000000000E+000                  6.1055735664829807E-003 
                                    1571                  3.8473490980355340E-001                 -1.8895454306037736E+000                  7.8949129747485038E+000                  4.8905885393683732E+000                  2.0799504496272750E+001                  0.0000000000000000E+000                  9.8061648046779271E-001                  1.9383519532207294E-002                  0.0000000000000000E+000                  0.0000000000000000E+000                  7.3995826613434375E-003 
                                    1572                  3.8327448962855326E-001                 -1.8913444492191258E+000                  7.8960620801183339E+000                  4.8994175080459152E+000                  2.0812032616099703E+001                  0.0000000000000000E+000                  9.8061622134129878E-001                  1.9383778658701223E-002                  0.0000000000000000E+000                  0.0000000000000000E+000                  8.7647977786989087E-003 
                                    1573                  3.8181406945355301E-001                 -1.8931292198734542E+000                  7.8970489004615914E+000                  4.9071143621543447E+000                  2.0822961758160471E+001                  0.0000000000000000E+000                  9.8061598470202183E-001                  1.9384015297978174E-002                  0.0000000000000000E+000                  0.0000000000000000E+000                  1.0145443391526562E-002 
                                    1574                  3.8068954093094787E-001                 -1.8944941294350321E+000                  7.8978876865739327E+000                  4.9137145510864944E+000                  2.0832340879575568E+001                  0.0000000000000000E+000                  9.8061578329492005E-001                  1.9384216705079949E-002                  0.0000000000000000E+000                  0.0000000000000000E+000                  1.1494280231995552E-002 
                                    1575                  3.7956501240834267E-001                 -1.8958511505390465E+000                  7.8985047420820438E+000                  4.9186345065945636E+000                  2.0839335050052792E+001                  0.0000000000000000E+000                  9.8061563530440399E-001                  1.9384364695596012E-002                  0.0000000000000000E+000                  0.0000000000000000E+000                  1.2605330305795968E-002 
                                    1576                  3.7899670794127960E-001                 -1.8965340209032582E+000                  7.8989141500578404E+000                  4.9219077974457104E+000                  2.0843990820446702E+001                  0.0000000000000000E+000                  9.8061553163480197E-001                  1.9384468365198027E-002                  0.0000000000000000E+000                  0.0000000000000000E+000                  1.3402373907531000E-002 
                                    1577                  3.7842840347421647E-001                 -1.8972149638041833E+000                  7.8993718804508486E+000                  4.9255847479333923E+000                  2.0849222636692172E+001                  0.0000000000000000E+000                  9.8061540989304452E-001                  1.9384590106955479E-002                  0.0000000000000000E+000                  0.0000000000000000E+000                  1.4355211491801162E-002 
                                    1578                  3.7771099423587901E-001                 -1.8980718559461234E+000                  7.8998752879625957E+000                  4.9296593766629835E+000                  2.0855022160925504E+001                  0.0000000000000000E+000                  9.8061527628518319E-001                  1.9384723714816809E-002                  0.0000000000000000E+000                  0.0000000000000000E+000                  1.5484803310257332E-002 
                                    1579                  3.7699358499754149E-001                 -1.8989257770674233E+000                  7.9003713773228466E+000                  4.9337026753827979E+000                  2.0860779265504242E+001                  0.0000000000000000E+000                  9.8061514162091501E-001                  1.9384858379084990E-002                  0.0000000000000000E+000                  0.0000000000000000E+000                  1.6688157537745940E-002 
                                    1580                  3.7627617575920397E-001                 -1.8997767815539877E+000                  7.9008602658628417E+000                  4.9377151650469058E+000                  2.0866494640152354E+001                  0.0000000000000000E+000                  9.8061500617245967E-001                  1.9384993827540331E-002                  0.0000000000000000E+000                  0.0000000000000000E+000                  1.7968950220349920E-002 
                                    1581                  3.7555876652086650E-001                 -1.9006249226020508E+000                  7.9012464105945641E+000                  4.9409108588313737E+000                  2.0871047773438292E+001                  0.0000000000000000E+000                  9.8061489679931868E-001                  1.9385103200681320E-002                  0.0000000000000000E+000                  0.0000000000000000E+000                  1.9052936803800165E-002 
                                    1582                  3.7512635013562023E-001                 -1.9011347755720980E+000                  7.9015342720767441E+000                  4.9433002242568023E+000                  2.0874453197466053E+001                  0.0000000000000000E+000                  9.8061481417611651E-001                  1.9385185823883488E-002                  0.0000000000000000E+000                  0.0000000000000000E+000                  1.9904426281231114E-002 
                                    1583                  3.7469393375037396E-001                 -1.9016436183708332E+000                  7.9019622190879364E+000                  4.9468606393510601E+000                  2.0879529583631012E+001                  0.0000000000000000E+000                  9.8061468931724849E-001                  1.9385310682751511E-002                  0.0000000000000000E+000                  0.0000000000000000E+000                  2.1242596437984099E-002 
                                    1584                  3.7382910097988126E-001                 -1.9026583188434669E+000                  7.9023734887297437E+000                  4.9503257211398228E+000                  2.0884470575389610E+001                  0.0000000000000000E+000                  9.8061456536668890E-001                  1.9385434633311105E-002                  0.0000000000000000E+000                  0.0000000000000000E+000                  2.2619166810591187E-002 
                                    1585                  3.7342559229635486E-001                 -1.9031304084183818E+000                  7.9026329928671899E+000                  4.9525164361412974E+000                  2.0887595564933356E+001                  0.0000000000000000E+000                  9.8061448642246674E-001                  1.9385513577533264E-002                  0.0000000000000000E+000                  0.0000000000000000E+000                  2.3534154394771651E-002 
                                    1586                  3.7302208361282851E-001                 -1.9036016555294117E+000                  7.9030190234609927E+000                  4.9557826740845226E+000                  2.0892256373172724E+001                  0.0000000000000000E+000                  9.8061436709649918E-001                  1.9385632903500816E-002                  0.0000000000000000E+000                  0.0000000000000000E+000                  2.4965633099686770E-002 
                                    1587                  3.7221506624577555E-001                 -1.9045416574932279E+000                  7.9035254671787554E+000                  4.9601105535943653E+000                  2.0898433674016754E+001                  0.0000000000000000E+000                  9.8061420694013435E-001                  1.9385793059865652E-002                  0.0000000000000000E+000                  0.0000000000000000E+000                  2.6983522987459034E-002 
                                    1588                  3.7140804887872275E-001                 -1.9054783908588466E+000                  7.9038813582054264E+000                  4.9631831452242015E+000                  2.0902820297205164E+001                  0.0000000000000000E+000                  9.8061409125576859E-001                  1.9385908744231406E-002                  0.0000000000000000E+000                  0.0000000000000000E+000                  2.8503711834044158E-002 
                                    1589                  3.7106235559863665E-001                 -1.9058786650469115E+000                  7.9040932967542572E+000                  4.9650157008339448E+000                  2.0905437437166235E+001                  0.0000000000000000E+000                  9.8061402164559408E-001                  1.9385978354405919E-002                  0.0000000000000000E+000                  0.0000000000000000E+000                  2.9450060472195783E-002 
                                    1590                  3.7071666231855049E-001                 -1.9062783566078298E+000                  7.9044089536387308E+000                  4.9677506825797666E+000                  2.0909344489957629E+001                  0.0000000000000000E+000                  9.8061391644484863E-001                  1.9386083555151368E-002                  0.0000000000000000E+000                  0.0000000000000000E+000                  3.0919343235003317E-002 
                                    1591                  3.7002527575837829E-001                 -1.9070760125455057E+000                  7.9047930094691718E+000                  4.9711086764674182E+000                  2.0914142397270918E+001                  0.0000000000000000E+000                  9.8061378438908775E-001                  1.9386215610912250E-002                  0.0000000000000000E+000                  0.0000000000000000E+000                  3.2812064332112791E-002 
                                    1592                  3.6943731612175701E-001                 -1.9077525559139397E+000                  7.9051418372749938E+000                  4.9741759768496916E+000                  2.0918526353968026E+001                  0.0000000000000000E+000                  9.8061366306228359E-001                  1.9386336937716409E-002                  0.0000000000000000E+000                  0.0000000000000000E+000                  3.4635121957336736E-002 
                                    1593                  3.6884935648513573E-001                 -1.9084274809610446E+000                  7.9055347479152029E+000                  4.9776497709413619E+000                  2.0923492958845422E+001                  0.0000000000000000E+000                  9.8061352305948668E-001                  1.9386476940513320E-002                  0.0000000000000000E+000                  0.0000000000000000E+000                  3.6814460649878519E-002 
                                    1594                  3.6809690291807773E-001                 -1.9092889074531938E+000                  7.9059692521241542E+000                  4.9815245695515138E+000                  2.0929034553736230E+001                  0.0000000000000000E+000                  9.8061336496679385E-001                  1.9386635033206145E-002                  0.0000000000000000E+000                  0.0000000000000000E+000                  3.9392289458020466E-002 
                                    1595                  3.6734444935101973E-001                 -1.9101477703929610E+000                  7.9063558082667802E+000                  4.9850015323855947E+000                  2.0934008693127630E+001                  0.0000000000000000E+000                  9.8061322086051106E-001                  1.9386779139488941E-002                  0.0000000000000000E+000                  0.0000000000000000E+000                  4.1844326746893812E-002 
                                    1596                  3.6673764020832761E-001                 -1.9108385571609678E+000                  7.9066967276004698E+000                  4.9880860470684256E+000                  2.0938422854089794E+001                  0.0000000000000000E+000                  9.8061309087478399E-001                  1.9386909125216012E-002                  0.0000000000000000E+000                  0.0000000000000000E+000                  4.4138027621787743E-002 
                                    1597                  3.6613083106563554E-001                 -1.9115277320417545E+000                  7.9070334973571237E+000                  4.9911529541849173E+000                  2.0942813046191709E+001                  0.0000000000000000E+000                  9.8061295960696937E-001                  1.9387040393030630E-002                  0.0000000000000000E+000                  0.0000000000000000E+000                  4.6532681735118799E-002 
                                    1598                  3.6552402192294331E-001                 -1.9122153190740772E+000                  7.9073661674769173E+000                  4.9942024744474462E+000                  2.0947179563237288E+001                  0.0000000000000000E+000                  9.8061282696387797E-001                  1.9387173036122030E-002                  0.0000000000000000E+000                  0.0000000000000000E+000                  4.9031428023990353E-002 
                                    1599                  3.6491721278025135E-001                 -1.9129013419121281E+000                  7.9076831746319822E+000                  4.9971281883609207E+000                  2.0951369905597229E+001                  0.0000000000000000E+000                  9.8061269726638267E-001                  1.9387302733617329E-002                  0.0000000000000000E+000                  0.0000000000000000E+000                  5.1543179018604758E-002 
                                    1600                  3.6435330410844602E-001                 -1.9135374820797868E+000                  7.9079851030015007E+000                  4.9999315013670032E+000                  2.0955386018215847E+001                  0.0000000000000000E+000                  9.8061257225312592E-001                  1.9387427746874075E-002                  0.0000000000000000E+000                  0.0000000000000000E+000                  5.4060256157497953E-002 
                                    1601                  3.6378939543664052E-001                 -1.9141723099127852E+000                  7.9082836114110204E+000                  5.0027203311690336E+000                  2.0959382393717107E+001                  0.0000000000000000E+000                  9.8061244598175090E-001                  1.9387554018249098E-002                  0.0000000000000000E+000                  0.0000000000000000E+000                  5.6675270198443393E-002 
                                    1602                  3.6322548676483513E-001                 -1.9148058435423037E+000                  7.9085787372498002E+000                  5.0054948426422241E+000                  2.0963359251862268E+001                  0.0000000000000000E+000                  9.8061231873011012E-001                  1.9387681269889878E-002                  8.0951759175076829E-027                  0.0000000000000000E+000                  5.9390865485244505E-002 
                                    1603                  3.6266157809302996E-001                 -1.9154381008381942E+000                  7.9088079776515130E+000                  5.0076656722650776E+000                  2.0966471368364427E+001                  0.0000000000000000E+000                  9.8061221783110142E-001                  1.9387782168898582E-002                  0.0000000000000000E+000                  0.0000000000000000E+000                  6.1595134185271426E-002 
                                    1604                  3.6233946548448692E-001                 -1.9157986890066658E+000                  7.9089735635132881E+000                  5.0092378401534221E+000                  2.0968725727290273E+001                  0.0000000000000000E+000                  9.8061214412199960E-001                  1.9387855878000404E-002                  0.0000000000000000E+000                  0.0000000000000000E+000                  6.3239588051739876E-002 
                                    1605                  3.6201735287594394E-001                 -1.9161588697237268E+000                  7.9092203059063726E+000                  5.0115860081203953E+000                  2.0972093610882791E+001                  0.0000000000000000E+000                  9.8061203274317210E-001                  1.9387967256827898E-002                  0.0000000000000000E+000                  0.0000000000000000E+000                  6.5773963318601456E-002 
                                    1606                  3.6137312765885876E-001                 -1.9168780221519941E+000                  7.9097073574059049E+000                  5.0162490216718849E+000                  2.0978784098201078E+001                  0.0000000000000000E+000                  9.8061180669040071E-001                  1.9388193309599289E-002                  0.0000000000000000E+000                  0.0000000000000000E+000                  7.1090052768046683E-002 
                                    1607                  3.6008467722468901E-001                 -1.9183115814867830E+000                  7.9101897993105457E+000                  5.0209598712448811E+000                  2.0985544463251223E+001                  0.0000000000000000E+000                  9.8061157215014205E-001                  1.9388427849857948E-002                  0.0000000000000000E+000                  0.0000000000000000E+000                  7.6818222992780127E-002 
                                    1608                  3.5940880030802375E-001                 -1.9190610969947874E+000                  7.9105172102101919E+000                  5.0241740882031687E+000                  2.0990159241021047E+001                  0.0000000000000000E+000                  9.8061140942734493E-001                  1.9388590572655073E-002                  0.0000000000000000E+000                  0.0000000000000000E+000                  8.0974405475444877E-002 
                                    1609                  3.5873292339135854E-001                 -1.9198089434704362E+000                  7.9107594412760713E+000                  5.0265740155171850E+000                  2.0993605566755118E+001                  0.0000000000000000E+000                  9.8061128585973623E-001                  1.9388714140263774E-002                  0.0000000000000000E+000                  0.0000000000000000E+000                  8.4203558100302833E-002 
                                    1610                  3.5839498493302469E-001                 -1.9201822491686886E+000                  7.9109198076734781E+000                  5.0281670294023533E+000                  2.0995893705625186E+001                  0.0000000000000000E+000                  9.8061120295517878E-001                  1.9388797044821215E-002                  0.0000000000000000E+000                  0.0000000000000000E+000                  8.6413985634304774E-002 
                                    1611                  3.5805704647469072E-001                 -1.9205551479055107E+000                  7.9111586878851377E+000                  5.0305462534096170E+000                  2.0999311939147709E+001                  0.0000000000000000E+000                  9.8061107737834974E-001                  1.9388922621650262E-002                  0.0000000000000000E+000                  0.0000000000000000E+000                  8.9817893326752690E-002 
                                    1612                  3.5738116955802524E-001                 -1.9212997385227060E+000                  7.9115108789715833E+000                  5.0340845192179398E+000                  2.1004396551502090E+001                  0.0000000000000000E+000                  9.8061088711142674E-001                  1.9389112888573257E-002                  0.0000000000000000E+000                  0.0000000000000000E+000                  9.5098487255306632E-002 
                                    1613                  3.5654170687831988E-001                 -1.9222223388466075E+000                  7.9118944859485856E+000                  5.0379795163160903E+000                  2.1009995494366699E+001                  0.0000000000000000E+000                  9.8061067502557631E-001                  1.9389324974423694E-002                  0.0000000000000000E+000                  0.0000000000000000E+000                  1.0122687747475029E-001 
                                    1614                  3.5570224419861451E-001                 -1.9231425400816164E+000                  7.9121773295696292E+000                  5.0408851318047825E+000                  2.1014173195625773E+001                  0.0000000000000000E+000                  9.8061051391866039E-001                  1.9389486081339613E-002                  0.0000000000000000E+000                  0.0000000000000000E+000                  1.0601663127982977E-001 
                                    1615                  3.5528251285876161E-001                 -1.9236017559378322E+000                  7.9123642595619588E+000                  5.0428120894480521E+000                  2.1016944579000334E+001                  0.0000000000000000E+000                  9.8061040560002244E-001                  1.9389594399977561E-002                  0.0000000000000000E+000                  0.0000000000000000E+000                  1.0930996249155989E-001 
                                    1616                  3.5486278151890865E-001                 -1.9240603904092961E+000                  7.9126422273546329E+000                  5.0456875398247192E+000                  2.1021081279491739E+001                  0.0000000000000000E+000                  9.8061024131428876E-001                  1.9389758685711245E-002                  0.0000000000000000E+000                  0.0000000000000000E+000                  1.1440373044993267E-001 
                                    1617                  3.5402331883920346E-001                 -1.9249759402116280E+000                  7.9129970104950580E+000                  5.0494019666324617E+000                  2.1026426098075333E+001                  0.0000000000000000E+000                  9.8061002476610892E-001                  1.9389975233891077E-002                  0.0000000000000000E+000                  0.0000000000000000E+000                  1.2128075656381666E-001 
                                    1618                  3.5322792446392581E-001                 -1.9258413467662165E+000                  7.9133366335554696E+000                  5.0529920873189145E+000                  2.1031593763848264E+001                  0.0000000000000000E+000                  9.8060981377422640E-001                  1.9390186225773598E-002                  0.0000000000000000E+000                  0.0000000000000000E+000                  1.2827501814540834E-001 
                                    1619                  3.5243253008864817E-001                 -1.9267047691551371E+000                  7.9135708662815016E+000                  5.0554971852496386E+000                  2.1035200330517636E+001                  0.0000000000000000E+000                  9.8060966550558437E-001                  1.9390334494415629E-002                  0.0000000000000000E+000                  0.0000000000000000E+000                  1.3335356624246003E-001 
                                    1620                  3.5211280033522718E-001                 -1.9270512938628690E+000                  7.9137042876403862E+000                  5.0569272796274225E+000                  2.1037259744112941E+001                  0.0000000000000000E+000                  9.8060957843947261E-001                  1.9390421560527393E-002                  0.0000000000000000E+000                  0.0000000000000000E+000                  1.3633813493760905E-001 
                                    1621                  3.5179307058180642E-001                 -1.9273975067407849E+000                  7.9139030898222362E+000                  5.0590641893031139E+000                  2.1040337654628921E+001                  0.0000000000000000E+000                  9.8060944482589185E-001                  1.9390555174108148E-002                  0.0000000000000000E+000                  0.0000000000000000E+000                  1.4091428027405895E-001 
                                    1622                  3.5115361107496734E-001                 -1.9280890073465751E+000                  7.9142324133164443E+000                  5.0626325879595067E+000                  2.1045478721404621E+001                  0.0000000000000000E+000                  9.8060921230152898E-001                  1.9390787698471024E-002                  0.0000000000000000E+000                  0.0000000000000000E+000                  1.4885838611892685E-001 
                                    1623                  3.5018303001825529E-001                 -1.9291362577128619E+000                  7.9146216039651121E+000                  5.0669072886222430E+000                  2.1051639183961043E+001                  0.0000000000000000E+000                  9.8060893361187906E-001                  1.9391066388120937E-002                  0.0000000000000000E+000                  0.0000000000000000E+000                  1.5887563573835570E-001 
                                    1624                  3.4921244896154319E-001                 -1.9301807697972873E+000                  7.9149142120350131E+000                  5.0701668912114846E+000                  2.1056337982013321E+001                  0.0000000000000000E+000                  9.8060871967689422E-001                  1.9391280323105775E-002                  0.0000000000000000E+000                  0.0000000000000000E+000                  1.6688984101740051E-001 
                                    1625                  3.4869404371709745E-001                 -1.9307375631920136E+000                  7.9151157548116888E+000                  5.0724234354659057E+000                  2.1059591867059460E+001                  0.0000000000000000E+000                  9.8060856828609222E-001                  1.9391431713907781E-002                  0.0000000000000000E+000                  0.0000000000000000E+000                  1.7265449889887380E-001 
                                    1626                  3.4817563847265182E-001                 -1.9312936041495758E+000                  7.9154147899275120E+000                  5.0757879065402047E+000                  2.1064444939323248E+001                  0.0000000000000000E+000                  9.8060833821532067E-001                  1.9391661784679326E-002                  0.0000000000000000E+000                  0.0000000000000000E+000                  1.8159281283405099E-001 
                                    1627                  3.4713882798375761E-001                 -1.9324034696972012E+000                  7.9156960002580794E+000                  5.0790079593278881E+000                  2.1069090280470849E+001                  0.0000000000000000E+000                  9.8060811393691905E-001                  1.9391886063080954E-002                  0.0000000000000000E+000                  0.0000000000000000E+000                  1.9047787426272247E-001 
                                    1628                  3.4668148145294292E-001                 -1.9328921163748141E+000                  7.9158664896329345E+000                  5.0809679402788133E+000                  2.1071918696050659E+001                  0.0000000000000000E+000                  9.8060797505455743E-001                  1.9392024945442565E-002                  0.0000000000000000E+000                  0.0000000000000000E+000                  1.9608324253456247E-001 
                                    1629                  3.4622413492212817E-001                 -1.9333802065604573E+000                  7.9161197606535065E+000                  5.0838925898793859E+000                  2.1076140397665796E+001                  0.0000000000000000E+000                  9.8060776374084002E-001                  1.9392236259159978E-002                  0.0000000000000000E+000                  0.0000000000000000E+000                  2.0473073713668244E-001 
                                    1630                  3.4530944186049839E-001                 -1.9343547444949960E+000                  7.9164510636039980E+000                  5.0877718442354665E+000                  2.1081741363252405E+001                  0.0000000000000000E+000                  9.8060747743693522E-001                  1.9392522563064785E-002                  0.0000000000000000E+000                  0.0000000000000000E+000                  2.1668349497310113E-001 
                                    1631                  3.4439474879886872E-001                 -1.9353271331610116E+000                  7.9167760417683706E+000                  5.0916244585258514E+000                  2.1087305757405709E+001                  0.0000000000000000E+000                  9.8060718557754623E-001                  1.9392814422453775E-002                  0.0000000000000000E+000                  0.0000000000000000E+000                  2.2914455728989347E-001 
                                    1632                  3.4348005573723889E-001                 -1.9362974225779346E+000                  7.9170092872754321E+000                  5.0944292216706719E+000                  2.1091357632324211E+001                  0.0000000000000000E+000                  9.8060696744295484E-001                  1.9393032557045164E-002                  0.0000000000000000E+000                  0.0000000000000000E+000                  2.3857870997938266E-001 
                                    1633                  3.4305623114776723E-001                 -1.9367463092383570E+000                  7.9171556598673343E+000                  5.0961965959533684E+000                  2.1093911541594657E+001                  0.0000000000000000E+000                  9.8060682861143589E-001                  1.9393171388564112E-002                  0.0000000000000000E+000                  0.0000000000000000E+000                  2.4470604799462073E-001 
                                    1634                  3.4263240655829552E-001                 -1.9371947605852404E+000                  7.9173732348450532E+000                  5.0988352525209324E+000                  2.1097725438774308E+001                  0.0000000000000000E+000                  9.8060661841451913E-001                  1.9393381585480873E-002                  0.0000000000000000E+000                  0.0000000000000000E+000                  2.5412190957209668E-001 
                                    1635                  3.4178475737935143E-001                 -1.9380903774340232E+000                  7.9176356438086399E+000                  5.1020617045318843E+000                  2.1102389776379571E+001                  0.0000000000000000E+000                  9.8060635545046504E-001                  1.9393644549534961E-002                  0.0000000000000000E+000                  0.0000000000000000E+000                  2.6602462683550754E-001 
                                    1636                  3.4107119596578184E-001                 -1.9388430110184820E+000                  7.9178718827091341E+000                  5.1049942887732431E+000                  2.1106630505740345E+001                  0.0000000000000000E+000                  9.8060611248107188E-001                  1.9393887518928121E-002                  1.7560374957879366E-025                  0.0000000000000000E+000                  2.7725826464169817E-001 
                                    1637                  3.4035763455221218E-001                 -1.9395944732446708E+000                  7.9181347093578491E+000                  5.1082879651358022E+000                  2.1111394816890819E+001                  0.0000000000000000E+000                  9.8060583263986723E-001                  1.9394167360132775E-002                  0.0000000000000000E+000                  0.0000000000000000E+000                  2.9036327372354154E-001 
                                    1638                  3.3945896379200413E-001                 -1.9405392447800889E+000                  7.9184221216288835E+000                  5.1119386092943300E+000                  2.1116676961466052E+001                  0.0000000000000000E+000                  9.8060551703644883E-001                  1.9394482963551174E-002                  0.0000000000000000E+000                  0.0000000000000000E+000                  3.0548496768123767E-001 
                                    1639                  3.3856029303179586E-001                 -1.9414822363353350E+000                  7.9187040177933161E+000                  5.1155659273518390E+000                  2.1121927029327303E+001                  0.0000000000000000E+000                  9.8060519515763311E-001                  1.9394804842366886E-002                  0.0000000000000000E+000                  0.0000000000000000E+000                  3.2116235891145700E-001 
                                    1640                  3.3766162227158758E-001                 -1.9424234903827715E+000                  7.9189804822327199E+000                  5.1191702573753908E+000                  2.1127145477657020E+001                  0.0000000000000000E+000                  9.8060486786959744E-001                  1.9395132130402559E-002                  0.0000000000000000E+000                  0.0000000000000000E+000                  3.3740449980163623E-001 
                                    1641                  3.3676295151137936E-001                 -1.9433630487142786E+000                  7.9191951459783292E+000                  5.1220097291512934E+000                  2.1131257513255669E+001                  0.0000000000000000E+000                  9.8060460427327101E-001                  1.9395395726728992E-002                  0.0000000000000000E+000                  0.0000000000000000E+000                  3.5065780351985859E-001 
                                    1642                  3.3623860720316723E-001                 -1.9439104820169255E+000                  7.9193515322531942E+000                  5.1240918721565993E+000                  2.1134273598512692E+001                  0.0000000000000000E+000                  9.8060440782762792E-001                  1.9395592172372078E-002                  0.0000000000000000E+000                  0.0000000000000000E+000                  3.6066614067203895E-001 
                                    1643                  3.3571426289495526E-001                 -1.9444573601248147E+000                  7.9195834178003865E+000                  5.1271980475620005E+000                  2.1138774350796044E+001                  0.0000000000000000E+000                  9.8060410886334759E-001                  1.9395891136652410E-002                  0.0000000000000000E+000                  0.0000000000000000E+000                  3.7607280527117370E-001 
                                    1644                  3.3466557427853622E-001                 -1.9455494844760977E+000                  7.9198501948560471E+000                  5.1308378207486189E+000                  2.1144049335190363E+001                  0.0000000000000000E+000                  9.8060374948754336E-001                  1.9396250512456636E-002                  0.0000000000000000E+000                  0.0000000000000000E+000                  3.9475510031206712E-001 
                                    1645                  3.3386263919567405E-001                 -1.9463842354590493E+000                  7.9200774924943644E+000                  5.1339745412830986E+000                  2.1148596745603612E+001                  0.0000000000000000E+000                  9.8060343319076815E-001                  1.9396566809231852E-002                  0.0000000000000000E+000                  0.0000000000000000E+000                  4.1148251449887913E-001 
                                    1646                  3.3305970411281172E-001                 -1.9472177681662324E+000                  7.9203007831036798E+000                  5.1370942196942782E+000                  2.1153120686239710E+001                  0.0000000000000000E+000                  9.8060311109002407E-001                  1.9396888909975929E-002                  0.0000000000000000E+000                  0.0000000000000000E+000                  4.2869396164879164E-001 
                                    1647                  3.3225676902994938E-001                 -1.9480501101115411E+000                  7.9204838559796427E+000                  5.1396863081112354E+000                  2.1156880376910586E+001                  0.0000000000000000E+000                  9.8060283751111987E-001                  1.9397162488880126E-002                  0.0000000000000000E+000                  0.0000000000000000E+000                  4.4342368880637567E-001 
                                    1648                  3.3171939261890127E-001                 -1.9486065154766727E+000                  7.9206288987179008E+000                  5.1417554646134516E+000                  2.1159882284403896E+001                  0.0000000000000000E+000                  9.8060261647869407E-001                  1.9397383521305933E-002                  0.0000000000000000E+000                  0.0000000000000000E+000                  4.5549044788004633E-001 
                                    1649                  3.3118201620785309E-001                 -1.9491624077011405E+000                  7.9208438432477060E+000                  5.1448424765065326E+000                  2.1164362161135632E+001                  0.0000000000000000E+000                  9.8060228101429281E-001                  1.9397718985707191E-002                  0.0000000000000000E+000                  0.0000000000000000E+000                  4.7403234723838189E-001 
                                    1650                  3.3010726338575885E-001                 -1.9502726864877165E+000                  7.9210448433444585E+000                  5.1477898104085495E+000                  2.1168639921220116E+001                  0.0000000000000000E+000                  9.8060195423894281E-001                  1.9398045761057192E-002                  0.0000000000000000E+000                  0.0000000000000000E+000                  4.9221560811431847E-001 
                                    1651                  3.2963783091498661E-001                 -1.9507570172082591E+000                  7.9211657496838557E+000                  5.1495726066795093E+000                  2.1171228179002529E+001                  0.0000000000000000E+000                  9.8060175351027867E-001                  1.9398246489721327E-002                  0.0000000000000000E+000                  0.0000000000000000E+000                  5.0351468062330884E-001 
                                    1652                  3.2916839844421442E-001                 -1.9512409796514405E+000                  7.9213518854719416E+000                  5.1523334570588597E+000                  2.1175237392389821E+001                  0.0000000000000000E+000                  9.8060143701962499E-001                  1.9398562980375011E-002                  0.0000000000000000E+000                  0.0000000000000000E+000                  5.2146483445182490E-001 
                                    1653                  3.2817687381257649E-001                 -1.9522620084223221E+000                  7.9215989188094422E+000                  5.1560633792879456E+000                  2.1180655085967381E+001                  0.0000000000000000E+000                  9.8060100220269364E-001                  1.9398997797306361E-002                  0.0000000000000000E+000                  0.0000000000000000E+000                  5.4647526593690621E-001 
                                    1654                  3.2718534918093850E-001                 -1.9532814651323189E+000                  7.9217765362024624E+000                  5.1587939078794465E+000                  2.1184622065778484E+001                  0.0000000000000000E+000                  9.8060067800747985E-001                  1.9399321992520147E-002                  0.0000000000000000E+000                  0.0000000000000000E+000                  5.6534563753097311E-001 
                                    1655                  3.2671837397730391E-001                 -1.9537610636746388E+000                  7.9219452936282257E+000                  5.1614002439759972E+000                  2.1188409887393838E+001                  0.0000000000000000E+000                  9.8060036099202108E-001                  1.9399639007978919E-002                  0.0000000000000000E+000                  0.0000000000000000E+000                  5.8391641685932438E-001 
                                    1656                  3.2578442357003407E-001                 -1.9547192668869291E+000                  7.9221840511799080E+000                  5.1651495462134109E+000                  2.1193860127587484E+001                  0.0000000000000000E+000                  9.8059989328352437E-001                  1.9400106716475629E-002                  0.0000000000000000E+000                  0.0000000000000000E+000                  6.1144308118961821E-001 
                                    1657                  3.2469315432261109E-001                 -1.9558372375195876E+000                  7.9223812387465813E+000                  5.1683101799922753E+000                  2.1198455734273221E+001                  0.0000000000000000E+000                  9.8059949055998696E-001                  1.9400509440013036E-002                  0.0000000000000000E+000                  0.0000000000000000E+000                  6.3537487116337088E-001 
                                    1658                  3.2406886027882253E-001                 -1.9564760345886842E+000                  7.9225933501704633E+000                  5.1717349915384956E+000                  2.1203437426665769E+001                  0.0000000000000000E+000                  9.8059904500302608E-001                  1.9400954996973918E-002                  0.0000000000000000E+000                  0.0000000000000000E+000                  6.6225522797531389E-001 
                                    1659                  3.2282027219124698E-001                 -1.9577520008483829E+000                  7.9227972173240175E+000                  5.1751122108835474E+000                  2.1208350736750035E+001                  0.0000000000000000E+000                  9.8059859824298945E-001                  1.9401401757010550E-002                  5.3758523763450317E-025                  0.0000000000000000E+000                  6.8948347192200909E-001 
                                    1660                  3.2221521006231540E-001                 -1.9583695679201063E+000                  7.9229939712305990E+000                  5.1783938107573180E+000                  2.1213126892866764E+001                  0.0000000000000000E+000                  9.8059815129790784E-001                  1.9401848702092162E-002                  0.0000000000000000E+000                  0.0000000000000000E+000                  7.1691030006267698E-001 
                                    1661                  3.2100508580445236E-001                 -1.9596032647204020E+000                  7.9231851324918576E+000                  5.1816637849800369E+000                  2.1217886938224456E+001                  0.0000000000000000E+000                  9.8059769687338016E-001                  1.9402303126619835E-002                  0.0000000000000000E+000                  0.0000000000000000E+000                  7.4493405822584069E-001 
                                    1662                  3.2040002367552078E-001                 -1.9602194115530793E+000                  7.9233734957728803E+000                  5.1849092318303169E+000                  2.1222613150314505E+001                  0.0000000000000000E+000                  9.8059723369331442E-001                  1.9402766306685582E-002                  0.0000000000000000E+000                  0.0000000000000000E+000                  7.7371834322045052E-001 
                                    1663                  3.1918989941765680E-001                 -1.9614503559204137E+000                  7.9236173860626034E+000                  5.1892132712182395E+000                  2.1228882649317708E+001                  0.0000000000000000E+000                  9.8059660332184517E-001                  1.9403396678154827E-002                  0.0000000000000000E+000                  0.0000000000000000E+000                  8.1309946441284942E-001 
                                    1664                  3.1797977515979281E-001                 -1.9626795617606043E+000                  7.9238045606821226E+000                  5.1925967652887381E+000                  2.1233812654318985E+001                  0.0000000000000000E+000                  9.8059609097490152E-001                  1.9403909025098476E-002                  0.0000000000000000E+000                  0.0000000000000000E+000                  8.4504847543443173E-001 
                                    1665                  3.1727650009457675E-001                 -1.9633931561703624E+000                  7.9239397678904941E+000                  5.1950696944230925E+000                  2.1237416977016007E+001                  0.0000000000000000E+000                  9.8059571398625778E-001                  1.9404286013742222E-002                  0.0000000000000000E+000                  0.0000000000000000E+000                  8.6904296058511277E-001 
                                    1666                  3.1657322502936064E-001                 -1.9641062036901258E+000                  7.9241390387478035E+000                  5.1987557199088377E+000                  2.1242791162008068E+001                  0.0000000000000000E+000                  9.8059514447792417E-001                  1.9404855522075826E-002                  0.0000000000000000E+000                  0.0000000000000000E+000                  9.0586023746247590E-001 
                                    1667                  3.1516667489892936E-001                 -1.9655307201658587E+000                  7.9243907930505193E+000                  5.2035517955815687E+000                  2.1249785898756350E+001                  0.0000000000000000E+000                  9.8059438842287705E-001                  1.9405611577122950E-002                  0.0000000000000000E+000                  0.0000000000000000E+000                  9.5534185900050117E-001 
                                    1668                  3.1381183695105491E-001                 -1.9669009575104766E+000                  7.9245731192749096E+000                  5.2071256849230982E+000                  2.1254999798906475E+001                  0.0000000000000000E+000                  9.8059379928779522E-001                  1.9406200712204780E-002                  0.0000000000000000E+000                  0.0000000000000000E+000                  9.9340451560208032E-001 
                                    1669                  3.1309648095816722E-001                 -1.9676237230740341E+000                  7.9246968103072550E+000                  5.2095806705425272E+000                  2.1258582469762960E+001                  0.0000000000000000E+000                  9.8059338702054355E-001                  1.9406612979456450E-002                  0.0000000000000000E+000                  0.0000000000000000E+000                  1.0202573971191307E+000 
                                    1670                  3.1238112496527964E-001                 -1.9683460104870976E+000                  7.9248789154623589E+000                  5.2132402596438245E+000                  2.1263924789975139E+001                  0.0000000000000000E+000                  9.8059276074543900E-001                  1.9407239254561004E-002                  0.0000000000000000E+000                  0.0000000000000000E+000                  1.0613832984421014E+000 
                                    1671                  3.1095041297950471E-001                 -1.9697892132129611E+000                  7.9251948164607464E+000                  5.2197736191615718E+000                  2.1273466670629542E+001                  0.0000000000000000E+000                  9.8059161118433935E-001                  1.9408388815660649E-002                  0.0000000000000000E+000                  0.0000000000000000E+000                  1.1378551559050392E+000 
                                    1672                  3.0851552888356432E-001                 -1.9722414353114559E+000                  7.9254595015871976E+000                  5.2255802598444570E+000                  2.1281950125115696E+001                  0.0000000000000000E+000                  9.8059054598539808E-001                  1.9409454014601923E-002                  0.0000000000000000E+000                  0.0000000000000000E+000                  1.2083617757249892E+000 
                                    1673                  3.0749284056822435E-001                 -1.9732700285470830E+000                  7.9256117168132514E+000                  5.2289816556456428E+000                  2.1286922042907207E+001                  0.0000000000000000E+000                  9.8058990660579459E-001                  1.9410093394205408E-002                  0.0000000000000000E+000                  0.0000000000000000E+000                  1.2513014327243728E+000 
                                    1674                  3.0647015225288432E-001                 -1.9742978718826747E+000                  7.9257688919824538E+000                  5.2325739491286321E+000                  2.1292174629243732E+001                  0.0000000000000000E+000                  9.8058922316704222E-001                  1.9410776832957777E-002                  0.0000000000000000E+000                  0.0000000000000000E+000                  1.2978159204238573E+000 
                                    1675                  3.0531978651878122E-001                 -1.9754531905122603E+000                  7.9259299829658794E+000                  5.2363551522001570E+000                  2.1297705134518452E+001                  0.0000000000000000E+000                  9.8058848458948356E-001                  1.9411515410516444E-002                  0.0000000000000000E+000                  0.0000000000000000E+000                  1.3480238606820751E+000 
                                    1676                  3.0416942078467812E-001                 -1.9766076674678041E+000                  7.9261691498843048E+000                  5.2421018641174166E+000                  2.1306114603713834E+001                  0.0000000000000000E+000                  9.8058732452843445E-001                  1.9412675471565555E-002                  0.0000000000000000E+000                  0.0000000000000000E+000                  1.4272228439470929E+000 
                                    1677                  3.0178905223347408E-001                 -1.9789941291445647E+000                  7.9264244809321056E+000                  5.2486357166017097E+000                  2.1315679676573215E+001                  0.0000000000000000E+000                  9.8058595464258314E-001                  1.9414045357416865E-002                  0.0000000000000000E+000                  0.0000000000000000E+000                  1.5202583756377148E+000 
                                    1678                  3.0012701208383108E-001                 -1.9806586795941621E+000                  7.9266240858394585E+000                  5.2539512508198003E+000                  2.1323465541535040E+001                  0.0000000000000000E+000                  9.8058480893462019E-001                  1.9415191065379811E-002                  0.0000000000000000E+000                  0.0000000000000000E+000                  1.5990334786075402E+000 
                                    1679                  2.9846497193418814E-001                 -1.9823219896860773E+000                  7.9268451369073949E+000                  5.2600894289638633E+000                  2.1332461065010488E+001                  0.0000000000000000E+000                  9.8058345138609238E-001                  1.9416548613907625E-002                  0.0000000000000000E+000                  0.0000000000000000E+000                  1.6934056341054413E+000 
                                    1680                  2.9624959787581795E-001                 -1.9845374136623948E+000                  7.9270627297514213E+000                  5.2665231208170020E+000                  2.1341894178480800E+001                  0.0000000000000000E+000                  9.8058196907789164E-001                  1.9418030922108365E-002                  0.0000000000000000E+000                  0.0000000000000000E+000                  1.7956291130102806E+000 
                                    1681                  2.9436519893636787E-001                 -1.9864206206943169E+000                  7.9272585343309148E+000                  5.2726251637577493E+000                  2.1350846046880811E+001                  0.0000000000000000E+000                  9.8058051493490250E-001                  1.9419485065097497E-002                  0.0000000000000000E+000                  0.0000000000000000E+000                  1.8961700321934538E+000 
                                    1682                  2.9231909100227771E-001                 -1.9884644362570714E+000                  7.9274483178595139E+000                  5.2789175263775379E+000                  2.1360081863542032E+001                  0.0000000000000000E+000                  9.8057896691390312E-001                  1.9421033086096884E-002                  0.0000000000000000E+000                  0.0000000000000000E+000                  2.0031878140625232E+000 
                                    1683                  2.9027298306818738E-001                 -1.9905074893122456E+000                  7.9276036666830487E+000                  5.2844210701735497E+000                  2.1368163665778059E+001                  0.0000000000000000E+000                  9.8057757510136612E-001                  1.9422424898633883E-002                  0.0000000000000000E+000                  0.0000000000000000E+000                  2.0993780598377563E+000 
                                    1684                  2.8870892897300504E-001                 -1.9920688652200202E+000                  7.9277304595685880E+000                  5.2891480836329663E+000                  2.1375108322817987E+001                  0.0000000000000000E+000                  9.8057635582914449E-001                  1.9423644170855514E-002                  0.0000000000000000E+000                  0.0000000000000000E+000                  2.1841559009625344E+000 
                                    1685                  2.8714487487782253E-001                 -1.9936300861182212E+000                  7.9278470656754125E+000                  5.2937410882073515E+000                  2.1381858710700023E+001                  0.0000000000000000E+000                  9.8057514755224484E-001                  1.9424852447755159E-002                  0.0000000000000000E+000                  0.0000000000000000E+000                  2.2682392433817165E+000 
                                    1686                  2.8564752091637557E-001                 -1.9951246964506399E+000                  7.9279922989739395E+000                  5.2997680734311619E+000                  2.1390721062875365E+001                  0.0000000000000000E+000                  9.8057349873578259E-001                  1.9426501264217411E-002                  0.0000000000000000E+000                  0.0000000000000000E+000                  2.3815707191759699E+000 
                                    1687                  2.8308751809790095E-001                 -1.9976802708521606E+000                  7.9281966436108000E+000                  5.3091445471118588E+000                  2.1404517563003697E+001                  0.0000000000000000E+000                  9.8057087679804700E-001                  1.9429123201953002E-002                  0.0000000000000000E+000                  0.0000000000000000E+000                  2.5634449696421000E+000 
                                    1688                  2.7925767012648423E-001                 -2.0015051421160406E+000                  7.9283685956378562E+000                  5.3185644878054106E+000                  2.1418387174383327E+001                  0.0000000000000000E+000                  9.8056812606358779E-001                  1.9431873936412214E-002                  0.0000000000000000E+000                  0.0000000000000000E+000                  2.7505097610401732E+000 
                                    1689                  2.7659765619665005E-001                 -2.0041636061587984E+000                  7.9284627496627147E+000                  5.3244798869925782E+000                  2.1427102319416299E+001                  0.0000000000000000E+000                  9.8056634767207806E-001                  1.9433652327921935E-002                  0.0000000000000000E+000                  0.0000000000000000E+000                  2.8707488596267110E+000 
                                    1690                  2.7513432440349500E-001                 -2.0056270003595111E+000                  7.9285586914793615E+000                  5.3309858215254593E+000                  2.1436693534779785E+001                  0.0000000000000000E+000                  9.8056432637868796E-001                  1.9435673621312044E-002                  0.0000000000000000E+000                  0.0000000000000000E+000                  3.0067123990805631E+000 
                                    1691                  2.7200087706072823E-001                 -2.0087633754560175E+000                  7.9286823596580041E+000                  5.3412893554851015E+000                  2.1451893181683303E+001                  0.0000000000000000E+000                  9.8056103206405587E-001                  1.9438967935944129E-002                  0.0000000000000000E+000                  0.0000000000000000E+000                  3.2258013163567512E+000 
                                    1692                  2.6776799333685009E-001                 -2.0130076385537907E+000                  7.9287709152177825E+000                  5.3519207147303662E+000                  2.1467588471245104E+001                  0.0000000000000000E+000                  9.8055754055664313E-001                  1.9442459443356874E-002                  0.0000000000000000E+000                  0.0000000000000000E+000                  3.4544972957585500E+000 
                                    1693                  2.6430123400885636E-001                 -2.0164914567948689E+000                  7.9288103875622946E+000                  5.3592397553528510E+000                  2.1478401165552850E+001                  0.0000000000000000E+000                  9.8055507635220407E-001                  1.9444923647795931E-002                  0.0000000000000000E+000                  0.0000000000000000E+000                  3.6132002357116195E+000 
                                    1694                  2.6240260748640876E-001                 -2.0184028606477180E+000                  7.9288384853774012E+000                  5.3665622395307313E+000                  2.1489226407806772E+001                  0.0000000000000000E+000                  9.8055248125985894E-001                  1.9447518740141057E-002                  0.0000000000000000E+000                  0.0000000000000000E+000                  3.7748501783254018E+000 
                                    1695                  2.5885107614061742E-001                 -2.0219858017491901E+000                  7.9288471894756558E+000                  5.3765588083602331E+000                  2.1504014249818592E+001                  0.0000000000000000E+000                  9.8054889669690437E-001                  1.9451103303095629E-002                  0.0000000000000000E+000                  0.0000000000000000E+000                  3.9949233140621310E+000 
                                    1696                  2.5488154933295715E-001                 -2.0260033778390985E+000                  7.9288218521095359E+000                  5.3871387059512923E+000                  2.1519677300080815E+001                  0.0000000000000000E+000                  9.8054499472511214E-001                  1.9455005274887860E-002                  0.0000000000000000E+000                  0.0000000000000000E+000                  4.2266429696508423E+000 
                                    1697                  2.5077649949542308E-001                 -2.0301744314055097E+000                  7.9287738816451601E+000                  5.3955425537541553E+000                  2.1532127179748937E+001                  0.0000000000000000E+000                  9.8054178359405975E-001                  1.9458216405940254E-002                  0.0000000000000000E+000                  0.0000000000000000E+000                  4.4074662065041759E+000 
                                    1698                  2.4839783726261669E-001                 -2.0325997047652478E+000                  7.9287220549873565E+000                  5.4023120070759969E+000                  2.1542162175392054E+001                  0.0000000000000000E+000                  9.8053911666139137E-001                  1.9460883338608626E-002                  0.0000000000000000E+000                  0.0000000000000000E+000                  4.5525427652689272E+000 
                                    1699                  2.4548168297405568E-001                 -2.0355821879018601E+000                  7.9286170255924082E+000                  5.4127774701051221E+000                  2.1557686816149353E+001                  0.0000000000000000E+000                  9.8053484870805130E-001                  1.9465151291948701E-002                  0.0000000000000000E+000                  0.0000000000000000E+000                  4.7739936306919137E+000 
                                    1700                  2.4009268972737330E-001                 -2.0411230307904726E+000                  7.9284672281029946E+000                  5.4233454602603723E+000                  2.1573373821253593E+001                  0.0000000000000000E+000                  9.8053036975668673E-001                  1.9469630243313274E-002                  0.0000000000000000E+000                  0.0000000000000000E+000                  4.9857939036899221E+000 
                                    1701                  2.3702988858978544E-001                 -2.0442904035405340E+000                  7.9283295579325683E+000                  5.4316053557314259E+000                  2.1585643222152513E+001                  0.0000000000000000E+000                  9.8051702743659030E-001                  1.9482972563409695E-002                  0.0000000000000000E+000                  0.0000000000000000E+000                  5.1467797222869622E+000 
                                    1702                  2.3337673728020861E-001                 -2.0480873177652876E+000                  7.9281466698043817E+000                  5.4409824927638786E+000                  2.1599581537339017E+001                  0.0000000000000000E+000                  9.8051021157188167E-001                  1.9489788428118326E-002                  0.0000000000000000E+000                  0.0000000000000000E+000                  5.3213148306124367E+000 
                                    1703                  2.2931800470116451E-001                 -2.0523319060540519E+000                  7.9279673580736167E+000                  5.4489385274857840E+000                  2.1611414579196570E+001                  0.0000000000000000E+000                  9.8050823246985175E-001                  1.9491767530148252E-002                  0.0000000000000000E+000                  0.0000000000000000E+000                  5.4604064516704556E+000 
                                    1704                  2.2677636956084005E-001                 -2.0550048384463961E+000                  7.9278049481222554E+000                  5.4555466970439062E+000                  2.1621248230552720E+001                  0.0000000000000000E+000                  9.8050558840721602E-001                  1.9494411592783978E-002                  0.0000000000000000E+000                  0.0000000000000000E+000                  5.5709331321388351E+000 
                                    1705                  2.2376964825024567E-001                 -2.0581826884669199E+000                  7.9275162888332531E+000                  5.4662321961703801E+000                  2.1637159419866226E+001                  0.0000000000000000E+000                  9.8050012928812336E-001                  1.9499870711876643E-002                  0.0000000000000000E+000                  0.0000000000000000E+000                  5.7389634102633096E+000 
                                    1706                  2.1767462084081085E-001                 -2.0646812503328995E+000                  7.9271881173362768E+000                  5.4767468581474867E+000                  2.1652825770880224E+001                  0.0000000000000000E+000                  9.8049427180549920E-001                  1.9505728194500804E-002                  0.0000000000000000E+000                  0.0000000000000000E+000                  5.8821863844321562E+000 
                                    1707                  2.1477100126747456E-001                 -2.0678053776124559E+000                  7.9269232148653508E+000                  5.4846191419106987E+000                  2.1664563029984528E+001                  0.0000000000000000E+000                  9.8048952476090212E-001                  1.9510475239097880E-002                  0.0000000000000000E+000                  0.0000000000000000E+000                  5.9799198214304790E+000 
                                    1708                  2.1082284455533001E-001                 -2.0720850388995875E+000                  7.9265944833488859E+000                  5.4936272743184169E+000                  2.1678000964589973E+001                  0.0000000000000000E+000                  9.8048380425015802E-001                  1.9516195749841980E-002                  0.0000000000000000E+000                  0.0000000000000000E+000                  6.0775950071458542E+000 
                                    1709                  2.0686239347503865E-001                 -2.0764168383302821E+000                  7.9262875738198861E+000                  5.5014359451728154E+000                  2.1689655737601655E+001                  0.0000000000000000E+000                  9.8047860924470620E-001                  1.9521390755293799E-002                  0.0000000000000000E+000                  0.0000000000000000E+000                  6.1495481564099821E+000 
                                    1710                  2.0390895685061006E-001                 -2.0796739532774642E+000                  7.9259611429221435E+000                  5.5092792983684928E+000                  2.1701368359820215E+001                  0.0000000000000000E+000                  9.8047308052378401E-001                  1.9526919476215987E-002                  0.0000000000000000E+000                  0.0000000000000000E+000                  6.2110143698154356E+000 
                                    1711                  1.9983534017820903E-001                 -2.0842062440829769E+000                  7.9255183032227663E+000                  5.5192238670586207E+000                  2.1716226885725554E+001                  0.0000000000000000E+000                  9.8046563014718446E-001                  1.9534369852815536E-002                  0.0000000000000000E+000                  0.0000000000000000E+000                  6.2709827320994007E+000 
                                    1712                  1.9491349892084578E-001                 -2.0897476818093748E+000                  7.9249414903818973E+000                  5.5312245190922109E+000                  2.1734169455858201E+001                  0.0000000000000000E+000                  9.8045587748762564E-001                  1.9544122512374362E-002                  0.0000000000000000E+000                  0.0000000000000000E+000                  6.3162998437746678E+000 
                                    1713                  1.8884510256304027E-001                 -2.0966863029363596E+000                  7.9242624447110774E+000                  5.5442335542297805E+000                  2.1753633906344451E+001                  0.0000000000000000E+000                  9.8044425439259097E-001                  1.9555745607409025E-002                  0.0000000000000000E+000                  0.0000000000000000E+000                  6.3303926620251589E+000 
                                    1714                  1.8286160623908926E-001                 -2.1036526046572277E+000                  7.9236468253879568E+000                  5.5552015038458871E+000                  2.1770055677477046E+001                  0.0000000000000000E+000                  9.8043332101790281E-001                  1.9566678982097185E-002                  0.0000000000000000E+000                  0.0000000000000000E+000                  6.3139921095199529E+000 
                                    1715                  1.7858188044258672E-001                 -2.1087173969666999E+000                  7.9232217711120700E+000                  5.5624055803549552E+000                  2.1780847573788641E+001                  0.0000000000000000E+000                  9.8042541379093784E-001                  1.9574586209062161E-002                  0.0000000000000000E+000                  0.0000000000000000E+000                  6.2897297367917595E+000 
                                    1716                  1.7606049933847895E-001                 -2.1117353924144866E+000                  7.9226771402477780E+000                  5.5712903944141470E+000                  2.1794163568514765E+001                  0.0000000000000000E+000                  9.8041459681283161E-001                  1.9585403187168393E-002                  0.0000000000000000E+000                  0.0000000000000000E+000                  6.2467339171051508E+000 
                                    1717                  1.7007013325563411E-001                 -2.1190141264332953E+000                  7.9219848459216013E+000                  5.5819989959621319E+000                  2.1810221053857823E+001                  0.0000000000000000E+000                  9.8040008247002786E-001                  1.9599917529972144E-002                  0.0000000000000000E+000                  0.0000000000000000E+000                  6.1722510628711307E+000 
                                    1718                  1.6578185017812053E-001                 -2.1243239683958284E+000                  7.9214527866923428E+000                  5.5898799909495924E+000                  2.1822044468923018E+001                  0.0000000000000000E+000                  9.8038801958468602E-001                  1.9611980415313979E-002                  0.0000000000000000E+000                  0.0000000000000000E+000                  6.1037060256405136E+000 
                                    1719                  1.6243560387487849E-001                 -2.1285288740662964E+000                  7.9208501423014672E+000                  5.5984887978816946E+000                  2.1834965408347170E+001                  0.0000000000000000E+000                  9.8037312850168068E-001                  1.9626871498319320E-002                  0.0000000000000000E+000                  0.0000000000000000E+000                  6.0163097066224784E+000 
                                    1720                  1.5735346566896052E-001                 -2.1350251829585543E+000                  7.9202051211991460E+000                  5.6073515869078445E+000                  2.1848273374443725E+001                  0.0000000000000000E+000                  9.8035610131693862E-001                  1.9643898683061378E-002                  0.0000000000000000E+000                  0.0000000000000000E+000                  5.9125367147750607E+000 
                                    1721                  1.5373604880900787E-001                 -2.1397347619414235E+000                  7.9197206496011718E+000                  5.6138033036880799E+000                  2.1857964733939273E+001                  0.0000000000000000E+000                  9.8034263829783819E-001                  1.9657361702161813E-002                  0.0000000000000000E+000                  0.0000000000000000E+000                  5.8291083130505594E+000 
                                    1722                  1.5097782219073200E-001                 -2.1433763957716341E+000                  7.9192269318399866E+000                  5.6202133606455069E+000                  2.1867596594557337E+001                  0.0000000000000000E+000                  9.8032844692589194E-001                  1.9671553074108061E-002                  2.4861876230322631E-024                  0.0000000000000000E+000                  5.7400335708289525E+000 
                                    1723                  1.4735624928185409E-001                 -2.1482279900396626E+000                  7.9184324758763402E+000                  5.6302059213100497E+000                  2.1882617626633913E+001                  0.0000000000000000E+000                  9.8030615076363226E-001                  1.9693849236367744E-002                  0.0000000000000000E+000                  0.0000000000000000E+000                  5.5895580634653603E+000 
                                    1724                  1.4094844349982441E-001                 -2.1570207271237072E+000                  7.9176553054979202E+000                  5.6396409867683532E+000                  2.1896807363102802E+001                  0.0000000000000000E+000                  9.8028603338066345E-001                  1.9713966619336554E-002                  0.0000000000000000E+000                  0.0000000000000000E+000                  5.4359634753845549E+000 
                                    1725                  1.3790935692538447E-001                 -2.1612901284147834E+000                  7.9170300949865959E+000                  5.6470090632655898E+000                  2.1907892943508255E+001                  0.0000000000000000E+000                  9.8027172394815099E-001                  1.9728276051849014E-002                  7.2326072930525315E-026                  0.0000000000000000E+000                  5.3089852639031285E+000 
                                    1726                  1.3348237190545881E-001                 -2.1676326621773803E+000                  7.9163317410042300E+000                  5.6550314818383534E+000                  2.1919967430157872E+001                  0.0000000000000000E+000                  9.8025764500484303E-001                  1.9742354995156974E-002                  0.0000000000000000E+000                  0.0000000000000000E+000                  5.1647903905382480E+000 
                                    1727                  1.2977010851340989E-001                 -2.1730708139879522E+000                  7.9154760800200155E+000                  5.6645783497660949E+000                  2.1934342077003162E+001                  0.0000000000000000E+000                  9.8024262482221436E-001                  1.9757375177785641E-002                  0.0000000000000000E+000                  0.0000000000000000E+000                  4.9857424699504058E+000 
                                    1728                  1.2370910284354500E-001                 -2.1822039692237758E+000                  7.9145749259177789E+000                  5.6743520546603481E+000                  2.1949064808222250E+001                  0.0000000000000000E+000                  9.8022864308901614E-001                  1.9771356910983862E-002                  0.0000000000000000E+000                  0.0000000000000000E+000                  4.7966061716278263E+000 
                                    1729                  1.1978802715404871E-001                 -2.1882934695493601E+000                  7.9139629421784017E+000                  5.6808324044562184E+000                  2.1958830023209693E+001                  0.0000000000000000E+000                  9.8022013188841817E-001                  1.9779868111581833E-002                  0.0000000000000000E+000                  0.0000000000000000E+000                  4.6683192205459152E+000 
                                    1730                  1.1705978488815454E-001                 -2.1926208005094456E+000                  7.9132367637520558E+000                  5.6883589273161208E+000                  2.1970174961237777E+001                  0.0000000000000000E+000                  9.8021108506832277E-001                  1.9788914931677226E-002                  0.0000000000000000E+000                  0.0000000000000000E+000                  4.5165727139067968E+000 
                                    1731                  1.1200493698168411E-001                 -2.2008490963672735E+000                  7.9124591692144408E+000                  5.6962662980852441E+000                  2.1982098008729793E+001                  0.0000000000000000E+000                  9.8020239117721619E-001                  1.9797608822783808E-002                  0.0000000000000000E+000                  0.0000000000000000E+000                  4.3560779067818594E+000 
                                    1732                  1.0891968257532297E-001                 -2.2060145862536187E+000                  7.9116202967498017E+000                  5.7045966710836389E+000                  2.1994662778634858E+001                  0.0000000000000000E+000                  9.8019415274629884E-001                  1.9805847253701159E-002                  0.0000000000000000E+000                  0.0000000000000000E+000                  4.1848728469387240E+000 
                                    1733                  1.0335303908782907E-001                 -2.2156352702886015E+000                  7.9107872849799348E+000                  5.7127237765240722E+000                  2.2006925271666894E+001                  0.0000000000000000E+000                  9.8018674703894559E-001                  1.9813252961054406E-002                  0.0000000000000000E+000                  0.0000000000000000E+000                  4.0185760009958456E+000 
                                    1734                  1.0053958819390726E-001                 -2.2206557436570331E+000                  7.9100783428341366E+000                  5.7194984541004432E+000                  2.2017149866493394E+001                  0.0000000000000000E+000                  9.8018088611679621E-001                  1.9819113883203787E-002                  0.0000000000000000E+000                  0.0000000000000000E+000                  3.8793876553276658E+000 
                                    1735                  9.6314870802286401E-002                 -2.2284122031510392E+000                  7.9091225769379419E+000                  5.7284634388353055E+000                  2.2030684111797175E+001                  0.0000000000000000E+000                  9.8017350786049307E-001                  1.9826492139506935E-002                  0.0000000000000000E+000                  0.0000000000000000E+000                  3.6962027681945573E+000 
                                    1736                  9.1233814962599760E-002                 -2.2381177144547708E+000                  7.9082753697562618E+000                  5.7362703368985457E+000                  2.2042473714528199E+001                  0.0000000000000000E+000                  9.8016728820843713E-001                  1.9832711791562874E-002                  0.0000000000000000E+000                  0.0000000000000000E+000                  3.5386587017058626E+000 
                                    1737                  8.8257548361456814E-002                 -2.2440112969511556E+000                  7.9072683982559644E+000                  5.7453342622689929E+000                  2.2056166067905309E+001                  0.0000000000000000E+000                  9.8016029566891183E-001                  1.9839704331088170E-002                  0.0000000000000000E+000                  0.0000000000000000E+000                  3.3564503222000388E+000 
                                    1738                  8.1798748854202033E-002                 -2.2573953353134422E+000                  7.9061173981307853E+000                  5.7555307796146735E+000                  2.2071573750360972E+001                  0.0000000000000000E+000                  9.8015280953631601E-001                  1.9847190463683995E-002                  0.0000000000000000E+000                  0.0000000000000000E+000                  3.1574001740613080E+000 
                                    1739                  7.7785587281652094E-002                 -2.2661662766607389E+000                  7.9051003609904891E+000                  5.7643484511263416E+000                  2.2084901704084192E+001                  0.0000000000000000E+000                  9.8014663297566584E-001                  1.9853367024334156E-002                  0.0000000000000000E+000                  0.0000000000000000E+000                  2.9886742375715438E+000 
                                    1740                  7.2716779722841740E-002                 -2.2778135511431001E+000                  7.9041124483612144E+000                  5.7727987862034826E+000                  2.2097678195745747E+001                  0.0000000000000000E+000                  9.8014105246904926E-001                  1.9858947530950743E-002                  1.0925838624588502E-024                  0.0000000000000000E+000                  2.8321402790812269E+000 
                                    1741                  6.9164651658731702E-002                 -2.2863989257248813E+000                  7.9032838254066027E+000                  5.7797801422236796E+000                  2.2108236017225686E+001                  0.0000000000000000E+000                  9.8013665384011839E-001                  1.9863346159881612E-002                  0.0000000000000000E+000                  0.0000000000000000E+000                  2.7059663693434381E+000 
                                    1742                  6.5608111657217777E-002                 -2.2953870936372271E+000                  7.9023361373914538E+000                  5.7876551393477014E+000                  2.2120147764526262E+001                  0.0000000000000000E+000                  9.8013184275027310E-001                  1.9868157249726903E-002                  0.0000000000000000E+000                  0.0000000000000000E+000                  2.5674132566309846E+000 
                                    1743                  6.1177331729147161E-002                 -2.3072012125106074E+000                  7.9011744717662857E+000                  5.7971681919260334E+000                  2.2134540733808624E+001                  0.0000000000000000E+000                  9.8012640715407395E-001                  1.9873592845926047E-002                  0.0000000000000000E+000                  0.0000000000000000E+000                  2.4059986955974328E+000 
                                    1744                  5.6039583071409785E-002                 -2.3218858568570093E+000                  7.9002215234756630E+000                  5.8048922285104725E+000                  2.2146230025687792E+001                  0.0000000000000000E+000                  9.8012231669456584E-001                  1.9877683305434157E-002                  0.0000000000000000E+000                  0.0000000000000000E+000                  2.2807617299048948E+000 
                                    1745                  5.3541182860076988E-002                 -2.3294639376863495E+000                  7.8991832464417007E+000                  5.8131484603267030E+000                  2.2158726538080234E+001                  0.0000000000000000E+000                  9.8011823785456920E-001                  1.9881762145430804E-002                  0.0000000000000000E+000                  0.0000000000000000E+000                  2.1503202198164892E+000 
                                    1746                  4.7846178620044089E-002                 -2.3480019002115506E+000                  7.8979007812850064E+000                  5.8232574631632792E+000                  2.2174031408924005E+001                  0.0000000000000000E+000                  9.8011366318876769E-001                  1.9886336811232308E-002                  0.0000000000000000E+000                  0.0000000000000000E+000                  1.9993329619374545E+000 
                                    1747                  4.3766509022403192E-002                 -2.3625507301760140E+000                  7.8966729533329900E+000                  5.8327677922008414E+000                  2.2188432676856753E+001                  0.0000000000000000E+000                  9.8010996581549925E-001                  1.9890034184500749E-002                  0.0000000000000000E+000                  0.0000000000000000E+000                  1.8637944012258545E+000 
                                    1748                  3.8746336434025287E-002                 -2.3822588038744259E+000                  7.8954257401132342E+000                  5.8423224938827838E+000                  2.2202904311375846E+001                  0.0000000000000000E+000                  9.8010682804401039E-001                  1.9893171955989608E-002                  0.0000000000000000E+000                  0.0000000000000000E+000                  1.7353662680905255E+000 
                                    1749                  3.4860844536251906E-002                 -2.3991972774921790E+000                  7.8943036734256848E+000                  5.8508007034767529E+000                  2.2215747551691688E+001                  0.0000000000000000E+000                  9.8010440066431748E-001                  1.9895599335682523E-002                  0.0000000000000000E+000                  0.0000000000000000E+000                  1.6270533129705707E+000 
                                    1750                  3.0990737021458107E-002                 -2.4179080819431360E+000                  7.8930160137565633E+000                  5.8604012922275270E+000                  2.2230293212837683E+001                  0.0000000000000000E+000                  9.8010230002806376E-001                  1.9897699971936245E-002                  0.0000000000000000E+000                  0.0000000000000000E+000                  1.5108037048800940E+000 
                                    1751                  2.6277907394682359E-002                 -2.4438990430777459E+000                  7.8917023976159681E+000                  5.8701008152037080E+000                  2.2244991411717695E+001                  0.0000000000000000E+000                  9.8010093479091243E-001                  1.9899065209087574E-002                  0.0000000000000000E+000                  0.0000000000000000E+000                  1.4009581359015018E+000 
                                    1752                  2.2664165329429352E-002                 -2.4669958816162776E+000                  7.8905066189066355E+000                  5.8788154148604557E+000                  2.2258198719585014E+001                  0.0000000000000000E+000                  9.8010032044321005E-001                  1.9899679556789951E-002                  0.0000000000000000E+000                  0.0000000000000000E+000                  1.3078664753244111E+000 
                                    1753                  1.9036401913980927E-002                 -2.4940049378980782E+000                  7.8894913119103558E+000                  5.8861609169303293E+000                  2.2269332522067284E+001                  0.0000000000000000E+000                  9.8010027731457849E-001                  1.9899722685421506E-002                  1.7365418679427189E-026                  0.0000000000000000E+000                  1.2339260990294980E+000 
                                    1754                  1.6835858236168840E-002                 -2.5128946224130608E+000                  7.8887053740355881E+000                  5.8917912726972776E+000                  2.2277867140753958E+001                  0.0000000000000000E+000                  9.8010044514969252E-001                  1.9899554850307477E-002                  0.0000000000000000E+000                  0.0000000000000000E+000                  1.1795641284302856E+000 
                                    1755                  1.4694268036246747E-002                 -2.5337052596878560E+000                  7.8876541868310639E+000                  5.8992466532699739E+000                  2.2289168763261607E+001                  0.0000000000000000E+000                  9.8010102399262289E-001                  1.9898976007377112E-002                  0.0000000000000000E+000                  0.0000000000000000E+000                  1.1105910243395318E+000 
                                    1756                  1.1271334177775713E-002                 -2.5739865922549381E+000                  7.8861909699047752E+000                  5.9095362144965611E+000                  2.2304768266006636E+001                  0.0000000000000000E+000                  9.8010240867182585E-001                  1.9897591328174147E-002                  0.0000000000000000E+000                  0.0000000000000000E+000                  1.0216464654364104E+000 
                                    1757                  7.5672650914536200E-003                 -2.6339287113308640E+000                  7.8848436090826803E+000                  5.9189478234150323E+000                  2.2319038374165558E+001                  6.5397360675387449E-041                  9.8010418306651637E-001                  1.9895816933483634E-002                  1.2048954946572189E-072                  1.0617471700852549E-025                  9.4663873255242270E-001 
                                    1758                  5.4847490602642985E-003                 -2.6819303049595664E+000                  7.8836311285682852E+000                  5.9272968295547512E+000                  2.2331697595657459E+001                  0.0000000000000000E+000                  9.8010604221484943E-001                  1.9893957785150573E-002                  0.0000000000000000E+000                  0.0000000000000000E+000                  8.8395082366425237E-001 
                                    1759                  2.8722348532237954E-003                 -2.7776695649538969E+000                  7.8824316329946820E+000                  5.9355313699657888E+000                  2.2344184347916787E+001                  0.0000000000000000E+000                  9.8010801159460836E-001                  1.9891988405391636E-002                  0.0000000000000000E+000                  0.0000000000000000E+000                  8.2657379952536414E-001 
                                    1760                  1.7156874575207388E-003                 -2.8533632343572961E+000                  7.8816710457215882E+000                  5.9407003749713256E+000                  2.2352022572755818E+001                  0.0000000000000000E+000                  9.8010938510668566E-001                  1.9890614893314340E-002                  0.0000000000000000E+000                  0.0000000000000000E+000                  7.9222205452872185E-001 
                                    1761                  8.5311557497573932E-004                 -2.9555175797860738E+000                  7.8810810232883126E+000                  5.9446963246890201E+000                  2.2358082127836560E+001                  0.0000000000000000E+000                  9.8011047740252777E-001                  1.9889522597472231E-002                  0.0000000000000000E+000                  0.0000000000000000E+000                  7.6667598753890109E-001 
                                    1762                  4.7075887491850315E-004                 -3.0421353615433979E+000                  7.8807275431862776E+000                  5.9470796148335312E+000                  2.2361696199786429E+001                  0.0000000000000000E+000                  9.8011117051886532E-001                  1.9888829481134684E-002                  0.0000000000000000E+000                  0.0000000000000000E+000                  7.5179312927259023E-001 
                                    1763                  2.4037975952577123E-004                 -3.1398444712752527E+000                  7.8804784480128953E+000                  5.9487556953796856E+000                  2.2364237854101088E+001                  0.0000000000000000E+000                  9.8011166660967808E-001                  1.9888333390321922E-002                  0.0000000000000000E+000                  0.0000000000000000E+000                  7.4149720758555415E-001 
                                    1764                  1.2519020182991700E-004                 -3.2345410711731755E+000                  7.8803237658684715E+000                  5.9497948144683246E+000                  2.2365813602991064E+001                  0.0000000000000000E+000                  9.8011197829887453E-001                  1.9888021701125469E-002                  0.0000000000000000E+000                  0.0000000000000000E+000                  7.3518102022803022E-001 
                                    1765                  6.7595422981903293E-005                 -3.3239151556408686E+000                  7.8802288325724730E+000                  5.9504319148247200E+000                  2.2366779719533326E+001                  0.0000000000000000E+000                  9.8011217125392491E-001                  1.9887828746075087E-002                  0.0000000000000000E+000                  0.0000000000000000E+000                  7.3133364080249275E-001 
                                    1766                  3.8798033557872650E-005                 -3.4043789646663054E+000                  7.8801717334157537E+000                  5.9508148737519679E+000                  2.2367360448938992E+001                  0.0000000000000000E+000                  9.8011228783544191E-001                  1.9887712164558091E-002                  0.0000000000000000E+000                  0.0000000000000000E+000                  7.2903015005698679E-001 
                                    1767                  2.4399338845853890E-005                 -3.4715785524883422E+000                  7.8801384163442911E+000                  5.9510382460134776E+000                  2.2367699176714126E+001                  0.0000000000000000E+000                  9.8011235604428548E-001                  1.9887643955714518E-002                  0.0000000000000000E+000                  0.0000000000000000E+000                  7.2768972781400754E-001 
                                    1768                  1.7199991489844513E-005                 -3.5222268111594563E+000                  7.8801134617449078E+000                  5.9512055033750046E+000                  2.2367952810195931E+001                  0.0000000000000000E+000                  9.8011240723988080E-001                  1.9887592760119199E-002                  0.0000000000000000E+000                  0.0000000000000000E+000                  7.2668746244983307E-001 
                                    1769                  1.0000644133809158E-005                 -3.6007639716831288E+000                  7.8800881326498962E+000                  5.9513752506427844E+000                  2.2368210219587873E+001                  0.0000000000000000E+000                  9.8011245925417523E-001                  1.9887540745824772E-002                  0.0000000000000000E+000                  0.0000000000000000E+000                  7.2567176131869704E-001 
                                    1770                  5.0003219345166176E-006                 -3.7011392907591705E+000                  7.8800685145271467E+000                  5.9515067085464697E+000                  2.2368409566018382E+001                  0.0000000000000000E+000                  9.8011249958072655E-001                  1.9887500419273452E-002                  0.0000000000000000E+000                  0.0000000000000000E+000                  7.2488616987517906E-001 
                                    1771                  2.5001608349258386E-006                 -3.8015027734570399E+000                  7.8800561567271910E+000                  5.9515895062250301E+000                  2.2368535122729376E+001                  0.0000000000000000E+000                  9.8011252500679602E-001                  1.9887474993203980E-002                  0.0000000000000000E+000                  0.0000000000000000E+000                  7.2439179154200006E-001 
                                    1772                  1.2500802850749366E-006                 -3.9018588060546660E+000                  7.8800483721467343E+000                  5.9516416593003889E+000                  2.2368614209110682E+001                  0.0000000000000000E+000                  9.8011254103290513E-001                  1.9887458967094873E-002                  0.0000000000000000E+000                  0.0000000000000000E+000                  7.2408055698179352E-001 
                                    1773                  6.2504001020500053E-007                 -4.0022101543203190E+000                  7.8800434682294114E+000                  5.9516745112256242E+000                  2.2368664026683081E+001                  0.0000000000000000E+000                  9.8011255113210816E-001                  1.9887448867891844E-002                  0.0000000000000000E+000                  0.0000000000000000E+000                  7.2388456714680616E-001 
                                    1774                  3.1251987277003252E-007                 -4.1025585680563914E+000                  7.8800403787842948E+000                  5.9516952056784014E+000                  2.2368695408309094E+001                  0.0000000000000000E+000                  9.8011255749548265E-001                  1.9887442504517350E-002                  0.0000000000000000E+000                  0.0000000000000000E+000                  7.2376111756278705E-001 
                                    1775                  1.5625980405254847E-007                 -4.2029051653848857E+000                  7.8800384321496502E+000                  5.9517082420020291E+000                  2.2368715176908246E+001                  0.0000000000000000E+000                  9.8011256150457737E-001                  1.9887438495422627E-002                  0.0000000000000000E+000                  0.0000000000000000E+000                  7.2368333182392786E-001 
                                    1776                  7.8129770095927472E-008                 -4.3032506819269045E+000                  7.8800372051818339E+000                  5.9517164542262950E+000                  2.2368727630101983E+001                  0.0000000000000000E+000                  9.8011256472290309E-001                  1.9887435277096910E-002                  0.0000000000000000E+000                  0.0000000000000000E+000                  7.2363428893160431E-001 
                                    1777                  3.9064855369965148E-008                 -4.4035952667715401E+000                  7.8800361733131163E+000                  5.9517233520692585E+000                  2.2368738089940457E+001                  0.0000000000000000E+000                  9.8011256509885880E-001                  1.9887434901141199E-002                  0.0000000000000000E+000                  0.0000000000000000E+000                  7.2359300298614493E-001 
