                                       1                                        2                                        3                                        4                                        5                                        6                                        7                                        8                                        9                                       10                                       11                                       12                                       13                                       14                                       15                                       16                                       17                                       18                                       19                                       20                                       21                                       22                                       23                                       24                                       25                                       26                                       27                                       28                                       29                                       30                                       31                                       32                                       33                                       34                                       35                                       36                                       37                                       38                                       39                                       40                                       41                                       42                                       43                                       44                                       45                                       46                                       47                                       48                                       49 
                            model_number                                num_zones                             initial_mass                                initial_z                                 star_age                                time_step                                     Teff                            photosphere_L                            photosphere_r                               center_eta                                center_h1                               center_he3                               center_he4                               center_c12                               center_n14                               center_o16                              center_ne20                                star_mass                                star_mdot                             star_mass_h1                            star_mass_he3                            star_mass_he4                            star_mass_c12                            star_mass_n14                            star_mass_o16                           star_mass_ne20                             he_core_mass                             co_core_mass                             fe_core_mass                   neutron_rich_core_mass                             dynamic_time                             kh_timescale                            nuc_timescale                           power_nuc_burn                             power_h_burn                            power_he_burn                                power_neu                                burn_min1                                burn_min2                             time_seconds                           version_number                                 compiler                                    build                         MESA_SDK_version                             math_backend                                     date                                     msun                                     rsun                                     lsun 
                                    8000                                     1646                  1.0000000000000000E+000                  2.0000000000000000E-002                  1.2331979690734472E+010                  8.7353250706467884E+002                  3.2184695374449448E+003                  1.3208457530327614E+003                  1.1689082049068270E+002                  2.0074641419131332E+001                  0.0000000000000000E+000                  0.0000000000000000E+000                  9.8012171552422722E-001                  5.4325993995831417E-005                  9.7784994033524777E-003                  3.8832128226554473E-003                  2.0850244265118037E-003                  8.7131624638746352E-001                 -3.5421048916357749E-008                  3.1469726858858998E-001                  6.1964379347243176E-004                  5.3871102542727556E-001                  1.4333698683076340E-003                  5.5097004312796667E-003                  4.9759730032576631E-003                  1.8167156553229875E-003                  4.0695126517434005E-001                  0.0000000000000000E+000                  0.0000000000000000E+000                  0.0000000000000000E+000                  1.3550014534897340E+007                  1.1579772328928297E+002                  6.5966540331212468E+006                  1.3080864425471991E+003                  1.3080863664465626E+003                  7.3448793240640903E-005                  8.9273833139324296E+001                  5.0000000000000000E+001                  1.0000000000000000E+003                  3.8916768228832218E+017                                "6725cf8"                               "gfortran"                                 "13.3.0"                   "x86_64-linux-25.12.1"                                 "CRMATH"                               "20260119"                  1.9884098706980504E+033                  6.9570000000000000E+010                  3.8280000000000003E+033 

                                       1                                        2                                        3                                        4                                        5                                        6                                        7                                        8                                        9                                       10                                       11                                       12 
                                    zone                                     mass                                     logR                                     logT                                   logRho                                     logP                        x_mass_fraction_H                       y_mass_fraction_He                   z_mass_fraction_metals                                       pp                                      cno                                tri_alpha 
                                       1                  8.7131624638746352E-001                  2.0677804070833585E+000                  3.5076494029791081E+000                 -8.3588150519264506E+000                  2.9399834753780008E+000                  6.7779619136771807E-001                  3.0212550494816803E-001                  2.0078303684113896E-002                  6.0182447467042819E-028                  0.0000000000000000E+000                  0.0000000000000000E+000 
                                       2                  8.7131624638702776E-001                  2.0677804070706403E+000                  3.5076494032063708E+000                 -8.3588150503517014E+000                  2.9399834771958222E+000                  6.7779619136771807E-001                  3.0212550494816803E-001                  2.0078303684113896E-002                  6.0182447685277750E-028                  0.0000000000000000E+000                  0.0000000000000000E+000 
                                       3                  8.7131624638572092E-001                  2.0677804070324850E+000                  3.5076494038525281E+000                 -8.3588150458743566E+000                  2.9399834823642710E+000                  6.7779619136771807E-001                  3.0212550494816803E-001                  2.0078303684113896E-002                  6.0182448305766334E-028                  0.0000000000000000E+000                  0.0000000000000000E+000 
                                       4                  8.7131624638207306E-001                  2.0677804069259942E+000                  3.5076494056905045E+000                 -8.3588150331386526E+000                  2.9399834970658025E+000                  6.7779619136771807E-001                  3.0212550494816803E-001                  2.0078303684113896E-002                  6.0182450070731121E-028                  0.0000000000000000E+000                  0.0000000000000000E+000 
                                       5                  8.7131624637162730E-001                  2.0677804066210443E+000                  3.5076494106059810E+000                 -8.3588149990783602E+000                  2.9399835363835010E+000                  6.7779619136771807E-001                  3.0212550494816803E-001                  2.0078303684113896E-002                  6.0182454790943260E-028                  0.0000000000000000E+000                  0.0000000000000000E+000 
                                       6                  8.7131624634438154E-001                  2.0677804058256424E+000                  3.5076494187111540E+000                 -8.3588149429160516E+000                  2.9399836012147920E+000                  6.7779619136771818E-001                  3.0212550494816803E-001                  2.0078303684113785E-002                  6.0182462574142308E-028                  0.0000000000000000E+000                  0.0000000000000000E+000 
                                       7                  8.7131624630947746E-001                  2.0677804048066646E+000                  3.5076494278150818E+000                 -8.3588148798331972E+000                  2.9399836740348571E+000                  6.7779619136771807E-001                  3.0212550494816803E-001                  2.0078303684113896E-002                  6.0182471316419665E-028                  0.0000000000000000E+000                  0.0000000000000000E+000 
                                       8                  8.7131624627457338E-001                  2.0677804037876868E+000                  3.5076494399303439E+000                 -8.3588147958842605E+000                  2.9399837709418133E+000                  6.7779619136771807E-001                  3.0212550494816803E-001                  2.0078303684113896E-002                  6.0182482950405198E-028                  0.0000000000000000E+000                  0.0000000000000000E+000 
                                       9                  8.7131624621657855E-001                  2.0677804020946100E+000                  3.5076494550569417E+000                 -8.3588146910692540E+000                  2.9399838919356478E+000                  6.7779619136771807E-001                  3.0212550494816803E-001                  2.0078303684113896E-002                  6.0182497476098815E-028                  0.0000000000000000E+000                  0.0000000000000000E+000 
                                      10                  8.7131624615858372E-001                  2.0677804004015332E+000                  3.5076494761970110E+000                 -8.3588145445858721E+000                  2.9399840610296342E+000                  6.7779619136771807E-001                  3.0212550494816803E-001                  2.0078303684113896E-002                  6.0182517776372693E-028                  0.0000000000000000E+000                  0.0000000000000000E+000 
                                      11                  8.7131624605447822E-001                  2.0677803973623159E+000                  3.5076495033505561E+000                 -8.3588143564341664E+000                  2.9399842782237289E+000                  6.7779619136771807E-001                  3.0212550494816803E-001                  2.0078303684113896E-002                  6.0182543851225449E-028                  0.0000000000000000E+000                  0.0000000000000000E+000 
                                      12                  8.7131624595037271E-001                  2.0677803943231012E+000                  3.5076495420652978E+000                 -8.3588140881731636E+000                  2.9399845878925333E+000                  6.7779619136771807E-001                  3.0212550494816803E-001                  2.0078303684113896E-002                  6.0182581027980387E-028                  0.0000000000000000E+000                  0.0000000000000000E+000 
                                      13                  8.7131624575761690E-001                  2.0677803886958710E+000                  3.5076495923412536E+000                 -8.3588137398030753E+000                  2.9399849900358510E+000                  6.7779619136771807E-001                  3.0212550494816803E-001                  2.0078303684113896E-002                  6.0182629306628774E-028                  0.0000000000000000E+000                  0.0000000000000000E+000 
                                      14                  8.7131624556486109E-001                  2.0677803830686439E+000                  3.5076496641982513E+000                 -8.3588132418954206E+000                  2.9399855647989894E+000                  6.7779619136771807E-001                  3.0212550494816803E-001                  2.0078303684113896E-002                  6.0182698308913375E-028                  0.0000000000000000E+000                  0.0000000000000000E+000 
                                      15                  8.7131624520662398E-001                  2.0677803726104460E+000                  3.5076497576363592E+000                 -8.3588125944509155E+000                  2.9399863121813077E+000                  6.7779619136771807E-001                  3.0212550494816803E-001                  2.0078303684113896E-002                  6.0182788034806227E-028                  0.0000000000000000E+000                  0.0000000000000000E+000 
                                      16                  8.7131624484838699E-001                  2.0677803621522606E+000                  3.5076498906871536E+000                 -8.3588116725281942E+000                  2.9399873764100470E+000                  6.7779619136771807E-001                  3.0212550494816803E-001                  2.0078303684113896E-002                  6.0182915799407124E-028                  0.0000000000000000E+000                  0.0000000000000000E+000 
                                      17                  8.7131624418640485E-001                  2.0677803428267398E+000                  3.5076500633508667E+000                 -8.3588104761296655E+000                  2.9399887574830514E+000                  6.7779619136771807E-001                  3.0212550494816803E-001                  2.0078303684113896E-002                  6.0183081602624321E-028                  0.0000000000000000E+000                  0.0000000000000000E+000 
                                      18                  8.7131624352442272E-001                  2.0677803235012675E+000                  3.5076503074924679E+000                 -8.3588087844665555E+000                  2.9399907102706377E+000                  6.7779619136771807E-001                  3.0212550494816803E-001                  2.0078303684113896E-002                  6.0183316042998804E-028                  0.0000000000000000E+000                  0.0000000000000000E+000 
                                      19                  8.7131624231436000E-001                  2.0677802881756238E+000                  3.5076506231127311E+000                 -8.3588065975468400E+000                  2.9399932347656703E+000                  6.7779619136771807E-001                  3.0212550494816803E-001                  2.0078303684113896E-002                  6.0183619120226862E-028                  0.0000000000000000E+000                  0.0000000000000000E+000 
                                      20                  8.7131624110429728E-001                  2.0677802528501505E+000                  3.5076510652929831E+000                 -8.3588035337329405E+000                  2.9399967715185742E+000                  6.7779619136771807E-001                  3.0212550494816803E-001                  2.0078303684113896E-002                  6.0184043725589414E-028                  0.0000000000000000E+000                  0.0000000000000000E+000 
                                      21                  8.7131623892380383E-001                  2.0677801891952243E+000                  3.5076516340357027E+000                 -8.3587995930504455E+000                  2.9400013205064610E+000                  6.7779619136771807E-001                  3.0212550494816803E-001                  2.0078303684113896E-002                  6.0184589858111909E-028                  0.0000000000000000E+000                  0.0000000000000000E+000 
                                      22                  8.7131623674331038E-001                  2.0677801255408479E+000                  3.5076524224144552E+000                 -8.3587941306734876E+000                  2.9400076261030339E+000                  6.7779619136771807E-001                  3.0212550494816803E-001                  2.0078303684113896E-002                  6.0185346887892578E-028                  0.0000000000000000E+000                  0.0000000000000000E+000 
                                      23                  8.7131623287873339E-001                  2.0677800127249708E+000                  3.5076534304369136E+000                 -8.3587871466812373E+000                  2.9400156882374691E+000                  6.7779619136771807E-001                  3.0212550494816803E-001                  2.0078303684113896E-002                  6.0186314811917585E-028                  0.0000000000000000E+000                  0.0000000000000000E+000 
                                      24                  8.7131622901415651E-001                  2.0677798999108168E+000                  3.5076548119480719E+000                 -8.3587775753501692E+000                  2.9400267371797697E+000                  6.7779619136771807E-001                  3.0212550494816803E-001                  2.0078303684113896E-002                  6.0187641345160642E-028                  0.0000000000000000E+000                  0.0000000000000000E+000 
                                      25                  8.7131622228591010E-001                  2.0677797035049719E+000                  3.5076565669707986E+000                 -8.3587654169161905E+000                  2.9400407727189100E+000                  6.7779619136771807E-001                  3.0212550494816803E-001                  2.0078303684113896E-002                  6.0189326478636615E-028                  0.0000000000000000E+000                  0.0000000000000000E+000 
                                      26                  8.7131621555766359E-001                  2.0677795071043605E+000                  3.5076589445977402E+000                 -8.3587489462349236E+000                  2.9400597864185483E+000                  6.7779619136771807E-001                  3.0212550494816803E-001                  2.0078303684113896E-002                  6.0191609355802521E-028                  0.0000000000000000E+000                  0.0000000000000000E+000 
                                      27                  8.7131620405597354E-001                  2.0677791713768419E+000                  3.5076619448945174E+000                 -8.3587281639830131E+000                  2.9400837776734479E+000                  6.7779619136771807E-001                  3.0212550494816803E-001                  2.0078303684113896E-002                  6.0194489950880251E-028                  0.0000000000000000E+000                  0.0000000000000000E+000 
                                      28                  8.7131619255428328E-001                  2.0677788356646110E+000                  3.5076659635581073E+000                 -8.3587003307284178E+000                  2.9401159091361211E+000                  6.7779619136771807E-001                  3.0212550494816803E-001                  2.0078303684113896E-002                  6.0198348090248897E-028                  0.0000000000000000E+000                  0.0000000000000000E+000 
                                      29                  8.7131617324567434E-001                  2.0677782721177893E+000                  3.5076710007699461E+000                 -8.3586654483410125E+000                  2.9401561791341031E+000                  6.7779619136771807E-001                  3.0212550494816803E-001                  2.0078303684113896E-002                  6.0203183702636590E-028                  0.0000000000000000E+000                  0.0000000000000000E+000 
                                      30                  8.7131615393706552E-001                  2.0677777086140372E+000                  3.5076776754809562E+000                 -8.3586192345669108E+000                  2.9402095319225050E+000                  6.7779619136771807E-001                  3.0212550494816803E-001                  2.0078303684113896E-002                  6.0209590740190627E-028                  0.0000000000000000E+000                  0.0000000000000000E+000 
                                      31                  8.7131612207736553E-001                  2.0677767789125365E+000                  3.5076859881757914E+000                 -8.3585616943965135E+000                  2.9402759630381672E+000                  6.7779619136771807E-001                  3.0212550494816803E-001                  2.0078303684113896E-002                  6.0217569012551675E-028                  0.0000000000000000E+000                  0.0000000000000000E+000 
                                      32                  8.7131609021766543E-001                  2.0677758493282350E+000                  3.5076969023257090E+000                 -8.3584861690809067E+000                  2.9403631617088535E+000                  6.7779619136771807E-001                  3.0212550494816803E-001                  2.0078303684113896E-002                  6.0228042632300964E-028                  0.0000000000000000E+000                  0.0000000000000000E+000 
                                      33                  8.7131603842405969E-001                  2.0677743383737468E+000                  3.5077104191900981E+000                 -8.3583926715688719E+000                  2.9404711163555319E+000                  6.7779619136771807E-001                  3.0212550494816803E-001                  2.0078303684113896E-002                  6.0241011104876681E-028                  0.0000000000000000E+000                  0.0000000000000000E+000 
                                      34                  8.7131598663045384E-001                  2.0677728277287488E+000                  3.5077280607263588E+000                 -8.3582707010151989E+000                  2.9406119556165113E+000                  6.7779619136771807E-001                  3.0212550494816803E-001                  2.0078303684113896E-002                  6.0257933097977058E-028                  0.0000000000000000E+000                  0.0000000000000000E+000 
                                      35                  8.7131590324577801E-001                  2.0677703963284984E+000                  3.5077498301636876E+000                 -8.3581202905437806E+000                  2.9407856498787939E+000                  6.7779619136771807E-001                  3.0212550494816803E-001                  2.0078303684113896E-002                  6.0278807343870710E-028                  0.0000000000000000E+000                  0.0000000000000000E+000 
                                      36                  8.7131581986110229E-001                  2.0677679657293622E+000                  3.5077781939082664E+000                 -8.3579244675068018E+000                  2.9410118096733009E+000                  6.7779619136771807E-001                  3.0212550494816803E-001                  2.0078303684113896E-002                  6.0305994866703604E-028                  0.0000000000000000E+000                  0.0000000000000000E+000 
                                      37                  8.7131568600746756E-001                  2.0677640656725194E+000                  3.5078131602672116E+000                 -8.3576833167948141E+000                  2.9412903591360546E+000                  6.7779619136771807E-001                  3.0212550494816803E-001                  2.0078303684113896E-002                  6.0339492406785386E-028                  0.0000000000000000E+000                  0.0000000000000000E+000 
                                      38                  8.7131555215383272E-001                  2.0677601676756745E+000                  3.5078587999312600E+000                 -8.3573689407305736E+000                  2.9416535495531129E+000                  6.7779619136771807E-001                  3.0212550494816803E-001                  2.0078303684113896E-002                  6.0383189407956164E-028                  0.0000000000000000E+000                  0.0000000000000000E+000 
                                      39                  8.7131533670828409E-001                  2.0677538979330228E+000                  3.5079151345637936E+000                 -8.3569815593602073E+000                  2.9421011843963751E+000                  6.7779619136771807E-001                  3.0212550494816803E-001                  2.0078303684113896E-002                  6.0437077376124473E-028                  0.0000000000000000E+000                  0.0000000000000000E+000 
                                      40                  8.7131512126273558E-001                  2.0677476335091636E+000                  3.5079890915022292E+000                 -8.3564740013938597E+000                  2.9426878434676782E+000                  6.7779619136771807E-001                  3.0212550494816803E-001                  2.0078303684113896E-002                  6.0507755701195254E-028                  0.0000000000000000E+000                  0.0000000000000000E+000 
                                      41                  8.7131477135276303E-001                  2.0677374706241238E+000                  3.5080807288311195E+000                 -8.3558468511306447E+000                  2.9434130054337313E+000                  6.7779619136771807E-001                  3.0212550494816803E-001                  2.0078303684113896E-002                  6.0595201637182482E-028                  0.0000000000000000E+000                  0.0000000000000000E+000 
                                      42                  8.7131442144279048E-001                  2.0677273216924106E+000                  3.5082021748069625E+000                 -8.3550183623547696E+000                  2.9443713862771794E+000                  6.7779619136771818E-001                  3.0212550494816803E-001                  2.0078303684113785E-002                  6.0710914747664845E-028                  0.0000000000000000E+000                  0.0000000000000000E+000 
                                      43                  8.7131384475593288E-001                  2.0677106255614368E+000                  3.5083535913542971E+000                 -8.3539901384401922E+000                  2.9455615577515899E+000                  6.7779619136771818E-001                  3.0212550494816803E-001                  2.0078303684113785E-002                  6.0854831755189037E-028                  0.0000000000000000E+000                  0.0000000000000000E+000 
                                      44                  8.7131326806907528E-001                  2.0676939669940047E+000                  3.5085537275090544E+000                 -8.3526382477195273E+000                  2.9471274979676978E+000                  6.7779619136771807E-001                  3.0212550494816803E-001                  2.0078303684113896E-002                  6.1044570599856577E-028                  0.0000000000000000E+000                  0.0000000000000000E+000 
                                      45                  8.7131232264081715E-001                  2.0676667374657800E+000                  3.5088030220289297E+000                 -8.3509669216379496E+000                  2.9490654482450016E+000                  6.7779619136771807E-001                  3.0212550494816803E-001                  2.0078303684113896E-002                  6.1279960433106682E-028                  0.0000000000000000E+000                  0.0000000000000000E+000 
                                      46                  8.7131137721255902E-001                  2.0676396074322736E+000                  3.5091229373418473E+000                 -8.3488404897033845E+000                  2.9515340143470423E+000                  6.7779619136771807E-001                  3.0212550494816814E-001                  2.0078303684113785E-002                  6.1580760011919931E-028                  0.0000000000000000E+000                  0.0000000000000000E+000 
                                      47                  8.7130990241360751E-001                  2.0675974831979471E+000                  3.5098009720790735E+000                 -8.3443979502764272E+000                  2.9567015677863755E+000                  6.7779619136771807E-001                  3.0212550494816814E-001                  2.0078303684113785E-002                  6.2213963488827232E-028                  0.0000000000000000E+000                  0.0000000000000000E+000 
                                      48                  8.7130626806283429E-001                  2.0674946813590558E+000                  3.5109822493198171E+000                 -8.3368874059751192E+000                  2.9654749905690556E+000                  6.7779619136771807E-001                  3.0212550494816814E-001                  2.0078303684113785E-002                  6.3299299097968687E-028                  0.0000000000000000E+000                  0.0000000000000000E+000 
                                      49                  8.7130109600917094E-001                  2.0673507695005848E+000                  3.5131882743117520E+000                 -8.3235329579148285E+000                  2.9811860013179303E+000                  6.7779619136771807E-001                  3.0212550494816814E-001                  2.0078303684113785E-002                  6.5276103960131610E-028                  0.0000000000000000E+000                  0.0000000000000000E+000 
                                      50                  8.7129006790901231E-001                  2.0670527513953312E+000                  3.5161013303676323E+000                 -8.3073791940328086E+000                  3.0004484305629924E+000                  6.7779619136771807E-001                  3.0212550494816803E-001                  2.0078303684113896E-002                  6.7749963764463621E-028                  0.0000000000000000E+000                  0.0000000000000000E+000 
                                      51                  8.7128047366030392E-001                  2.0668024740027744E+000                  3.5183884140113970E+000                 -8.2957049443608959E+000                  3.0145593726170183E+000                  6.7779619136771807E-001                  3.0212550494816803E-001                  2.0078303684113896E-002                  6.9595972612235053E-028                  0.0000000000000000E+000                  0.0000000000000000E+000 
                                      52                  8.7127440555825109E-001                  2.0666481632493934E+000                  3.5210286986676516E+000                 -8.2830705897236836E+000                  3.0300008633573485E+000                  6.7779619136771807E-001                  3.0212550494816803E-001                  2.0078303684113896E-002                  7.1650517575601492E-028                  0.0000000000000000E+000                  0.0000000000000000E+000 
                                      53                  8.7126276621401189E-001                  2.0663602240468002E+000                  3.5236165580470939E+000                 -8.2718347862298387E+000                  3.0439835444504606E+000                  6.7779619136771807E-001                  3.0212550494816809E-001                  2.0078303684113896E-002                  7.3528535946911574E-028                  0.0000000000000000E+000                  0.0000000000000000E+000 
                                      54                  8.7125786237146419E-001                  2.0662418429011216E+000                  3.5257122340374805E+000                 -8.2632400464023750E+000                  3.0547972957388758E+000                  6.7779619136771807E-001                  3.0212550494816814E-001                  2.0078303684113785E-002                  7.4998273272011373E-028                  0.0000000000000000E+000                  0.0000000000000000E+000 
                                      55                  8.7124961624605213E-001                  2.0660464666229412E+000                  3.5286530593505483E+000                 -8.2521134898307391E+000                  3.0690303376418688E+000                  6.7779619136771807E-001                  3.0212550494816814E-001                  2.0078303684113785E-002                  7.6944682958877954E-028                  0.0000000000000000E+000                  0.0000000000000000E+000 
                                      56                  8.7124007956654326E-001                  2.0658259118728779E+000                  3.5326650995157882E+000                 -8.2384056529382477E+000                  3.0869608166927733E+000                  6.7779619136771807E-001                  3.0212550494816803E-001                  2.0078303684113896E-002                  7.9412239374037667E-028                  0.0000000000000000E+000                  0.0000000000000000E+000 
                                      57                  8.7122641506283272E-001                  2.0655191536706914E+000                  3.5365156714237074E+000                 -8.2269779243984882E+000                  3.1024257223909255E+000                  6.7779619136771807E-001                  3.0212550494816809E-001                  2.0078303684113896E-002                  8.1529731154955158E-028                  0.0000000000000000E+000                  0.0000000000000000E+000 
                                      58                  8.7121934308408788E-001                  2.0653642691330116E+000                  3.5396655639271506E+000                 -8.2184261310352564E+000                  3.1142677530772893E+000                  6.7779619136771807E-001                  3.0212550494816803E-001                  2.0078303684113896E-002                  8.3151184169437962E-028                  0.0000000000000000E+000                  0.0000000000000000E+000 
                                      59                  8.7121005285296693E-001                  2.0651645251198736E+000                  3.5436208564262670E+000                 -8.2088302655188130E+000                  3.1279815584565376E+000                  6.7779619136771807E-001                  3.0212550494816803E-001                  2.0078303684113896E-002                  8.5009022785331043E-028                  0.0000000000000000E+000                  0.0000000000000000E+000 
                                      60                  8.7119986429654261E-001                  2.0649499469582819E+000                  3.5478368964060247E+000                 -8.1998465211236944E+000                  3.1413384389013017E+000                  6.7779619136771807E-001                  3.0212550494816803E-001                  2.0078303684113896E-002                  8.6785955501380684E-028                  0.0000000000000000E+000                  0.0000000000000000E+000 
                                      61                  8.7119051889900245E-001                  2.0647568842607158E+000                  3.5532370059986378E+000                 -8.1897550011495710E+000                  3.1570072596063055E+000                  6.7779619136771807E-001                  3.0212550494816803E-001                  2.0078303684113896E-002                  8.8826334904058065E-028                  0.0000000000000000E+000                  0.0000000000000000E+000 
                                      62                  8.7117621201015971E-001                  2.0644676313712838E+000                  3.5587919352206132E+000                 -8.1812372370712048E+000                  3.1712379819556729E+000                  6.7779619136771807E-001                  3.0212550494816803E-001                  2.0078303684113896E-002                  9.0585808929879235E-028                  0.0000000000000000E+000                  0.0000000000000000E+000 
                                      63                  8.7116834410826971E-001                  2.0643114094631483E+000                  3.5623887421965166E+000                 -8.1763605152610559E+000                  3.1798018276689266E+000                  6.7779619136771807E-001                  3.0212550494816803E-001                  2.0078303684113896E-002                  9.1608815866657006E-028                  0.0000000000000000E+000                  0.0000000000000000E+000 
                                      64                  8.7116253266383714E-001                  2.0641972015950900E+000                  3.5663225344991645E+000                 -8.1715234623099899E+000                  3.1886618321580480E+000                  6.7779619136771807E-001                  3.0212550494816803E-001                  2.0078303684113896E-002                  9.2634913907514463E-028                  0.0000000000000000E+000                  0.0000000000000000E+000 
                                      65                  8.7115392000117775E-001                  2.0640296552580888E+000                  3.5722474268955984E+000                 -8.1652647635110736E+000                  3.2009628011089686E+000                  6.7779619136771807E-001                  3.0212550494816803E-001                  2.0078303684113896E-002                  9.3979665641866064E-028                  0.0000000000000000E+000                  0.0000000000000000E+000 
                                      66                  8.7114204389326733E-001                  2.0638016177472638E+000                  3.5777291417915480E+000                 -8.1606539061243417E+000                  3.2111484716028942E+000                  6.7779619136771807E-001                  3.0212550494816803E-001                  2.0078303684113896E-002                  9.4982833147523141E-028                  0.0000000000000000E+000                  0.0000000000000000E+000 
                                      67                  8.7113654604481061E-001                  2.0636970463254762E+000                  3.5814065943176194E+000                 -8.1579253483453407E+000                  3.2176095507819804E+000                  6.7779619136771807E-001                  3.0212550494816803E-001                  2.0078303684113896E-002                  9.5581511756843859E-028                  0.0000000000000000E+000                  0.0000000000000000E+000 
                                      68                  8.7113082071015868E-001                  2.0635887504622672E+000                  3.5864103162588026E+000                 -8.1547005649232727E+000                  3.2259049285085792E+000                  6.7779619136771807E-001                  3.0212550494816803E-001                  2.0078303684113896E-002                  9.6293935606807349E-028                  0.0000000000000000E+000                  0.0000000000000000E+000 
                                      69                  8.7112190413768553E-001                  2.0634211798190667E+000                  3.5931191720890805E+000                 -8.1512767397517756E+000                  3.2361146484722183E+000                  6.7779619136771807E-001                  3.0212550494816803E-001                  2.0078303684113896E-002                  9.7056145022284477E-028                  0.0000000000000000E+000                  0.0000000000000000E+000 
                                      70                  8.7111243986730669E-001                  2.0632445029578674E+000                  3.6005684406235945E+000                 -8.1483416995818310E+000                  3.2465703597262308E+000                  6.7779619136771807E-001                  3.0212550494816803E-001                  2.0078303684113896E-002                  9.7714342625774837E-028                  0.0000000000000000E+000                  0.0000000000000000E+000 
                                      71                  8.7110265831911982E-001                  2.0630629085375758E+000                  3.6086950483649960E+000                 -8.1458335802095885E+000                  3.2572696857073966E+000                  6.7779619136771807E-001                  3.0212550494816803E-001                  2.0078303684113896E-002                  9.8280337028489436E-028                  0.0000000000000000E+000                  0.0000000000000000E+000 
                                      72                  8.7109229354685480E-001                  2.0628713478992080E+000                  3.6159536135263450E+000                 -8.1439895228549659E+000                  3.2664206134440885E+000                  6.7779619136771807E-001                  3.0212550494816803E-001                  2.0078303684113896E-002                  9.8698566307976031E-028                  0.0000000000000000E+000                  0.0000000000000000E+000 
                                      73                  8.7108506022861709E-001                  2.0627380794675587E+000                  3.6219974987506265E+000                 -8.1425881680570473E+000                  3.2739006856163213E+000                  6.7779619136771807E-001                  3.0212550494816803E-001                  2.0078303684113896E-002                  9.9017581143334230E-028                  0.0000000000000000E+000                  0.0000000000000000E+000 
                                      74                  8.7107764854011926E-001                  2.0626018378529309E+000                  3.6297397937343501E+000                 -8.1408901016665514E+000                  3.2833800170026604E+000                  6.7779619136771807E-001                  3.0212550494816803E-001                  2.0078303684113896E-002                  9.9405523704924918E-028                  0.0000000000000000E+000                  0.0000000000000000E+000 
                                      75                  8.7106615842803103E-001                  2.0623911986894177E+000                  3.6392601624921603E+000                 -8.1388448751741027E+000                  3.2949866116769693E+000                  6.7779619136771807E-001                  3.0212550494816803E-001                  2.0078303684113896E-002                  9.9874797358799925E-028                  0.0000000000000000E+000                  0.0000000000000000E+000 
                                      76                  8.7105398167542769E-001                  2.0621686880240313E+000                  3.6473119162471601E+000                 -8.1370154325944650E+000                  3.3048979312067739E+000                  6.7779619136771807E-001                  3.0212550494816803E-001                  2.0078303684113896E-002                  1.0029643661402182E-027                  0.0000000000000000E+000                  0.0000000000000000E+000 
                                      77                  8.7104548374438728E-001                  2.0620138530197631E+000                  3.6537830253690795E+000                 -8.1354180436670358E+000                  3.3129882871374887E+000                  6.7779619136771807E-001                  3.0212550494816803E-001                  2.0078303684113896E-002                  1.0066604896410983E-027                  0.0000000000000000E+000                  0.0000000000000000E+000 
                                      78                  8.7103677655908851E-001                  2.0618556167808357E+000                  3.6585101935694859E+000                 -8.1341089031031402E+000                  3.3190394614836807E+000                  6.7779619136771807E-001                  3.0212550494816803E-001                  2.0078303684113896E-002                  1.0096998027781496E-027                  0.0000000000000000E+000                  0.0000000000000000E+000 
                                      79                  8.7103242296643901E-001                  2.0617766721491160E+000                  3.6632661262801460E+000                 -8.1327164354462624E+000                  3.3252020887522207E+000                  6.7779619136771807E-001                  3.0212550494816803E-001                  2.0078303684113896E-002                  1.0129426409475206E-027                  0.0000000000000000E+000                  0.0000000000000000E+000 
                                      80                  8.7102329659594524E-001                  2.0616115723715711E+000                  3.6711580172709870E+000                 -8.1301067643345704E+000                  3.3357259912198263E+000                  6.7779619136771807E-001                  3.0212550494816803E-001                  2.0078303684113896E-002                  1.0190482321321116E-027                  0.0000000000000000E+000                  0.0000000000000000E+000 
                                      81                  8.7100899179421587E-001                  2.0613539671938046E+000                  3.6788236632879809E+000                 -8.1271267127058149E+000                  3.3463924199079842E+000                  6.7779619136771807E-001                  3.0212550494816803E-001                  2.0078303684113896E-002                  1.0260653882329724E-027                  0.0000000000000000E+000                  0.0000000000000000E+000 
                                      82                  8.7099901884773590E-001                  2.0611753305402036E+000                  3.6849289375113687E+000                 -8.1245627263741600E+000                  3.3550780471339214E+000                  6.7779619136771807E-001                  3.0212550494816803E-001                  2.0078303684113896E-002                  1.0321414922097520E-027                  0.0000000000000000E+000                  0.0000000000000000E+000 
                                      83                  8.7098881029937325E-001                  2.0609933235555089E+000                  3.6909763835513978E+000                 -8.1218959723425694E+000                  3.3638087849457778E+000                  6.7779619136771807E-001                  3.0212550494816803E-001                  2.0078303684113896E-002                  1.0384993117865908E-027                  0.0000000000000000E+000                  0.0000000000000000E+000 
                                      84                  8.7097835608391816E-001                  2.0608078423167195E+000                  3.6970842649249271E+000                 -8.1191764132162358E+000                  3.3726537597421355E+000                  6.7779619136771807E-001                  3.0212550494816803E-001                  2.0078303684113896E-002                  1.0450233615437668E-027                  0.0000000000000000E+000                  0.0000000000000000E+000 
                                      85                  8.7096748547801528E-001                  2.0606159273584885E+000                  3.7025636103524602E+000                 -8.1168306079730925E+000                  3.3804957988159896E+000                  6.7779619136771807E-001                  3.0212550494816803E-001                  2.0078303684113896E-002                  1.0506837147215770E-027                  0.0000000000000000E+000                  0.0000000000000000E+000 
                                      86                  8.7095911642069623E-001                  2.0604687996778788E+000                  3.7074133690125572E+000                 -8.1149083770970485E+000                  3.3872839984160219E+000                  6.7779619136771807E-001                  3.0212550494816803E-001                  2.0078303684113896E-002                  1.0553448449695064E-027                  0.0000000000000000E+000                  0.0000000000000000E+000 
                                      87                  8.7095057124262742E-001                  2.0603190858225147E+000                  3.7116603031066813E+000                 -8.1134201415214857E+000                  3.3930346116123120E+000                  6.7779619136771807E-001                  3.0212550494816803E-001                  2.0078303684113896E-002                  1.0589677977835732E-027                  0.0000000000000000E+000                  0.0000000000000000E+000 
                                      88                  8.7094459913289335E-001                  2.0602147192187443E+000                  3.7169954550445188E+000                 -8.1117763376989789E+000                  3.4000348884990230E+000                  6.7779619136771807E-001                  3.0212550494816803E-001                  2.0078303684113896E-002                  1.0629839230085224E-027                  0.0000000000000000E+000                  0.0000000000000000E+000 
                                      89                  8.7093265491342486E-001                  2.0600065499969240E+000                  3.7226565821835202E+000                 -8.1105607859285929E+000                  3.4069371404080897E+000                  6.7779619136771807E-001                  3.0212550494816803E-001                  2.0078303684113896E-002                  1.0659635401290648E-027                  0.0000000000000000E+000                  0.0000000000000000E+000 
                                      90                  8.7092668280369068E-001                  2.0599026443593216E+000                  3.7286759707740211E+000                 -8.1095943427686628E+000                  3.4139538645327479E+000                  6.7779619136771807E-001                  3.0212550494816803E-001                  2.0078303684113896E-002                  1.0683384897465555E-027                  0.0000000000000000E+000                  0.0000000000000000E+000 
                                      91                  8.7091416479782502E-001                  2.0596850928030270E+000                  3.7354475185418119E+000                 -8.1093072914874984E+000                  3.4210530943542450E+000                  6.7779619136771807E-001                  3.0212550494816803E-001                  2.0078303684113896E-002                  1.0690449119136118E-027                  0.0000000000000000E+000                  0.0000000000000000E+000 
                                      92                  8.7090770654531224E-001                  2.0595728005463441E+000                  3.7402898982993351E+000                 -8.1094114390711578E+000                  3.4258246377811483E+000                  6.7779619136771807E-001                  3.0212550494816803E-001                  2.0078303684113896E-002                  1.0687885547345669E-027                  0.0000000000000000E+000                  0.0000000000000000E+000 
                                      93                  8.7090124829279958E-001                  2.0594603941550869E+000                  3.7455140682151278E+000                 -8.1098769747131190E+000                  3.4306238954431949E+000                  6.7779619136771807E-001                  3.0212550494816803E-001                  2.0078303684113896E-002                  1.0676433994952329E-027                  0.0000000000000000E+000                  0.0000000000000000E+000 
                                      94                  8.7089458456975832E-001                  2.0593441954295364E+000                  3.7512086795328248E+000                 -8.1107965423178960E+000                  3.4354497106512158E+000                  6.7779619136771807E-001                  3.0212550494816803E-001                  2.0078303684113896E-002                  1.0653849909315308E-027                  0.0000000000000000E+000                  0.0000000000000000E+000 
                                      95                  8.7088792084671685E-001                  2.0592276567646226E+000                  3.7575241369046601E+000                 -8.1122874176632127E+000                  3.4403398787262813E+000                  6.7779619136771807E-001                  3.0212550494816803E-001                  2.0078303684113896E-002                  1.0617336285255906E-027                  0.0000000000000000E+000                  0.0000000000000000E+000 
                                      96                  8.7088094202923050E-001                  2.0591050866823331E+000                  3.7628523508757810E+000                 -8.1139603299790384E+000                  3.4440593787530225E+000                  6.7779619136771807E-001                  3.0212550494816803E-001                  2.0078303684113896E-002                  1.0576513301236671E-027                  0.0000000000000000E+000                  0.0000000000000000E+000 
                                      97                  8.7087745262048744E-001                  2.0590435259751474E+000                  3.7665766573430806E+000                 -8.1152714762681075E+000                  3.4465228475768459E+000                  6.7779619136771807E-001                  3.0212550494816803E-001                  2.0078303684113896E-002                  1.0544628009303556E-027                  0.0000000000000000E+000                  0.0000000000000000E+000 
                                      98                  8.7087396321174426E-001                  2.0589817528252383E+000                  3.7724527545217983E+000                 -8.1175662019621520E+000                  3.4501941114846653E+000                  6.7779619136771807E-001                  3.0212550494816803E-001                  2.0078303684113896E-002                  1.0489054579160435E-027                  0.0000000000000000E+000                  0.0000000000000000E+000 
                                      99                  8.7086698439425791E-001                  2.0588574721685724E+000                  3.7789833610541539E+000                 -8.1205698046095804E+000                  3.4538387237112498E+000                  6.7779619136771807E-001                  3.0212550494816803E-001                  2.0078303684113896E-002                  1.0416755999218691E-027                  0.0000000000000000E+000                  0.0000000000000000E+000 
                                     100                  8.7086349498551463E-001                  2.0587948601803059E+000                  3.7835156818574913E+000                 -8.1227818862552290E+000                  3.4562529616291919E+000                  6.7779619136771807E-001                  3.0212550494816803E-001                  2.0078303684113896E-002                  1.0363828682581469E-027                  0.0000000000000000E+000                  0.0000000000000000E+000 
                                     101                  8.7086000557677146E-001                  2.0587319011640761E+000                  3.7907630218297617E+000                 -8.1264934266309634E+000                  3.4599639630033412E+000                  6.7779619136771807E-001                  3.0212550494816803E-001                  2.0078303684113896E-002                  1.0275628073296333E-027                  0.0000000000000000E+000                  0.0000000000000000E+000 
                                     102                  8.7085269790910391E-001                  2.0585988280090195E+000                  3.7984053853477784E+000                 -8.1306201870290202E+000                  3.4637038473551880E+000                  6.7779619136771807E-001                  3.0212550494816803E-001                  2.0078303684113896E-002                  1.0178441263811412E-027                  0.0000000000000000E+000                  0.0000000000000000E+000 
                                     103                  8.7084904407527008E-001                  2.0585316096869701E+000                  3.8034544890241095E+000                 -8.1333664406232042E+000                  3.4661808488867991E+000                  6.7779619136771807E-001                  3.0212550494816803E-001                  2.0078303684113896E-002                  1.0114275869672038E-027                  0.0000000000000000E+000                  0.0000000000000000E+000 
                                     104                  8.7084539024143637E-001                  2.0584639334406409E+000                  3.8110225086652569E+000                 -8.1374720402125078E+000                  3.4699503515987282E+000                  6.7779619136771807E-001                  3.0212550494816803E-001                  2.0078303684113896E-002                  1.0019103394504115E-027                  0.0000000000000000E+000                  0.0000000000000000E+000 
                                     105                  8.7083784990992308E-001                  2.0583228433067298E+000                  3.8205732368654020E+000                 -8.1424714984980451E+000                  3.4749838600882614E+000                  6.7779619136771807E-001                  3.0212550494816803E-001                  2.0078303684113896E-002                  9.9044187122636854E-028                  0.0000000000000000E+000                  0.0000000000000000E+000 
                                     106                  8.7083030957840990E-001                  2.0581799795604514E+000                  3.8294376317362850E+000                 -8.1468425271534990E+000                  3.4800405862573269E+000                  6.7779619136771807E-001                  3.0212550494816803E-001                  2.0078303684113896E-002                  9.8052260058798292E-028                  0.0000000000000000E+000                  0.0000000000000000E+000 
                                     107                  8.7082254268329451E-001                  2.0580311848305199E+000                  3.8375753199496878E+000                 -8.1505395962643234E+000                  3.4851195347315960E+000                  6.7779619136771807E-001                  3.0212550494816803E-001                  2.0078303684113896E-002                  9.7221035062647967E-028                  0.0000000000000000E+000                  0.0000000000000000E+000 
                                     108                  8.7081477578817901E-001                  2.0578809629677086E+000                  3.8451014240276349E+000                 -8.1536319555556016E+000                  3.4902670421777313E+000                  6.7779619136771807E-001                  3.0212550494816803E-001                  2.0078303684113896E-002                  9.6531183814694241E-028                  0.0000000000000000E+000                  0.0000000000000000E+000 
                                     109                  8.7080663463524888E-001                  2.0577222079583457E+000                  3.8520442961098595E+000                 -8.1561436840519921E+000                  3.4954807451676784E+000                  6.7779619136771807E-001                  3.0212550494816803E-001                  2.0078303684113896E-002                  9.5974465503742496E-028                  0.0000000000000000E+000                  0.0000000000000000E+000 
                                     110                  8.7079849348231897E-001                  2.0575623563257794E+000                  3.8583296639045677E+000                 -8.1580971790182257E+000                  3.5006400971794678E+000                  6.7779619136771807E-001                  3.0212550494816803E-001                  2.0078303684113896E-002                  9.5543698935543791E-028                  0.0000000000000000E+000                  0.0000000000000000E+000 
                                     111                  8.7079035232938895E-001                  2.0574016061436962E+000                  3.8640511202763719E+000                 -8.1595767964746120E+000                  3.5057463387374801E+000                  6.7779619136771807E-001                  3.0212550494816803E-001                  2.0078303684113896E-002                  9.5218714754159775E-028                  0.0000000000000000E+000                  0.0000000000000000E+000 
                                     112                  8.7078221117645904E-001                  2.0572401277451560E+000                  3.8721170910398146E+000                 -8.1612789266086843E+000                  3.5135360492935597E+000                  6.7779619136771807E-001                  3.0212550494816803E-001                  2.0078303684113896E-002                  9.4846224821080815E-028                  0.0000000000000000E+000                  0.0000000000000000E+000 
                                     113                  8.7076517873000880E-001                  2.0569003777584207E+000                  3.8815123246620074E+000                 -8.1621758267357833E+000                  3.5240442570176449E+000                  6.7779619136771807E-001                  3.0212550494816803E-001                  2.0078303684113896E-002                  9.4650536010329991E-028                  0.0000000000000000E+000                  0.0000000000000000E+000 
                                     114                  8.7074763667940447E-001                  2.0565489010837599E+000                  3.8877516268606516E+000                 -8.1620491435664686E+000                  3.5319817848105655E+000                  6.7779619136771807E-001                  3.0212550494816803E-001                  2.0078303684113896E-002                  9.4678151681206433E-028                  0.0000000000000000E+000                  0.0000000000000000E+000 
                                     115                  8.7073858779295643E-001                  2.0563673142826522E+000                  3.8917019585842150E+000                 -8.1617759572582642E+000                  3.5373110643515684E+000                  6.7779619136771807E-001                  3.0212550494816803E-001                  2.0078303684113896E-002                  9.4737731005259924E-028                  0.0000000000000000E+000                  0.0000000000000000E+000 
                                     116                  8.7072953890650839E-001                  2.0561856138244186E+000                  3.8974005425244367E+000                 -8.1611129245499470E+000                  3.5454327782625752E+000                  6.7779619136771807E-001                  3.0212550494816803E-001                  2.0078303684113896E-002                  9.4882488079304028E-028                  0.0000000000000000E+000                  0.0000000000000000E+000 
                                     117                  8.7071062303067037E-001                  2.0558056285746629E+000                  3.9042049431553867E+000                 -8.1595002765422979E+000                  3.5562208489211997E+000                  6.7779619136771807E-001                  3.0212550494816803E-001                  2.0078303684113896E-002                  9.5235494505112073E-028                  0.0000000000000000E+000                  0.0000000000000000E+000 
                                     118                  8.7069170715483246E-001                  2.0554260572236180E+000                  3.9104193452849043E+000                 -8.1573546135283763E+000                  3.5670273543551709E+000                  6.7779619136771807E-001                  3.0212550494816803E-001                  2.0078303684113896E-002                  9.5707214314440666E-028                  0.0000000000000000E+000                  0.0000000000000000E+000 
                                     119                  8.7067190739270439E-001                  2.0550296466388036E+000                  3.9162126763879925E+000                 -8.1547093824949819E+000                  3.5780067735931604E+000                  6.7779619136771807E-001                  3.0212550494816803E-001                  2.0078303684113896E-002                  9.6291980393808401E-028                  0.0000000000000000E+000                  0.0000000000000000E+000 
                                     120                  8.7065151899971438E-001                  2.0546228026446416E+000                  3.9243955704454794E+000                 -8.1502194863618254E+000                  3.5947389462747541E+000                  6.7779619136771807E-001                  3.0212550494816803E-001                  2.0078303684113896E-002                  9.7292726972290203E-028                  0.0000000000000000E+000                  0.0000000000000000E+000 
                                     121                  8.7060890965937332E-001                  2.0537776457176982E+000                  3.9314436722511221E+000                 -8.1444945155584723E+000                  3.6114450235415942E+000                  6.7779619136771807E-001                  3.0212550494816803E-001                  2.0078303684113896E-002                  9.8583858118688161E-028                  0.0000000000000000E+000                  0.0000000000000000E+000 
                                     122                  8.7058665454974693E-001                  2.0533400612730373E+000                  3.9359414374262722E+000                 -8.1404295228397672E+000                  3.6227543591267803E+000                  6.7779619136771807E-001                  3.0212550494816803E-001                  2.0078303684113896E-002                  9.9511009973556022E-028                  0.0000000000000000E+000                  0.0000000000000000E+000 
                                     123                  8.7056374244462142E-001                  2.0528923891874888E+000                  3.9424220238073087E+000                 -8.1339976614961973E+000                  3.6399633488239589E+000                  6.7779619136771807E-001                  3.0212550494816803E-001                  2.0078303684113896E-002                  1.0099584849726809E-027                  0.0000000000000000E+000                  0.0000000000000000E+000 
                                     124                  8.7051591901522118E-001                  2.0519673452002314E+000                  3.9499800836219774E+000                 -8.1246174767161037E+000                  3.6623890123952525E+000                  6.7779619136771807E-001                  3.0212550494816803E-001                  2.0078303684113896E-002                  1.0320113702873587E-027                  0.0000000000000000E+000                  0.0000000000000000E+000 
                                     125                  8.7046806966041268E-001                  2.0510558120717728E+000                  3.9558897459070494E+000                 -8.1159762930662716E+000                  3.6815912711985015E+000                  6.7779619136771807E-001                  3.0212550494816803E-001                  2.0078303684113896E-002                  1.0527527569977159E-027                  0.0000000000000000E+000                  0.0000000000000000E+000 
                                     126                  8.7043069259312489E-001                  2.0503539029845381E+000                  3.9608743894997733E+000                 -8.1079841447177934E+000                  3.6987458523429999E+000                  6.7779619136771807E-001                  3.0212550494816803E-001                  2.0078303684113896E-002                  1.0723071692102913E-027                  0.0000000000000000E+000                  0.0000000000000000E+000 
                                     127                  8.7038918649195052E-001                  2.0495847691552136E+000                  3.9648999523548989E+000                 -8.1007974980213362E+000                  3.7134859324168814E+000                  6.7779619136771807E-001                  3.0212550494816803E-001                  2.0078303684113896E-002                  1.0902007274764779E-027                  0.0000000000000000E+000                  0.0000000000000000E+000 
                                     128                  8.7036087125186323E-001                  2.0490663809198253E+000                  3.9685733860037087E+000                 -8.0939330266630041E+000                  3.7273736612137509E+000                  6.7779619136771807E-001                  3.0212550494816803E-001                  2.0078303684113896E-002                  1.1075708762412038E-027                  0.0000000000000000E+000                  0.0000000000000000E+000 
                                     129                  8.7032152030403631E-001                  2.0483542313515128E+000                  3.9727779068044189E+000                 -8.0854453617960296E+000                  3.7440323339791788E+000                  6.7779619136771807E-001                  3.0212550494816803E-001                  2.0078303684113896E-002                  1.1294315787591565E-027                  0.0000000000000000E+000                  0.0000000000000000E+000 
                                     130                  8.7027734302935267E-001                  2.0475661382259260E+000                  3.9761709235404235E+000                 -8.0780078221416591E+000                  3.7581560114418102E+000                  6.7779619136771807E-001                  3.0212550494816803E-001                  2.0078303684113896E-002                  1.1489420257682428E-027                  0.0000000000000000E+000                  0.0000000000000000E+000 
                                     131                  8.7024867626892177E-001                  2.0470611751804659E+000                  3.9798076920033751E+000                 -8.0698361383772124E+000                  3.7736063110944551E+000                  6.7779619136771807E-001                  3.0212550494816803E-001                  2.0078303684113896E-002                  1.1707671243618145E-027                  0.0000000000000000E+000                  0.0000000000000000E+000 
                                     132                  8.7019527607488567E-001                  2.0461334900830246E+000                  3.9834704180546954E+000                 -8.0608393023725338E+000                  3.7900090482599644E+000                  6.7779619136771807E-001                  3.0212550494816803E-001                  2.0078303684113896E-002                  1.1952758779422061E-027                  0.0000000000000000E+000                  0.0000000000000000E+000 
                                     133                  8.7015905871731924E-001                  2.0455139078116251E+000                  3.9861761419749158E+000                 -8.0539400920876218E+000                  3.8024395356705241E+000                  6.7779619136771807E-001                  3.0212550494816803E-001                  2.0078303684113896E-002                  1.2144174098172463E-027                  0.0000000000000000E+000                  0.0000000000000000E+000 
                                     134                  8.7012546725804651E-001                  2.0449459799168639E+000                  3.9895856505639169E+000                 -8.0450088203802359E+000                  3.8184140355863279E+000                  6.7779619136771807E-001                  3.0212550494816803E-001                  2.0078303684113896E-002                  1.2396527990951530E-027                  0.0000000000000000E+000                  0.0000000000000000E+000 
                                     135                  8.7006684265013889E-001                  2.0439698028016871E+000                  3.9931495638249479E+000                 -8.0349722822881038E+000                  3.8358623565064667E+000                  6.7779619136771807E-001                  3.0212550494816803E-001                  2.0078303684113896E-002                  1.2686374354286555E-027                  0.0000000000000000E+000                  0.0000000000000000E+000 
                                     136                  8.7002172071009742E-001                  2.0432312656957365E+000                  3.9954235835513892E+000                 -8.0282916124909089E+000                  3.8473024250267054E+000                  6.7779619136771807E-001                  3.0212550494816803E-001                  2.0078303684113896E-002                  1.2883053492946307E-027                  0.0000000000000000E+000                  0.0000000000000000E+000 
                                     137                  8.6999699616475668E-001                  2.0428311915836574E+000                  3.9979216793520718E+000                 -8.0209196037520396E+000                  3.8599446921410525E+000                  6.7779619136771807E-001                  3.0212550494816803E-001                  2.0078303684113896E-002                  1.3103626509080832E-027                  0.0000000000000000E+000                  0.0000000000000000E+000 
                                     138                  8.6994265341437205E-001                  2.0419628635292613E+000                  4.0013651743462928E+000                 -8.0102450037730986E+000                  3.8779156374048225E+000                  6.7779619136771807E-001                  3.0212550494816803E-001                  2.0078303684113896E-002                  1.3429724738907642E-027                  0.0000000000000000E+000                  0.0000000000000000E+000 
                                     139                  8.6988148634211193E-001                  2.0410031818995331E+000                  4.0040121641065998E+000                 -8.0015991310831289E+000                  3.8921872632590251E+000                  6.7779619136771807E-001                  3.0212550494816803E-001                  2.0078303684113896E-002                  1.3699786760427464E-027                  0.0000000000000000E+000                  0.0000000000000000E+000 
                                     140                  8.6984828577304218E-001                  2.0404899435605932E+000                  4.0058684486927758E+000                 -7.9954592239413085E+000                  3.9022915975301813E+000                  6.7779619136771807E-001                  3.0212550494816803E-001                  2.0078303684113896E-002                  1.3894864122620040E-027                  0.0000000000000000E+000                  0.0000000000000000E+000 
                                     141                  8.6981309530170492E-001                  2.0399516291002997E+000                  4.0088490403959396E+000                 -7.9854994306870797E+000                  3.9186496594208058E+000                  6.7779619136771807E-001                  3.0212550494816803E-001                  2.0078303684113896E-002                  1.4217232409723705E-027                  0.0000000000000000E+000                  0.0000000000000000E+000 
                                     142                  8.6973469717490337E-001                  2.0387725798390210E+000                  4.0118456369183244E+000                 -7.9748311651906958E+000                  3.9357398002801656E+000                  6.7779619136771807E-001                  3.0212550494816803E-001                  2.0078303684113896E-002                  1.4570832805895832E-027                  0.0000000000000000E+000                  0.0000000000000000E+000 
                                     143                  8.6969108459737998E-001                  2.0381285511520617E+000                  4.0139597615275333E+000                 -7.9672111539682540E+000                  3.9479077233893034E+000                  6.7779619136771807E-001                  3.0212550494816803E-001                  2.0078303684113896E-002                  1.4828770419844814E-027                  0.0000000000000000E+000                  0.0000000000000000E+000 
                                     144                  8.6964538110040190E-001                  2.0374623764166158E+000                  4.0172799393955225E+000                 -7.9551355430243360E+000                  3.9671550597407248E+000                  6.7779619136771807E-001                  3.0212550494816803E-001                  2.0078303684113896E-002                  1.5246914434305882E-027                  0.0000000000000000E+000                  0.0000000000000000E+000 
                                     145                  8.6954548140485288E-001                  2.0360358990506615E+000                  4.0205845393767579E+000                 -7.9423203310861910E+000                  3.9870768458556500E+000                  6.7779619136771807E-001                  3.0212550494816803E-001                  2.0078303684113896E-002                  1.5703573019599165E-027                  0.0000000000000000E+000                  0.0000000000000000E+000 
                                     146                  8.6948976317793381E-001                  2.0352575196839529E+000                  4.0229137570982445E+000                 -7.9331943469816020E+000                  4.0012251612574694E+000                  6.7779619136771807E-001                  3.0212550494816803E-001                  2.0078303684113896E-002                  1.6037083936090927E-027                  0.0000000000000000E+000                  0.0000000000000000E+000 
                                     147                  8.6943136014326339E-001                  2.0344542230683285E+000                  4.0252782939760356E+000                 -7.9237432009057214E+000                  4.0157729576527332E+000                  6.7779619136771807E-001                  3.0212550494816803E-001                  2.0078303684113896E-002                  1.6389946355662793E-027                  0.0000000000000000E+000                  0.0000000000000000E+000 
                                     148                  8.6936936381554464E-001                  2.0336151130589486E+000                  4.0276919378697107E+000                 -7.9139033329148809E+000                  4.0308107218564651E+000                  6.7779619136771807E-001                  3.0212550494816803E-001                  2.0078303684113896E-002                  1.6765574343762679E-027                  0.0000000000000000E+000                  0.0000000000000000E+000 
                                     149                  8.6930357541796754E-001                  2.0327394551503684E+000                  4.0301542227222278E+000                 -7.9036693099694499E+000                  4.0463401588204357E+000                  6.7779619136771807E-001                  3.0212550494816803E-001                  2.0078303684113896E-002                  1.7165384991253276E-027                  0.0000000000000000E+000                  0.0000000000000000E+000 
                                     150                  8.6923376163915145E-001                  2.0318262348687393E+000                  4.0326650959843242E+000                 -7.8930347590574161E+000                  4.0623647121656914E+000                  6.7779619136771807E-001                  3.0212550494816803E-001                  2.0078303684113896E-002                  1.7590948017360524E-027                  0.0000000000000000E+000                  0.0000000000000000E+000 
                                     151                  8.6915967655066650E-001                  2.0308744735160915E+000                  4.0345671511073720E+000                 -7.8847727714171096E+000                  4.0746941276122852E+000                  6.7779619136771807E-001                  3.0212550494816803E-001                  2.0078303684113896E-002                  1.7928837578730005E-027                  0.0000000000000000E+000                  0.0000000000000000E+000 
                                     152                  8.6912036221930189E-001                  2.0303764367169230E+000                  4.0358811015190401E+000                 -7.8790502418471950E+000                  4.0832267599123684E+000                  6.7779619136771807E-001                  3.0212550494816803E-001                  2.0078303684113896E-002                  1.8166668476790421E-027                  0.0000000000000000E+000                  0.0000000000000000E+000 
                                     153                  8.6907965585935398E-001                  2.0298657396445523E+000                  4.0378778270113056E+000                 -7.8703369060387587E+000                  4.0962107664280953E+000                  6.7779619136771807E-001                  3.0212550494816803E-001                  2.0078303684113896E-002                  1.8534872010054419E-027                  0.0000000000000000E+000                  0.0000000000000000E+000 
                                     154                  8.6899611889750361E-001                  2.0288330237435441E+000                  4.0405362541326095E+000                 -7.8584587099697583E+000                  4.1137489053186638E+000                  6.7779619136771807E-001                  3.0212550494816803E-001                  2.0078303684113896E-002                  1.9048865630990504E-027                  0.0000000000000000E+000                  0.0000000000000000E+000 
                                     155                  8.6890745586760543E-001                  2.0277587201869038E+000                  4.0432553841433005E+000                 -7.8461090377279490E+000                  4.1318671555602231E+000                  6.7779619136771807E-001                  3.0212550494816803E-001                  2.0078303684113896E-002                  1.9598380881717142E-027                  0.0000000000000000E+000                  0.0000000000000000E+000 
                                     156                  8.6881257364628861E-001                  2.0266327681220520E+000                  4.0460342465177703E+000                 -7.8332836744034902E+000                  4.1505633479572417E+000                  6.7779619136771807E-001                  3.0212550494816803E-001                  2.0078303684113896E-002                  2.0185849701658044E-027                  0.0000000000000000E+000                  0.0000000000000000E+000 
                                     157                  8.6871187203677902E-001                  2.0254632979379159E+000                  4.0488975350579492E+000                 -7.8198704736315836E+000                  4.1699981258103493E+000                  6.7779619136771807E-001                  3.0212550494816803E-001                  2.0078303684113896E-002                  2.0819093019367244E-027                  0.0000000000000000E+000                  0.0000000000000000E+000 
                                     158                  8.6860238947461832E-001                  2.0242202061909831E+000                  4.0518429148270814E+000                 -7.8058610499642631E+000                  4.1901686400719669E+000                  6.7779619136771807E-001                  3.0212550494816803E-001                  2.0078303684113896E-002                  2.1501704777341264E-027                  0.0000000000000000E+000                  0.0000000000000000E+000 
                                     159                  8.6848612336213682E-001                  2.0229307676333779E+000                  4.0540685927825315E+000                 -7.7950368866011592E+000                  4.2056139489491153E+000                  6.7779619136771807E-001                  3.0212550494816803E-001                  2.0078303684113896E-002                  2.2044404079018756E-027                  0.0000000000000000E+000                  0.0000000000000000E+000 
                                     160                  8.6842439890873702E-001                  2.0222585279386269E+000                  4.0556036487265663E+000                 -7.7875772786606019E+000                  4.2162556868295251E+000                  6.7779619136771807E-001                  3.0212550494816803E-001                  2.0078303684113896E-002                  2.2426364680749021E-027                  0.0000000000000000E+000                  0.0000000000000000E+000 
                                     161                  8.6836052431263511E-001                  2.0215715000866941E+000                  4.0571512412633686E+000                 -7.7800062456915189E+000                  4.2270243172505140E+000                  6.7779619136771807E-001                  3.0212550494816803E-001                  2.0078303684113896E-002                  2.2820798879952099E-027                  0.0000000000000000E+000                  0.0000000000000000E+000 
                                     162                  8.6829494250285433E-001                  2.0208749796688021E+000                  4.0587119451613249E+000                 -7.7723227536294432E+000                  4.2379216557431585E+000                  6.7779619136771807E-001                  3.0212550494816803E-001                  2.0078303684113896E-002                  2.3228185640466239E-027                  0.0000000000000000E+000                  0.0000000000000000E+000 
                                     163                  8.6822706051279741E-001                  2.0201632190888756E+000                  4.0610945800250979E+000                 -7.7606196422858762E+000                  4.2545218058085439E+000                  6.7779619136771807E-001                  3.0212550494816803E-001                  2.0078303684113896E-002                  2.3862715689683355E-027                  0.0000000000000000E+000                  0.0000000000000000E+000 
                                     164                  8.6808644264716917E-001                  2.0187172735111858E+000                  4.0642687106101265E+000                 -7.7447235301347526E+000                  4.2768845485217977E+000                  6.7779619136771807E-001                  3.0212550494816803E-001                  2.0078303684113896E-002                  2.4752439284459776E-027                  0.0000000000000000E+000                  0.0000000000000000E+000 
                                     165                  8.6793712036197268E-001                  2.0172218926247987E+000                  4.0674941743522668E+000                 -7.7283991357929089E+000                  4.2997297362308480E+000                  6.7779619136771807E-001                  3.0212550494816803E-001                  2.0078303684113896E-002                  2.5700674213373382E-027                  0.0000000000000000E+000                  0.0000000000000000E+000 
                                     166                  8.6777863651408149E-001                  2.0156771795525863E+000                  4.0699307195739083E+000                 -7.7158385937171792E+000                  4.3171684141626878E+000                  6.7779619136771807E-001                  3.0212550494816803E-001                  2.0078303684113896E-002                  2.6454936023033158E-027                  0.0000000000000000E+000                  0.0000000000000000E+000 
                                     167                  8.6769444952413544E-001                  2.0148735214754590E+000                  4.0716119833570268E+000                 -7.7072043229352509E+000                  4.3291594117584173E+000                  6.7779619136771807E-001                  3.0212550494816803E-001                  2.0078303684113896E-002                  2.6986225149061256E-027                  0.0000000000000000E+000                  0.0000000000000000E+000 
                                     168                  8.6760728564655720E-001                  2.0140532369969883E+000                  4.0741639456080874E+000                 -7.6941585275514939E+000                  4.3472855430807096E+000                  6.7779619136771807E-001                  3.0212550494816803E-001                  2.0078303684113896E-002                  2.7809277048835914E-027                  0.0000000000000000E+000                  0.0000000000000000E+000 
                                     169                  8.6742826984558963E-001                  2.0124044087267992E+000                  4.0766923379538031E+000                 -7.6809076241969825E+000                  4.3655094055792203E+000                  6.7779619136771807E-001                  3.0212550494816803E-001                  2.0078303684113896E-002                  2.8670972295178071E-027                  0.0000000000000000E+000                  0.0000000000000000E+000 
                                     170                  8.6733238241370303E-001                  2.0115403048693175E+000                  4.0784385624265909E+000                 -7.6718000533911477E+000                  4.3780399824604226E+000                  6.7779619136771807E-001                  3.0212550494816803E-001                  2.0078303684113896E-002                  2.9278664165101763E-027                  0.0000000000000000E+000                  0.0000000000000000E+000 
                                     171                  8.6723397445432815E-001                  2.0106666628448830E+000                  4.0810936100077448E+000                 -7.6580361188008421E+000                  4.3969904842826981E+000                  6.7779619136771807E-001                  3.0212550494816803E-001                  2.0078303684113896E-002                  3.0221577643622012E-027                  0.0000000000000000E+000                  0.0000000000000000E+000 
                                     172                  8.6703009032060063E-001                  2.0088970198202758E+000                  4.0846324325909444E+000                 -7.6394284056191974E+000                  4.4224322132200182E+000                  6.7779619136771807E-001                  3.0212550494816803E-001                  2.0078303684113896E-002                  3.1544780931259896E-027                  0.0000000000000000E+000                  0.0000000000000000E+000 
                                     173                  8.6681363515511967E-001                  2.0070745916392698E+000                  4.0881540897725950E+000                 -7.6208154456462438E+000                  4.4477756275550941E+000                  6.7779619136771807E-001                  3.0212550494816803E-001                  2.0078303684113896E-002                  3.2926320768558398E-027                  0.0000000000000000E+000                  0.0000000000000000E+000 
                                     174                  8.6659344449350473E-001                  2.0052761356860493E+000                  4.0907134953825111E+000                 -7.6071240882093489E+000                  4.4663025371127807E+000                  6.7779619136771807E-001                  3.0212550494816803E-001                  2.0078303684113896E-002                  3.3981035365974525E-027                  0.0000000000000000E+000                  0.0000000000000000E+000 
                                     175                  8.6648334916269731E-001                  2.0043967135464200E+000                  4.0923851214933542E+000                 -7.5982505762495762E+000                  4.4783229569557914E+000                  6.7779619136771807E-001                  3.0212550494816803E-001                  2.0078303684113896E-002                  3.4682585202141096E-027                  0.0000000000000000E+000                  0.0000000000000000E+000 
                                     176                  8.6637325383188979E-001                  2.0035298648345816E+000                  4.0948433714828036E+000                 -7.5852971788579593E+000                  4.4958866292899513E+000                  6.7779619136771807E-001                  3.0212550494816803E-001                  2.0078303684113896E-002                  3.5732783163567580E-027                  0.0000000000000000E+000                  0.0000000000000000E+000 
                                     177                  8.6615306317027496E-001                  2.0018321493381013E+000                  4.0980080034324473E+000                 -7.5684645865098803E+000                  4.5185895322659686E+000                  6.7779619136771807E-001                  3.0212550494816803E-001                  2.0078303684113896E-002                  3.7145145158985359E-027                  0.0000000000000000E+000                  0.0000000000000000E+000 
                                     178                  8.6593287250866002E-001                  2.0001799695874598E+000                  4.1011033522052909E+000                 -7.5520039445532889E+000                  4.5407370184921430E+000                  6.7779619136771807E-001                  3.0212550494816803E-001                  2.0078303684113896E-002                  3.8580274815561102E-027                  0.0000000000000000E+000                  0.0000000000000000E+000 
                                     179                  8.6570741057095901E-001                  1.9985324882756914E+000                  4.1041343155483982E+000                 -7.5358903964447466E+000                  4.5623653167107117E+000                  6.7779619136771807E-001                  3.0212550494816803E-001                  2.0078303684113896E-002                  4.0038838761201977E-027                  0.0000000000000000E+000                  0.0000000000000000E+000 
                                     180                  8.6548194863325811E-001                  1.9969270766399418E+000                  4.1070728029288768E+000                 -7.5202912957707637E+000                  4.5832617185247386E+000                  6.7779619136771807E-001                  3.0212550494816803E-001                  2.0078303684113896E-002                  4.1503349275960126E-027                  0.0000000000000000E+000                  0.0000000000000000E+000 
                                     181                  8.6525648669555721E-001                  1.9953612478471499E+000                  4.1099264382891416E+000                 -7.5051752289714289E+000                  4.6034764873229985E+000                  6.7779619136771807E-001                  3.0212550494816803E-001                  2.0078303684113896E-002                  4.2973601083036587E-027                  0.0000000000000000E+000                  0.0000000000000000E+000 
                                     182                  8.6503102475785643E-001                  1.9938327324286533E+000                  4.1140834124674406E+000                 -7.4835016284161107E+000                  4.6325226469049472E+000                  6.7779619136771807E-001                  3.0212550494816803E-001                  2.0078303684113896E-002                  4.5173013391725167E-027                  0.0000000000000000E+000                  0.0000000000000000E+000 
                                     183                  8.6458010088245429E-001                  1.9908791860372539E+000                  4.1180448629779640E+000                 -7.4624547551630265E+000                  4.6604603429583058E+000                  6.7779619136771807E-001                  3.0212550494816803E-001                  2.0078303684113896E-002                  4.7416515027132152E-027                  0.0000000000000000E+000                  0.0000000000000000E+000 
                                     184                  8.6435463894475351E-001                  1.9894507999970785E+000                  4.1206197569839569E+000                 -7.4490030046485307E+000                  4.6783592070111544E+000                  6.7779619136771807E-001                  3.0212550494816803E-001                  2.0078303684113896E-002                  4.8908437822443880E-027                  0.0000000000000000E+000                  0.0000000000000000E+000 
                                     185                  8.6412917700705261E-001                  1.9880523913142771E+000                  4.1231371236352210E+000                 -7.4359108017442361E+000                  4.6957634810277558E+000                  6.7779619136771807E-001                  3.0212550494816803E-001                  2.0078303684113896E-002                  5.0405551997413286E-027                  0.0000000000000000E+000                  0.0000000000000000E+000 
                                     186                  8.6390371506935171E-001                  1.9866824736471476E+000                  4.1256009141150534E+000                 -7.4231600983550408E+000                  4.7127011186517000E+000                  6.7779619136771807E-001                  3.0212550494816803E-001                  2.0078303684113896E-002                  5.1907657686082292E-027                  0.0000000000000000E+000                  0.0000000000000000E+000 
                                     187                  8.6367825313165070E-001                  1.9853396687682745E+000                  4.1292167963217397E+000                 -7.4047456832611642E+000                  4.7372168655275111E+000                  6.7779619136771807E-001                  3.0212550494816803E-001                  2.0078303684113896E-002                  5.4156340131497679E-027                  0.0000000000000000E+000                  0.0000000000000000E+000 
                                     188                  8.6322732925624890E-001                  1.9827301971167126E+000                  4.1338643151555710E+000                 -7.3810905363035202E+000                  4.7685938911310934E+000                  6.7779619136771807E-001                  3.0212550494816803E-001                  2.0078303684113896E-002                  5.7188539781264529E-027                  0.0000000000000000E+000                  0.0000000000000000E+000 
                                     189                  8.6277640538084699E-001                  1.9802149250450494E+000                  4.1372348796285188E+000                 -7.3639865819433661E+000                  4.7912170101029705E+000                  6.7779619136771807E-001                  3.0212550494816803E-001                  2.0078303684113896E-002                  5.9486214434286237E-027                  0.0000000000000000E+000                  0.0000000000000000E+000 
                                     190                  8.6255094344314598E-001                  1.9789901247150199E+000                  4.1394428015213425E+000                 -7.3529674175654254E+000                  4.8058273000427869E+000                  6.7779619136771807E-001                  3.0212550494816803E-001                  2.0078303684113896E-002                  6.1015152806494435E-027                  0.0000000000000000E+000                  0.0000000000000000E+000 
                                     191                  8.6232548150544508E-001                  1.9777859496313355E+000                  4.1427513787998658E+000                 -7.3367244267775149E+000                  4.8274137445530041E+000                  6.7779619136771807E-001                  3.0212550494816803E-001                  2.0078303684113896E-002                  6.3340866174022838E-027                  0.0000000000000000E+000                  0.0000000000000000E+000 
                                     192                  8.6186380390334760E-001                  1.9753809096718065E+000                  4.1470735009346091E+000                 -7.3156126340975973E+000                  4.8554081753659020E+000                  6.7779619136771807E-001                  3.0212550494816803E-001                  2.0078303684113896E-002                  6.6496712959220291E-027                  0.0000000000000000E+000                  0.0000000000000000E+000 
                                     193                  8.6140212630125013E-001                  1.9730522211168779E+000                  4.1502322278804540E+000                 -7.3002947038792056E+000                  4.8756902521539676E+000                  6.7779619136771807E-001                  3.0212550494816803E-001                  2.0078303684113896E-002                  6.8884475919560513E-027                  0.0000000000000000E+000                  0.0000000000000000E+000 
                                     194                  8.6117128750020133E-001                  1.9719146818695257E+000                  4.1523090571063088E+000                 -7.2903921977882220E+000                  4.8888353619289537E+000                  6.7779619136771807E-001                  3.0212550494816803E-001                  2.0078303684113896E-002                  7.0473525267527789E-027                  0.0000000000000000E+000                  0.0000000000000000E+000 
                                     195                  8.6094044869915265E-001                  1.9707940805555146E+000                  4.1553834677672263E+000                 -7.2759721132971551E+000                  4.9080236403850082E+000                  6.7779619136771807E-001                  3.0212550494816803E-001                  2.0078303684113896E-002                  7.2853300095431731E-027                  0.0000000000000000E+000                  0.0000000000000000E+000 
                                     196                  8.6047877109705495E-001                  1.9686011327552433E+000                  4.1593965199451830E+000                 -7.2573168138208262E+000                  4.9328260874605458E+000                  6.7779619136771807E-001                  3.0212550494816803E-001                  2.0078303684113896E-002                  7.6051656735120707E-027                  0.0000000000000000E+000                  0.0000000000000000E+000 
                                     197                  8.6001709349495736E-001                  1.9664687695134189E+000                  4.1633281464970811E+000                 -7.2393616896945590E+000                  4.9567285506271839E+000                  6.7779619136771807E-001                  3.0212550494816803E-001                  2.0078303684113896E-002                  7.9262521333082553E-027                  0.0000000000000000E+000                  0.0000000000000000E+000 
                                     198                  8.5955541589285955E-001                  1.9643928106113548E+000                  4.1671870247306977E+000                 -7.2220592468343741E+000                  4.9797976823496386E+000                  6.7779619136771807E-001                  3.0212550494816803E-001                  2.0078303684113896E-002                  8.2484878223318884E-027                  0.0000000000000000E+000                  0.0000000000000000E+000 
                                     199                  8.5909373829076197E-001                  1.9623694866757226E+000                  4.1700353694534922E+000                 -7.2094407398245934E+000                  4.9966255037201659E+000                  6.7779619136771807E-001                  3.0212550494816803E-001                  2.0078303684113896E-002                  8.4917230346738672E-027                  0.0000000000000000E+000                  0.0000000000000000E+000 
                                     200                  8.5886289948971306E-001                  1.9613764985203206E+000                  4.1719171917632778E+000                 -7.2012416420662531E+000                  5.0075880721938040E+000                  6.7779619136771807E-001                  3.0212550494816803E-001                  2.0078303684113896E-002                  8.6536011744523139E-027                  0.0000000000000000E+000                  0.0000000000000000E+000 
                                     201                  8.5863206068866416E-001                  1.9603954147337470E+000                  4.1747599276008183E+000                 -7.1890600060293028E+000                  5.0239176587764405E+000                  6.7779619136771807E-001                  3.0212550494816803E-001                  2.0078303684113896E-002                  8.8998247228704711E-027                  0.0000000000000000E+000                  0.0000000000000000E+000 
                                     202                  8.5815941550661345E-001                  1.9584221750448185E+000                  4.1785297175162501E+000                 -7.1731185341754324E+000                  5.0453005061839065E+000                  6.7779619136771807E-001                  3.0212550494816803E-001                  2.0078303684113896E-002                  9.2326598985499810E-027                  0.0000000000000000E+000                  0.0000000000000000E+000 
                                     203                  8.5768677032456253E-001                  1.9564942494418802E+000                  4.1822508462325283E+000                 -7.1577042217380784E+000                  5.0660251414529025E+000                  6.7779619136771807E-001                  3.0212550494816803E-001                  2.0078303684113896E-002                  9.5663221528649697E-027                  0.0000000000000000E+000                  0.0000000000000000E+000 
                                     204                  8.5721412514251172E-001                  1.9546088818469027E+000                  4.1859285270837754E+000                 -7.1427860077781462E+000                  5.0861334217681655E+000                  6.7779619136771807E-001                  3.0212550494816803E-001                  2.0078303684113896E-002                  9.9007252551708240E-027                  0.0000000000000000E+000                  0.0000000000000000E+000 
                                     205                  8.5674147996046079E-001                  1.9527635520287192E+000                  4.1895673299910356E+000                 -7.1283358991426429E+000                  5.1056633136459597E+000                  6.7779619136771807E-001                  3.0212550494816803E-001                  2.0078303684113896E-002                  1.0235777906484455E-026                  0.0000000000000000E+000                  0.0000000000000000E+000 
                                     206                  8.5626883477840998E-001                  1.9509559475393905E+000                  4.1931712447705971E+000                 -7.1143279942217754E+000                  5.1246493644401134E+000                  6.7779619136771807E-001                  3.0212550494816803E-001                  2.0078303684113896E-002                  1.0571398411260525E-026                  0.0000000000000000E+000                  0.0000000000000000E+000 
                                     207                  8.5579618959635895E-001                  1.9491839421796595E+000                  4.1967437580101903E+000                 -7.1007382747038505E+000                  5.1431231040045358E+000                  6.7779619136771807E-001                  3.0212550494816803E-001                  2.0078303684113896E-002                  1.0907514246147043E-026                  0.0000000000000000E+000                  0.0000000000000000E+000 
                                     208                  8.5532354441430802E-001                  1.9474455771806107E+000                  4.2002879104830564E+000                 -7.0875444270527819E+000                  5.1611133886337068E+000                  6.7779619136771807E-001                  3.0212550494816803E-001                  2.0078303684113896E-002                  1.1244061543320253E-026                  0.0000000000000000E+000                  0.0000000000000000E+000 
                                     209                  8.5485089923225721E-001                  1.9457390446852645E+000                  4.2056374083425920E+000                 -7.0682588896578542E+000                  5.1875534074034304E+000                  6.7779619136771807E-001                  3.0212550494816803E-001                  2.0078303684113896E-002                  1.1754768457702787E-026                  0.0000000000000000E+000                  0.0000000000000000E+000 
                                     210                  8.5388324080727152E-001                  1.9423375449263147E+000                  4.2109790017824738E+000                 -7.0494338224906947E+000                  5.2134110691196938E+000                  6.7779619136771807E-001                  3.0212550494816803E-001                  2.0078303684113896E-002                  1.2275648976105895E-026                  0.0000000000000000E+000                  0.0000000000000000E+000 
                                     211                  8.5339941159477861E-001                  1.9406802062779622E+000                  4.2145109218989498E+000                 -7.0373731896512393E+000                  5.2300705002400338E+000                  6.7779619136771807E-001                  3.0212550494816803E-001                  2.0078303684113896E-002                  1.2621429915144893E-026                  0.0000000000000000E+000                  0.0000000000000000E+000 
                                     212                  8.5291558238228560E-001                  1.9390498510418637E+000                  4.2197659472104325E+000                 -7.0199563375258691E+000                  5.2542570581350603E+000                  6.7779619136771807E-001                  3.0212550494816803E-001                  2.0078303684113896E-002                  1.3138037670077097E-026                  0.0000000000000000E+000                  0.0000000000000000E+000 
                                     213                  8.5194792395729979E-001                  1.9358648323687224E+000                  4.2267006737505106E+000                 -6.9976338183642044E+000                  5.2853791480961272E+000                  6.7779619136771807E-001                  3.0212550494816803E-001                  2.0078303684113896E-002                  1.3831194756451757E-026                  0.0000000000000000E+000                  0.0000000000000000E+000 
                                     214                  8.5098026553231410E-001                  1.9327730769522926E+000                  4.2318848027416474E+000                 -6.9813948822431895E+000                  5.3081050624643646E+000                  6.7779619136771807E-001                  3.0212550494816803E-001                  2.0078303684113896E-002                  1.4358318965503100E-026                  0.0000000000000000E+000                  0.0000000000000000E+000 
                                     215                  8.5048503333164416E-001                  1.9312241885230781E+000                  4.2353623262735658E+000                 -6.9707710505931830E+000                  5.3230428882991152E+000                  6.7779619136771807E-001                  3.0212550494816803E-001                  2.0078303684113896E-002                  1.4713999142025471E-026                  0.0000000000000000E+000                  0.0000000000000000E+000 
                                     216                  8.4998980113097433E-001                  1.9296965834195607E+000                  4.2405252864926375E+000                 -6.9553549301546180E+000                  5.3448128740067498E+000                  6.7779619136771807E-001                  3.0212550494816803E-001                  2.0078303684113896E-002                  1.5245852169332830E-026                  0.0000000000000000E+000                  0.0000000000000000E+000 
                                     217                  8.4899933672963468E-001                  1.9267015393361782E+000                  4.2472922963746429E+000                 -6.9354553493191977E+000                  5.3729504339280698E+000                  6.7779619136771807E-001                  3.0212550494816803E-001                  2.0078303684113896E-002                  1.5960911281649495E-026                  0.0000000000000000E+000                  0.0000000000000000E+000 
                                     218                  8.4800887232829492E-001                  1.9237815818785866E+000                  4.2522656511967902E+000                 -6.9209766022422539E+000                  5.3934266366698758E+000                  6.7779619136771807E-001                  3.0212550494816803E-001                  2.0078303684113896E-002                  1.6502174630160169E-026                  0.0000000000000000E+000                  0.0000000000000000E+000 
                                     219                  8.4751364012762509E-001                  1.9223480624469862E+000                  4.2555336849337095E+000                 -6.9115998616577388E+000                  5.4067242859425786E+000                  6.7779619136771807E-001                  3.0212550494816803E-001                  2.0078303684113896E-002                  1.6862464033273718E-026                  0.0000000000000000E+000                  0.0000000000000000E+000 
                                     220                  8.4701840792695526E-001                  1.9209312827206610E+000                  4.2604344903834379E+000                 -6.8977084464236764E+000                  5.4264703470340958E+000                  6.7779619136771807E-001                  3.0212550494816803E-001                  2.0078303684113896E-002                  1.7410736048787522E-026                  0.0000000000000000E+000                  0.0000000000000000E+000 
                                     221                  8.4600469481684271E-001                  1.9180808377526037E+000                  4.2668284935333887E+000                 -6.8794895403198071E+000                  5.4522827244283407E+000                  6.7779619136771807E-001                  3.0212550494816803E-001                  2.0078303684113896E-002                  1.8156924575061766E-026                  0.0000000000000000E+000                  0.0000000000000000E+000 
                                     222                  8.4499098170673015E-001                  1.9152937518191042E+000                  4.2730058714010308E+000                 -6.8618407063472429E+000                  5.4772331773134209E+000                  6.7779619136771807E-001                  3.0212550494816803E-001                  2.0078303684113896E-002                  1.8910251521696838E-026                  0.0000000000000000E+000                  0.0000000000000000E+000 
                                     223                  8.4397726859661770E-001                  1.9125661952113477E+000                  4.2774792337543985E+000                 -6.8488731363812185E+000                  5.4954705593384112E+000                  6.7779619136771807E-001                  3.0212550494816803E-001                  2.0078303684113896E-002                  1.9483613140147556E-026                  0.0000000000000000E+000                  0.0000000000000000E+000 
                                     224                  8.4347041204156137E-001                  1.9112237825838767E+000                  4.2804000814241778E+000                 -6.8404279410450473E+000                  5.5073538849647434E+000                  6.7779619136771807E-001                  3.0212550494816803E-001                  2.0078303684113896E-002                  1.9866334362842737E-026                  0.0000000000000000E+000                  0.0000000000000000E+000 
                                     225                  8.4296355548650514E-001                  1.9098950192709243E+000                  4.2847559746497526E+000                 -6.8278530113077975E+000                  5.5250545847481263E+000                  6.7779619136771807E-001                  3.0212550494816803E-001                  2.0078303684113896E-002                  2.0450186034552243E-026                  0.0000000000000000E+000                  0.0000000000000000E+000 
                                     226                  8.4192614633899665E-001                  1.9072161938223733E+000                  4.2903863446268709E+000                 -6.8112454373251712E+000                  5.5482789971734316E+000                  6.7779619136771807E-001                  3.0212550494816803E-001                  2.0078303684113896E-002                  2.1247654943613212E-026                  0.0000000000000000E+000                  0.0000000000000000E+000 
                                     227                  8.4088873719148804E-001                  1.9045901962603975E+000                  4.2957954213881893E+000                 -6.7950561249269166E+000                  5.5708230512883121E+000                  6.7779619136771807E-001                  3.0212550494816803E-001                  2.0078303684113896E-002                  2.2054968596723074E-026                  0.0000000000000000E+000                  0.0000000000000000E+000 
                                     228                  8.3985132804397955E-001                  1.9020144214586618E+000                  4.3009969077865255E+000                 -6.7792622988594058E+000                  5.5927297205534643E+000                  6.7779619136771807E-001                  3.0212550494816803E-001                  2.0078303684113896E-002                  2.2872116634113497E-026                  0.0000000000000000E+000                  0.0000000000000000E+000 
                                     229                  8.3881391889647106E-001                  1.8994864633417181E+000                  4.3060644630410341E+000                 -6.7636720323542976E+000                  5.6142798470909812E+000                  6.7779619136771807E-001                  3.0212550494816803E-001                  2.0078303684113896E-002                  2.3708427036488314E-026                  0.0000000000000000E+000                  0.0000000000000000E+000 
                                     230                  8.3775236203430692E-001                  1.8969468116369632E+000                  4.3097763663275988E+000                 -6.7520297354994412E+000                  5.6302875362403331E+000                  6.7779619136771807E-001                  3.0212550494816803E-001                  2.0078303684113896E-002                  2.4352843520724721E-026                  0.0000000000000000E+000                  0.0000000000000000E+000 
                                     231                  8.3722158360322485E-001                  1.8956942636252903E+000                  4.3122046522130058E+000                 -6.7444223990377337E+000                  5.6407527940922400E+000                  6.7779619136771807E-001                  3.0212550494816803E-001                  2.0078303684113896E-002                  2.4783353997992527E-026                  0.0000000000000000E+000                  0.0000000000000000E+000 
                                     232                  8.3669080517214289E-001                  1.8944528169740551E+000                  4.3157814414900164E+000                 -6.7332325563666711E+000                  5.6561550923472321E+000                  6.7779619136771807E-001                  3.0212550494816803E-001                  2.0078303684113896E-002                  2.5430475515696246E-026                  0.0000000000000000E+000                  0.0000000000000000E+000 
                                     233                  8.3562924830997887E-001                  1.8920020462434599E+000                  4.3204076507482396E+000                 -6.7185432355954608E+000                  5.6762918849329713E+000                  6.7779619136771807E-001                  3.0212550494816803E-001                  2.0078303684113896E-002                  2.6305700703579958E-026                  0.0000000000000000E+000                  0.0000000000000000E+000 
                                     234                  8.3456769144781473E-001                  1.8895926748419232E+000                  4.3249518677154235E+000                 -6.7040310407760142E+000                  5.6961564884365599E+000                  6.7779619136771807E-001                  3.0212550494816803E-001                  2.0078303684113896E-002                  2.7199954032103286E-026                  0.0000000000000000E+000                  0.0000000000000000E+000 
                                     235                  8.3348153111347667E-001                  1.8871683392867009E+000                  4.3294240502627028E+000                 -6.6896900633372320E+000                  5.7157640411533377E+000                  6.7779619136771807E-001                  3.0212550494816803E-001                  2.0078303684113896E-002                  2.8113523302450155E-026                  0.0000000000000000E+000                  0.0000000000000000E+000 
                                     236                  8.3239537077913850E-001                  1.8847834636658876E+000                  4.3337862051060672E+000                 -6.6756804044052611E+000                  5.7349076026227266E+000                  6.7779619136771807E-001                  3.0212550494816803E-001                  2.0078303684113896E-002                  2.9035614445330515E-026                  0.0000000000000000E+000                  0.0000000000000000E+000 
                                     237                  8.3130921044480033E-001                  1.8824362405306290E+000                  4.3380514084325945E+000                 -6.6619918615656140E+000                  5.7536110920328287E+000                  6.7779619136771807E-001                  3.0212550494816803E-001                  2.0078303684113896E-002                  2.9965781235070470E-026                  0.0000000000000000E+000                  0.0000000000000000E+000 
                                     238                  8.3022305011046216E-001                  1.8801249542417089E+000                  4.3444038126454929E+000                 -6.6419010204430604E+000                  5.7811631592579387E+000                  6.7779619136771807E-001                  3.0212550494816803E-001                  2.0078303684113896E-002                  3.1385242249786950E-026                  0.0000000000000000E+000                  0.0000000000000000E+000 
                                     239                  8.2800060339641668E-001                  1.8755001798057209E+000                  4.3506197962110873E+000                 -6.6220453295011596E+000                  5.8082918249443400E+000                  6.7779619136771807E-001                  3.0212550494816803E-001                  2.0078303684113896E-002                  3.2854156091329793E-026                  0.0000000000000000E+000                  0.0000000000000000E+000 
                                     240                  8.2688938003939394E-001                  1.8732378833008874E+000                  4.3536803980768379E+000                 -6.6124130054017956E+000                  5.8214972149984607E+000                  6.7779619136771807E-001                  3.0212550494816803E-001                  2.0078303684113896E-002                  3.3591326145714748E-026                  0.0000000000000000E+000                  0.0000000000000000E+000 
                                     241                  8.2633376836088257E-001                  1.8721185407828900E+000                  4.3557057650473894E+000                 -6.6061062423008661E+000                  5.8301652022602610E+000                  6.7779619136771807E-001                  3.0212550494816803E-001                  2.0078303684113896E-002                  3.4082927617427157E-026                  0.0000000000000000E+000                  0.0000000000000000E+000 
                                     242                  8.2577815668237131E-001                  1.8710068016969847E+000                  4.3587692844786678E+000                 -6.5966727502460865E+000                  5.8431645661725646E+000                  6.7779619136771807E-001                  3.0212550494816803E-001                  2.0078303684113896E-002                  3.4831716851573557E-026                  0.0000000000000000E+000                  0.0000000000000000E+000 
                                     243                  8.2464140727044355E-001                  1.8687551326554499E+000                  4.3628484501944014E+000                 -6.5842107720425478E+000                  5.8603603701854832E+000                  6.7779619136771807E-001                  3.0212550494816803E-001                  2.0078303684113896E-002                  3.5846179494016624E-026                  0.0000000000000000E+000                  0.0000000000000000E+000 
                                     244                  8.2350465785851590E-001                  1.8665330855202278E+000                  4.3689034869560048E+000                 -6.5661685237532597E+000                  5.8854014260242087E+000                  6.7779619136771807E-001                  3.0212550494816803E-001                  2.0078303684113896E-002                  3.7367495083154202E-026                  0.0000000000000000E+000                  0.0000000000000000E+000 
                                     245                  8.2123115903466049E-001                  1.8621719087430364E+000                  4.3749620993210927E+000                 -6.5483937919106827E+000                  5.9101361921815876E+000                  6.7779619136771807E-001                  3.0212550494816803E-001                  2.0078303684113896E-002                  3.8929392792215982E-026                  0.0000000000000000E+000                  0.0000000000000000E+000 
                                     246                  8.2006841739607261E-001                  1.8599818458278905E+000                  4.3790377533728719E+000                 -6.5367819296252447E+000                  5.9264071395875249E+000                  6.7779619136771807E-001                  3.0212550494816803E-001                  2.0078303684113896E-002                  3.9984844613318389E-026                  0.0000000000000000E+000                  0.0000000000000000E+000 
                                     247                  8.1890567575748496E-001                  1.8578172500211620E+000                  4.3831045673682913E+000                 -6.5254388318904226E+000                  5.9423782429792844E+000                  6.7779619136771807E-001                  3.0212550494816803E-001                  2.0078303684113896E-002                  4.1043498296565810E-026                  0.0000000000000000E+000                  0.0000000000000000E+000 
                                     248                  8.1774293411889698E-001                  1.8556768681117699E+000                  4.3871678287693285E+000                 -6.5143575140191263E+000                  5.9580620959389421E+000                  6.7779619136771807E-001                  3.0212550494816803E-001                  2.0078303684113896E-002                  4.2104788165466394E-026                  0.0000000000000000E+000                  0.0000000000000000E+000 
                                     249                  8.1658019248030889E-001                  1.8535594985500621E+000                  4.3933424202640925E+000                 -6.4980601653095293E+000                  5.9813129770520312E+000                  6.7779619136771807E-001                  3.0212550494816803E-001                  2.0078303684113896E-002                  4.3715706142369315E-026                  0.0000000000000000E+000                  0.0000000000000000E+000 
                                     250                  8.1420178686004319E-001                  1.8492950496921092E+000                  4.4016877590566565E+000                 -6.4769310259144897E+000                  6.0117580700536086E+000                  6.7779619136771807E-001                  3.0212550494816803E-001                  2.0078303684113896E-002                  4.5896346023415191E-026                  0.0000000000000000E+000                  0.0000000000000000E+000 
                                     251                  8.1182338123977726E-001                  1.8451128541228816E+000                  4.4080500369170847E+000                 -6.4615355159216357E+000                  6.0341919434233544E+000                  6.7779619136771807E-001                  3.0212550494816803E-001                  2.0078303684113896E-002                  4.7553463925976057E-026                  0.0000000000000000E+000                  0.0000000000000000E+000 
                                     252                  8.1060724592666111E-001                  1.8430034809503717E+000                  4.4123627641942260E+000                 -6.4514693567118373E+000                  6.0489989059107794E+000                  6.7779619136771807E-001                  3.0212550494816803E-001                  2.0078303684113896E-002                  4.8669174508067375E-026                  0.0000000000000000E+000                  0.0000000000000000E+000 
                                     253                  8.0939111061354496E-001                  1.8409123167706662E+000                  4.4188447303470406E+000                 -6.4368727794909741E+000                  6.0706761315952393E+000                  6.7779619136771807E-001                  3.0212550494816803E-001                  2.0078303684113896E-002                  5.0333703447756445E-026                  0.0000000000000000E+000                  0.0000000000000000E+000 
                                     254                  8.0695883998731210E-001                  1.8367804613781802E+000                  4.4276862120962681E+000                 -6.4178794246926962E+000                  6.0992437006274356E+000                  6.7779619136771807E-001                  3.0212550494816803E-001                  2.0078303684113896E-002                  5.2585170748749586E-026                  0.0000000000000000E+000                  0.0000000000000000E+000 
                                     255                  8.0447175774077617E-001                  1.8326187675993566E+000                  4.4367066941816056E+000                 -6.3995208252455091E+000                  6.1272782438415865E+000                  6.7779619136771807E-001                  3.0212550494816803E-001                  2.0078303684113896E-002                  5.4857093883283772E-026                  0.0000000000000000E+000                  0.0000000000000000E+000 
                                     256                  8.0198467549424035E-001                  1.8285137790494335E+000                  4.4435915742286030E+000                 -6.3861136669098624E+000                  6.1480136598798474E+000                  6.7779619136771807E-001                  3.0212550494816803E-001                  2.0078303684113896E-002                  5.6578062018110913E-026                  0.0000000000000000E+000                  0.0000000000000000E+000 
                                     257                  8.0071325372116142E-001                  1.8264350847155433E+000                  4.4482515858665685E+000                 -6.3773258211050408E+000                  6.1617362869507328E+000                  6.7779619136771807E-001                  3.0212550494816803E-001                  2.0078303684113896E-002                  5.7735282925122909E-026                  0.0000000000000000E+000                  0.0000000000000000E+000 
                                     258                  7.9944183194808260E-001                  1.8243686555846728E+000                  4.4552374363953593E+000                 -6.3645442415191011E+000                  6.1818804772648024E+000                  6.7779619136771807E-001                  3.0212550494816803E-001                  2.0078303684113896E-002                  5.9460808162226920E-026                  0.0000000000000000E+000                  0.0000000000000000E+000 
                                     259                  7.9689898840192464E-001                  1.8202693843060662E+000                  4.4646982686139953E+000                 -6.3478169160063231E+000                  6.2085182645650239E+000                  6.7779619136771807E-001                  3.0212550494816803E-001                  2.0078303684113896E-002                  6.1797184255848660E-026                  0.0000000000000000E+000                  0.0000000000000000E+000 
                                     260                  7.9429943175045614E-001                  1.8161205044968645E+000                  4.4743085496570583E+000                 -6.3314391952830045E+000                  6.2349016545215834E+000                  6.7779619136771807E-001                  3.0212550494816803E-001                  2.0078303684113896E-002                  6.4173679163354318E-026                  0.0000000000000000E+000                  0.0000000000000000E+000 
                                     261                  7.9167104207076755E-001                  1.8119632875862191E+000                  4.4839348101335794E+000                 -6.3155398559127001E+000                  6.2607709634875865E+000                  6.7779619136771807E-001                  3.0212550494816803E-001                  2.0078303684113896E-002                  6.6568181236372310E-026                  0.0000000000000000E+000                  0.0000000000000000E+000 
                                     262                  7.8904265239107929E-001                  1.8078392225463675E+000                  4.4911544595699091E+000                 -6.3038450831562862E+000                  6.2799137959983078E+000                  6.7779619136771807E-001                  3.0212550494816803E-001                  2.0078303684113896E-002                  6.8386321757838782E-026                  0.0000000000000000E+000                  0.0000000000000000E+000 
                                     263                  7.8771404103712517E-001                  1.8057660003758784E+000                  4.4959695129087969E+000                 -6.2961888905810621E+000                  6.2925254383489229E+000                  6.7779619136771807E-001                  3.0212550494816803E-001                  2.0078303684113896E-002                  6.9603421458488879E-026                  0.0000000000000000E+000                  0.0000000000000000E+000 
                                     264                  7.8638542968317116E-001                  1.8036996736167421E+000                  4.5032422096477278E+000                 -6.2848215612061340E+000                  6.3113616251078763E+000                  6.7779619136771807E-001                  3.0212550494816803E-001                  2.0078303684113896E-002                  7.1450561935137872E-026                  0.0000000000000000E+000                  0.0000000000000000E+000 
                                     265                  7.8366958785236263E-001                  1.7994949919800145E+000                  4.5129287167827759E+000                 -6.2698262075766529E+000                  6.3362778464783140E+000                  6.7779619136771807E-001                  3.0212550494816803E-001                  2.0078303684113896E-002                  7.3962461341065199E-026                  0.0000000000000000E+000                  0.0000000000000000E+000 
                                     266                  7.8095374602155399E-001                  1.7953136374940108E+000                  4.5225983172684954E+000                 -6.2550633174436490E+000                  6.3609189247749418E+000                  6.7779619136771807E-001                  3.0212550494816803E-001                  2.0078303684113896E-002                  7.6521700489248772E-026                  0.0000000000000000E+000                  0.0000000000000000E+000 
                                     267                  7.7817833298188166E-001                  1.7910613045314834E+000                  4.5298484463124327E+000                 -6.2440325572994730E+000                  6.3793420677710788E+000                  6.7779619136771807E-001                  3.0212550494816803E-001                  2.0078303684113896E-002                  7.8491609350592511E-026                  0.0000000000000000E+000                  0.0000000000000000E+000 
                                     268                  7.7679062646204555E-001                  1.7889422834645221E+000                  4.5346328476667113E+000                 -6.2368344937003721E+000                  6.3914131130641278E+000                  6.7779619136771807E-001                  3.0212550494816803E-001                  2.0078303684113896E-002                  7.9804334566133359E-026                  0.0000000000000000E+000                  0.0000000000000000E+000 
                                     269                  7.7540291994220922E-001                  1.7868273919496300E+000                  4.5418368392079280E+000                 -6.2261056421828282E+000                  6.4094725698903074E+000                  6.7779619136771807E-001                  3.0212550494816803E-001                  2.0078303684113896E-002                  8.1801852243776213E-026                  0.0000000000000000E+000                  0.0000000000000000E+000 
                                     270                  7.7256698573798854E-001                  1.7825163275199238E+000                  4.5513782605663264E+000                 -6.2118500859957519E+000                  6.4334259420517101E+000                  6.7779619136771807E-001                  3.0212550494816803E-001                  2.0078303684113896E-002                  8.4533570664688951E-026                  0.0000000000000000E+000                  0.0000000000000000E+000 
                                     271                  7.6973105153376764E-001                  1.7782185661803516E+000                  4.5584798825658721E+000                 -6.2011861618256789E+000                  6.4513014432582150E+000                  6.7779619136771807E-001                  3.0212550494816803E-001                  2.0078303684113896E-002                  8.6636544119714978E-026                  0.0000000000000000E+000                  0.0000000000000000E+000 
                                     272                  7.6828235053386595E-001                  1.7760277514696574E+000                  4.5632250072913667E+000                 -6.1941061225081064E+000                  6.4631982163972026E+000                  6.7779619136771807E-001                  3.0212550494816803E-001                  2.0078303684113896E-002                  8.8061588061837053E-026                  0.0000000000000000E+000                  0.0000000000000000E+000 
                                     273                  7.6683364953396449E-001                  1.7738395152852127E+000                  4.5702547430985749E+000                 -6.1836729739738177E+000                  6.4807655404100384E+000                  6.7779619136771807E-001                  3.0212550494816803E-001                  2.0078303684113896E-002                  9.0204380826766131E-026                  0.0000000000000000E+000                  0.0000000000000000E+000 
                                     274                  7.6393624753416134E-001                  1.7694691617581830E+000                  4.5795612159796555E+000                 -6.1696942362171310E+000                  6.5041871406279963E+000                  6.7779619136771807E-001                  3.0212550494816803E-001                  2.0078303684113896E-002                  9.3157364502231793E-026                  0.0000000000000000E+000                  0.0000000000000000E+000 
                                     275                  7.6097643568056039E-001                  1.7650122564223274E+000                  4.5888103899460955E+000                 -6.1556779995494857E+000                  6.5275898809664561E+000                  6.7779619136771807E-001                  3.0212550494816803E-001                  2.0078303684113896E-002                  9.6215371239805637E-026                  0.0000000000000000E+000                  0.0000000000000000E+000 
                                     276                  7.5798495081555151E-001                  1.7605137044544819E+000                  4.5978884002427867E+000                 -6.1417451449583140E+000                  6.5507413999476656E+000                  6.7779619136771807E-001                  3.0212550494816803E-001                  2.0078303684113896E-002                  9.9354708799244045E-026                  0.0000000000000000E+000                  0.0000000000000000E+000 
                                     277                  7.5499346595054273E-001                  1.7560197498317349E+000                  4.6067807495882755E+000                 -6.1278712322230895E+000                  6.5736553141689873E+000                  6.7779619136771807E-001                  3.0212550494816803E-001                  2.0078303684113896E-002                  1.0258258484719274E-025                  0.0000000000000000E+000                  0.0000000000000000E+000 
                                     278                  7.5197030807412324E-001                  1.7514816236778923E+000                  4.6155632894080387E+000                 -6.1138812839587953E+000                  6.5965882232447610E+000                  6.7779619136771807E-001                  3.0212550494816803E-001                  2.0078303684113896E-002                  1.0594369926388213E-025                  0.0000000000000000E+000                  0.0000000000000000E+000 
                                     279                  7.4888287526944453E-001                  1.7468495239868584E+000                  4.6241682767634256E+000                 -6.0998143222413725E+000                  6.6194365717381469E+000                  6.7779619136771807E-001                  3.0212550494816803E-001                  2.0078303684113896E-002                  1.0943440794597112E-025                  0.0000000000000000E+000                  0.0000000000000000E+000 
                                     280                  7.4579544246476626E-001                  1.7422192736097111E+000                  4.6325793459464260E+000                 -6.0856534620053830E+000                  6.6422050949451412E+000                  6.7779619136771807E-001                  3.0212550494816803E-001                  2.0078303684113896E-002                  1.1306464464004792E-025                  0.0000000000000000E+000                  0.0000000000000000E+000 
                                     281                  7.4264281451515513E-001                  1.7374926241665802E+000                  4.6407787403045671E+000                 -6.0713655958820487E+000                  6.6649130304869493E+000                  6.7779619136771807E-001                  3.0212550494816803E-001                  2.0078303684113896E-002                  1.1684955553721401E-025                  0.0000000000000000E+000                  0.0000000000000000E+000 
                                     282                  7.3949018656554377E-001                  1.7327671684796999E+000                  4.6487561807651367E+000                 -6.0569403878262920E+000                  6.6875637666485490E+000                  6.7779619136771807E-001                  3.0212550494816803E-001                  2.0078303684113896E-002                  1.2079945492257215E-025                  0.0000000000000000E+000                  0.0000000000000000E+000 
                                     283                  7.3627145343519251E-001                  1.7279437692416282E+000                  4.6565017509879567E+000                 -6.0423526225853532E+000                  6.7101754641082190E+000                  6.7779619136771807E-001                  3.0212550494816803E-001                  2.0078303684113896E-002                  1.2492972932606629E-025                  0.0000000000000000E+000                  0.0000000000000000E+000 
                                     284                  7.3305272030484070E-001                  1.7231216975529711E+000                  4.6640155736116604E+000                 -6.0276025398457866E+000                  6.7327501947615565E+000                  6.7779619136771807E-001                  3.0212550494816803E-001                  2.0078303684113896E-002                  1.2924963011218127E-025                  0.0000000000000000E+000                  0.0000000000000000E+000 
                                     285                  7.2976698370594784E-001                  1.7182007924646669E+000                  4.6712983739923271E+000                 -6.0126745496960528E+000                  6.7553051153892847E+000                  6.7779619136771807E-001                  3.0212550494816803E-001                  2.0078303684113896E-002                  1.3377381726943626E-025                  0.0000000000000000E+000                  0.0000000000000000E+000 
                                     286                  7.2648124710705497E-001                  1.7132817918910026E+000                  4.6783607513470367E+000                 -5.9975790463790704E+000                  6.7778410582289705E+000                  6.7779619136771807E-001                  3.0212550494816803E-001                  2.0078303684113896E-002                  1.3850990788387236E-025                  0.0000000000000000E+000                  0.0000000000000000E+000 
                                     287                  7.2312762213488235E-001                  1.7082633555244469E+000                  4.6852131614923209E+000                 -5.9823098641701629E+000                  6.8003742966529739E+000                  6.7779619136771807E-001                  3.0212550494816803E-001                  2.0078303684113896E-002                  1.4347117476482256E-025                  0.0000000000000000E+000                  0.0000000000000000E+000 
                                     288                  7.1977399716270951E-001                  1.7032474332373013E+000                  4.6918736172206694E+000                 -5.9668840971921950E+000                  6.8229045562268471E+000                  6.7779619136771807E-001                  3.0212550494816803E-001                  2.0078303684113896E-002                  1.4866388021256665E-025                  0.0000000000000000E+000                  0.0000000000000000E+000 
                                     289                  7.1635161399828406E-001                  1.6981313656056807E+000                  4.6983583676511929E+000                 -5.9513005499438094E+000                  6.8454473978123369E+000                  6.7779619136771807E-001                  3.0212550494816803E-001                  2.0078303684113896E-002                  1.5410065280085046E-025                  0.0000000000000000E+000                  0.0000000000000000E+000 
                                     290                  7.1292923083385873E-001                  1.6930181191524716E+000                  4.7046888956564219E+000                 -5.9355810229925421E+000                  6.8680016121717724E+000                  6.7779619136771807E-001                  3.0212550494816803E-001                  2.0078303684113896E-002                  1.5978642803631201E-025                  0.0000000000000000E+000                  0.0000000000000000E+000 
                                     291                  7.0943723653312496E-001                  1.6878036174508990E+000                  4.7108840496819875E+000                 -5.9197263953565811E+000                  6.8905822479903263E+000                  6.7779619136771807E-001                  3.0212550494816803E-001                  2.0078303684113896E-002                  1.6573370002517846E-025                  0.0000000000000000E+000                  0.0000000000000000E+000 
                                     292                  7.0594524223239052E-001                  1.6825916962197740E+000                  4.7169655382455868E+000                 -5.9037579131414279E+000                  6.9131873545350953E+000                  6.7779619136771807E-001                  3.0212550494816803E-001                  2.0078303684113896E-002                  1.7194756737719014E-025                  0.0000000000000000E+000                  0.0000000000000000E+000 
                                     293                  7.0238280260541019E-001                  1.6772768268064657E+000                  4.7229523494927861E+000                 -5.8876779832806996E+000                  6.9358316776584426E+000                  6.7779619136771807E-001                  3.0212550494816803E-001                  2.0078303684113896E-002                  1.7844037223208824E-025                  0.0000000000000000E+000                  0.0000000000000000E+000 
                                     294                  6.9882036297842975E-001                  1.6719636439538916E+000                  4.7288652288488491E+000                 -5.8715078048180223E+000                  6.9585127140205696E+000                  6.7779619136771807E-001                  3.0212550494816803E-001                  2.0078303684113896E-002                  1.8521701023460981E-025                  0.0000000000000000E+000                  0.0000000000000000E+000 
                                     295                  6.9518666455441169E-001                  1.6665451004490315E+000                  4.7347225316514905E+000                 -5.8552477782345260E+000                  6.9812451195659531E+000                  6.7779619136771807E-001                  3.0212550494816803E-001                  2.0078303684113896E-002                  1.9229097147527127E-025                  0.0000000000000000E+000                  0.0000000000000000E+000 
                                     296                  6.9155296613039374E-001                  1.6611266128315350E+000                  4.7405432714225348E+000                 -5.8389178431157331E+000                  7.0040260217330008E+000                  6.7779619136771807E-001                  3.0212550494816803E-001                  2.0078303684113896E-002                  1.9966743636922235E-025                  0.0000000000000000E+000                  0.0000000000000000E+000 
                                     297                  6.8784721821937123E-001                  1.6555995754271580E+000                  4.7463451095833387E+000                 -5.8225189081845832E+000                  7.0268701905970454E+000                  6.7779619136771807E-001                  3.0212550494816803E-001                  2.0078303684113896E-002                  2.0736001489835384E-025                  0.0000000000000000E+000                  0.0000000000000000E+000 
                                     298                  6.8414147030834960E-001                  1.6500701742056219E+000                  4.7521458388987501E+000                 -5.8060694082151993E+000                  7.0497745592539429E+000                  6.7779619136771807E-001                  3.0212550494816803E-001                  2.0078303684113896E-002                  2.1537424527779176E-025                  0.0000000000000000E+000                  0.0000000000000000E+000 
                                     299                  6.8036290717546455E-001                  1.6444281430937326E+000                  4.7579907448123242E+000                 -5.7894911912593230E+000                  7.0728631327622580E+000                  6.7779619136771807E-001                  3.0212550494816803E-001                  2.0078303684113896E-002                  2.2376479377834344E-025                  0.0000000000000000E+000                  0.0000000000000000E+000 
                                     300                  6.7654756718615616E-001                  1.6387254457952150E+000                  4.7638406352442537E+000                 -5.7729526906953552E+000                  7.0959195298994624E+000                  6.7779619136771807E-001                  3.0212550494816803E-001                  2.0078303684113896E-002                  2.3246113702048695E-025                  0.0000000000000000E+000                  0.0000000000000000E+000 
                                     301                  6.7273222719684800E-001                  1.6330151147493284E+000                  4.7682440067129361E+000                 -5.7605006982030584E+000                  7.1132754268714233E+000                  6.7779619136771807E-001                  3.0212550494816803E-001                  2.0078303684113896E-002                  2.3923115383414572E-025                  0.0000000000000000E+000                  0.0000000000000000E+000 
                                     302                  6.7080616877398291E-001                  1.6301293520781959E+000                  4.7711947459726618E+000                 -5.7522516912258617E+000                  7.1248098969776334E+000                  6.7779619136771807E-001                  3.0212550494816803E-001                  2.0078303684113896E-002                  2.4382433835355739E-025                  0.0000000000000000E+000                  0.0000000000000000E+000 
                                     303                  6.6888011035111805E-001                  1.6272408479615939E+000                  4.7756755120707357E+000                 -5.7398811033873498E+000                  7.1421670426170234E+000                  6.7779619136771807E-001                  3.0212550494816803E-001                  2.0078303684113896E-002                  2.5087841068452035E-025                  0.0000000000000000E+000                  0.0000000000000000E+000 
                                     304                  6.6495373095142507E-001                  1.6213417755022332E+000                  4.7817477172120935E+000                 -5.7232201474514337E+000                  7.1655740875664184E+000                  6.7779619136771807E-001                  3.0212550494816803E-001                  2.0078303684113896E-002                  2.6070278523632854E-025                  0.0000000000000000E+000                  0.0000000000000000E+000 
                                     305                  6.6099929031176663E-001                  1.6153851747229213E+000                  4.7878853149240710E+000                 -5.7066492285101207E+000                  7.1889482337798789E+000                  6.7779619136771807E-001                  3.0212550494816803E-001                  2.0078303684113896E-002                  2.7085590356213019E-025                  0.0000000000000000E+000                  0.0000000000000000E+000 
                                     306                  6.5704484967210774E-001                  1.6094103590427717E+000                  4.7941332741746683E+000                 -5.6901022794256955E+000                  7.2124017202246797E+000                  6.7779619136771807E-001                  3.0212550494816803E-001                  2.0078303684113896E-002                  2.8138915257249728E-025                  0.0000000000000000E+000                  0.0000000000000000E+000 
                                     307                  6.5302471435231824E-001                  1.6033144568679958E+000                  4.8005395846135661E+000                 -5.6735027346181370E+000                  7.2360592179588297E+000                  6.7779619136771807E-001                  3.0212550494816803E-001                  2.0078303684113896E-002                  2.9236776292988091E-025                  0.0000000000000000E+000                  0.0000000000000000E+000 
                                     308                  6.4896678737689850E-001                  1.5971355255200079E+000                  4.8070998372176996E+000                 -5.6569165940168498E+000                  7.2598444956259947E+000                  6.7779619136771807E-001                  3.0212550494816803E-001                  2.0078303684113896E-002                  3.0376562415890681E-025                  0.0000000000000000E+000                  0.0000000000000000E+000 
                                     309                  6.4487091524551909E-001                  1.5908688551433077E+000                  4.8138317562148805E+000                 -5.6403501934253359E+000                  7.2837667504961674E+000                  6.7779619136771807E-001                  3.0212550494816803E-001                  2.0078303684113896E-002                  3.1559377976367294E-025                  0.0000000000000000E+000                  0.0000000000000000E+000 
                                     310                  6.4073694935886449E-001                  1.5845092620088741E+000                  4.8207527534801482E+000                 -5.6238081268559483E+000                  7.3078358902625551E+000                  6.7779619136771807E-001                  3.0212550494816803E-001                  2.0078303684113896E-002                  3.2786444307726472E-025                  0.0000000000000000E+000                  0.0000000000000000E+000 
                                     311                  6.3656474621049830E-001                  1.5780510630538109E+000                  4.8278796605847516E+000                 -5.6072930965465293E+000                  7.3320626262204165E+000                  6.7779619136771807E-001                  3.0212550494816803E-001                  2.0078303684113896E-002                  3.4059132377742703E-025                  0.0000000000000000E+000                  0.0000000000000000E+000 
                                     312                  6.3235416758505081E-001                  1.5714880485120999E+000                  4.8352284024715155E+000                 -5.5908072236648865E+000                  7.3564585722490143E+000                  6.7779619136771807E-001                  3.0212550494816803E-001                  2.0078303684113896E-002                  3.5378881488853930E-025                  0.0000000000000000E+000                  0.0000000000000000E+000 
                                     313                  6.2810508076295535E-001                  1.5648134293291123E+000                  4.8428135066583318E+000                 -5.5743498759779122E+000                  7.3810363556029808E+000                  6.7779619136771807E-001                  3.0212550494816803E-001                  2.0078303684113896E-002                  3.6747391226047326E-025                  0.0000000000000000E+000                  0.0000000000000000E+000 
                                     314                  6.2381735873202959E-001                  1.5580198111547379E+000                  4.8506476116392649E+000                 -5.5579175857443097E+000                  7.4058097341013704E+000                  6.7779619136771807E-001                  3.0212550494816803E-001                  2.0078303684113896E-002                  3.8166672968667983E-025                  0.0000000000000000E+000                  0.0000000000000000E+000 
                                     315                  6.1949088040566835E-001                  1.5510991649779400E+000                  4.8587411830887932E+000                 -5.5415043901561951E+000                  7.4307937211240960E+000                  6.7779619136771807E-001                  3.0212550494816803E-001                  2.0078303684113896E-002                  3.9639069327834293E-025                  0.0000000000000000E+000                  0.0000000000000000E+000 
                                     316                  6.1512553084727883E-001                  1.5440427868954580E+000                  4.8671205195000189E+000                 -5.5250653774627363E+000                  7.4560592946639392E+000                  6.7779619136771807E-001                  3.0212550494816803E-001                  2.0078303684113896E-002                  4.1170765486388040E-025                  0.0000000000000000E+000                  0.0000000000000000E+000 
                                     317                  6.1070166064204268E-001                  1.5368091105338835E+000                  4.8736132923164668E+000                 -5.5126407385059268E+000                  7.4752923796477191E+000                  6.7779619136771807E-001                  3.0212550494816803E-001                  2.0078303684113896E-002                  4.2367606004604896E-025                  0.0000000000000000E+000                  0.0000000000000000E+000 
                                     318                  6.0848972553942471E-001                  1.5331593593332713E+000                  4.8779805955507198E+000                 -5.5044712180424140E+000                  7.4880278935328892E+000                  6.7779619136771807E-001                  3.0212550494816803E-001                  2.0078303684113896E-002                  4.3173472303669963E-025                  0.0000000000000000E+000                  0.0000000000000000E+000 
                                     319                  6.0627779043680663E-001                  1.5294858728508542E+000                  4.8846455650389577E+000                 -5.4922733837266797E+000                  7.5071742242639647E+000                  6.7779619136771807E-001                  3.0212550494816803E-001                  2.0078303684113896E-002                  4.4405345687659913E-025                  0.0000000000000000E+000                  0.0000000000000000E+000 
                                     320                  6.0179520258775621E-001                  1.5219628107426955E+000                  4.8938286979669678E+000                 -5.4758033216834034E+000                  7.5331809521561226E+000                  6.7779619136771807E-001                  3.0212550494816803E-001                  2.0078303684113896E-002                  4.6124680590372614E-025                  0.0000000000000000E+000                  0.0000000000000000E+000 
                                     321                  5.9727335001737336E-001                  1.5142618325059578E+000                  4.9032847674644300E+000                 -5.4592678910698540E+000                  7.5594973192782584E+000                  6.7779619136771807E-001                  3.0212550494816803E-001                  2.0078303684113896E-002                  4.7917869469771862E-025                  0.0000000000000000E+000                  0.0000000000000000E+000 
                                     322                  5.9271215218093642E-001                  1.5063703405732911E+000                  4.9118125718974639E+000                 -5.4446363553337935E+000                  7.5829197796657652E+000                  6.7779619136771807E-001                  3.0212550494816803E-001                  2.0078303684113896E-002                  4.9562691426129814E-025                  0.0000000000000000E+000                  0.0000000000000000E+000 
                                     323                  5.8925181942930804E-001                  1.5002954563474129E+000                  4.9192638427572621E+000                 -5.4320917999294034E+000                  7.6031257182791618E+000                  6.7779619136771807E-001                  3.0212550494816803E-001                  2.0078303684113896E-002                  5.1017825139901003E-025                  0.0000000000000000E+000                  0.0000000000000000E+000 
                                     324                  5.8579148667767922E-001                  1.4941388726313356E+000                  4.9268577348976441E+000                 -5.4194792021663005E+000                  7.6235296655715565E+000                  6.7779619136771807E-001                  3.0212550494816803E-001                  2.0078303684113896E-002                  5.2523963297335385E-025                  0.0000000000000000E+000                  0.0000000000000000E+000 
                                     325                  5.8229164251564858E-001                  1.4878240160556111E+000                  4.9345941449674706E+000                 -5.4067802885575187E+000                  7.6441509667178380E+000                  6.7779619136771807E-001                  3.0212550494816803E-001                  2.0078303684113896E-002                  5.4085374867793531E-025                  0.0000000000000000E+000                  0.0000000000000000E+000 
                                     326                  5.7879179835361827E-001                  1.4814156338122175E+000                  4.9437767866974589E+000                 -5.3919217359815121E+000                  7.6683962105235670E+000                  6.7779619136771807E-001                  3.0212550494816803E-001                  2.0078303684113896E-002                  5.5971411137429070E-025                  0.0000000000000000E+000                  0.0000000000000000E+000 
                                     327                  5.7407257166331671E-001                  1.4726154147781434E+000                  4.9518743266382996E+000                 -5.3788140768685668E+000                  7.6897674378413878E+000                  6.7779619136771807E-001                  3.0212550494816803E-001                  2.0078303684113896E-002                  5.7689780242449084E-025                  0.0000000000000000E+000                  0.0000000000000000E+000 
                                     328                  5.7169314473245147E-001                  1.4681072555905126E+000                  4.9573295494345766E+000                 -5.3701003409290484E+000                  7.7040427517568881E+000                  6.7779619136771807E-001                  3.0212550494816803E-001                  2.0078303684113896E-002                  5.8861242574313101E-025                  0.0000000000000000E+000                  0.0000000000000000E+000 
                                     329                  5.6931371780158613E-001                  1.4635480822285911E+000                  4.9655959446302997E+000                 -5.3570614343037768E+000                  7.7255020939727252E+000                  6.7779619136771807E-001                  3.0212550494816803E-001                  2.0078303684113896E-002                  6.0658796759527212E-025                  0.0000000000000000E+000                  0.0000000000000000E+000 
                                     330                  5.6451520666777422E-001                  1.4541874911461106E+000                  4.9755138087060109E+000                 -5.3413348146848412E+000                  7.7513197438803303E+000                  6.7779619136771807E-001                  3.0212550494816803E-001                  2.0078303684113896E-002                  6.2900141421704917E-025                  0.0000000000000000E+000                  0.0000000000000000E+000 
                                     331                  5.6087664278048632E-001                  1.4469373490256714E+000                  4.9841581526117285E+000                 -5.3277461425621349E+000                  7.7736964323306328E+000                  6.7779619136771807E-001                  3.0212550494816803E-001                  2.0078303684113896E-002                  6.4903439618449544E-025                  0.0000000000000000E+000                  0.0000000000000000E+000 
                                     332                  5.5723807889319832E-001                  1.4395460944846179E+000                  4.9929558301352612E+000                 -5.3139673208998328E+000                  7.7964132865691980E+000                  6.7779619136771807E-001                  3.0212550494816803E-001                  2.0078303684113896E-002                  6.6999995248027760E-025                  0.0000000000000000E+000                  0.0000000000000000E+000 
                                     333                  5.5355982617430566E-001                  1.4319223130623180E+000                  5.0019143273891764E+000                 -5.2999744097846317E+000                  7.8195026386200013E+000                  6.7779619136771807E-001                  3.0212550494816803E-001                  2.0078303684113896E-002                  6.9198521120092782E-025                  0.0000000000000000E+000                  0.0000000000000000E+000 
                                     334                  5.4988157345541333E-001                  1.4241367617376932E+000                  5.0110516160870544E+000                 -5.2857370890366955E+000                  7.8430138223978032E+000                  6.7779619136771807E-001                  3.0212550494816803E-001                  2.0078303684113896E-002                  7.1509583709277908E-025                  0.0000000000000000E+000                  0.0000000000000000E+000 
                                     335                  5.4615372472090640E-001                  1.4160710665810052E+000                  5.0203796541578960E+000                 -5.2712271584958348E+000                  7.8669876306135462E+000                  6.7779619136771807E-001                  3.0212550494816803E-001                  2.0078303684113896E-002                  7.3944414812266089E-025                  0.0000000000000000E+000                  0.0000000000000000E+000 
                                     336                  5.4242587598639913E-001                  1.4078181559138669E+000                  5.0283116314716789E+000                 -5.2588533515214575E+000                  7.8874062023650282E+000                  6.7779619136771807E-001                  3.0212550494816803E-001                  2.0078303684113896E-002                  7.6086252507549733E-025                  0.0000000000000000E+000                  0.0000000000000000E+000 
                                     337                  5.3991751778490205E-001                  1.4021548495980147E+000                  5.0347477576708330E+000                 -5.2488710982121525E+000                  7.9039149761622385E+000                  6.7779619136771807E-001                  3.0212550494816803E-001                  2.0078303684113896E-002                  7.7859303631964654E-025                  0.0000000000000000E+000                  0.0000000000000000E+000 
                                     338                  5.3740915958340474E-001                  1.3963975641843982E+000                  5.0412669855354029E+000                 -5.2387709931774147E+000                  7.9206246693550719E+000                  6.7779619136771807E-001                  3.0212550494816803E-001                  2.0078303684113896E-002                  7.9695390548147050E-025                  0.0000000000000000E+000                  0.0000000000000000E+000 
                                     339                  5.3489089499088804E-001                  1.3905188514869979E+000                  5.0511914570291054E+000                 -5.2235601896401516E+000                  7.9458963457219083E+000                  6.7779619136771807E-001                  3.0212550494816803E-001                  2.0078303684113896E-002                  8.2542668974437881E-025                  0.0000000000000000E+000                  0.0000000000000000E+000 
                                     340                  5.2981478440094976E-001                  1.3783434243910195E+000                  5.0614951151992491E+000                 -5.2074823190222759E+000                  7.9724148708481426E+000                  6.7779619136771807E-001                  3.0212550494816803E-001                  2.0078303684113896E-002                  8.5663042694816308E-025                  0.0000000000000000E+000                  0.0000000000000000E+000 
                                     341                  5.2725696657284504E-001                  1.3720402924701851E+000                  5.0684638617816695E+000                 -5.1967323544573665E+000                  7.9902256954777684E+000                  6.7779619136771807E-001                  3.0212550494816803E-001                  2.0078303684113896E-002                  8.7814990278418836E-025                  0.0000000000000000E+000                  0.0000000000000000E+000 
                                     342                  5.2469914874474055E-001                  1.3656149270027262E+000                  5.0755557133116671E+000                 -5.1858043940241565E+000                  8.0083383598546209E+000                  6.7779619136771807E-001                  3.0212550494816803E-001                  2.0078303684113896E-002                  9.0058051797949107E-025                  0.0000000000000000E+000                  0.0000000000000000E+000 
                                     343                  5.2212160285850628E-001                  1.3590102790574980E+000                  5.0827914592473826E+000                 -5.1746642615114640E+000                  8.0268082112210717E+000                  6.7779619136771807E-001                  3.0212550494816803E-001                  2.0078303684113896E-002                  9.2403717792138947E-025                  0.0000000000000000E+000                  0.0000000000000000E+000 
                                     344                  5.1953421344510242E-001                  1.3522428905828157E+000                  5.0901500740565417E+000                 -5.1633429043708015E+000                  8.0455831642569180E+000                  6.7779619136771807E-001                  3.0212550494816803E-001                  2.0078303684113896E-002                  9.4850221574764328E-025                  0.0000000000000000E+000                  0.0000000000000000E+000 
                                     345                  5.1694682403169834E-001                  1.3453306722126479E+000                  5.0957741895919870E+000                 -5.1546476660122131E+000                  8.0599745264497695E+000                  6.7779619136771807E-001                  3.0212550494816803E-001                  2.0078303684113896E-002                  9.6773174170362990E-025                  0.0000000000000000E+000                  0.0000000000000000E+000 
                                     346                  5.1564820756141228E-001                  1.3418051089174456E+000                  5.0995550539269443E+000                 -5.1488362872072591E+000                  8.0696153493832874E+000                  6.7779619136771807E-001                  3.0212550494816803E-001                  2.0078303684113896E-002                  9.8080073764329703E-025                  0.0000000000000000E+000                  0.0000000000000000E+000 
                                     347                  5.1434959109112610E-001                  1.3382401653746598E+000                  5.1052886361439072E+000                 -5.1400746371060064E+000                  8.0841846046817167E+000                  6.7779619136771807E-001                  3.0212550494816803E-001                  2.0078303684113896E-002                  1.0008393044297709E-024                  0.0000000000000000E+000                  0.0000000000000000E+000 
                                     348                  5.1173271885931082E-001                  1.3309309855287506E+000                  5.1130998712036364E+000                 -5.1280693385876113E+000                  8.1041016340207381E+000                  6.7779619136771807E-001                  3.0212550494816803E-001                  2.0078303684113896E-002                  1.0289636627741396E-024                  0.0000000000000000E+000                  0.0000000000000000E+000 
                                     349                  5.0911584662749576E-001                  1.3234484513985771E+000                  5.1210781355428683E+000                 -5.1158075306634974E+000                  8.1244447967156326E+000                  6.7779619136771807E-001                  3.0212550494816803E-001                  2.0078303684113896E-002                  1.0585059674660592E-024                  0.0000000000000000E+000                  0.0000000000000000E+000 
                                     350                  5.0647938986514385E-001                  1.3157246450617452E+000                  5.1292342913034901E+000                 -5.1032680069105956E+000                  8.1452465827364229E+000                  6.7779619136771807E-001                  3.0212550494816803E-001                  2.0078303684113896E-002                  1.0895959125714636E-024                  0.0000000000000000E+000                  0.0000000000000000E+000 
                                     351                  5.0384293310279238E-001                  1.3078040877649548E+000                  5.1375779945798108E+000                 -5.0904361372663045E+000                  8.1665316888940254E+000                  6.7779619136771807E-001                  3.0212550494816803E-001                  2.0078303684113896E-002                  1.1223574875540205E-024                  0.0000000000000000E+000                  0.0000000000000000E+000 
                                     352                  5.0118695381442691E-001                  1.2996139696614697E+000                  5.1461381180845205E+000                 -5.0772641336759570E+000                  8.1883774253599118E+000                  6.7779619136771807E-001                  3.0212550494816803E-001                  2.0078303684113896E-002                  1.1570136876730992E-024                  0.0000000000000000E+000                  0.0000000000000000E+000 
                                     353                  4.9852124801439462E-001                  1.2911678671606790E+000                  5.1548969806928024E+000                 -5.0637781104745017E+000                  8.2107399953161604E+000                  6.7779619136771807E-001                  3.0212550494816803E-001                  2.0078303684113896E-002                  1.1936065503580246E-024                  0.0000000000000000E+000                  0.0000000000000000E+000 
                                     354                  4.9585554221436229E-001                  1.2824809373934742E+000                  5.1616386474355647E+000                 -5.0533236514843951E+000                  8.2280271893930603E+000                  6.7779619136771807E-001                  3.0212550494816803E-001                  2.0078303684113896E-002                  1.2227691367380482E-024                  0.0000000000000000E+000                  0.0000000000000000E+000 
                                     355                  4.9451782605851324E-001                  1.2780272204998633E+000                  5.1661845464707614E+000                 -5.0463202060050270E+000                  8.2396388692815705E+000                  6.7779619136771807E-001                  3.0212550494816803E-001                  2.0078303684113896E-002                  1.2427031768875978E-024                  0.0000000000000000E+000                  0.0000000000000000E+000 
                                     356                  4.9318010990266414E-001                  1.2735067892679293E+000                  5.1730994125531229E+000                 -5.0357373799309979E+000                  8.2572328378699709E+000                  6.7779619136771807E-001                  3.0212550494816803E-001                  2.0078303684113896E-002                  1.2734443958664187E-024                  0.0000000000000000E+000                  0.0000000000000000E+000 
                                     357                  4.9048530183194600E-001                  1.2641857188929875E+000                  5.1825989266090726E+000                 -5.0210879345102724E+000                  8.2815148422256044E+000                  6.7779619136771807E-001                  3.0212550494816803E-001                  2.0078303684113896E-002                  1.3172590974890211E-024                  0.0000000000000000E+000                  0.0000000000000000E+000 
                                     358                  4.8779049376122785E-001                  1.2545646197746119E+000                  5.1923842404853700E+000                 -5.0059931014599526E+000                  8.3065340648123804E+000                  6.7779619136771807E-001                  3.0212550494816803E-001                  2.0078303684113896E-002                  1.3639856842946241E-024                  0.0000000000000000E+000                  0.0000000000000000E+000 
                                     359                  4.8507639523038509E-001                  1.2445490432931743E+000                  5.1999785679992439E+000                 -4.9941850263751268E+000                  8.3260450298448099E+000                  6.7779619136771807E-001                  3.0212550494816803E-001                  2.0078303684113896E-002                  1.4016921837946216E-024                  0.0000000000000000E+000                  0.0000000000000000E+000 
                                     360                  4.8371934596496347E-001                  1.2394129943389081E+000                  5.2050999450481941E+000                 -4.9862821140343749E+000                  8.3391437903256982E+000                  6.7779619136771807E-001                  3.0212550494816803E-001                  2.0078303684113896E-002                  1.4275097747923003E-024                  0.0000000000000000E+000                  0.0000000000000000E+000 
                                     361                  4.8236229669954200E-001                  1.2341857798414304E+000                  5.2129096460962039E+000                 -4.9743217548475913E+000                  8.3590294302394224E+000                  6.7779619136771807E-001                  3.0212550494816803E-001                  2.0078303684113896E-002                  1.4674910336650978E-024                  0.0000000000000000E+000                  0.0000000000000000E+000 
                                     362                  4.7962900132472597E-001                  1.2233614592711155E+000                  5.2210430704899613E+000                 -4.9616587985733949E+000                  8.3799458410097412E+000                  6.7779619136771807E-001                  3.0212550494816803E-001                  2.0078303684113896E-002                  1.5110438467384908E-024                  0.0000000000000000E+000                  0.0000000000000000E+000 
                                     363                  4.7825757998289964E-001                  1.2177779398361481E+000                  5.2265493596878514E+000                 -4.9531546181836310E+000                  8.3940391646684898E+000                  6.7779619136771807E-001                  3.0212550494816803E-001                  2.0078303684113896E-002                  1.5410173110920575E-024                  0.0000000000000000E+000                  0.0000000000000000E+000 
                                     364                  4.7688615864107331E-001                  1.2120852556063735E+000                  5.2349201300631840E+000                 -4.9403286715165713E+000                  8.4153644283336089E+000                  6.7779619136771807E-001                  3.0212550494816803E-001                  2.0078303684113896E-002                  1.5873531702192001E-024                  0.0000000000000000E+000                  0.0000000000000000E+000 
                                     365                  4.7414331595742026E-001                  1.2003477600113159E+000                  5.2436519905333787E+000                 -4.9267074262307942E+000                  8.4378514474464215E+000                  6.7779619136771807E-001                  3.0212550494816803E-001                  2.0078303684113896E-002                  1.6380910359888711E-024                  0.0000000000000000E+000                  0.0000000000000000E+000 
                                     366                  4.7276712096117801E-001                  1.1942771467299482E+000                  5.2495730717402020E+000                 -4.9175487482085156E+000                  8.4530241432056545E+000                  6.7779619136771807E-001                  3.0212550494816803E-001                  2.0078303684113896E-002                  1.6731163767130616E-024                  0.0000000000000000E+000                  0.0000000000000000E+000 
                                     367                  4.7139092596493570E-001                  1.1880758812603944E+000                  5.2586306503738758E+000                 -4.9036568016797446E+000                  8.4761193740939582E+000                  6.7779619136771807E-001                  3.0212550494816803E-001                  2.0078303684113896E-002                  1.7276801049406963E-024                  0.0000000000000000E+000                  0.0000000000000000E+000 
                                     368                  4.6861955249481557E-001                  1.1751586217474761E+000                  5.2681368883621449E+000                 -4.8887802426941800E+000                  8.5006552269541853E+000                  6.7779619136771807E-001                  3.0212550494816803E-001                  2.0078303684113896E-002                  1.7880889655337818E-024                  0.0000000000000000E+000                  0.0000000000000000E+000 
                                     369                  4.6723386575975540E-001                  1.1684787981665246E+000                  5.2745808330610542E+000                 -4.8787870980829942E+000                  8.5171990083397802E+000                  6.7779619136771807E-001                  3.0212550494816803E-001                  2.0078303684113896E-002                  1.8298513225923733E-024                  0.0000000000000000E+000                  0.0000000000000000E+000 
                                     370                  4.6584817902469527E-001                  1.1616389011925363E+000                  5.2844582838004257E+000                 -4.8636072838453872E+000                  8.5424246609922090E+000                  6.7779619136771807E-001                  3.0212550494816803E-001                  2.0078303684113896E-002                  1.8951661369978917E-024                  0.0000000000000000E+000                  0.0000000000000000E+000 
                                     371                  4.6305794244494158E-001                  1.1473360158883970E+000                  5.2948865083323025E+000                 -4.8472173909685674E+000                  8.5694209951939317E+000                  6.7779619136771807E-001                  3.0212550494816803E-001                  2.0078303684113896E-002                  1.9683121248716622E-024                  0.0000000000000000E+000                  0.0000000000000000E+000 
                                     372                  4.6166282415506521E-001                  1.1399105218220502E+000                  5.3019734010593274E+000                 -4.8361893177326571E+000                  8.5876609984495929E+000                  6.7779619136771807E-001                  3.0212550494816803E-001                  2.0078303684113896E-002                  2.1023103119498832E-024                  0.0000000000000000E+000                  0.0000000000000000E+000 
                                     373                  4.6026770586518906E-001                  1.1322849704632760E+000                  5.3092568266965641E+000                 -4.8248462546438153E+000                  8.6064181866062466E+000                  6.7779619136771807E-001                  3.0212550494816803E-001                  2.0078303684113896E-002                  2.9445716244445322E-024                  0.0000000000000000E+000                  0.0000000000000000E+000 
                                     374                  4.5886322098152738E-001                  1.1243944662118761E+000                  5.3167503309657249E+000                 -4.8131650042716307E+000                  8.6257297173919731E+000                  6.7779619136771807E-001                  3.0212550494816803E-001                  2.0078303684113896E-002                  4.1568640187589916E-024                  0.0000000000000000E+000                  0.0000000000000000E+000 
                                     375                  4.5745873609786569E-001                  1.1162767724308780E+000                  5.3225375244359858E+000                 -4.8040837686043476E+000                  8.6407047322918871E+000                  6.7779619136771807E-001                  3.0212550494816803E-001                  2.0078303684113896E-002                  5.4188943327460173E-024                  0.0000000000000000E+000                  0.0000000000000000E+000 
                                     376                  4.5675416948446490E-001                  1.1121155907294138E+000                  5.3264476597330050E+000                 -4.7979818662588150E+000                  8.6507900376531541E+000                  6.7779619136771807E-001                  3.0212550494816803E-001                  2.0078303684113896E-002                  6.4773729738333358E-024                  0.0000000000000000E+000                  0.0000000000000000E+000 
                                     377                  4.5604960287106422E-001                  1.1078919047038531E+000                  5.3323800132510133E+000                 -4.7887754599371917E+000                  8.6660419205983406E+000                  6.7779619136771807E-001                  3.0212550494816803E-001                  2.0078303684113896E-002                  8.4817914236201547E-024                  0.0000000000000000E+000                  0.0000000000000000E+000 
                                     378                  4.5464046964426308E-001                  1.0992468201737300E+000                  5.3405337008824478E+000                 -4.7760325633607525E+000                  8.6870954842188084E+000                  6.7779619136771807E-001                  3.0212550494816803E-001                  2.0078303684113896E-002                  1.2265372368326440E-023                  0.0000000000000000E+000                  0.0000000000000000E+000 
                                     379                  4.5323133641746116E-001                  1.0903267152951708E+000                  5.3489284869733016E+000                 -4.7629008950370846E+000                  8.7087866500610467E+000                  6.7779619136771807E-001                  3.0212550494816803E-001                  2.0078303684113896E-002                  1.7890673378030347E-023                  0.0000000000000000E+000                  0.0000000000000000E+000 
                                     380                  4.5182220319065924E-001                  1.0811130079481550E+000                  5.3575952541496576E+000                 -4.7493308625118846E+000                  8.7311969317992109E+000                  6.7779619136771807E-001                  3.0212550494816803E-001                  2.0078303684113896E-002                  2.6353840095426264E-023                  0.0000000000000000E+000                  0.0000000000000000E+000 
                                     381                  4.5040842162071931E-001                  1.0715531968844894E+000                  5.3643320174486018E+000                 -4.7386989394050039E+000                  8.7487019447168439E+000                  6.7779619136771807E-001                  3.0212550494816803E-001                  2.0078303684113896E-002                  3.5559050667720197E-023                  0.0000000000000000E+000                  0.0000000000000000E+000 
                                     382                  4.4970153083574865E-001                  1.0666493026690742E+000                  5.3688848821767028E+000                 -4.7315596881204760E+000                  8.7604881788572708E+000                  6.7779619136771807E-001                  3.0212550494816803E-001                  2.0078303684113896E-002                  4.3498149184061461E-023                  0.0000000000000000E+000                  0.0000000000000000E+000 
                                     383                  4.4899464005077794E-001                  1.0616576493694816E+000                  5.3758396618311330E+000                 -4.7207242282496766E+000                  8.7784253884347834E+000                  6.7779619136771807E-001                  3.0212550494816803E-001                  2.0078303684113896E-002                  5.9092496510350334E-023                  0.0000000000000000E+000                  0.0000000000000000E+000 
                                     384                  4.4757163682456824E-001                  1.0513258233856408E+000                  5.3854836202506142E+000                 -4.7055666067199891E+000                  8.8034334319326231E+000                  6.7779619136771807E-001                  3.0212550494816803E-001                  2.0078303684113896E-002                  9.0169752374804150E-023                  0.0000000000000000E+000                  0.0000000000000000E+000 
                                     385                  4.4614863359835849E-001                  1.0405956890620645E+000                  5.3954792623594301E+000                 -4.6898319070015972E+000                  8.8293832158635759E+000                  6.7779619136771807E-001                  3.0212550494816803E-001                  2.0078303684113896E-002                  1.3929861577386724E-022                  0.0000000000000000E+000                  0.0000000000000000E+000 
                                     386                  4.4472563037214807E-001                  1.0294347983638741E+000                  5.4058558555691025E+000                 -4.6734697747209131E+000                  8.8563558582683317E+000                  6.7779619136771807E-001                  3.0212550494816803E-001                  2.0078303684113896E-002                  2.1807523477357733E-022                  0.0000000000000000E+000                  0.0000000000000000E+000 
                                     387                  4.4330262714593727E-001                  1.0178066354075721E+000                  5.4139911215100556E+000                 -4.6605129741760667E+000                  8.8776340858571992E+000                  6.7779619136771807E-001                  3.0212550494816803E-001                  2.0078303684113896E-002                  3.0925832526853184E-022                  0.0000000000000000E+000                  0.0000000000000000E+000 
                                     388                  4.4258655487244175E-001                  1.0117686824640137E+000                  5.4195327694068931E+000                 -4.6517533790788361E+000                  8.8920656849593751E+000                  6.7779619136771807E-001                  3.0212550494816803E-001                  2.0078303684113896E-002                  3.9182063398438167E-022                  0.0000000000000000E+000                  0.0000000000000000E+000 
                                     389                  4.4187048259894629E-001                  1.0055964250714982E+000                  5.4279931804145729E+000                 -4.6384813397713360E+000                  8.9140028719972495E+000                  6.7779619136771807E-001                  3.0212550494816803E-001                  2.0078303684113896E-002                  5.6115039385852126E-022                  0.0000000000000000E+000                  0.0000000000000000E+000 
                                     390                  4.4043833805195576E-001                  9.9281668989099670E-001                  5.4368870940163001E+000                 -4.6242435051733430E+000                  8.9373504320916677E+000                  6.7779619136771807E-001                  3.0212550494816803E-001                  2.0078303684113896E-002                  8.1717666177836346E-022                  0.0000000000000000E+000                  0.0000000000000000E+000 
                                     391                  4.3972226577846069E-001                  9.8620294421297094E-001                  5.4429304916324268E+000                 -4.6146489705008795E+000                  8.9531395764234336E+000                  6.7779619136771807E-001                  3.0212550494816803E-001                  2.0078303684113896E-002                  1.0533025575609202E-021                  0.0000000000000000E+000                  0.0000000000000000E+000 
                                     392                  4.3900619350496550E-001                  9.7942754635398199E-001                  5.4521743692727584E+000                 -4.6000935056699630E+000                  8.9771775879580513E+000                  6.7779619136771807E-001                  3.0212550494816803E-001                  2.0078303684113896E-002                  1.5492220278355276E-021                  0.0000000000000000E+000                  0.0000000000000000E+000 
                                     393                  4.3757404895797447E-001                  9.6534896794753067E-001                  5.4619639149983481E+000                 -4.5843272548144878E+000                  9.0029868764032415E+000                  6.7779619136771807E-001                  3.0212550494816803E-001                  2.0078303684113896E-002                  2.3264394562901940E-021                  0.0000000000000000E+000                  0.0000000000000000E+000 
                                     394                  4.3685344893970318E-001                  9.5799063012634100E-001                  5.4686595244743659E+000                 -4.5736402853281435E+000                  9.0205488786223817E+000                  6.7779619136771807E-001                  3.0212550494816803E-001                  2.0078303684113896E-002                  3.0665140962391775E-021                  0.0000000000000000E+000                  0.0000000000000000E+000 
                                     395                  4.3613284892143162E-001                  9.5043159743267447E-001                  5.4755304502936335E+000                 -4.5626565694775190E+000                  9.0385910767482063E+000                  6.7779619136771807E-001                  3.0212550494816803E-001                  2.0078303684113896E-002                  4.0658395708532982E-021                  0.0000000000000000E+000                  0.0000000000000000E+000 
                                     396                  4.3541224890316116E-001                  9.4266063709684900E-001                  5.4825865380042096E+000                 -4.5513584136964749E+000                  9.0571416344337479E+000                  6.7779619136771807E-001                  3.0212550494816803E-001                  2.0078303684113896E-002                  5.4242553556185287E-021                  0.0000000000000000E+000                  0.0000000000000000E+000 
                                     397                  4.3469164888489065E-001                  9.3466556216251062E-001                  5.4880424547422635E+000                 -4.5425577840192259E+000                  9.0715515688977142E+000                  6.7779619136771807E-001                  3.0212550494816803E-001                  2.0078303684113896E-002                  6.7727547174525461E-021                  0.0000000000000000E+000                  0.0000000000000000E+000 
                                     398                  4.3433022838016855E-001                  9.3056805236526630E-001                  5.4917311068245240E+000                 -4.5366370795893394E+000                  9.0812666503994386E+000                  6.7779619136771807E-001                  3.0212550494816803E-001                  2.0078303684113896E-002                  7.8652295029581517E-021                  0.0000000000000000E+000                  0.0000000000000000E+000 
                                     399                  4.3396880787544656E-001                  9.2640910383506259E-001                  5.4973315343212681E+000                 -4.5276920385844486E+000                  9.0959758192274958E+000                  6.7779619136771807E-001                  3.0212550494816803E-001                  2.0078303684113896E-002                  9.8614707058674634E-021                  0.0000000000000000E+000                  0.0000000000000000E+000 
                                     400                  4.3324596686600086E-001                  9.1789719097743194E-001                  5.5088385388615002E+000                 -4.5093851819617612E+000                  9.1261364473424109E+000                  6.7779619136771807E-001                  3.0212550494816803E-001                  2.0078303684113896E-002                  1.5647686704558216E-020                  0.0000000000000000E+000                  0.0000000000000000E+000 
                                     401                  4.3180028484711125E-001                  9.0002782682697668E-001                  5.5211860734967475E+000                 -4.4891527595905965E+000                  9.1590892686931209E+000                  6.7779619136771807E-001                  3.0212550494816803E-001                  2.0078303684113896E-002                  2.5605837717822414E-020                  0.0000000000000000E+000                  0.0000000000000000E+000 
                                     402                  4.3107744383766472E-001                  8.9065412586433790E-001                  5.5275476998402535E+000                 -4.4787788057610616E+000                  9.1760234019643097E+000                  6.7779619136771807E-001                  3.0212550494816803E-001                  2.0078303684113896E-002                  3.2941496901757860E-020                  0.0000000000000000E+000                  0.0000000000000000E+000 
                                     403                  4.3071602333294245E-001                  8.8584757613555087E-001                  5.5318491956980029E+000                 -4.4718052413659333E+000                  9.1874357606651724E+000                  6.7779619136771807E-001                  3.0212550494816803E-001                  2.0078303684113896E-002                  3.9029449077977180E-020                  0.0000000000000000E+000                  0.0000000000000000E+000 
                                     404                  4.3035460282822019E-001                  8.8095648644548641E-001                  5.5383949336757938E+000                 -4.4612550208134332E+000                  9.2047454463690563E+000                  6.7779619136771807E-001                  3.0212550494816803E-001                  2.0078303684113896E-002                  5.0462141311560685E-020                  0.0000000000000000E+000                  0.0000000000000000E+000 
                                     405                  4.2963176181877427E-001                  8.7090494256991891E-001                  5.5474538436822565E+000                 -4.4465157443294627E+000                  9.2288430260490681E+000                  6.7779619136771807E-001                  3.0212550494816803E-001                  2.0078303684113896E-002                  7.1886100815898668E-020                  0.0000000000000000E+000                  0.0000000000000000E+000 
                                     406                  4.2890892080932835E-001                  8.6047681476972404E-001                  5.5568597716130821E+000                 -4.4311766408879132E+000                  9.2539065547555985E+000                  6.7779619136771807E-001                  3.0212550494816803E-001                  2.0078303684113896E-002                  1.0355810915767233E-019                  0.0000000000000000E+000                  0.0000000000000000E+000 
                                     407                  4.2818383880870792E-001                  8.4960886528392121E-001                  5.5666414652606404E+000                 -4.4151848915232632E+000                  9.2800195938682943E+000                  6.7779619136771807E-001                  3.0212550494816803E-001                  2.0078303684113896E-002                  1.5099310684774484E-019                  0.0000000000000000E+000                  0.0000000000000000E+000 
                                     408                  4.2745875680808776E-001                  8.3830017303459514E-001                  5.5742930551588428E+000                 -4.4025416328408262E+000                  9.3005834150107898E+000                  6.7779619136771807E-001                  3.0212550494816803E-001                  2.0078303684113896E-002                  2.0248645508692724E-019                  0.0000000000000000E+000                  0.0000000000000000E+000 
                                     409                  4.2709621580777735E-001                  8.3247209472149331E-001                  5.5794829503910677E+000                 -4.3940273824736655E+000                  9.3144749663016739E+000                  6.7779619136771807E-001                  3.0212550494816803E-001                  2.0078303684113896E-002                  2.4681619137823016E-019                  0.0000000000000000E+000                  0.0000000000000000E+000 
                                     410                  4.2673367480746699E-001                  8.2651985599532041E-001                  5.5874061299351441E+000                 -4.3811218093620594E+000                  9.3355977282744398E+000                  6.7779619136771807E-001                  3.0212550494816803E-001                  2.0078303684113896E-002                  3.3336442085843607E-019                  0.0000000000000000E+000                  0.0000000000000000E+000 
                                     411                  4.2600859280684605E-001                  8.1421459390386297E-001                  5.5957432090546044E+000                 -4.3672619446772085E+000                  9.3581036740789241E+000                  6.7779619136771807E-001                  3.0212550494816803E-001                  2.0078303684113896E-002                  4.5683676975734668E-019                  0.0000000000000000E+000                  0.0000000000000000E+000 
                                     412                  4.2564383517143800E-001                  8.0781728189199642E-001                  5.6014310399938347E+000                 -4.3578800309994845E+000                  9.3733904572134303E+000                  6.7779619136771807E-001                  3.0212550494816803E-001                  2.0078303684113896E-002                  5.6568493761854025E-019                  0.0000000000000000E+000                  0.0000000000000000E+000 
                                     413                  4.2527907753602984E-001                  8.0127046581380634E-001                  5.6101297836539095E+000                 -4.3436445857556985E+000                  9.3966666137799386E+000                  6.7779619136771807E-001                  3.0212550494816803E-001                  2.0078303684113896E-002                  7.8283997702312402E-019                  0.0000000000000000E+000                  0.0000000000000000E+000 
                                     414                  4.2454956226521401E-001                  7.8769069768287547E-001                  5.6193102096126006E+000                 -4.3282744940198796E+000                  9.4215771914992548E+000                  6.7779619136771807E-001                  3.0212550494816803E-001                  2.0078303684113896E-002                  1.1014756195255890E-018                  0.0000000000000000E+000                  0.0000000000000000E+000 
                                     415                  4.2418480462980651E-001                  7.8065126762666504E-001                  5.6255593689645416E+000                 -4.3179028264912533E+000                  9.4384511477857931E+000                  6.7779619136771807E-001                  3.0212550494816803E-001                  2.0078303684113896E-002                  1.3876344766348365E-018                  0.0000000000000000E+000                  0.0000000000000000E+000 
                                     416                  4.2382004699439907E-001                  7.7343100246898699E-001                  5.6351348045896685E+000                 -4.3021469704431086E+000                  9.4641833146043517E+000                  6.7779619136771807E-001                  3.0212550494816803E-001                  2.0078303684113896E-002                  1.9722126607056981E-018                  0.0000000000000000E+000                  0.0000000000000000E+000 
                                     417                  4.2309053172358568E-001                  7.5839758584929418E-001                  5.6452957582918790E+000                 -4.2849912673649015E+000                  9.4919238712382192E+000                  6.7779619136771807E-001                  3.0212550494816803E-001                  2.0078303684113896E-002                  2.8592953449994295E-018                  0.0000000000000000E+000                  0.0000000000000000E+000 
                                     418                  4.2272577408817757E-001                  7.5057596321121878E-001                  5.6522272770580857E+000                 -4.2733994084031623E+000                  9.5107470850048976E+000                  6.7779619136771807E-001                  3.0212550494816803E-001                  2.0078303684113896E-002                  3.6771607401902091E-018                  0.0000000000000000E+000                  0.0000000000000000E+000 
                                     419                  4.2236101645276952E-001                  7.4253142368982328E-001                  5.6593528895464127E+000                 -4.2614569725678377E+000                  9.5301288138021842E+000                  6.7779619136771807E-001                  3.0212550494816803E-001                  2.0078303684113896E-002                  4.7564857070109168E-018                  0.0000000000000000E+000                  0.0000000000000000E+000 
                                     420                  4.2199625881736191E-001                  7.3425119004751072E-001                  5.6666836745056113E+000                 -4.2491426361098306E+000                  9.5501025025287536E+000                  6.7779619136771807E-001                  3.0212550494816803E-001                  2.0078303684113896E-002                  6.1902954167970638E-018                  0.0000000000000000E+000                  0.0000000000000000E+000 
                                     421                  4.2163150118195436E-001                  7.2572137315758745E-001                  5.6723570353295667E+000                 -4.2395297604435189E+000                  9.5656449809649260E+000                  6.7779619136771807E-001                  3.0212550494816803E-001                  2.0078303684113896E-002                  7.5846741251918325E-018                  0.0000000000000000E+000                  0.0000000000000000E+000 
                                     422                  4.2144912236425058E-001                  7.2135942114153773E-001                  5.6761878279138562E+000                 -4.2330730832679997E+000                  9.5761089958788403E+000                  6.7779619136771807E-001                  3.0212550494816803E-001                  2.0078303684113896E-002                  8.6950544043185176E-018                  0.0000000000000000E+000                  0.0000000000000000E+000 
                                     423                  4.2126674354654686E-001                  7.1692933939622494E-001                  5.6820088275952783E+000                 -4.2233134901499101E+000                  9.5919633718127617E+000                  6.7779619136771807E-001                  3.0212550494816803E-001                  2.0078303684113896E-002                  1.0692304928860291E-017                  0.0000000000000000E+000                  0.0000000000000000E+000 
                                     424                  4.2090198591113959E-001                  7.0785349901248718E-001                  5.6939899472677036E+000                 -4.2033055959625854E+000                  9.6245332784210849E+000                  6.7779619136771807E-001                  3.0212550494816803E-001                  2.0078303684113896E-002                  1.6317218488147709E-017                  0.0000000000000000E+000                  0.0000000000000000E+000 
                                     425                  4.2017247064032565E-001                  6.8875841068262567E-001                  5.7069261666254496E+000                 -4.1809668850521993E+000                  9.6604301689321534E+000                  6.7779619136771807E-001                  3.0212550494816803E-001                  2.0078303684113896E-002                  2.5693941378959274E-017                  0.0000000000000000E+000                  0.0000000000000000E+000 
                                     426                  4.1980552225435797E-001                  6.7866198617071893E-001                  5.7136320087938994E+000                 -4.1694438788057910E+000                  9.6789922288809151E+000                  6.7779619136771807E-001                  3.0212550494816803E-001                  2.0078303684113896E-002                  3.2454563005097149E-017                  0.0000000000000000E+000                  0.0000000000000000E+000 
                                     427                  4.1962204806137487E-001                  6.7347877536000300E-001                  5.7181706758806143E+000                 -4.1616948680647505E+000                  9.6915108241905887E+000                  6.7779619136771807E-001                  3.0212550494816803E-001                  2.0078303684113896E-002                  3.7984903804202726E-017                  0.0000000000000000E+000                  0.0000000000000000E+000 
                                     428                  4.1943857386839184E-001                  6.6819989109763123E-001                  5.7250840527670732E+000                 -4.1499667787569257E+000                  9.7105125351234101E+000                  6.7779619136771807E-001                  3.0212550494816803E-001                  2.0078303684113896E-002                  4.8217033383855457E-017                  0.0000000000000000E+000                  0.0000000000000000E+000 
                                     429                  4.1907162548242305E-001                  6.5733613086032117E-001                  5.7322969464182059E+000                 -4.1374931770015468E+000                  9.7305726202753906E+000                  6.7779619136771807E-001                  3.0212550494816803E-001                  2.0078303684113896E-002                  6.1797649486860839E-017                  0.0000000000000000E+000                  0.0000000000000000E+000 
                                     430                  4.1888815128943874E-001                  6.5174848821337661E-001                  5.7371842503687560E+000                 -4.1291000129258828E+000                  9.7441127496298083E+000                  6.7779619136771807E-001                  3.0212550494816803E-001                  2.0078303684113896E-002                  7.3050429007845518E-017                  0.0000000000000000E+000                  0.0000000000000000E+000 
                                     431                  4.1870467709645443E-001                  6.4604994752413492E-001                  5.7446371950682877E+000                 -4.1163890109695611E+000                  9.7646830091432442E+000                  6.7779619136771807E-001                  3.0212550494816803E-001                  2.0078303684113896E-002                  9.4153830756032840E-017                  0.0000000000000000E+000                  0.0000000000000000E+000 
                                     432                  4.1833772871048691E-001                  6.3429638384109766E-001                  5.7550078734396610E+000                 -4.0984849918051616E+000                  9.7935276610518081E+000                  6.7779619136771807E-001                  3.0212550494816803E-001                  2.0078303684113896E-002                  1.3379725965391891E-016                  0.0000000000000000E+000                  0.0000000000000000E+000 
                                     433                  4.1797078032451945E-001                  6.2204271825625368E-001                  5.7631397207976010E+000                 -4.0842653657665657E+000                  9.8163293433359495E+000                  6.7779619136771807E-001                  3.0212550494816803E-001                  2.0078303684113896E-002                  1.7599765551862438E-016                  0.0000000000000000E+000                  0.0000000000000000E+000 
                                     434                  4.1778730613153564E-001                  6.1571892438144327E-001                  5.7686604353719604E+000                 -4.0746872479645537E+000                  9.8317427859462914E+000                  6.7779619136771807E-001                  3.0212550494816803E-001                  2.0078303684113896E-002                  2.1177265629679728E-016                  0.0000000000000000E+000                  0.0000000000000000E+000 
                                     435                  4.1760383193855172E-001                  6.0925373118885995E-001                  5.7770961273451977E+000                 -4.0601650306735682E+000                  9.8551957498730385E+000                  6.7779619136771807E-001                  3.0212550494816803E-001                  2.0078303684113896E-002                  2.8050753724514014E-016                  0.0000000000000000E+000                  0.0000000000000000E+000 
                                     436                  4.1723688355258376E-001                  5.9586461019878101E-001                  5.7859772359262527E+000                 -4.0444948620407670E+000                  9.8802628946441136E+000                  6.7779619136771807E-001                  3.0212550494816803E-001                  2.0078303684113896E-002                  3.7675425190675375E-016                  0.0000000000000000E+000                  0.0000000000000000E+000 
                                     437                  4.1705340935959967E-001                  5.8893607025151062E-001                  5.7920158204907208E+000                 -4.0339305929338272E+000                  9.8972278750295288E+000                  6.7779619136771807E-001                  3.0212550494816803E-001                  2.0078303684113896E-002                  4.5985132037662954E-016                  0.0000000000000000E+000                  0.0000000000000000E+000 
                                     438                  4.1686993516661558E-001                  5.8183841835060723E-001                  5.8012573437046893E+000                 -4.0178980929882568E+000                  9.9230743847087126E+000                  6.7779619136771807E-001                  3.0212550494816803E-001                  2.0078303684113896E-002                  6.2264158580082497E-016                  0.0000000000000000E+000                  0.0000000000000000E+000 
                                     439                  4.1650298678064779E-001                  5.6709030227558088E-001                  5.8110323829021358E+000                 -4.0004626441230169E+000                  9.9508826829013142E+000                  6.7779619136771807E-001                  3.0212550494816803E-001                  2.0078303684113896E-002                  8.5703771256093096E-016                  0.0000000000000000E+000                  0.0000000000000000E+000 
                                     440                  4.1631951258766470E-001                  5.5943407533737910E-001                  5.8176909020403711E+000                 -3.9886966584675272E+000                  9.9697291281555565E+000                  6.7779619136771807E-001                  3.0212550494816803E-001                  2.0078303684113896E-002                  1.0638078822848199E-015                  0.0000000000000000E+000                  0.0000000000000000E+000 
                                     441                  4.1613603839468161E-001                  5.5157225474720828E-001                  5.8279008528383889E+000                 -3.9708212775548466E+000                  9.9984852305517915E+000                  6.7779619136771807E-001                  3.0212550494816803E-001                  2.0078303684113896E-002                  1.4783195173063928E-015                  0.0000000000000000E+000                  0.0000000000000000E+000 
                                     442                  4.1576909000871426E-001                  5.3517034414112452E-001                  5.8387635503316009E+000                 -3.9511993433950732E+000                  1.0029671912078138E+001                  6.7779619136771807E-001                  3.0212550494816803E-001                  2.0078303684113896E-002                  2.0954905723999523E-015                  0.0000000000000000E+000                  0.0000000000000000E+000 
                                     443                  4.1558561581573056E-001                  5.2662291100127967E-001                  5.8443381873452491E+000                 -3.9411698450373871E+000                  1.0045646346096770E+001                  6.7779619136771807E-001                  3.0212550494816803E-001                  2.0078303684113896E-002                  2.5035366707191093E-015                  0.0000000000000000E+000                  0.0000000000000000E+000 
                                     444                  4.1549387871923871E-001                  5.2225579573143455E-001                  5.8481002664986166E+000                 -3.9344381440667209E+000                  1.0056395111939283E+001                  6.7779619136771807E-001                  3.0212550494816803E-001                  2.0078303684113896E-002                  2.8215709252845023E-015                  0.0000000000000000E+000                  0.0000000000000000E+000 
                                     445                  4.1540214162274669E-001                  5.1782315958567926E-001                  5.8538136619077852E+000                 -3.9242703305288944E+000                  1.0072671483904857E+001                  6.7779619136771807E-001                  3.0212550494816803E-001                  2.0078303684113896E-002                  3.3810250482834479E-015                  0.0000000000000000E+000                  0.0000000000000000E+000 
                                     446                  4.1521866742976277E-001                  5.0875064043025919E-001                  5.8616792444006460E+000                 -3.9101309591090168E+000                  1.0095222063650494E+001                  6.7779619136771807E-001                  3.0212550494816803E-001                  2.0078303684113896E-002                  4.3333455050071701E-015                  0.0000000000000000E+000                  0.0000000000000000E+000 
                                     447                  4.1503519323677884E-001                  4.9939160047443026E-001                  5.8697903319440439E+000                 -3.8955075954090934E+000                  1.0118528197947096E+001                  6.7779619136771807E-001                  3.0212550494816803E-001                  2.0078303684113896E-002                  5.5896198375289945E-015                  0.0000000000000000E+000                  0.0000000000000000E+000 
                                     448                  4.1485171904379559E-001                  4.8972804763963129E-001                  5.8781628168840028E+000                 -3.8803685453003256E+000                  1.0142639466560547E+001                  6.7779619136771807E-001                  3.0212550494816803E-001                  2.0078303684113896E-002                  7.2592163802153585E-015                  0.0000000000000000E+000                  0.0000000000000000E+000 
                                     449                  4.1466824485081233E-001                  4.7974026035797318E-001                  5.8868140185760014E+000                 -3.8646788357549147E+000                  1.0167610353565157E+001                  6.7779619136771807E-001                  3.0212550494816803E-001                  2.0078303684113896E-002                  9.4956322579706802E-015                  0.0000000000000000E+000                  0.0000000000000000E+000 
                                     450                  4.1448477065782913E-001                  4.6940656314249468E-001                  5.8957628264426534E+000                 -3.8483997671757275E+000                  1.0193500907932343E+001                  6.7779619136771807E-001                  3.0212550494816803E-001                  2.0078303684113896E-002                  1.2516351919113477E-014                  0.0000000000000000E+000                  0.0000000000000000E+000 
                                     451                  4.1430129646484587E-001                  4.5870306495244223E-001                  5.9050568878945322E+000                 -3.8314406760238846E+000                  1.0220454332390139E+001                  6.7779619136771807E-001                  3.0212550494816803E-001                  2.0078303684113896E-002                  1.6646313520113929E-014                  0.0000000000000000E+000                  0.0000000000000000E+000 
                                     452                  4.1411674063100917E-001                  4.4753660170418563E-001                  5.9123270642440477E+000                 -3.8180095026142045E+000                  1.0241703750325140E+001                  6.7779619136771807E-001                  3.0212550494816803E-001                  2.0078303684113896E-002                  2.0787208444462573E-014                  0.0000000000000000E+000                  0.0000000000000000E+000 
                                     453                  4.1402446271409071E-001                  4.4179685131119978E-001                  5.9172512565854429E+000                 -3.8089814041269716E+000                  1.0256037182001977E+001                  6.7779619136771807E-001                  3.0212550494816803E-001                  2.0078303684113896E-002                  2.4143228687103615E-014                  0.0000000000000000E+000                  0.0000000000000000E+000 
                                     454                  4.1393218479717248E-001                  4.3594557878328338E-001                  5.9247572405237667E+000                 -3.7953231275217623E+000                  1.0277798081231621E+001                  6.7779619136771807E-001                  3.0212550494816803E-001                  2.0078303684113896E-002                  3.0292935332446955E-014                  0.0000000000000000E+000                  0.0000000000000000E+000 
                                     455                  4.1374762896333500E-001                  4.2388425732502255E-001                  5.9326072436548216E+000                 -3.7807024790089336E+000                  1.0300881524160124E+001                  6.7779619136771807E-001                  3.0212550494816803E-001                  2.0078303684113896E-002                  3.8387435556671362E-014                  0.0000000000000000E+000                  0.0000000000000000E+000 
                                     456                  4.1365535104641604E-001                  4.1767203707490635E-001                  5.9379302102855194E+000                 -3.7708699326336306E+000                  1.0316464695696370E+001                  6.7779619136771807E-001                  3.0212550494816803E-001                  2.0078303684113896E-002                  4.5032673693329853E-014                  0.0000000000000000E+000                  0.0000000000000000E+000 
                                     457                  4.1356307312949703E-001                  4.1132976860437931E-001                  5.9460535786693667E+000                 -3.7559864689092981E+000                  1.0340143396069189E+001                  6.7779619136771807E-001                  3.0212550494816803E-001                  2.0078303684113896E-002                  5.7375773996335894E-014                  0.0000000000000000E+000                  0.0000000000000000E+000 
                                     458                  4.1337851729565961E-001                  3.9822440601425257E-001                  5.9545790244851098E+000                 -3.7399605512107752E+000                  1.0365385057970975E+001                  6.7779619136771807E-001                  3.0212550494816803E-001                  2.0078303684113896E-002                  7.3944126080341041E-014                  0.0000000000000000E+000                  0.0000000000000000E+000 
                                     459                  4.1328623937874082E-001                  3.9145877376405941E-001                  5.9603677681343488E+000                 -3.7291770772718205E+000                  1.0382441037016543E+001                  6.7779619136771807E-001                  3.0212550494816803E-001                  2.0078303684113896E-002                  8.7749169058203303E-014                  0.0000000000000000E+000                  0.0000000000000000E+000 
                                     460                  4.1319396146182208E-001                  3.8453966411241552E-001                  5.9692143660413848E+000                 -3.7128444067332800E+000                  1.0408383516658564E+001                  6.7779619136771807E-001                  3.0212550494816803E-001                  2.0078303684113896E-002                  1.1379626591981138E-013                  0.0000000000000000E+000                  0.0000000000000000E+000 
                                     461                  4.1300940562798538E-001                  3.7020137023800015E-001                  5.9785378801588838E+000                 -3.6951370568567397E+000                  1.0436198713640593E+001                  6.7779619136771807E-001                  3.0212550494816803E-001                  2.0078303684113896E-002                  1.4956988163189682E-013                  0.0000000000000000E+000                  0.0000000000000000E+000 
                                     462                  4.1291712771106687E-001                  3.6277920256571450E-001                  5.9833023137576982E+000                 -3.6861243082951969E+000                  1.0450385939222279E+001                  6.7779619136771807E-001                  3.0212550494816803E-001                  2.0078303684113896E-002                  1.7186145792009179E-013                  0.0000000000000000E+000                  0.0000000000000000E+000 
                                     463                  4.1287098875260764E-001                  3.5900065998613540E-001                  5.9865109869300550E+000                 -3.6800855643674151E+000                  1.0459914440392884E+001                  6.7779619136771807E-001                  3.0212550494816803E-001                  2.0078303684113896E-002                  1.8865505129880230E-013                  0.0000000000000000E+000                  0.0000000000000000E+000 
                                     464                  4.1282484979414846E-001                  3.5517513208455076E-001                  5.9913735656718607E+000                 -3.6709807127201803E+000                  1.0474315467768513E+001                  6.7779619136771807E-001                  3.0212550494816803E-001                  2.0078303684113896E-002                  2.1717559247167867E-013                  0.0000000000000000E+000                  0.0000000000000000E+000 
                                     465                  4.1273257187722978E-001                  3.4737660242309909E-001                  5.9980312713976911E+000                 -3.6584022691385765E+000                  1.0494144271015980E+001                  6.7779619136771807E-001                  3.0212550494816803E-001                  2.0078303684113896E-002                  2.6321147069307759E-013                  0.0000000000000000E+000                  0.0000000000000000E+000 
                                     466                  4.1264029396031116E-001                  3.3937585724463837E-001                  6.0048592518098678E+000                 -3.6454697589574914E+000                  1.0514519305339430E+001                  6.7779619136771807E-001                  3.0212550494816803E-001                  2.0078303684113896E-002                  3.2030820619495159E-013                  4.7375982436131778E-039                  0.0000000000000000E+000 
                                     467                  4.1254801604339320E-001                  3.3116258965947937E-001                  6.0118662395722087E+000                 -3.6321642265980945E+000                  1.0535469562668675E+001                  6.7779619136771807E-001                  3.0212550494816803E-001                  2.0078303684113896E-002                  3.9145647117018609E-013                  1.0044653997892535E-038                  0.0000000000000000E+000 
                                     468                  4.1245573812647529E-001                  3.2272569816749308E-001                  6.0190616240490451E+000                 -3.6184651773957639E+000                  1.0557026337493136E+001                  6.7779619136771807E-001                  3.0212550494816803E-001                  2.0078303684113896E-002                  4.8055108969531869E-013                  2.1644692642144771E-038                  0.0000000000000000E+000 
                                     469                  4.1236346020955666E-001                  3.1405320408197201E-001                  6.0264555144536622E+000                 -3.6043504020483810E+000                  1.0579223473518825E+001                  6.7779619136771807E-001                  3.0212550494816803E-001                  2.0078303684113896E-002                  5.9269492593169939E-013                  4.7439972272935633E-038                  0.0000000000000000E+000 
                                     470                  4.1227118229263809E-001                  3.0513215823607559E-001                  6.0321705096981439E+000                 -3.5933279570565899E+000                  1.0596491054416580E+001                  6.7779619136771807E-001                  3.0212550494816803E-001                  2.0078303684113896E-002                  6.9668210742849167E-013                  8.6772872711639599E-038                  0.0000000000000000E+000 
                                     471                  4.1222504333417864E-001                  3.0057566820289688E-001                  6.0360267003505470E+000                 -3.5859380598803394E+000                  1.0608102696828468E+001                  6.7779619136771807E-001                  3.0212550494816803E-001                  2.0078303684113896E-002                  7.7660690214547658E-013                  1.3021221366889161E-037                  0.0000000000000000E+000 
                                     472                  4.1217890437571925E-001                  2.9595174499617399E-001                  6.0418819140208075E+000                 -3.5747884228108235E+000                  1.0625674787599138E+001                  6.7779619136771807E-001                  3.0212550494816803E-001                  2.0078303684113896E-002                  9.1518453176254414E-013                  2.4057825428624249E-037                  0.0000000000000000E+000 
                                     473                  4.1208662645880084E-001                  2.8649023871789109E-001                  6.0499404260088268E+000                 -3.5592731171119971E+000                  1.0650026079265976E+001                  6.7779619136771807E-001                  3.0212550494816803E-001                  2.0078303684113896E-002                  1.1464376705107300E-012                  5.5777197483697935E-037                  0.0000000000000000E+000 
                                     474                  4.1199434854188199E-001                  2.7673436518957772E-001                  6.0582468411812371E+000                 -3.5432319979947957E+000                  1.0675184847226834E+001                  6.7779619136771807E-001                  3.0212550494816803E-001                  2.0078303684113896E-002                  1.4443940590417707E-012                  1.3202370060373496E-036                  0.0000000000000000E+000 
                                     475                  4.1190207062496320E-001                  2.6666606980565061E-001                  6.0668163207339854E+000                 -3.5266309251397230E+000                  1.0701202774873920E+001                  6.7779619136771807E-001                  3.0212550494816803E-001                  2.0078303684113896E-002                  1.8308522271006656E-012                  3.1939706279238611E-036                  0.0000000000000000E+000 
                                     476                  4.1180979270804430E-001                  2.5626561997719660E-001                  6.0734701329457295E+000                 -3.5135832520204802E+000                  1.0721558053355205E+001                  6.7779619136771807E-001                  3.0212550494816803E-001                  2.0078303684113896E-002                  2.1996066771371324E-012                  6.3199708324565163E-036                  0.0000000000000000E+000 
                                     477                  4.1176365374958479E-001                  2.5093672265378425E-001                  6.0779679672732065E+000                 -3.5048307139011388E+000                  1.0735261974527175E+001                  6.7779619136771807E-001                  3.0212550494816803E-001                  2.0078303684113896E-002                  2.4885283219077843E-012                  1.0003833741385894E-035                  0.0000000000000000E+000 
                                     478                  4.1171751479112528E-001                  2.4551662056185244E-001                  6.0848101721921068E+000                 -3.4916169893354922E+000                  1.0756025952391999E+001                  6.7779619136771807E-001                  3.0212550494816803E-001                  2.0078303684113896E-002                  2.9995768657875536E-012                  2.0053800844367826E-035                  0.0000000000000000E+000 
                                     479                  4.1162523687420666E-001                  2.3438469882292326E-001                  6.0942748385017262E+000                 -3.4730955947398110E+000                  1.0784984661472501E+001                  6.7779619136771807E-001                  3.0212550494816803E-001                  2.0078303684113896E-002                  3.8804954706467024E-012                  5.2204196209973905E-035                  0.0000000000000000E+000 
                                     480                  4.1153295895728809E-001                  2.2284904507871228E-001                  6.1016489905762832E+000                 -3.4584669838482363E+000                  1.0807738782921914E+001                  6.7779619136771807E-001                  3.0212550494816803E-001                  2.0078303684113896E-002                  4.7392951536191234E-012                  1.0955105337006737E-034                  0.0000000000000000E+000 
                                     481                  4.1148681999882852E-001                  2.1692445147911529E-001                  6.1066406204294115E+000                 -3.4486502089827873E+000                  1.0823070912720040E+001                  6.7779619136771807E-001                  3.0212550494816803E-001                  2.0078303684113896E-002                  5.4219460303454492E-012                  1.8048263665454662E-034                  0.0000000000000000E+000 
                                     482                  4.1144068104036907E-001                  2.1088799306731387E-001                  6.1142447045262029E+000                 -3.4338233160056091E+000                  1.0846323391549792E+001                  6.7779619136771807E-001                  3.0212550494816803E-001                  2.0078303684113896E-002                  6.6477443107962040E-012                  3.8464354333502516E-034                  0.0000000000000000E+000 
                                     483                  4.1134840312345072E-001                  1.9845464730205922E-001                  6.1248190538189409E+000                 -3.4128949460418427E+000                  1.0878957929073207E+001                  6.7779619136771807E-001                  3.0212550494816803E-001                  2.0078303684113896E-002                  8.8169971881145876E-012                  1.0946643166278490E-033                  0.0000000000000000E+000 
                                     484                  4.1125585843524681E-001                  1.8548256544433614E-001                  6.1331052447809267E+000                 -3.3962370502136028E+000                  1.0904778532118717E+001                  6.7779619136771807E-001                  3.0212550494816803E-001                  2.0078303684113896E-002                  1.0991902049243589E-011                  2.4716682774254322E-033                  0.0000000000000000E+000 
                                     485                  4.1120958609114483E-001                  1.7880051539273734E-001                  6.1387239012774311E+000                 -3.3850535824399133E+000                  1.0922195420494267E+001                  6.7779619136771807E-001                  3.0212550494816803E-001                  2.0078303684113896E-002                  1.2752144523875686E-011                  4.2803945761929071E-033                  0.0000000000000000E+000 
                                     486                  4.1116331374704274E-001                  1.7197740573204923E-001                  6.1472983366872249E+000                 -3.3681536882241963E+000                  1.0948640000345973E+001                  6.7779619136771807E-001                  3.0212550494816803E-001                  2.0078303684113896E-002                  1.5973175277756362E-011                  9.8482694835204491E-033                  0.0000000000000000E+000 
                                     487                  4.1107076905883855E-001                  1.5787240743319358E-001                  6.1563033861798866E+000                 -3.3498681337296734E+000                  1.0976907871738103E+001                  6.7779619136771807E-001                  3.0212550494816803E-001                  2.0078303684113896E-002                  2.0231981900785438E-011                  2.3522229462158191E-032                  0.0000000000000000E+000 
                                     488                  4.1102449671473629E-001                  1.5059017874236155E-001                  6.1608972184684925E+000                 -3.3405815640551979E+000                  1.0991298204224304E+001                  6.7779619136771807E-001                  3.0212550494816803E-001                  2.0078303684113896E-002                  2.2809809814809357E-011                  3.6589747472810984E-032                  0.0000000000000000E+000 
                                     489                  4.1100136054268532E-001                  1.4688799195962932E-001                  6.1639883417173333E+000                 -3.3343673815741193E+000                  1.1000953200911422E+001                  6.7779619136771807E-001                  3.0212550494816803E-001                  2.0078303684113896E-002                  2.4719654184699440E-011                  4.9211997962951853E-032                  0.0000000000000000E+000 
                                     490                  4.1097822437063425E-001                  1.4314331668277652E-001                  6.1686686408101110E+000                 -3.3250101770710052E+000                  1.1015530268456128E+001                  6.7779619136771807E-001                  3.0212550494816803E-001                  2.0078303684113896E-002                  2.7907825259169255E-011                  7.6973542677679980E-032                  0.0000000000000000E+000 
                                     491                  4.1093195202653193E-001                  1.3552077660450704E-001                  6.1750636085469273E+000                 -3.3121044560724417E+000                  1.1035562412941859E+001                  6.7779619136771807E-001                  3.0212550494816803E-001                  2.0078303684113896E-002                  3.2927801338509617E-011                  1.4152010772277256E-031                  0.0000000000000000E+000 
                                     492                  4.1088567968242956E-001                  1.2771651576294749E-001                  6.1816084127088864E+000                 -3.2988632666819466E+000                  1.1056102740611546E+001                  6.7779619136771807E-001                  3.0212550494816803E-001                  2.0078303684113896E-002                  3.8975898263187941E-011                  2.6316609458765093E-031                  0.0000000000000000E+000 
                                     493                  4.1083940733832708E-001                  1.1972211367808545E-001                  6.1883099730259277E+000                 -3.2852701605218364E+000                  1.1077175783564643E+001                  6.7779619136771807E-001                  3.0212550494816803E-001                  2.0078303684113896E-002                  4.6289771661948176E-011                  4.9519800523999346E-031                  0.0000000000000000E+000 
                                     494                  4.1079313499422448E-001                  1.1152856527269181E-001                  6.1951757078396481E+000                 -3.2713075120660826E+000                  1.1098807834262669E+001                  6.7779619136771807E-001                  3.0212550494816803E-001                  2.0078303684113896E-002                  5.5168640000703936E-011                  9.4336685502933579E-031                  0.0000000000000000E+000 
                                     495                  4.1074686265012217E-001                  1.0312622597327527E-001                  6.2022135900566413E+000                 -3.2569564247420129E+000                  1.1121027114728470E+001                  6.7779619136771807E-001                  3.0212550494816803E-001                  2.0078303684113896E-002                  6.5991056328249319E-011                  1.8203955721057223E-030                  0.0000000000000000E+000 
                                     496                  4.1070059030601980E-001                  9.4504749849193187E-002                  6.2094322057755678E+000                 -3.2421965993513746E+000                  1.1143863966448514E+001                  6.7779619136771807E-001                  3.0212550494816803E-001                  2.0078303684113896E-002                  7.9238368288345149E-011                  3.5602591810932821E-030                  0.0000000000000000E+000 
                                     497                  4.1065431796191743E-001                  8.5653020238644573E-002                  6.2168408212636166E+000                 -3.2270061909883716E+000                  1.1167351064057625E+001                  6.7779619136771807E-001                  3.0212550494816803E-001                  2.0078303684113896E-002                  9.5525879135434784E-011                  7.0614474694743240E-030                  0.0000000000000000E+000 
                                     498                  4.1060804561781511E-001                  7.6559071639525245E-002                  6.2244494578899614E+000                 -3.2113616805526686E+000                  1.1191523656452196E+001                  6.7779619136771807E-001                  3.0212550494816803E-001                  2.0078303684113896E-002                  1.1564449320799343E-010                  1.4213072165377087E-029                  0.0000000000000000E+000 
                                     499                  4.1056177327371257E-001                  6.7210000781817575E-002                  6.2322689556178634E+000                 -3.1952376664595956E+000                  1.1216419839807255E+001                  6.7779619136771807E-001                  3.0212550494816803E-001                  2.0078303684113896E-002                  1.4061671140345269E-010                  2.9051712994976023E-029                  0.0000000000000000E+000 
                                     500                  4.1051550092961003E-001                  5.7591866440982908E-002                  6.2403110249159006E+000                 -3.1786066023460782E+000                  1.1242080867541507E+001                  6.7779619136771807E-001                  3.0212550494816803E-001                  2.0078303684113896E-002                  1.7177240249425453E-010                  6.0349688336275874E-029                  0.0000000000000000E+000 
                                     501                  4.1046922858550761E-001                  4.7689576889258130E-002                  6.2465338661534711E+000                 -3.1655800972784109E+000                  1.1262083559215286E+001                  6.7779619136771807E-001                  3.0212550494816803E-001                  2.0078303684113896E-002                  2.0046899079949429E-010                  1.0597953018343216E-028                  0.0000000000000000E+000 
                                     502                  4.1044609241345631E-001                  4.2629166677575957E-002                  6.2507338829406640E+000                 -3.1568594263502914E+000                  1.1275527057458142E+001                  6.7779619136771807E-001                  3.0212550494816803E-001                  2.0078303684113896E-002                  2.2238389779217904E-010                  1.5472823206755434E-028                  0.0000000000000000E+000 
                                     503                  4.1042295624140507E-001                  3.7491553432079126E-002                  6.2571129172902626E+000                 -3.1437208732683182E+000                  1.1295860857485087E+001                  6.7779619136771807E-001                  3.0212550494816803E-001                  2.0078303684113896E-002                  2.6012879466839076E-010                  2.7422196339752680E-028                  0.0000000000000000E+000 
                                     504                  4.1037668389730286E-001                  2.6970277870511698E-002                  6.2659028261393726E+000                 -3.1253777771364626E+000                  1.1324101171354016E+001                  6.7779619136771807E-001                  3.0212550494816803E-001                  2.0078303684113896E-002                  3.2268043503573285E-010                  6.0102512928698689E-028                  0.0000000000000000E+000 
                                     505                  4.1033041155320066E-001                  1.6111287084186805E-002                  6.2749725576953095E+000                 -3.1063902192913742E+000                  1.1353310810487381E+001                  6.7779619136771807E-001                  3.0212550494816803E-001                  2.0078303684113896E-002                  4.0255644917957214E-010                  1.3436415904032091E-027                  0.0000000000000000E+000 
                                     506                  4.1028413920909840E-001                  4.8934183031219616E-003                  6.2820169477177750E+000                 -3.0914360112420405E+000                  1.1376187769677138E+001                  6.7779619136771807E-001                  3.0212550494816803E-001                  2.0078303684113896E-002                  4.7779482527146822E-010                  2.5018009285504293E-027                  0.0000000000000000E+000 
                                     507                  4.1026100303704732E-001                 -8.5374900359808537E-004                  6.2867784275848271E+000                 -3.0814235130579797E+000                  1.1391575214506860E+001                  6.7779619136771807E-001                  3.0212550494816803E-001                  2.0078303684113896E-002                  5.3610422479097657E-010                  3.8005243526673770E-027                  0.0000000000000000E+000 
                                     508                  4.1023786686499619E-001                 -6.6993546803311849E-003                  6.2940210041817046E+000                 -3.0663357108377349E+000                  1.1414869296159424E+001                  6.7779619136771807E-001                  3.0212550494816803E-001                  2.0078303684113896E-002                  6.3807546102491439E-010                  7.1564050832466409E-027                  0.0000000000000000E+000 
                                     509                  4.1019159452089371E-001                 -1.8706963939428788E-002                  6.3015586866813855E+000                 -3.0502083218137170E+000                  1.1439487965646103E+001                  6.7779619136771807E-001                  3.0212550494816803E-001                  2.0078303684113896E-002                  7.6492332748646564E-010                  1.3791740593400149E-026                  0.0000000000000000E+000 
                                     510                  4.1016845834884241E-001                 -2.4867856444781167E-002                  6.3066579801580982E+000                 -3.0394097365261454E+000                  1.1456054497779931E+001                  6.7779619136771807E-001                  3.0212550494816803E-001                  2.0078303684113896E-002                  8.6408714369195961E-010                  2.1446933599542109E-026                  0.0000000000000000E+000 
                                     511                  4.1014532217679117E-001                 -3.1141142733930961E-002                  6.3144212340147572E+000                 -3.0231358033018387E+000                  1.1481146098963251E+001                  6.7779619136771807E-001                  3.0212550494816803E-001                  2.0078303684113896E-002                  1.0390763438062262E-009                  4.1853986971321534E-026                  0.0000000000000000E+000 
                                     512                  4.1009904983268869E-001                 -4.4050829777874230E-002                  6.3225225977191997E+000                 -3.0056538318986714E+000                  1.1507768875048146E+001                  6.7779619136771807E-001                  3.0212550494816803E-001                  2.0078303684113896E-002                  1.2597656232156355E-009                  8.3848005600023540E-026                  0.0000000000000000E+000 
                                     513                  4.1007591366063750E-001                 -5.0685606771314506E-002                  6.3280086071866952E+000                 -2.9939478471598808E+000                  1.1525693098996665E+001                  6.7779619136771807E-001                  3.0212550494816803E-001                  2.0078303684113896E-002                  1.4339906682427867E-009                  1.3386952585504600E-025                  0.0000000000000000E+000 
                                     514                  4.1005277748858610E-001                 -5.7449820697302485E-002                  6.3363471763398040E+000                 -2.9762667712123143E+000                  1.1552856260567033E+001                  6.7779619136771807E-001                  3.0212550494816803E-001                  2.0078303684113896E-002                  1.7440407872213298E-009                  2.7154682884248383E-025                  0.0000000000000000E+000 
                                     515                  4.1000650514448356E-001                 -7.1397624174417251E-002                  6.3448434547054946E+000                 -2.9567574279169726E+000                  1.1581806760497908E+001                  6.7779619136771807E-001                  3.0212550494816809E-001                  2.0078303684113896E-002                  2.1339952922452347E-009                  5.5768673319714343E-025                  0.0000000000000000E+000 
                                     516                  4.0998336897243232E-001                 -7.8571816257062582E-002                  6.3505311349994935E+000                 -2.9435610749080032E+000                  1.1601307688523763E+001                  6.7779619136771807E-001                  3.0212550494816814E-001                  2.0078303684113785E-002                  2.4419089050387731E-009                  9.0089106299945897E-025                  0.0000000000000000E+000 
                                     517                  4.0996023280038107E-001                 -8.5888446341110786E-002                  6.3562651566134525E+000                 -2.9299368559545989E+000                  1.1621240958833139E+001                  6.7779619136771796E-001                  3.0212550494816814E-001                  2.0078303684113896E-002                  2.7979968802077590E-009                  1.4591469353524259E-024                  0.0000000000000000E+000 
                                     518                  4.0993709662832978E-001                 -9.3350406226098956E-002                  6.3620503999555877E+000                 -2.9158729570393267E+000                  1.1641622762495418E+001                  6.7779619136771796E-001                  3.0212550494816820E-001                  2.0078303684113896E-002                  3.2106483040149781E-009                  2.3704484848595150E-024                  0.0000000000000000E+000 
                                     519                  4.0991396045627843E-001                 -1.0096059275590413E-001                  6.3664388065867019E+000                 -2.9048878228933548E+000                  1.1657351041044656E+001                  6.7779619136771796E-001                  3.0212550494816831E-001                  2.0078303684113674E-002                  3.5652021208284036E-009                  3.4230173992954064E-024                  0.0000000000000000E+000 
                                     520                  4.0990239237025278E-001                 -1.0482091063021463E-001                  6.3693742887277676E+000                 -2.8975162004407689E+000                  1.1667892414380850E+001                  6.7779619136771785E-001                  3.0212550494816820E-001                  2.0078303684113896E-002                  3.8235578336536047E-009                  4.3741518041626314E-024                  0.0000000000000000E+000 
                                     521                  4.0989082428422718E-001                 -1.0871933672968495E-001                  6.3737926659825623E+000                 -2.8863846821146373E+000                  1.1683790203555787E+001                  6.7779619136771785E-001                  3.0212550494816826E-001                  2.0078303684113896E-002                  4.2474705009748764E-009                  6.3209060393690251E-024                  0.0000000000000000E+000 
                                     522                  4.0986768811217589E-001                 -1.1663463707752948E-001                  6.3827076126300053E+000                 -2.8636087295222135E+000                  1.1716135113490525E+001                  6.7779619136771763E-001                  3.0212550494816837E-001                  2.0078303684114007E-002                  5.2504420486567655E-009                  1.3247687597454718E-023                  0.0000000000000000E+000 
                                     523                  4.0982141576807346E-001                 -1.3296173438081738E-001                  6.3918939700489510E+000                 -2.8383920586267157E+000                  1.1750927243781183E+001                  6.7779619136771740E-001                  3.0212550494816859E-001                  2.0078303684114007E-002                  6.5505638514524880E-009                  2.8371172707100572E-023                  0.0000000000000000E+000 
                                     524                  4.0979827959602233E-001                 -1.4135462630739098E-001                  6.3965352731099951E+000                 -2.8255129217224675E+000                  1.1768621845816885E+001                  6.7779619136771740E-001                  3.0212550494816875E-001                  2.0078303684113896E-002                  7.3241500084048339E-009                  4.1618533611810121E-023                  0.0000000000000000E+000 
                                     525                  4.0978671150999685E-001                 -1.4561081923157099E-001                  6.3996427414599113E+000                 -2.8168772977955125E+000                  1.1780479599463485E+001                  6.7779619136771729E-001                  3.0212550494816887E-001                  2.0078303684113896E-002                  7.8913439640329261E-009                  5.3753198191493368E-023                  0.0000000000000000E+000 
                                     526                  4.0977514342397137E-001                 -1.4990831953685840E-001                  6.4043236105176824E+000                 -2.8038466587212296E+000                  1.1798360319470767E+001                  6.7779619136771718E-001                  3.0212550494816898E-001                  2.0078303684113896E-002                  8.8278224795138425E-009                  7.8947401063729155E-023                  0.0000000000000000E+000 
                                     527                  4.0975200725192018E-001                 -1.5863194888022802E-001                  6.4106527915825930E+000                 -2.7857211443392820E+000                  1.1822959817465259E+001                  6.7779619136771696E-001                  3.0212550494816914E-001                  2.0078303684113896E-002                  1.0279993678562056E-008                  1.3263927898504409E-022                  0.0000000000000000E+000 
                                     528                  4.0972887107986905E-001                 -1.6752380358734245E-001                  6.4170620158067981E+000                 -2.7670079842475430E+000                  1.1848169176184109E+001                  6.7779619136771685E-001                  3.0212550494816931E-001                  2.0078303684113896E-002                  1.1996941222287064E-008                  2.2396281192659750E-022                  0.0000000000000000E+000 
                                     529                  4.0970573490781775E-001                 -1.7658544365662007E-001                  6.4235543390172811E+000                 -2.7476900692227910E+000                  1.1874007071209121E+001                  6.7779619136771652E-001                  3.0212550494816959E-001                  2.0078303684113896E-002                  1.4031957549233199E-008                  3.8012908165913833E-022                  0.0000000000000000E+000 
                                     530                  4.0968259873576662E-001                 -1.8581812119606397E-001                  6.4301333005533259E+000                 -2.7277515245751829E+000                  1.1900491990820340E+001                  6.7779619136771629E-001                  3.0212550494816992E-001                  2.0078303684113785E-002                  1.6450136131580019E-008                  6.4868199937586240E-022                  0.0000000000000000E+000 
                                     531                  4.0965946256371544E-001                 -1.9522276469315736E-001                  6.4368029065390608E+000                 -2.7071778376395672E+000                  1.1927642111441527E+001                  6.7779619136771596E-001                  3.0212550494817020E-001                  2.0078303684113896E-002                  1.9331215645868759E-008                  1.1132260540974550E-021                  0.0000000000000000E+000 
                                     532                  4.0963632639166414E-001                 -2.0479996539445577E-001                  6.4418867676353839E+000                 -2.6910815440468316E+000                  1.1948682336255168E+001                  6.7779619136771552E-001                  3.0212550494817042E-001                  2.0078303684114118E-002                  2.1873326267566036E-008                  1.6789531447790806E-021                  0.0000000000000000E+000 
                                     533                  4.0962475830563855E-001                 -2.0965076324771528E-001                  6.4452941320033510E+000                 -2.6803115460732045E+000                  1.1962769060163167E+001                  6.7779619136771541E-001                  3.0212550494817070E-001                  2.0078303684113896E-002                  2.3755788924515832E-008                  2.2093584852570943E-021                  0.0000000000000000E+000 
                                     534                  4.0961319021961295E-001                 -2.1454471794039390E-001                  6.4504326379390848E+000                 -2.6640958590733579E+000                  1.1983991058876700E+001                  6.7779619136771507E-001                  3.0212550494817103E-001                  2.0078303684113896E-002                  2.6895515125457374E-008                  3.3380833366250839E-021                  0.0000000000000000E+000 
                                     535                  4.0959005404756177E-001                 -2.2446753714748224E-001                  6.4556707984526165E+000                 -2.6469833290377967E+000                  1.2006110719904456E+001                  6.7779619136771474E-001                  3.0212550494817142E-001                  2.0078303684113896E-002                  3.0552935272881952E-008                  5.0829797607742512E-021                  0.0000000000000000E+000 
                                     536                  4.0957848596153623E-001                 -2.2949067053648875E-001                  6.4591833319765088E+000                 -2.6355449327607894E+000                  1.2020913127576561E+001                  6.7779619136771430E-001                  3.0212550494817170E-001                  2.0078303684114007E-002                  3.3270104709592931E-008                  6.7322820427845006E-021                  0.0000000000000000E+000 
                                     537                  4.0956691787551053E-001                 -2.3455672343455919E-001                  6.4644830854340034E+000                 -2.6183402916538330E+000                  1.2043202759749429E+001                  6.7779619136771385E-001                  3.0212550494817225E-001                  2.0078303684113896E-002                  3.7816987480787249E-008                  1.0272499709480612E-020                  0.0000000000000000E+000 
                                     538                  4.0954378170345934E-001                 -2.4482328826919741E-001                  6.4716798148409298E+000                 -2.5944282167577128E+000                  1.2073930577648547E+001                  6.7779619136771307E-001                  3.0212550494817314E-001                  2.0078303684113785E-002                  4.5030976559292057E-008                  1.8210833443391754E-020                  0.0000000000000000E+000 
                                     539                  4.0952064553140810E-001                 -2.5526003151145077E-001                  6.4771811777877355E+000                 -2.5757463527352016E+000                  1.2097757832017894E+001                  6.7779619136771230E-001                  3.0212550494817375E-001                  2.0078303684113896E-002                  5.1483390299433999E-008                  2.8181400790447333E-020                  0.0000000000000000E+000 
                                     540                  4.0950907744538245E-001                 -2.6053835165892580E-001                  6.4808726916872015E+000                 -2.5632805457538019E+000                  1.2113688533382502E+001                  6.7779619136771174E-001                  3.0212550494817425E-001                  2.0078303684114007E-002                  5.6301404067888869E-008                  3.7733559462424162E-020                  0.0000000000000000E+000 
                                     541                  4.0949750935935669E-001                 -2.6585854366306810E-001                  6.4864460663279884E+000                 -2.5445624891888015E+000                  1.2137655606837974E+001                  6.7779619136771097E-001                  3.0212550494817508E-001                  2.0078303684113896E-002                  6.4405214386875505E-008                  5.8531369390654068E-020                  0.0000000000000000E+000 
                                     542                  4.0947437318730573E-001                 -2.7663068372476346E-001                  6.4940260035144117E+000                 -2.5185760033394882E+000                  1.2170697406881109E+001                  6.7779619136770963E-001                  3.0212550494817653E-001                  2.0078303684113896E-002                  7.7371949945052037E-008                  1.0617624577354486E-019                  0.0000000000000000E+000 
                                     543                  4.0945123701525482E-001                 -2.8756710598188612E-001                  6.4998287622030606E+000                 -2.4982991067374609E+000                  1.2196316138236934E+001                  6.7779619136770841E-001                  3.0212550494817769E-001                  2.0078303684113896E-002                  8.9068282632224708E-008                  1.6729506014556446E-019                  0.0000000000000000E+000 
                                     544                  4.0943966892922939E-001                 -2.9309217265991522E-001                  6.5037245023999208E+000                 -2.4847952615056883E+000                  1.2213425167130383E+001                  6.7779619136770752E-001                  3.0212550494817858E-001                  2.0078303684113896E-002                  9.7847445793862084E-008                  2.2671856209902019E-019                  0.0000000000000000E+000 
                                     545                  4.0942810084320397E-001                 -2.9865721481947582E-001                  6.5076565193603368E+000                 -2.4711189236792763E+000                  1.2230733839134659E+001                  6.7779619136770652E-001                  3.0212550494817952E-001                  2.0078303684113896E-002                  1.0757537287751815E-007                  3.0789462923849489E-019                  0.0000000000000000E+000 
                                     546                  4.0941653275717843E-001                 -3.0426183561260423E-001                  6.5116254133061648E+000                 -2.4572705017719825E+000                  1.2248242804072213E+001                  6.7779619136770541E-001                  3.0212550494818069E-001                  2.0078303684113896E-002                  1.1836266160247299E-007                  4.1902206354169199E-019                  0.0000000000000000E+000 
                                     547                  4.0940496467115295E-001                 -3.0990561503556946E-001                  6.5156317269204971E+000                 -2.4432504475878662E+000                  1.2265952588161912E+001                  6.7779619136770430E-001                  3.0212550494818191E-001                  2.0078303684113785E-002                  1.3033351799584793E-007                  5.7147606774277144E-019                  0.0000000000000000E+000 
                                     548                  4.0939339658512747E-001                 -3.1558810934635145E-001                  6.5196759450805537E+000                 -2.4290592598877758E+000                  1.2283863590530631E+001                  6.7779619136770286E-001                  3.0212550494818324E-001                  2.0078303684113896E-002                  1.4362749252484978E-007                  7.8107043120125114E-019                  0.0000000000000000E+000 
                                     549                  4.0938182849910199E-001                 -3.2130885051093649E-001                  6.5237584947046381E+000                 -2.4146974881275876E+000                  1.2301976079830677E+001                  6.7779619136770153E-001                  3.0212550494818469E-001                  2.0078303684113785E-002                  1.5840144246640880E-007                  1.0698329019783473E-018                  0.0000000000000000E+000 
                                     550                  4.0937026041307645E-001                 -3.2706734568297507E-001                  6.5278797447302859E+000                 -2.4001657361625641E+000                  1.2320290190977198E+001                  6.7779619136769997E-001                  3.0212550494818613E-001                  2.0078303684113896E-002                  1.7483175027761429E-007                  1.4685067129853738E-018                  0.0000000000000000E+000 
                                     551                  4.0935869232705097E-001                 -3.3286307671997412E-001                  6.5320400062394999E+000                 -2.3854646664162895E+000                  1.2338805922019134E+001                  6.7779619136769809E-001                  3.0212550494818802E-001                  2.0078303684113896E-002                  1.9311683138510850E-007                  2.0200812013359558E-018                  0.0000000000000000E+000 
                                     552                  4.0934712424102537E-001                 -3.3869549974625540E-001                  6.5362395327461948E+000                 -2.3705950041176949E+000                  1.2357523131158716E+001                  6.7779619136769609E-001                  3.0212550494819002E-001                  2.0078303684113896E-002                  2.1347996947614329E-007                  2.7847830621634047E-018                  0.0000000000000000E+000 
                                     553                  4.0933555615499972E-001                 -3.4456404476793767E-001                  6.5425821612697783E+000                 -2.3483670600618525E+000                  1.2385600408735208E+001                  6.7779619136769298E-001                  3.0212550494819318E-001                  2.0078303684113896E-002                  2.4813682980214389E-007                  4.5118963643260008E-018                  0.0000000000000000E+000 
                                     554                  4.0931241998294871E-001                 -3.5641690135828064E-001                  6.5490760015558944E+000                 -2.3249460087600737E+000                  1.2414912081470641E+001                  6.7779619136768887E-001                  3.0212550494819712E-001                  2.0078303684114007E-002                  2.8974119681731188E-007                  7.3897785243810492E-018                  0.0000000000000000E+000 
                                     555                  4.0930085189692311E-001                 -3.6239002421707706E-001                  6.5534344773541946E+000                 -2.3094111468027978E+000                  1.2434431192908427E+001                  6.7779619136768599E-001                  3.0212550494820012E-001                  2.0078303684113896E-002                  3.2127314706780610E-007                  1.0273456413920676E-017                  0.0000000000000000E+000 
                                     556                  4.0928928381089752E-001                 -3.6839672465056128E-001                  6.5578326380282581E+000                 -2.2937124318959898E+000                  1.2454148855743769E+001                  6.7779619136768277E-001                  3.0212550494820334E-001                  2.0078303684113896E-002                  3.5650138000725984E-007                  1.4311575548613904E-017                  0.0000000000000000E+000 
                                     557                  4.0927771572487198E-001                 -3.7443629895307401E-001                  6.5622704742521281E+000                 -2.2778511709627205E+000                  1.2474064037974845E+001                  6.7779619136767921E-001                  3.0212550494820689E-001                  2.0078303684113896E-002                  3.9588284248454145E-007                  1.9977079705274095E-017                  0.0000000000000000E+000 
                                     558                  4.0926614763884661E-001                 -3.8050801805749079E-001                  6.5689690570382107E+000                 -2.2541867613567312E+000                  1.2503892510173257E+001                  6.7779619136767288E-001                  3.0212550494821311E-001                  2.0078303684114007E-002                  4.6319977742408267E-007                  3.2963982076966019E-017                  0.0000000000000000E+000 
                                     559                  4.0924301146679531E-001                 -3.9275584049026896E-001                  6.5758226361808463E+000                 -2.2292670833755928E+000                  1.2535017791652708E+001                  6.7779619136766556E-001                  3.0212550494822049E-001                  2.0078303684113896E-002                  5.4450066736313131E-007                  5.4985163872313188E-017                  0.0000000000000000E+000 
                                     560                  4.0923144338076967E-001                 -3.9891927539353034E-001                  6.5804196541237667E+000                 -2.2127728553118535E+000                  1.2555709989219601E+001                  6.7779619136766012E-001                  3.0212550494822599E-001                  2.0078303684113896E-002                  6.0637143931873021E-007                  7.7352844767260168E-017                  0.0000000000000000E+000 
                                     561                  4.0921987529474396E-001                 -4.0511171948679192E-001                  6.5850562851954431E+000                 -2.1961252911315761E+000                  1.2576592184922010E+001                  6.7779619136765390E-001                  3.0212550494823220E-001                  2.0078303684113896E-002                  6.7573308373163359E-007                  1.0902272495572700E-016                  0.0000000000000000E+000 
                                     562                  4.0920830720871831E-001                 -4.1133234171142413E-001                  6.5897325420969537E+000                 -2.1793267883602829E+000                  1.2597662420953437E+001                  6.7779619136764702E-001                  3.0212550494823914E-001                  2.0078303684113896E-002                  7.5353398590585653E-007                  1.5394129162446693E-016                  0.0000000000000000E+000 
                                     563                  4.0919673912269283E-001                 -4.1758029676307912E-001                  6.5944484472919944E+000                 -2.1623799275508029E+000                  1.2618918589550772E+001                  6.7779619136763947E-001                  3.0212550494824664E-001                  2.0078303684113896E-002                  8.4084644686764231E-007                  2.1775995295238283E-016                  0.0000000000000000E+000 
                                     564                  4.0918517103666729E-001                 -4.2385472747975345E-001                  6.5992040354129715E+000                 -2.1452874715797781E+000                  1.2640358436031741E+001                  6.7779619136763081E-001                  3.0212550494825524E-001                  2.0078303684113896E-002                  9.3888324599765766E-007                  3.0858389910313932E-016                  0.0000000000000000E+000 
                                     565                  4.0917360295064165E-001                 -4.3015476738034186E-001                  6.6039993521106846E+000                 -2.1280523582144109E+000                  1.2661979562514237E+001                  6.7779619136762115E-001                  3.0212550494826507E-001                  2.0078303684113785E-002                  1.0490164161345278E-006                  4.3805489955380168E-016                  0.0000000000000000E+000 
                                     566                  4.0916203486461605E-001                 -4.3647954325874599E-001                  6.6088344271852089E+000                 -2.1106776491966586E+000                  1.2683779432310031E+001                  6.7779619136761038E-001                  3.0212550494827578E-001                  2.0078303684113896E-002                  1.1727982265738521E-006                  6.2291804681203384E-016                  0.0000000000000000E+000 
                                     567                  4.0915046677859057E-001                 -4.4282817718055240E-001                  6.6137092398838098E+000                 -2.0931664663844813E+000                  1.2705755374853410E+001                  6.7779619136759828E-001                  3.0212550494828783E-001                  2.0078303684113896E-002                  1.3119847117613109E-006                  8.8729072836760139E-016                  0.0000000000000000E+000 
                                     568                  4.0913889869256498E-001                 -4.4919978764259244E-001                  6.6186237093775651E+000                 -2.0755219701877121E+000                  1.2727904590973953E+001                  6.7779619136758484E-001                  3.0212550494830126E-001                  2.0078303684113896E-002                  1.4685624769090466E-006                  1.2659527196045447E-015                  0.0000000000000000E+000 
                                     569                  4.0912733060653950E-001                 -4.5559349047109066E-001                  6.6235776959205293E+000                 -2.0577473556793127E+000                  1.2750224158437005E+001                  6.7779619136756986E-001                  3.0212550494831625E-001                  2.0078303684113896E-002                  1.6447791314588449E-006                  1.8091215713212740E-015                  0.0000000000000000E+000 
                                     570                  4.0911576252051390E-001                 -4.6200839970746144E-001                  6.6285710020445316E+000                 -2.0398458485180990E+000                  1.2772711037723962E+001                  6.7779619136755309E-001                  3.0212550494833318E-001                  2.0078303684113674E-002                  1.8431777048641132E-006                  2.5893894925711467E-015                  0.0000000000000000E+000 
                                     571                  4.0910419443448859E-001                 -4.6844362847525112E-001                  6.6336033737526625E+000                 -2.0218207006703235E+000                  1.2795362078022618E+001                  6.7779619136753411E-001                  3.0212550494835211E-001                  2.0078303684113785E-002                  2.0666355540483993E-006                  3.7118080814123799E-015                  0.0000000000000000E+000 
                                     572                  4.0909262634846283E-001                 -4.7489828982391469E-001                  6.6386745017049247E+000                 -2.0036751859264421E+000                  1.2818174023396477E+001                  6.7779619136751279E-001                  3.0212550494837337E-001                  2.0078303684113896E-002                  2.3184083357112307E-006                  5.3285599263377392E-015                  0.0000000000000000E+000 
                                     573                  4.0908105826243729E-001                 -4.8137149754186892E-001                  6.6437840223886546E+000                 -1.9854125952270496E+000                  1.2841143519102435E+001                  6.7779619136748881E-001                  3.0212550494839724E-001                  2.0078303684113896E-002                  2.6021796877204942E-006                  7.6603171565831582E-015                  0.0000000000000000E+000 
                                     574                  4.0906949017641164E-001                 -4.8786236693537133E-001                  6.6489315192649983E+000                 -1.9670362317957910E+000                  1.2864267118024694E+001                  6.7779619136746228E-001                  3.0212550494842383E-001                  2.0078303684113896E-002                  2.9221173438473327E-006                  1.1027352421645630E-014                  0.0000000000000000E+000 
                                     575                  4.0905792209038605E-001                 -4.9437001556455934E-001                  6.6541165227171524E+000                 -1.9485494043125073E+000                  1.2887541287189640E+001                  6.7779619136743208E-001                  3.0212550494845408E-001                  2.0078303684113896E-002                  3.2829364552253266E-006                  1.5894876468469607E-014                  0.0000000000000000E+000 
                                     576                  4.0904635400436040E-001                 -5.0089356390450746E-001                  6.6593385011551334E+000                 -1.9299554057311290E+000                  1.2910962414324182E+001                  6.7779619136739833E-001                  3.0212550494848772E-001                  2.0078303684113896E-002                  3.6899707080494103E-006                  2.2939123011958710E-014                  0.0000000000000000E+000 
                                     577                  4.0903478591833486E-001                 -5.0743213570436063E-001                  6.6645968496107075E+000                 -1.9112574883097775E+000                  1.2934526814370594E+001                  6.7779619136736025E-001                  3.0212550494852586E-001                  2.0078303684113896E-002                  4.1492522469640955E-006                  3.3143691772054965E-014                  0.0000000000000000E+000 
                                     578                  4.0902321783230916E-001                 -5.1398485796761273E-001                  6.6698908879520538E+000                 -1.8924588546088554E+000                  1.2958230735857040E+001                  6.7779619136731761E-001                  3.0212550494856855E-001                  2.0078303684113896E-002                  4.6676019402745698E-006                  4.7940035747749958E-014                  0.0000000000000000E+000 
                                     579                  4.0901164974628357E-001                 -5.2055086077790336E-001                  6.6752198635918001E+000                 -1.8735626560623333E+000                  1.2982070367074574E+001                  6.7779619136726954E-001                  3.0212550494861656E-001                  2.0078303684113896E-002                  5.2527312187964660E-006                  6.9412334326756474E-014                  0.0000000000000000E+000 
                                     580                  4.0900008166025786E-001                 -5.2712927708043844E-001                  6.6805829544100588E+000                 -1.8545719920784691E+000                  1.3006041842035852E+001                  6.7779619136721547E-001                  3.0212550494867080E-001                  2.0078303684113674E-002                  5.9133568100255523E-006                  1.0059624098886415E-013                  0.0000000000000000E+000 
                                     581                  4.0898851357423227E-001                 -5.3371924242438329E-001                  6.6859792718752971E+000                 -1.8354899096489827E+000                  1.3030141246195381E+001                  6.7779619136715430E-001                  3.0212550494873175E-001                  2.0078303684113896E-002                  6.6593300010447994E-006                  1.4591445727337005E-013                  0.0000000000000000E+000 
                                     582                  4.0897694548820657E-001                 -5.4031989467483932E-001                  6.6900572346937990E+000                 -1.8209779590809121E+000                  1.3048434261525852E+001                  6.7779619136710334E-001                  3.0212550494878265E-001                  2.0078303684114007E-002                  7.2848029119987613E-006                  1.9313004058633817E-013                  0.0000000000000000E+000 
                                     583                  4.0897116144519391E-001                 -5.4362304861763500E-001                  6.6927795286100800E+000                 -1.8113741395943339E+000                  1.3060573800723404E+001                  6.7779619136706692E-001                  3.0212550494881912E-001                  2.0078303684113896E-002                  7.7324093355854043E-006                  2.3272977358421882E-013                  0.0000000000000000E+000 
                                     584                  4.0896537740218120E-001                 -5.4692855478364721E-001                  6.6968680541691521E+000                 -1.7970706479892260E+000                  1.3078702139704596E+001                  6.7779619136700853E-001                  3.0212550494887763E-001                  2.0078303684113896E-002                  8.4531873596142939E-006                  3.0768060332832790E-013                  0.0000000000000000E+000 
                                     585                  4.0895380931615555E-001                 -5.5354802980427398E-001                  6.7023579733503267E+000                 -1.7777319372353579E+000                  1.3103161366075014E+001                  6.7779619136692126E-001                  3.0212550494896490E-001                  2.0078303684113896E-002                  9.5279275338377271E-006                  4.4720273183479121E-013                  0.0000000000000000E+000 
                                     586                  4.0894224123012995E-001                 -5.6017561523861770E-001                  6.7078770046606717E+000                 -1.7583135274259172E+000                  1.3127732492714053E+001                  6.7779619136682312E-001                  3.0212550494906304E-001                  2.0078303684113896E-002                  1.0741971029024028E-005                  6.5032308948487932E-013                  0.0000000000000000E+000 
                                     587                  4.0893067314410414E-001                 -5.6681045564225752E-001                  6.7134240727412013E+000                 -1.7388183615497688E+000                  1.3152411438328222E+001                  6.7779619136671221E-001                  3.0212550494917395E-001                  2.0078303684113896E-002                  1.2113448479600698E-005                  9.4609885387885580E-013                  0.0000000000000000E+000 
                                     588                  4.0891910505807838E-001                 -5.7345169856955969E-001                  6.7189981523581261E+000                 -1.7192494849456210E+000                  1.3177194102387872E+001                  6.7779619136658742E-001                  3.0212550494929868E-001                  2.0078303684113896E-002                  1.3662851328669207E-005                  1.3768618996746932E-012                  0.0000000000000000E+000 
                                     589                  4.0890753697205251E-001                 -5.8009849667831359E-001                  6.7245982700722120E+000                 -1.6996100413595232E+000                  1.3202076369950008E+001                  6.7779619136644653E-001                  3.0212550494943963E-001                  2.0078303684113896E-002                  1.5413344684673700E-005                  2.0042707297204172E-012                  0.0000000000000000E+000 
                                     590                  4.0889596888602669E-001                 -5.8675000987170967E-001                  6.7302235040770579E+000                 -1.6799032659038120E+000                  1.3227054116715083E+001                  6.7779619136628733E-001                  3.0212550494959872E-001                  2.0078303684113896E-002                  1.7391124991461818E-005                  2.9181110531912068E-012                  0.0000000000000000E+000 
                                     591                  4.0888440080000094E-001                 -5.9340540742760828E-001                  6.7344676433001718E+000                 -1.6649325532685162E+000                  1.3245990294214145E+001                  6.7779619136615454E-001                  3.0212550494973156E-001                  2.0078303684113896E-002                  1.9050168452490447E-005                  3.8714923856961245E-012                  0.0000000000000000E+000 
                                     592                  4.0887861675698839E-001                 -5.9673335902602276E-001                  6.7372983835665421E+000                 -1.6550350082932139E+000                  1.3258544259679251E+001                  6.7779619136605929E-001                  3.0212550494982676E-001                  2.0078303684113896E-002                  2.0237771564825878E-005                  4.6717601265363183E-012                  0.0000000000000000E+000 
                                     593                  4.0887283271397573E-001                 -6.0006197973607833E-001                  6.7415461596143889E+000                 -1.6403083678450017E+000                  1.3277273509667500E+001                  6.7779619136590630E-001                  3.0212550494997981E-001                  2.0078303684113896E-002                  2.2150722896751919E-005                  6.1873945881735251E-012                  0.0000000000000000E+000 
                                     594                  4.0886126462795008E-001                 -6.0672272735176669E-001                  6.7472415857745398E+000                 -1.6204196789681540E+000                  1.3302512853959136E+001                  6.7779619136567781E-001                  3.0212550495020818E-001                  2.0078303684114007E-002                  2.5004332270994603E-005                  9.0096584705072870E-012                  0.0000000000000000E+000 
                                     595                  4.0884969654192449E-001                 -6.1338494348554051E-001                  6.7529589574735231E+000                 -1.6004773596762483E+000                  1.3327831204809417E+001                  6.7779619136542058E-001                  3.0212550495046547E-001                  2.0078303684113896E-002                  2.8229557774495587E-005                  1.3118188849717205E-011                  0.0000000000000000E+000 
                                     596                  4.0883812845589873E-001                 -6.2004785556979802E-001                  6.7572701642617465E+000                 -1.5853371880613780E+000                  1.3347013990013094E+001                  6.7779619136520686E-001                  3.0212550495067919E-001                  2.0078303684113896E-002                  3.0936023821481215E-005                  1.7401641508336262E-011                  0.0000000000000000E+000 
                                     597                  4.0883234441288574E-001                 -6.2337838156200398E-001                  6.7601447451136965E+000                 -1.5753324264457718E+000                  1.3359725842552722E+001                  6.7779619136505254E-001                  3.0212550495083346E-001                  2.0078303684114007E-002                  3.2874053671935281E-005                  2.0995268744631468E-011                  0.0000000000000000E+000 
                                     598                  4.0882656036987280E-001                 -6.2670880528087269E-001                  6.7644570124649048E+000                 -1.5604532357299354E+000                  1.3378682528419333E+001                  6.7779619136480274E-001                  3.0212550495108326E-001                  2.0078303684114007E-002                  3.5997043276972684E-005                  2.7797003804862742E-011                  0.0000000000000000E+000 
                                     599                  4.0881499228384699E-001                 -6.3337089253762535E-001                  6.7702359233146305E+000                 -1.5403709989353238E+000                  1.3404213384682462E+001                  6.7779619136443314E-001                  3.0212550495145279E-001                  2.0078303684114118E-002                  4.0658919449353889E-005                  4.0448734232720873E-011                  0.0000000000000000E+000 
                                     600                  4.0880342419782112E-001                 -6.4003147330718679E-001                  6.7760339721165845E+000                 -1.5202490067126850E+000                  1.3429807070549572E+001                  6.7779619136401648E-001                  3.0212550495186952E-001                  2.0078303684114007E-002                  4.5933233089616641E-005                  5.8840607030724443E-011                  0.0000000000000000E+000 
                                     601                  4.0879185611179558E-001                 -6.4668985324842643E-001                  6.7804037290353012E+000                 -1.5049817857788474E+000                  1.3449187137010336E+001                  6.7779619136366764E-001                  3.0212550495221829E-001                  2.0078303684114118E-002                  5.0364078193470973E-005                  7.7988095488111640E-011                  0.0000000000000000E+000 
                                     602                  4.0878607206878298E-001                 -6.5001704969000496E-001                  6.7833164811408100E+000                 -1.4948974241753843E+000                  1.3462024567877981E+001                  6.7779619136341818E-001                  3.0212550495246787E-001                  2.0078303684113896E-002                  5.3540039185178152E-005                  9.4034651951347053E-011                  0.0000000000000000E+000 
                                     603                  4.0878028802577049E-001                 -6.5334344975602665E-001                  6.7876847080150053E+000                 -1.4799060874458378E+000                  1.3481161069358327E+001                  6.7779619136301716E-001                  3.0212550495286894E-001                  2.0078303684113896E-002                  5.8663974877739398E-005                  1.2436996923002942E-010                  0.0000000000000000E+000 
                                     604                  4.0876871993974478E-001                 -6.5999544734590410E-001                  6.7935354570589954E+000                 -1.4596841058435375E+000                  1.3506919591745513E+001                  6.7779619136241986E-001                  3.0212550495346613E-001                  2.0078303684114007E-002                  6.6327689094803317E-005                  1.8068813572305929E-010                  0.0000000000000000E+000 
                                     605                  4.0875715185371914E-001                 -6.6664327712360338E-001                  6.7994022306593305E+000                 -1.4394350014146668E+000                  1.3532725406331735E+001                  6.7779619136174685E-001                  3.0212550495413920E-001                  2.0078303684113896E-002                  7.5022684282487580E-005                  2.6236663847626478E-010                  0.0000000000000000E+000 
                                     606                  4.0874558376769343E-001                 -6.7328632147856737E-001                  6.8052841959243526E+000                 -1.4191616985369950E+000                  1.3558574758298306E+001                  6.7779619136098845E-001                  3.0212550495489748E-001                  2.0078303684114118E-002                  8.4899885584161167E-005                  3.8073885366814190E-010                  0.0000000000000000E+000 
                                     607                  4.0873401568166773E-001                 -6.7992398092740902E-001                  6.8111805237404353E+000                 -1.3988670593183368E+000                  1.3584463952633747E+001                  6.7779619136013503E-001                  3.0212550495575108E-001                  2.0078303684113896E-002                  9.6137302746140119E-005                  5.5215459245175390E-010                  0.0000000000000000E+000 
                                     608                  4.0872244759564214E-001                 -6.8655567410404439E-001                  6.8156205970081620E+000                 -1.3834813463504994E+000                  1.3604051647416037E+001                  6.7779619135942160E-001                  3.0212550495646456E-001                  2.0078303684113896E-002                  1.0563344083657326E-004                  7.2996055771448357E-010                  0.0000000000000000E+000 
                                     609                  4.0871666355262948E-001                 -6.8986815573159632E-001                  6.8185788572155541E+000                 -1.3733241227738042E+000                  1.3617019814398063E+001                  6.7779619135891200E-001                  3.0212550495697404E-001                  2.0078303684113896E-002                  1.1247534997040663E-004                  8.7857344178100415E-010                  0.0000000000000000E+000 
                                     610                  4.0871087950961688E-001                 -6.9317894216072773E-001                  6.8230133264843928E+000                 -1.3582322357169929E+000                  1.3636341379599067E+001                  6.7779619135809399E-001                  3.0212550495779222E-001                  2.0078303684113785E-002                  1.2358050261197638E-004                  1.1587167236620040E-009                  0.0000000000000000E+000 
                                     611                  4.0869931142359128E-001                 -6.9979705659298241E-001                  6.8289479771544626E+000                 -1.3378904458912897E+000                  1.3662328484425343E+001                  6.7779619135687963E-001                  3.0212550495900653E-001                  2.0078303684113896E-002                  1.4034987316097243E-004                  1.6765490963528840E-009                  0.0000000000000000E+000 
                                     612                  4.0868774333756575E-001                 -7.0640757499224771E-001                  6.8348940500605107E+000                 -1.3175385879884329E+000                  1.3688341313301345E+001                  6.7779619135551572E-001                  3.0212550496037016E-001                  2.0078303684114118E-002                  1.5963098841579104E-004                  2.4237293324250313E-009                  0.0000000000000000E+000 
                                     613                  4.0867617525154037E-001                 -7.1300999519090613E-001                  6.8393694569217454E+000                 -1.3021175098783759E+000                  1.3708012564696968E+001                  6.7779619135438085E-001                  3.0212550496150525E-001                  2.0078303684113896E-002                  1.7610073189520316E-004                  3.1962286892813980E-009                  0.0000000000000000E+000 
                                     614                  4.0867039120852772E-001                 -7.1630707600078014E-001                  6.8423505268410274E+000                 -1.2919400747238028E+000                  1.3721032185385519E+001                  6.7779619135357083E-001                  3.0212550496231516E-001                  2.0078303684114007E-002                  1.8807536552110644E-004                  3.8403762625951102E-009                  0.0000000000000000E+000 
                                     615                  4.0866460716551500E-001                 -7.1960195989949682E-001                  6.8468181501792165E+000                 -1.2768227228507729E+000                  1.3740424829596563E+001                  6.7779619135227243E-001                  3.0212550496361362E-001                  2.0078303684113896E-002                  2.0771274556182867E-004                  5.0516310647831488E-009                  0.0000000000000000E+000 
                                     616                  4.0865303907948936E-001                 -7.2618678521504421E-001                  6.8527947663302173E+000                 -1.2564571644915108E+000                  1.3766494905165695E+001                  6.7779619135035540E-001                  3.0212550496553053E-001                  2.0078303684114118E-002                  2.3783996465005899E-004                  7.2824814068623614E-009                  0.0000000000000000E+000 
                                     617                  4.0864147099346382E-001                 -7.3276213824693293E-001                  6.8587805638086694E+000                 -1.2360925364446171E+000                  1.3792577745697995E+001                  6.7779619134821545E-001                  3.0212550496767043E-001                  2.0078303684114118E-002                  2.7321520891831721E-004                  1.0487969501482014E-008                  0.0000000000000000E+000 
                                     618                  4.0862990290743817E-001                 -7.3932760782237594E-001                  6.8632842785997203E+000                 -1.2206697724037145E+000                  1.3812292657380652E+001                  6.7779619134644309E-001                  3.0212550496944296E-001                  2.0078303684113896E-002                  3.0405868662422748E-004                  1.3789761355390427E-008                  0.0000000000000000E+000 
                                     619                  4.0862411886442546E-001                 -7.4260558667573218E-001                  6.8662836513354044E+000                 -1.2104940521544278E+000                  1.3825337842878184E+001                  6.7779619134518587E-001                  3.0212550497070018E-001                  2.0078303684113896E-002                  3.2685994387368568E-004                  1.6535609958419584E-008                  0.0000000000000000E+000 
                                     620                  4.0861833482141280E-001                 -7.4588095742677851E-001                  6.8707779115714320E+000                 -1.1953833481327871E+000                  1.3844763755330405E+001                  6.7779619134318303E-001                  3.0212550497270280E-001                  2.0078303684114118E-002                  3.6493832771821019E-004                  2.1684546226390393E-008                  0.0000000000000000E+000 
                                     621                  4.0860676673538754E-001                 -7.5242554025751551E-001                  6.8767882730322416E+000                 -1.1750369361518274E+000                  1.3870866881072136E+001                  6.7779619134025126E-001                  3.0212550497563445E-001                  2.0078303684114340E-002                  4.2494218619915498E-004                  3.1129539319083634E-008                  0.0000000000000000E+000 
                                     622                  4.0859519864936222E-001                 -7.5895914660355024E-001                  6.8828059453156349E+000                 -1.1547015164080423E+000                  1.3896971115424856E+001                  6.7779619133701952E-001                  3.0212550497886598E-001                  2.0078303684114562E-002                  4.9779199867933306E-004                  4.4638328088817497E-008                  0.0000000000000000E+000 
                                     623                  4.0858363056333669E-001                 -7.6548145829202885E-001                  6.8888304777349063E+000                 -1.1343793862083913E+000                  1.3923073758205394E+001                  6.7779619133347635E-001                  3.0212550498240887E-001                  2.0078303684114784E-002                  5.8710227770729048E-004                  6.3935825226631591E-008                  0.0000000000000000E+000 
                                     624                  4.0857206247731120E-001                 -7.7199217949331245E-001                  6.8933616156618323E+000                 -1.1189978789995270E+000                  1.3942793143770585E+001                  6.7779619133059743E-001                  3.0212550498528767E-001                  2.0078303684114895E-002                  6.6807614319266961E-004                  8.3710285757349802E-008                  0.0000000000000000E+000 
                                     625                  4.0856627843429866E-001                 -7.7524220066576588E-001                  6.8963786413363382E+000                 -1.1088522398351759E+000                  1.3955837870353987E+001                  6.7779619132859015E-001                  3.0212550498729468E-001                  2.0078303684115228E-002                  7.2974449128309087E-004                  1.0009423808090521E-007                  0.0000000000000000E+000 
                                     626                  4.0856049439128606E-001                 -7.7848922948182808E-001                  6.9008984635085850E+000                 -1.0937903326896723E+000                  1.3975258166036193E+001                  6.7779619132545499E-001                  3.0212550499042923E-001                  2.0078303684115784E-002                  8.3594834983807603E-004                  1.3069872899664421E-007                  0.0000000000000000E+000 
                                     627                  4.0854892630526052E-001                 -7.8497598727838436E-001                  6.9069408383471034E+000                 -1.0735208865563306E+000                  1.4001340643412918E+001                  6.7779619132101321E-001                  3.0212550499487056E-001                  2.0078303684116228E-002                  1.0105205926902846E-003                  1.8652747830318470E-007                  0.0000000000000000E+000 
                                     628                  4.0853735821923498E-001                 -7.9145039618167834E-001                  6.9129883361301596E+000                 -1.0532729988670531E+000                  1.4027411632158064E+001                  6.7779619131634772E-001                  3.0212550499953511E-001                  2.0078303684117227E-002                  1.2329443040080528E-003                  2.6587209502856223E-007                  0.0000000000000000E+000 
                                     629                  4.0852579013320933E-001                 -7.9791224455511356E-001                  6.9190404876835245E+000                 -1.0330484363165209E+000                  1.4053468880274263E+001                  6.7779619131155244E-001                  3.0212550500432889E-001                  2.0078303684118670E-002                  1.5187504038800923E-003                  3.7848660241926406E-007                  0.0000000000000000E+000 
                                     630                  4.0851422204718391E-001                 -8.0436133930206677E-001                  6.9235907073702059E+000                 -1.0177483455362559E+000                  1.4073144811726809E+001                  6.7779619130793411E-001                  3.0212550500794538E-001                  2.0078303684120558E-002                  1.7880616612512255E-003                  4.9322666304862863E-007                  0.0000000000000000E+000 
                                     631                  4.0850843800417147E-001                 -8.0758016542941580E-001                  6.9266198294267358E+000                 -1.0076584229745924E+000                  1.4086158171792254E+001                  6.7779619130558622E-001                  3.0212550501029223E-001                  2.0078303684121557E-002                  1.9987998652601755E-003                  5.8790574787748876E-007                  0.0000000000000000E+000 
                                     632                  4.0850265396115903E-001                 -8.1079574470844717E-001                  6.9311568482495751E+000                 -9.9268208041893835E-001                  1.4105527989619471E+001                  6.7779619130224633E-001                  3.0212550501362978E-001                  2.0078303684123888E-002                  2.3713354619256327E-003                  7.6401412474855626E-007                  0.0000000000000000E+000 
                                     633                  4.0849108587513350E-001                 -8.1721883737812651E-001                  6.9372197660397248E+000                 -9.7253663385621358E-001                  1.4131531315442327E+001                  6.7779619129829427E-001                  3.0212550501757762E-001                  2.0078303684128107E-002                  3.0041814810489640E-003                  1.0833125407855176E-006                  0.0000000000000000E+000 
                                     634                  4.0847951778910785E-001                 -8.2362869395098071E-001                  6.9432852095832738E+000                 -9.5242022294280104E-001                  1.4157512786420593E+001                  6.7779619129540292E-001                  3.0212550502046304E-001                  2.0078303684134102E-002                  3.8384135860921363E-003                  1.5339431391988079E-006                  0.0000000000000000E+000 
                                     635                  4.0846794970308242E-001                 -8.3002518159151073E-001                  6.9478437589316684E+000                 -9.3720646262198715E-001                  1.4177125134831083E+001                  6.7779619129431423E-001                  3.0212550502154589E-001                  2.0078303684139875E-002                  4.6396306302850200E-003                  1.9907863886531927E-006                  0.0000000000000000E+000 
                                     636                  4.0846216566006999E-001                 -8.3321750999411515E-001                  6.9508778418835186E+000                 -9.2717437150092841E-001                  1.4190094873488352E+001                  6.7779619129433322E-001                  3.0212550502152197E-001                  2.0078303684144760E-002                  5.2744953728309733E-003                  2.3664132197139189E-006                  0.0000000000000000E+000 
                                     637                  4.0845638161705750E-001                 -8.3640645774510991E-001                  6.9554214113745720E+000                 -9.1228511975872484E-001                  1.4209397496843927E+001                  6.7779619129582602E-001                  3.0212550502001978E-001                  2.0078303684154197E-002                  6.4095787022072385E-003                  3.0625232752080772E-006                  0.0000000000000000E+000 
                                     638                  4.0844481353103207E-001                 -8.4277587119177588E-001                  6.9599814911392563E+000                 -8.9711957096339867E-001                  1.4228969856727467E+001                  6.7779619129984647E-001                  3.0212550501598762E-001                  2.0078303684165855E-002                  7.8258563173952810E-003                  3.9660043964045600E-006                  0.0000000000000000E+000 
                                     639                  4.0843902948801936E-001                 -8.4595459213082946E-001                  6.9630163627581121E+000                 -8.8711963570874020E-001                  1.4241912525411927E+001                  6.7779619130322610E-001                  3.0212550501259827E-001                  2.0078303684175625E-002                  8.9518150756825021E-003                  4.7074873726518026E-006                  0.0000000000000000E+000 
                                     640                  4.0843324544500664E-001                 -8.4912988292212954E-001                  6.9660513242104729E+000                 -8.7712812778882177E-001                  1.4254847924463281E+001                  6.7779619130930324E-001                  3.0212550500650942E-001                  2.0078303684187393E-002                  1.0252881298669716E-002                  5.5855485723651539E-006                  0.0000000000000000E+000 
                                     641                  4.0842746140199382E-001                 -8.5230173355062622E-001                  6.9690863745879001E+000                 -8.6714524788812852E-001                  1.4267775867525367E+001                  6.7779619131691382E-001                  3.0212550499888524E-001                  2.0078303684200938E-002                  1.1756877758754643E-002                  6.6249610268744412E-006                  0.0000000000000000E+000 
                                     642                  4.0842167735898099E-001                 -8.5547013530073712E-001                  6.9713647216241759E+000                 -8.5962763957158250E-001                  1.4277501953298886E+001                  6.7779619132430313E-001                  3.0212550499148344E-001                  2.0078303684213372E-002                  1.3039333911770132E-002                  7.5291463471693339E-006                  0.0000000000000000E+000 
                                     643                  4.0841878533747461E-001                 -8.5705293495801771E-001                  6.9728823178291295E+000                 -8.5464326284981085E-001                  1.4283959804967624E+001                  6.7779619132986368E-001                  3.0212550498591401E-001                  2.0078303684222254E-002                  1.3974041812218743E-002                  8.1975650546070793E-006                  0.0000000000000000E+000 
                                     644                  4.0841589331596839E-001                 -8.5863487010573647E-001                  6.9743999413060305E+000                 -8.4966116021502480E-001                  1.4290415691137076E+001                  6.7779619133621238E-001                  3.0212550497955581E-001                  2.0078303684231802E-002                  1.4979341652094831E-002                  8.9245103104543207E-006                  0.0000000000000000E+000 
                                     645                  4.0841300129446201E-001                 -8.6021594004945745E-001                  6.9759175969627583E+000                 -8.4468136198475374E-001                  1.4296869590343672E+001                  6.7779619134335367E-001                  3.0212550497240387E-001                  2.0078303684242460E-002                  1.6060627993540535E-002                  9.7150362536141136E-006                  0.0000000000000000E+000 
                                     646                  4.0841010927295568E-001                 -8.6179614419952888E-001                  6.9774352889122300E+000                 -8.3970389697080872E-001                  1.4303321481425387E+001                  6.7779619135127023E-001                  3.0212550496447599E-001                  2.0078303684253784E-002                  1.7223704970518429E-002                  1.0574627102733561E-005                  0.0000000000000000E+000 
                                     647                  4.0840721725144929E-001                 -8.6337548206674553E-001                  6.9789530236471897E+000                 -8.3472879709853787E-001                  1.4309771343523353E+001                  6.7779619136017688E-001                  3.0212550495555662E-001                  2.0078303684266441E-002                  1.8474818959880762E-002                  1.1509234786691453E-005                  0.0000000000000000E+000 
                                     648                  4.0840432522994308E-001                 -8.6495395327448388E-001                  6.9804708068348331E+000                 -8.2975609273770201E-001                  1.4316219156083985E+001                  6.7779619137008229E-001                  3.0212550494563756E-001                  2.0078303684280208E-002                  1.9820690008372468E-002                  1.2525316808247316E-005                  0.0000000000000000E+000 
                                     649                  4.0840143320843669E-001                 -8.6653155755421973E-001                  6.9819886465121099E+000                 -8.2478581734878587E-001                  1.4322664898860445E+001                  6.7779619138091018E-001                  3.0212550493479506E-001                  2.0078303684294752E-002                  2.1268549619889079E-002                  1.3629880441712125E-005                  0.0000000000000000E+000 
                                     650                  4.0839854118693036E-001                 -8.6810829475739293E-001                  6.9831275715172749E+000                 -8.2105072123580514E-001                  1.4327506579423172E+001                  6.7779619138985459E-001                  3.0212550492583878E-001                  2.0078303684306631E-002                  2.2426940496399029E-002                  1.4521573219876181E-005                  0.0000000000000000E+000 
                                     651                  4.0839709517617717E-001                 -8.6889632518173499E-001                  6.9838865406083750E+000                 -8.1856748509419641E-001                  1.4330727835441706E+001                  6.7779619139615421E-001                  3.0212550491953083E-001                  2.0078303684314958E-002                  2.3234641276049968E-002                  1.5147334612547999E-005                  0.0000000000000000E+000 
                                     652                  4.0839564916542392E-001                 -8.6968413885730933E-001                  6.9846455283092492E+000                 -8.1608487470209667E-001                  1.4333948562846023E+001                  6.7779619140287761E-001                  3.0212550491279877E-001                  2.0078303684323617E-002                  2.4072414798864700E-002                  1.5799710579032900E-005                  0.0000000000000000E+000 
                                     653                  4.0839420315467084E-001                 -8.7047173579926562E-001                  6.9854045359082271E+000                 -8.1360289451698120E-001                  1.4337168759223150E+001                  6.7779619140993341E-001                  3.0212550490573392E-001                  2.0078303684332610E-002                  2.4941386180609208E-002                  1.6479818823189499E-005                  0.0000000000000000E+000 
                                     654                  4.0839275714391765E-001                 -8.7125911603109485E-001                  6.9865425818094193E+000                 -8.0989007223630627E-001                  1.4341989346750893E+001                  6.7779619142122105E-001                  3.0212550489443174E-001                  2.0078303684347265E-002                  2.6304836134075103E-002                  1.7553748541588579E-005                  0.0000000000000000E+000 
                                     655                  4.0838986512241116E-001                 -8.7283325239314924E-001                  6.9880607321229835E+000                 -8.0492984704142323E-001                  1.4348426613502683E+001                  6.7779619143743775E-001                  3.0212550487819440E-001                  2.0078303684367915E-002                  2.8244571078623444E-002                  1.9094982053264081E-005                  0.0000000000000000E+000 
                                     656                  4.0838697310090483E-001                 -8.7440652230725890E-001                  6.9891999200269597E+000                 -8.0120242308174960E-001                  1.4353261855910141E+001                  6.7779619145075165E-001                  3.0212550486486361E-001                  2.0078303684384791E-002                  2.9796620164597047E-002                  2.0338829576424273E-005                  0.0000000000000000E+000 
                                     657                  4.0838552709015163E-001                 -8.7519281958522399E-001                  6.9899590745284295E+000                 -7.9872431676033107E-001                  1.4356478816884769E+001                  6.7779619146008574E-001                  3.0212550485551781E-001                  2.0078303684396448E-002                  3.0878859869449472E-002                  2.1211538596595539E-005                  0.0000000000000000E+000 
                                     658                  4.0838408107939850E-001                 -8.7597890046603488E-001                  6.9907182584644563E+000                 -7.9624687195118438E-001                  1.4359695230495783E+001                  6.7779619146989867E-001                  3.0212550484569262E-001                  2.0078303684408771E-002                  3.2001434963714749E-002                  2.2121214852092013E-005                  0.0000000000000000E+000 
                                     659                  4.0838263506864531E-001                 -8.7676476503176304E-001                  6.9914774733851814E+000                 -7.9377009330405990E-001                  1.4362911094490558E+001                  6.7779619148026049E-001                  3.0212550483531797E-001                  2.0078303684421539E-002                  3.3165851874394102E-002                  2.3069405187170155E-005                  0.0000000000000000E+000 
                                     660                  4.0838118905789228E-001                 -8.7755041337327255E-001                  6.9922367208852503E+000                 -7.9129398550901686E-001                  1.4366126406637147E+001                  6.7779619149119918E-001                  3.0212550482436612E-001                  2.0078303684434751E-002                  3.4373672876755433E-002                  2.4057720369443906E-005                  0.0000000000000000E+000 
                                     661                  4.0837974304713909E-001                 -8.7833584559054334E-001                  6.9929960026035758E+000                 -7.8881855329609052E-001                  1.4369341164724219E+001                  6.7779619150260084E-001                  3.0212550481295047E-001                  2.0078303684448739E-002                  3.5626518327663004E-002                  2.5087837931040084E-005                  0.0000000000000000E+000 
                                     662                  4.0837829703638595E-001                 -8.7912106179247052E-001                  6.9937553202231086E+000                 -7.8634380143522986E-001                  1.4372555366560903E+001                  6.7779619151448878E-001                  3.0212550480104805E-001                  2.0078303684463172E-002                  3.6926068585743169E-002                  2.6161504661232138E-005                  0.0000000000000000E+000 
                                     663                  4.0837685102563281E-001                 -8.7990606209717259E-001                  6.9945146754707066E+000                 -7.8386973473565280E-001                  1.4375769009977114E+001                  6.7779619152695725E-001                  3.0212550478856431E-001                  2.0078303684478493E-002                  3.8274066452950187E-002                  2.7280539721136916E-005                  0.0000000000000000E+000 
                                     664                  4.0837540501487973E-001                 -8.8069084663201791E-001                  6.9952740701170155E+000                 -7.8139635804523988E-001                  1.4378982092823913E+001                  6.7779619154003112E-001                  3.0212550477547501E-001                  2.0078303684493815E-002                  3.9672319244859602E-002                  2.8446837312887890E-005                  0.0000000000000000E+000 
                                     665                  4.0837395900412654E-001                 -8.8147541553392550E-001                  6.9960335059762571E+000                 -7.7892367625032710E-001                  1.4382194612973388E+001                  6.7779619155359661E-001                  3.0212550476189309E-001                  2.0078303684510246E-002                  4.1122701396332451E-002                  2.9662370077880584E-005                  0.0000000000000000E+000 
                                     666                  4.0837251299337346E-001                 -8.8225976894917080E-001                  6.9971722268963639E+000                 -7.7522484640516764E-001                  1.4387003681572903E+001                  6.7779619157496651E-001                  3.0212550474049737E-001                  2.0078303684536114E-002                  4.3398508263728749E-002                  3.1581078748480828E-005                  0.0000000000000000E+000 
                                     667                  4.0836962097186708E-001                 -8.8382785548450293E-001                  6.9986913701075926E+000                 -7.7028361522587918E-001                  1.4393425408645710E+001                  6.7779619160523252E-001                  3.0212550471019389E-001                  2.0078303684573529E-002                  4.6636376679770691E-002                  3.4333355367144197E-005                  0.0000000000000000E+000 
                                     668                  4.0836672895036064E-001                 -8.8539508198424999E-001                  7.0002107134215983E+000                 -7.6534525387967700E-001                  1.4399844847904410E+001                  6.7779619163883698E-001                  3.0212550467654936E-001                  2.0078303684613719E-002                  5.0120165842481572E-002                  3.7313051811238927E-005                  9.6728390019832547E-058 
                                     669                  4.0836383692885408E-001                 -8.8696144997323556E-001                  7.0013508813378937E+000                 -7.6163452212504779E-001                  1.4404666566910850E+001                  6.7779619166658400E-001                  3.0212550464876992E-001                  2.0078303684646137E-002                  5.2907751153556289E-002                  3.9723390022636433E-005                  1.1201470176646177E-057 
                                     670                  4.0836239091810100E-001                 -8.8774429985050074E-001                  7.0021107176456949E+000                 -7.5916757977218985E-001                  1.4407874511893532E+001                  6.7779619168584371E-001                  3.0212550462948723E-001                  2.0078303684669008E-002                  5.4851547166674321E-002                  4.1413865629414846E-005                  1.2514876003204399E-057 
                                     671                  4.0836094490734781E-001                 -8.8852693576684116E-001                  7.0028706129672376E+000                 -7.5670137729822062E-001                  1.4411081875987525E+001                  6.7779619170600791E-001                  3.0212550460929921E-001                  2.0078303684692878E-002                  5.6867795212731637E-002                  4.3175404704953800E-005                  1.3981505063541417E-057 
                                     672                  4.0835949889659467E-001                 -8.8930935795791655E-001                  7.0036305691729508E+000                 -7.5423591941646551E-001                  1.4414288657281778E+001                  6.7779619172696315E-001                  3.0212550458831905E-001                  2.0078303684717858E-002                  5.8959190796580310E-002                  4.5010960763957152E-005                  1.5619145626982813E-057 
                                     673                  4.0835805288584148E-001                 -8.9009156666902400E-001                  7.0047700993176898E+000                 -7.5054795957458442E-001                  1.4419089119452437E+001                  6.7779619176000083E-001                  3.0212550455524234E-001                  2.0078303684756826E-002                  6.2240754007986981E-002                  4.7907674339606067E-005                  1.8438263692382718E-057 
                                     674                  4.0835516086433499E-001                 -8.9165536994552907E-001                  7.0062903994894210E+000                 -7.4562146939046448E-001                  1.4425499250346377E+001                  6.7779619180759543E-001                  3.0212550450759129E-001                  2.0078303684813337E-002                  6.6909400934371435E-002                  5.2061501331851129E-005                  2.3002973718886767E-057 
                                     675                  4.0835226884282838E-001                 -8.9321832239134158E-001                  7.0074313290552022E+000                 -7.4191978382726453E-001                  1.4430313916898740E+001                  6.7779619184628881E-001                  3.0212550446885200E-001                  2.0078303684859189E-002                  7.0644924248014232E-002                  5.5411175818019162E-005                  2.7152978138119779E-057 
                                     676                  4.0835082283207519E-001                 -8.9399946767001048E-001                  7.0081916863258433E+000                 -7.3945888560049633E-001                  1.4433517162822856E+001                  6.7779619187325502E-001                  3.0212550444185393E-001                  2.0078303684891052E-002                  7.3249635657842982E-002                  5.7760008805491576E-005                  3.0323447256730973E-057 
                                     677                  4.0834937682132216E-001                 -8.9478040113224877E-001                  7.0089521156492287E+000                 -7.3699876144962573E-001                  1.4436719813197438E+001                  6.7779619190133944E-001                  3.0212550441373665E-001                  2.0078303684923915E-002                  7.5951356364478015E-002                  6.0207220103375943E-005                  3.3862286165163329E-057 
                                     678                  4.0834793081056903E-001                 -8.9556112308563696E-001                  7.0097126183534675E+000                 -7.3453941509504617E-001                  1.4439921866292696E+001                  6.7779619193066332E-001                  3.0212550438437807E-001                  2.0078303684958554E-002                  7.8753685277403507E-002                  6.2756883047955335E-005                  3.7812083246765096E-057 
                                     679                  4.0834648479981595E-001                 -8.9634163384568299E-001                  7.0104731957012918E+000                 -7.3208085013647228E-001                  1.4443123320401856E+001                  6.7779619196124385E-001                  3.0212550435376151E-001                  2.0078303684994636E-002                  8.1660353640037459E-002                  6.5413237826949356E-005                  4.2220336107412719E-057 
                                     680                  4.0834503878906281E-001                 -8.9712193373607829E-001                  7.0112338488905674E+000                 -7.2962307005379079E-001                  1.4446324173841179E+001                  6.7779619199312269E-001                  3.0212550432184510E-001                  2.0078303685032273E-002                  8.4675229430913962E-002                  6.8180697752177408E-005                  4.7139993788359561E-057 
                                     681                  4.0834359277830978E-001                 -8.9790202308808575E-001                  7.0119945790547753E+000                 -7.2716607820779855E-001                  1.4449524424949978E+001                  6.7779619202634311E-001                  3.0212550428858548E-001                  2.0078303685071353E-002                  8.7802322708969704E-002                  7.1063856792130334E-005                  5.2630105352461468E-057 
                                     682                  4.0834214676755659E-001                 -8.9868190224077815E-001                  7.0127553872635193E+000                 -7.2470987784089902E-001                  1.4452724072090724E+001                  6.7779619206093855E-001                  3.0212550425394907E-001                  2.0078303685112431E-002                  9.1045790296046911E-002                  7.4067496218057971E-005                  5.8756487733163458E-057 
                                     683                  4.0834070075680357E-001                 -8.9946157154044470E-001                  7.0135162745229884E+000                 -7.2225447207792748E-001                  1.4455923113648996E+001                  6.7779619209692765E-001                  3.0212550421791745E-001                  2.0078303685154841E-002                  9.4409941597313210E-002                  7.7196592866498134E-005                  6.5592534876508156E-057 
                                     684                  4.0833925474605037E-001                 -9.0024103134083011E-001                  7.0142772417764352E+000                 -7.1979986392677497E-001                  1.4459121548033590E+001                  6.7779619213447084E-001                  3.0212550418033013E-001                  2.0078303685199028E-002                  9.7899243469795019E-002                  8.0456326221016932E-005                  7.3220042494670284E-057 
                                     685                  4.0833780873529729E-001                 -9.0102028200252959E-001                  7.0154183142831039E+000                 -7.1612819765836888E-001                  1.4463909499709507E+001                  6.7779619219374576E-001                  3.0212550412098493E-001                  2.0078303685269305E-002                  1.0337372999034053E-001                  8.5598859104385941E-005                  8.6338182123726025E-057 
                                     686                  4.0833491671379096E-001                 -9.0257818231440190E-001                  7.0169407396575947E+000                 -7.1122370486020681E-001                  1.4470302793699478E+001                  6.7779619227860155E-001                  3.0212550403602889E-001                  2.0078303685369558E-002                  1.1116116392170317E-001                  9.2969825998376478E-005                  1.0755162282042882E-056 
                                     687                  4.0833202469228458E-001                 -9.0413525048291654E-001                  7.0184634991662067E+000                 -7.0632245109142722E-001                  1.4476693631706665E+001                  6.7779619237038413E-001                  3.0212550394413773E-001                  2.0078303685478138E-002                  1.1953822115316573E-001                  1.0096776258920569E-004                  1.3394911764862905E-056 
                                     688                  4.0832913267077819E-001                 -9.0569148963030999E-001                  7.0196063237589126E+000                 -7.0263991074111543E-001                  1.4481493697711882E+001                  6.7779619244431555E-001                  3.0212550387011833E-001                  2.0078303685566068E-002                  1.2623977249392815E-001                  1.0741404403391292E-004                  1.5791370803580077E-056 
                                     689                  4.0832768666002506E-001                 -9.0646928691616413E-001                  7.0203679580498841E+000                 -7.0019177826918921E-001                  1.4484687220644037E+001                  6.7779619249605827E-001                  3.0212550381831416E-001                  2.0078303685627574E-002                  1.3091201056831728E-001                  1.1193256473736006E-004                  1.7620287257626753E-056 
                                     690                  4.0832624064927181E-001                 -9.0724687818233618E-001                  7.0211296780614747E+000                 -6.9774446533466850E-001                  1.4487880123121654E+001                  6.7779619255002654E-001                  3.0212550376428160E-001                  2.0078303685691856E-002                  1.3575771282191462E-001                  1.1663893784117487E-004                  1.9659998161972322E-056 
                                     691                  4.0832479463851862E-001                 -9.0802426384505297E-001                  7.0218914841318920E+000                 -6.9529797381443614E-001                  1.4491072403785605E+001                  6.7779619260617874E-001                  3.0212550370806263E-001                  2.0078303685758581E-002                  1.4078327292399648E-001                  1.2154088047110852E-004                  2.1934679867883250E-056 
                                     692                  4.0832334862776554E-001                 -9.0880144432600629E-001                  7.0230338218473634E+000                 -6.9163847407084456E-001                  1.4495851137050744E+001                  6.7779619269468783E-001                  3.0212550361944773E-001                  2.0078303685864496E-002                  1.4866721988196971E-001                  1.2927232264460552E-004                  2.5844209610515365E-056 
                                     693                  4.0832045660625899E-001                 -9.1035521616547022E-001                  7.0245579536587410E+000                 -6.8675034396183421E-001                  1.4502232038036901E+001                  6.7779619282113046E-001                  3.0212550349285361E-001                  2.0078303686015930E-002                  1.5988036405519326E-001                  1.4035041700596700E-004                  3.2160544481888341E-056 
                                     694                  4.0831756458475271E-001                 -9.1190817237704214E-001                  7.0257018152948039E+000                 -6.8307772327270233E-001                  1.4507024591796339E+001                  6.7779619292297477E-001                  3.0212550339088734E-001                  2.0078303686137833E-002                  1.6884956420321159E-001                  1.4927693266628058E-004                  3.7890602292430927E-056 
                                     695                  4.0831611857399952E-001                 -9.1268433340400257E-001                  7.0264641419495630E+000                 -6.8063619378380269E-001                  1.4510213114620859E+001                  6.7779619299407068E-001                  3.0212550331970595E-001                  2.0078303686223320E-002                  1.7510217396770930E-001                  1.5553278638904828E-004                  4.2261378428873188E-056 
                                     696                  4.0831467256324633E-001                 -9.1346029188097744E-001                  7.0272265554189728E+000                 -6.7819549582212957E-001                  1.4513401006761013E+001                  6.7779619306800520E-001                  3.0212550324568221E-001                  2.0078303686312582E-002                  1.8158639987802272E-001                  1.6204772736795435E-004                  4.7133877582111462E-056 
                                     697                  4.0831322655249319E-001                 -9.1423604826193172E-001                  7.0279890555861648E+000                 -6.7575563040837072E-001                  1.4516588267041719E+001                  6.7779619314491080E-001                  3.0212550316868364E-001                  2.0078303686405619E-002                  1.8831074740606724E-001                  1.6883235523685583E-004                  5.2565415065629391E-056 
                                     698                  4.0831178054174000E-001                 -9.1501160300478557E-001                  7.0287516422790368E+000                 -6.7331659845908276E-001                  1.4519774894310581E+001                  6.7779619322485174E-001                  3.0212550308864605E-001                  2.0078303686502208E-002                  1.9528402966048211E-001                  1.7589769664387366E-004                  5.8619805013198683E-056 
                                     699                  4.0831033453098692E-001                 -9.1578695657121090E-001                  7.0295143152706059E+000                 -6.7087840078738670E-001                  1.4522960887437895E+001                  6.7779619330806118E-001                  3.0212550300533575E-001                  2.0078303686603016E-002                  2.0251537930781097E-001                  1.8325522374754323E-004                  6.5368127352001021E-056 
                                     700                  4.0830888852023373E-001                 -9.1656210942649341E-001                  7.0306579516409435E+000                 -6.6723131655801604E-001                  1.4527730205684190E+001                  6.7779619343912989E-001                  3.0212550287410822E-001                  2.0078303686761889E-002                  2.1385818858420949E-001                  1.9485686838739192E-004                  7.6958911535993491E-056 
                                     701                  4.0830599649872729E-001                 -9.1811183939640895E-001                  7.0321838116104578E+000                 -6.6235983874130855E-001                  1.4534098459853295E+001                  6.7779619362659349E-001                  3.0212550268641675E-001                  2.0078303686989818E-002                  2.2998761807199239E-001                  2.1147479577907774E-004                  9.5667950743542927E-056 
                                     702                  4.0830310447722085E-001                 -9.1966077210280706E-001                  7.0337100102732792E+000                 -6.5749170780555632E-001                  1.4540464158424671E+001                  6.7779619382837408E-001                  3.0212550248438913E-001                  2.0078303687236732E-002                  2.4733108877106799E-001                  2.2949242747417919E-004                  1.1890036188943426E-055 
                                     703                  4.0830021245571446E-001                 -9.2120891138088434E-001                  7.0348554135858929E+000                 -6.5383416434663322E-001                  1.4545245228671050E+001                  6.7779619398996516E-001                  3.0212550232259877E-001                  2.0078303687436128E-002                  2.6120040640354292E-001                  2.4400475988429929E-004                  1.3995325505697814E-055 
                                     704                  4.0829876644496127E-001                 -9.2198267248279231E-001                  7.0356187628745026E+000                 -6.5140265829551514E-001                  1.4548426111106222E+001                  6.7779619410313385E-001                  3.0212550220929052E-001                  2.0078303687575572E-002                  2.7086727648115749E-001                  2.5417228275013840E-004                  1.5599939384109358E-055 
                                     705                  4.0829732043420802E-001                 -9.2275623670567464E-001                  7.0363821940007840E+000                 -6.4897198928596911E-001                  1.4551606350232577E+001                  6.7779619422092752E-001                  3.0212550209135136E-001                  2.0078303687721122E-002                  2.8089076566588422E-001                  2.6475839934514970E-004                  1.7387612581790210E-055 
                                     706                  4.0829587442345489E-001                 -9.2352960453961763E-001                  7.0371457062075127E+000                 -6.4654215713091956E-001                  1.4554785945141980E+001                  6.7779619434343918E-001                  3.0212550196868809E-001                  2.0078303687872667E-002                  2.9128388926676069E-001                  2.7578012145532496E-004                  1.9379122695658930E-055 
                                     707                  4.0829442841270169E-001                 -9.2430277647680203E-001                  7.0379092986862837E+000                 -6.4411316154656351E-001                  1.4557964894948066E+001                  6.7779619447093620E-001                  3.0212550184103365E-001                  2.0078303688030097E-002                  3.0206012984019009E-001                  2.8725514176104505E-004                  2.1597592405371572E-055 
                                     708                  4.0829298240194850E-001                 -9.2507575301113154E-001                  7.0386729705777382E+000                 -6.4168500215305868E-001                  1.4561143198785842E+001                  6.7779619460324281E-001                  3.0212550170856262E-001                  2.0078303688194632E-002                  3.1323345411350340E-001                  2.9920186099453367E-004                  2.4068752896982950E-055 
                                     709                  4.0829153639119542E-001                 -9.2584853463813011E-001                  7.0398180925939133E+000                 -6.3805292452979456E-001                  1.4565901007755517E+001                  6.7779619481113818E-001                  3.0212550150040818E-001                  2.0078303688453647E-002                  3.3075609740332756E-001                  3.1803431338134363E-004                  2.8309752106215620E-055 
                                     710                  4.0828864436968904E-001                 -9.2739353946421366E-001                  7.0413459010348118E+000                 -6.3320152064113466E-001                  1.4572253814910809E+001                  6.7779619510743505E-001                  3.0212550120373982E-001                  2.0078303688825128E-002                  3.5566611826165689E-001                  3.4499802720770333E-004                  3.5147494779294213E-055 
                                     711                  4.0828575234818260E-001                 -9.2893777055622806E-001                  7.0428740094451783E+000                 -6.2835345020047761E-001                  1.4578604023856055E+001                  6.7779619542726766E-001                  3.0212550088350493E-001                  2.0078303689227361E-002                  3.8244224388168152E-001                  3.7421867672438291E-004                  4.3627458768401724E-055 
                                     712                  4.0828286032667621E-001                 -9.3048123192033516E-001                  7.0440208138550613E+000                 -6.2471098747302445E-001                  1.4583373404006577E+001                  6.7779619568403837E-001                  3.0212550062640986E-001                  2.0078303689551769E-002                  4.0384830428819263E-001                  3.9774439896591673E-004                  5.1303205465738851E-055 
                                     713                  4.0828141431592313E-001                 -9.3125266309658894E-001                  7.0447850846659197E+000                 -6.2228949297003910E-001                  1.4586546511902418E+001                  6.7779619586315332E-001                  3.0212550044706754E-001                  2.0078303689779142E-002                  4.1876510563054453E-001                  4.1422181194739917E-004                  5.7148804743710176E-055 
                                     714                  4.0827996830516999E-001                 -9.3202390336873764E-001                  7.0455494249093409E+000                 -6.1986882701623380E-001                  1.4589718966983558E+001                  6.7779619604913099E-001                  3.0212550026085316E-001                  2.0078303690015842E-002                  4.3422948748330426E-001                  4.3137335591561288E-004                  6.3657029643201467E-055 
                                     715                  4.0827852229441686E-001                 -9.3279495323952732E-001                  7.0463138332334916E+000                 -6.1744898830531270E-001                  1.4592890768592008E+001                  6.7779619624231324E-001                  3.0212550006742445E-001                  2.0078303690262311E-002                  4.5026129598772702E-001                  4.4922623162326397E-004                  7.0902577549127968E-055 
                                     716                  4.0827707628366366E-001                 -9.3356581321175991E-001                  7.0470783082389206E+000                 -6.1502997544174054E-001                  1.4596061916089694E+001                  6.7779619644293310E-001                  3.0212549986654802E-001                  2.0078303690518884E-002                  4.6688108569774373E-001                  4.6780872198192255E-004                  7.8968539190149590E-055 
                                     717                  4.0827563027291064E-001                 -9.3433648378804157E-001                  7.0478428484789095E+000                 -6.1261178694129748E-001                  1.4599232408858445E+001                  6.7779619665125790E-001                  3.0212549965795632E-001                  2.0078303690785781E-002                  4.8411014140813913E-001                  4.8715023008524951E-004                  8.7947295438929386E-055 
                                     718                  4.0827418426215745E-001                 -9.3510696547082217E-001                  7.0489892496216360E+000                 -6.0899459436592374E-001                  1.4603978530998248E+001                  6.7779619697858295E-001                  3.0212549933020999E-001                  2.0078303691207111E-002                  5.1112359689746467E-001                  5.1763010497262861E-004                  1.0334378857201630E-054 
                                     719                  4.0827129224065101E-001                 -9.3664738828445804E-001                  7.0505187022098479E+000                 -6.0416304824717826E-001                  1.4610315665746260E+001                  6.7779619744495068E-001                  3.0212549886323908E-001                  2.0078303691810184E-002                  5.4951279556903820E-001                  5.6125064645546751E-004                  1.2813814043793045E-054 
                                     720                  4.0826840021914462E-001                 -9.3818706145377340E-001                  7.0520483878264830E+000                 -5.9933476900545291E-001                  1.4616650171587249E+001                  6.7779619794747270E-001                  3.0212549836006342E-001                  2.0078303692463884E-002                  5.9076200880109642E-001                  6.0849817970095373E-004                  1.5884604414120314E-054 
                                     721                  4.0826550819763818E-001                 -9.3972598897195592E-001                  7.0531963232249018E+000                 -5.9570714616714848E-001                  1.4621407709897177E+001                  6.7779619835019123E-001                  3.0212549795681853E-001                  2.0078303692990240E-002                  6.2372705188658650E-001                  6.4652017658672282E-004                  1.8660893094676623E-054 
                                     722                  4.0826406218688499E-001                 -9.4049516232875019E-001                  7.0539613291143315E+000                 -5.9329549034534967E-001                  1.4624572945293613E+001                  6.7779619863120510E-001                  3.0212549767543601E-001                  2.0078303693358945E-002                  6.4669314183886129E-001                  6.7314229361211775E-004                  2.0773454146688537E-054 
                                     723                  4.0826261617613196E-001                 -9.4126415078345349E-001                  7.0547263857916311E+000                 -5.9088464259605233E-001                  1.4627737521249815E+001                  6.7779619892298038E-001                  3.0212549738327676E-001                  2.0078303693742861E-002                  6.7049749651131496E-001                  7.0084636563186916E-004                  2.3123874711197018E-054 
                                     724                  4.0826117016537877E-001                 -9.4203295483044491E-001                  7.0554914916270599E+000                 -5.8847460097807391E-001                  1.4630901437335053E+001                  6.7779619922582612E-001                  3.0212549708003156E-001                  2.0078303694142319E-002                  6.9517027704485335E-001                  7.2967572671838962E-004                  2.5738787064178975E-054 
                                     725                  4.0825972415462569E-001                 -9.4280157496275496E-001                  7.0562566449939297E+000                 -5.8606536353635774E-001                  1.4634064693136382E+001                  6.7779619954019310E-001                  3.0212549676524864E-001                  2.0078303694558208E-002                  7.2074270852988653E-001                  7.5967541571764642E-004                  2.8647780834972793E-054 
                                     726                  4.0825827814387261E-001                 -9.4357001167243448E-001                  7.0570218442685952E+000                 -5.8365692830186633E-001                  1.4637227288258547E+001                  6.7779619986635564E-001                  3.0212549643865316E-001                  2.0078303694991195E-002                  7.4724712017062245E-001                  7.9089224833486663E-004                  3.1883744548885817E-054 
                                     727                  4.0825683213311942E-001                 -9.4433826545017929E-001                  7.0581692039012944E+000                 -5.8005428034702544E-001                  1.4641961598231159E+001                  6.7779620037835575E-001                  3.0212549592597021E-001                  2.0078303695673982E-002                  7.8879278278069609E-001                  8.4007014982430959E-004                  3.7427856798878266E-054 
                                     728                  4.0825394011161298E-001                 -9.4587425012435666E-001                  7.0596998573797665E+000                 -5.7524210413014987E-001                  1.4648282903983704E+001                  6.7779620110691219E-001                  3.0212549519643650E-001                  2.0078303696651312E-002                  8.4781171522603249E-001                  9.1041679967839148E-004                  4.6345034286326346E-054 
                                     729                  4.0825104809010654E-001                 -9.4740950884582775E-001                  7.0612306657890729E+000                 -5.7043310099925371E-001                  1.4654601560931189E+001                  6.7779620189167722E-001                  3.0212549441061315E-001                  2.0078303697709687E-002                  9.1120048301941881E-001                  9.8657205427536460E-004                  5.7373544745147351E-054 
                                     730                  4.0824815606859999E-001                 -9.4894404549476241E-001                  7.0623793856405896E+000                 -5.6681991525669440E-001                  1.4659347155744586E+001                  6.7779620252027073E-001                  3.0212549378116776E-001                  2.0078303698561450E-002                  9.6183934145262062E-001                  1.0478283148496125E-003                  6.7332155601898319E-054 
                                     731                  4.0824671005784691E-001                 -9.4971103230257936E-001                  7.0631448946469284E+000                 -5.6441782555796161E-001                  1.4662504453657309E+001                  6.7779620295857945E-001                  3.0212549334226252E-001                  2.0078303699158084E-002                  9.9710901298620425E-001                  1.0907043597661330E-003                  7.4903357894081035E-054 
                                     732                  4.0824526404709371E-001                 -9.5047784005779690E-001                  7.0639104350711666E+000                 -5.6201651973862354E-001                  1.4665661088089712E+001                  6.7779620341340074E-001                  3.0212549288682028E-001                  2.0078303699778921E-002                  1.0336579931863412E+000                  1.1353109124402417E-003                  8.3321057671296961E-054 
                                     733                  4.0824381803634058E-001                 -9.5124446923899919E-001                  7.0646760053173852E+000                 -5.5961599569710441E-001                  1.4668817058812710E+001                  6.7779620388521500E-001                  3.0212549241435960E-001                  2.0078303700425404E-002                  1.0715319654836075E+000                  1.1817167587153178E-003                  9.2679332428959324E-054 
                                     734                  4.0824237202558739E-001                 -9.5201092032327694E-001                  7.0654416037922170E+000                 -5.5721625131932406E-001                  1.4671972365612937E+001                  6.7779620437465216E-001                  3.0212549192424981E-001                  2.0078303701098088E-002                  1.1107782138167246E+000                  1.2299933735035098E-003                  1.0308265668893204E-053 
                                     735                  4.0824092601483419E-001                 -9.5277719378620085E-001                  7.0662072289048004E+000                 -5.5481728447881162E-001                  1.4675127008292526E+001                  6.7779620488238002E-001                  3.0212549141582201E-001                  2.0078303701797973E-002                  1.1514456772097905E+000                  1.2802150214825253E-003                  1.1464702455193961E-053 
                                     736                  4.0823948000408111E-001                 -9.5354329010179273E-001                  7.0669728790667419E+000                 -5.5241909303683656E-001                  1.4678280986668922E+001                  6.7779620540905716E-001                  3.0212549088841634E-001                  2.0078303702526501E-002                  1.1935850085230293E+000                  1.3324588686652317E-003                  1.2750124379591491E-053 
                                     737                  4.0823803399332792E-001                 -9.5430920974249256E-001                  7.0677385526920729E+000                 -5.5002167484243669E-001                  1.4681434300574765E+001                  6.7779620595531331E-001                  3.0212549034140229E-001                  2.0078303703284339E-002                  1.2372486297851817E+000                  1.3868050867213387E-003                  1.4178829532987315E-053 
                                     738                  4.0823658798257478E-001                 -9.5507495317913627E-001                  7.0685042481972271E+000                 -5.4762502773265287E-001                  1.4684586949857669E+001                  6.7779620652180028E-001                  3.0212548977412640E-001                  2.0078303704073264E-002                  1.2824907974983384E+000                  1.4433369769340232E-003                  1.5766694499477563E-053 
                                     739                  4.0823514197182159E-001                 -9.5584052088092541E-001                  7.0692699640009824E+000                 -5.4522914953269974E-001                  1.4687738934380082E+001                  6.7779620710949795E-001                  3.0212548918560794E-001                  2.0078303704894163E-002                  1.3293676578932090E+000                  1.5021410790452014E-003                  1.7531339616114960E-053 
                                     740                  4.0823369596106851E-001                 -9.5660591331540745E-001                  7.0704180593997155E+000                 -5.4164521920066466E-001                  1.4692457380158400E+001                  6.7779620803170026E-001                  3.0212548826211255E-001                  2.0078303706187128E-002                  1.4028197112197152E+000                  1.5947372802713124E-003                  2.0551032481123654E-053 
                                     741                  4.0823080393956213E-001                 -9.5813619799352068E-001                  7.0719495926631639E+000                 -5.3685795569032613E-001                  1.4698757442419467E+001                  6.7779620934323570E-001                  3.0212548694872698E-001                  2.0078303708037315E-002                  1.5071074824183626E+000                  1.7271058589426182E-003                  2.5399616487738996E-053 
                                     742                  4.0822791191805557E-001                 -9.5966578708932404E-001                  7.0734811791509831E+000                 -5.3207372846073053E-001                  1.4705054844052306E+001                  6.7779621075400476E-001                  3.0212548553595503E-001                  2.0078303710040268E-002                  1.6190476607351885E+000                  1.8702990078097873E-003                  3.1384576276493204E-053 
                                     743                  4.0822501989654914E-001                 -9.6119468428107602E-001                  7.0746304070195887E+000                 -5.2847908840901348E-001                  1.4709784432282401E+001                  6.7779621188279393E-001                  3.0212548440555415E-001                  2.0078303711651868E-002                  1.7084231015595981E+000                  1.9854030185605283E-003                  3.6779742971091367E-053 
                                     744                  4.0822357388579589E-001                 -9.6195886271084863E-001                  7.0753962291326999E+000                 -5.2608928218475404E-001                  1.4712931095895506E+001                  6.7779621266919854E-001                  3.0212548361802161E-001                  2.0078303712779855E-002                  1.7706486300313466E+000                  2.0659329058968817E-003                  4.0876560719346544E-053 
                                     745                  4.0822212787504275E-001                 -9.6272286955078246E-001                  7.0761620574084381E+000                 -5.2370022477844014E-001                  1.4716077094144648E+001                  6.7779621348451857E-001                  3.0212548280152834E-001                  2.0078303713953138E-002                  1.8351108560696758E+000                  2.1496819580888011E-003                  4.5426951050915052E-053 
                                     746                  4.0822068186428956E-001                 -9.6348670525229219E-001                  7.0769278902872319E+000                 -5.2131191390257203E-001                  1.4719222427031589E+001                  6.7779621432983705E-001                  3.0212548195498951E-001                  2.0078303715173496E-002                  1.9018888074850624E+000                  2.2367768045063628E-003                  5.0480814603395283E-053 
                                     747                  4.0821923585353648E-001                 -9.6425037026480687E-001                  7.0780761376341461E+000                 -5.1773925914473395E-001                  1.4723930930563618E+001                  6.7779621565541637E-001                  3.0212548062748712E-001                  2.0078303717096513E-002                  2.0064981244678850E+000                  2.3738814367726996E-003                  5.9122335148281251E-053 
                                     748                  4.0821634383202993E-001                 -9.6577721363573310E-001                  7.0796078110495682E+000                 -5.1296699519858024E-001                  1.4730217687056001E+001                  6.7779621754041430E-001                  3.0212547873973988E-001                  2.0078303719845758E-002                  2.1549695854322026E+000                  2.5697942728545205E-003                  7.2982300057802956E-053 
                                     749                  4.0821345181052365E-001                 -9.6730337951435996E-001                  7.0807570667737831E+000                 -5.0938130573274421E-001                  1.4734939262961630E+001                  6.7779621904800458E-001                  3.0212547722993832E-001                  2.0078303722057100E-002                  2.2734779351471932E+000                  2.7272238574587073E-003                  8.5465483848875282E-053 
                                     750                  4.0821200579977046E-001                 -9.6806619770201097E-001                  7.0815228950096101E+000                 -5.0699742566922090E-001                  1.4738080604698348E+001                  6.7779622009817919E-001                  3.0212547617821628E-001                  2.0078303723604529E-002                  2.3559697909028259E+000                  2.8373401602591066E-003                  9.4938692134213355E-053 
                                     751                  4.0821055978901727E-001                 -9.6882884785536338E-001                  7.0826711214345401E+000                 -5.0343137137591387E-001                  1.4742783143531538E+001                  6.7779622174475207E-001                  3.0212547452920679E-001                  2.0078303726041136E-002                  2.4851753474638505E+000                  3.0106545011819356E-003                  1.1112905028599992E-052 
                                     752                  4.0820766776751100E-001                 -9.7035366934996070E-001                  7.0838203351842672E+000                 -4.9985007295857692E-001                  1.4747500715462671E+001                  6.7779622348511848E-001                  3.0212547278625168E-001                  2.0078303728629843E-002                  2.6215698199146593E+000                  3.1946622309771515E-003                  1.3008847446406781E-052 
                                     753                  4.0820622175675780E-001                 -9.7111581797860758E-001                  7.0845861292903400E+000                 -4.9746909966099351E-001                  1.4750639397996668E+001                  6.7779622469778777E-001                  3.0212547157177105E-001                  2.0078303730441172E-002                  2.7165020418294117E+000                  3.3233537818762485E-003                  1.4447181363098949E-052 
                                     754                  4.0820477574600461E-001                 -9.7187780030070969E-001                  7.0853519109625802E+000                 -4.9508884705334055E-001                  1.4753777416005564E+001                  6.7779622595484790E-001                  3.0212547031282661E-001                  2.0078303732325553E-002                  2.8148218623937802E+000                  3.4571514206953166E-003                  1.6043539949854980E-052 
                                     755                  4.0820332973525147E-001                 -9.7263961674269561E-001                  7.0861176786630873E+000                 -4.9270931272834673E-001                  1.4756914769636643E+001                  6.7779622725774724E-001                  3.0212546900796761E-001                  2.0078303734285097E-002                  2.9166479820236608E+000                  3.5962543842292839E-003                  1.7815171845680574E-052 
                                     756                  4.0820188372449839E-001                 -9.7340126772869540E-001                  7.0872658004988933E+000                 -4.8914973096778042E-001                  1.4761611348937919E+001                  6.7779622929980088E-001                  3.0212546696282883E-001                  2.0078303737370296E-002                  3.0761112154329626E+000                  3.8151522677674766E-003                  2.0841548367014276E-052 
                                     757                  4.0819899170299190E-001                 -9.7492409849953943E-001                  7.0887972322644721E+000                 -4.8439484983128278E-001                  1.4767882153909817E+001                  6.7779623220141816E-001                  3.0212546405680163E-001                  2.0078303741780212E-002                  3.3023341570894162E+000                  4.1277821190447749E-003                  2.5688890389943383E-052 
                                     758                  4.0819609968148540E-001                 -9.7644627240066983E-001                  7.0903285809168928E+000                 -4.7964279841203761E-001                  1.4774150304735253E+001                  6.7779623531800692E-001                  3.0212546093544312E-001                  2.0078303746549953E-002                  3.5449325867056420E+000                  4.4656223010659871E-003                  3.1655596046266630E-052 
                                     759                  4.0819320765997880E-001                 -9.7796779274255929E-001                  7.0918598342207595E+000                 -4.7489355702644426E-001                  1.4780415803100619E+001                  6.7779623866498295E-001                  3.0212545758330872E-001                  2.0078303751708271E-002                  3.8050690119247799E+000                  4.8306700799458212E-003                  3.8998232939232740E-052 
                                     760                  4.0819031563847236E-001                 -9.7948866279731150E-001                  7.0930087008039324E+000                 -4.7132508396705014E-001                  1.4785121385569694E+001                  6.7779624133861549E-001                  3.0212545490553028E-001                  2.0078303755854288E-002                  4.0125808457039902E+000                  5.1238113341314229E-003                  4.5599591173152401E-052 
                                     761                  4.0818886962771911E-001                 -9.8024884327858453E-001                  7.0937742453084756E+000                 -4.6895259863596134E-001                  1.4788252106422084E+001                  6.7779624320053522E-001                  3.0212545304071087E-001                  2.0078303758753968E-002                  4.1569651220564925E+000                  5.3287550583182046E-003                  5.0602803605572007E-052 
                                     762                  4.0818742361696597E-001                 -9.8100886241692242E-001                  7.0949220097156633E+000                 -4.6540351300942012E-001                  1.4792938775410668E+001                  6.7779624611846734E-001                  3.0212545011821423E-001                  2.0078303763318428E-002                  4.3830144315678732E+000                  5.6511649490279337E-003                  5.9142501451907490E-052 
                                     763                  4.0818453159545948E-001                 -9.8252844161947950E-001                  7.0960706870876287E+000                 -4.6183919617907249E-001                  1.4797640372129779E+001                  6.7779624920109227E-001                  3.0212544703074273E-001                  2.0078303768164996E-002                  4.6215126295715736E+000                  5.9932627446585033E-003                  6.9126988598683682E-052 
                                     764                  4.0818308558470623E-001                 -9.8328797908185783E-001                  7.0968360994892707E+000                 -4.5946946078541417E-001                  1.4800768446525151E+001                  6.7779625134740773E-001                  3.0212544488103754E-001                  2.0078303771554729E-002                  4.7874385126686922E+000                  6.2324043292231995E-003                  7.6691825000242088E-052 
                                     765                  4.0818163957395304E-001                 -9.8404735677728972E-001                  7.0976014750235468E+000                 -4.5710040653710604E-001                  1.4803895859993363E+001                  6.7779625357118523E-001                  3.0212544265373570E-001                  2.0078303775079132E-002                  4.9592246558685282E+000                  6.4809368824153540E-003                  8.5078989389194659E-052 
                                     766                  4.0818019356319973E-001                 -9.8480657509325575E-001                  7.0983668121756605E+000                 -4.5473203089583203E-001                  1.4807022612841433E+001                  6.7779625587505987E-001                  3.0212544034619676E-001                  2.0078303778743312E-002                  5.1370739872069837E+000                  6.7392227495318884E-003                  9.4377245004927406E-052 
                                     767                  4.0817874755244649E-001                 -9.8556563441459355E-001                  7.0991321094320696E+000                 -4.5236433131615023E-001                  1.4810148705385098E+001                  6.7779625826184942E-001                  3.0212543795559743E-001                  2.0078303782553153E-002                  5.3211963062347669E+000                  7.0076380052903984E-003                  1.0468487889327688E-051 
                                     768                  4.0817730154169324E-001                 -9.8632453512347473E-001                  7.0998973652804400E+000                 -4.4999730524573567E-001                  1.4813274137948572E+001                  6.7779626073455201E-001                  3.0212543547893389E-001                  2.0078303786514096E-002                  5.5118084983114981E+000                  7.2865729353371400E-003                  1.1611069620328563E-051 
                                     769                  4.0817585553094005E-001                 -9.8708327759933201E-001                  7.1006625782106720E+000                 -4.4763095012655479E-001                  1.4816398910864663E+001                  6.7779626329619491E-001                  3.0212543291317301E-001                  2.0078303790632024E-002                  5.7091347808219242E+000                  7.5764325806894411E-003                  1.2877514891796697E-051 
                                     770                  4.0817440952018680E-001                 -9.8784186221903980E-001                  7.1014277467216242E+000                 -4.4526526340464528E-001                  1.4819523024474323E+001                  6.7779626594976139E-001                  3.0212543025532551E-001                  2.0078303794913044E-002                  5.9134069407063548E+000                  7.8776372781127774E-003                  1.4281157227509157E-051 
                                     771                  4.0817296350943366E-001                 -9.8860028935655531E-001                  7.1021928693290590E+000                 -4.4290024254181587E-001                  1.4822646479126677E+001                  6.7779626869837728E-001                  3.0212542750225913E-001                  2.0078303799363595E-002                  6.1248645818320000E+000                  8.1906232246476158E-003                  1.5836754047853115E-051 
                                     772                  4.0817151749868041E-001                 -9.8935855938333728E-001                  7.1029579445676365E+000                 -4.4053588501899510E-001                  1.4825769275178812E+001                  6.7779627154590927E-001                  3.0212542465010045E-001                  2.0078303803990227E-002                  6.3437553827728941E+000                  8.5158430807699050E-003                  1.7560640316713527E-051 
                                     773                  4.0817007148792722E-001                 -9.9011667266797176E-001                  7.1041049786756378E+000                 -4.3699889793631924E-001                  1.4830444105165626E+001                  6.7779627600672632E-001                  3.0212542018200361E-001                  2.0078303811270071E-002                  6.6863365151815275E+000                  9.0272775170805973E-003                  2.0500080036146509E-051 
                                     774                  4.0816717946642078E-001                 -9.9163245370442288E-001                  7.1056348262353444E+000                 -4.3227404113917195E-001                  1.4836685830961400E+001                  6.7779628233751577E-001                  3.0212541384081859E-001                  2.0078303821665644E-002                  7.1719123677726593E+000                  9.7570034612527844E-003                  2.5196005998042809E-051 
                                     775                  4.0816428744491434E-001                 -9.9314761205362656E-001                  7.1071644592661123E+000                 -4.2755179368334645E-001                  1.4842924929332215E+001                  6.7779628912877787E-001                  3.0212540703832469E-001                  2.0078303832897437E-002                  7.6921167728998112E+000                  1.0544712693813395E-002                  3.0959394942101882E-051 
                                     776                  4.0816139542340790E-001                 -9.9466215057139618E-001                  7.1083120211461051E+000                 -4.2400349530159132E-001                  1.4847610660697361E+001                  6.7779629454833445E-001                  3.0212540160974949E-001                  2.0078303841916112E-002                  8.1067504807597750E+000                  1.1176705001675745E-002                  3.6128850050398885E-051 
                                     777                  4.0815994941265465E-001                 -9.9541917668635049E-001                  7.1090766674552919E+000                 -4.2164435641141901E-001                  1.4850728202109345E+001                  6.7779629832018107E-001                  3.0212539783159786E-001                  2.0078303848221069E-002                  8.3950840395897721E+000                  1.1618277556687939E-002                  4.0040321392308173E-051 
                                     778                  4.0815850340190135E-001                 -9.9617604891509881E-001                  7.1102230423666484E+000                 -4.1811513709570292E-001                  1.4855395182994940E+001                  6.7779630422718118E-001                  3.0212539191467880E-001                  2.0078303858140023E-002                  8.8462432655292194E+000                  1.2312512611261758E-002                  4.6705312125658858E-051 
                                     779                  4.0815561138039491E-001                 -9.9768935623654709E-001                  7.1113702419442708E+000                 -4.1457069661413437E-001                  1.4860076971341755E+001                  6.7779631046155797E-001                  3.0212538566977826E-001                  2.0078303868663827E-002                  9.3219099760691382E+000                  1.3048576571693124E-002                  5.4482030904233633E-051 
                                     780                  4.0815416536964172E-001                 -9.9844576884666947E-001                  7.1121346418135518E+000                 -4.1221410986157347E-001                  1.4863191895270567E+001                  6.7779631479982994E-001                  3.0212538132415001E-001                  2.0078303876020054E-002                  9.6526465727740405E+000                  1.3562799792227858E-002                  6.0364298503782224E-051 
                                     781                  4.0815271935888853E-001                 -9.9920202893805332E-001                  7.1128989768921507E+000                 -4.0985815535737791E-001                  1.4866306165899131E+001                  6.7779631929219164E-001                  3.0212537682414359E-001                  2.0078303883664717E-002                  9.9949040749885256E+000                  1.4096947778415109E-002                  6.6877153420263972E-051 
                                     782                  4.0815127334813545E-001                 -9.9995813684646317E-001                  7.1140448759786068E+000                 -4.0633367609539556E-001                  1.4870968261383512E+001                  6.7779632634391473E-001                  3.0212536976036519E-001                  2.0078303895720073E-002                  1.0530358420244124E+001                  1.4936597118657769E-002                  7.7970027646964341E-051 
                                     783                  4.0814838132662906E-001                 -1.0014699205326743E+000                  7.1151915804427572E+000                 -4.0279398025763208E-001                  1.4875645135960104E+001                  6.7779633374863746E-001                  3.0212536234291792E-001                  2.0078303908444672E-002                  1.1094797390190404E+001                  1.5826665103436683E-002                  9.0906487110423794E-051 
                                     784                  4.0814693531587604E-001                 -1.0022255738598522E+000                  7.1159556445007519E+000                 -4.0044053234896271E-001                  1.4878756798130832E+001                  6.7779633891289526E-001                  3.0212535716974515E-001                  2.0078303917359541E-002                  1.1487199290278449E+001                  1.6448380223607343E-002                  1.0068739944782011E-050 
                                     785                  4.0814548930512284E-001                 -1.0029810763235461E+000                  7.1167196378250130E+000                 -3.9808770551516043E-001                  1.4881867809333457E+001                  6.7779634425986202E-001                  3.0212535181351480E-001                  2.0078303926623242E-002                  1.1893220959483788E+001                  1.7094103324585604E-002                  1.1151310486991513E-050 
                                     786                  4.0814404329436965E-001                 -1.0037364282477055E+000                  7.1174835592743975E+000                 -3.9573549757167426E-001                  1.4884978170051852E+001                  6.7779634979579817E-001                  3.0212534626795307E-001                  2.0078303936248765E-002                  1.2313324867616730E+001                  1.7764744503482879E-002                  1.2349439082164403E-050 
                                     787                  4.0814259728361652E-001                 -1.0044916299540407E+000                  7.1182474077231337E+000                 -3.9338390635036874E-001                  1.4888087880775490E+001                  6.7779635552747186E-001                  3.0212534052627787E-001                  2.0078303946250209E-002                  1.2747988751818069E+001                  1.8461247629870243E-002                  1.3675367721998042E-050 
                                     788                  4.0814115127286332E-001                 -1.0052466817619774E+000                  7.1193925653724053E+000                 -3.8986592220736260E-001                  1.4892743165729319E+001                  6.7779636450008562E-001                  3.0212533153793603E-001                  2.0078303961978294E-002                  1.3427867883211661E+001                  1.9555868478106697E-002                  1.5932356717069339E-050 
                                     789                  4.0813825925135688E-001                 -1.0067563599579488E+000                  7.1209198096321416E+000                 -3.8516632373779902E-001                  1.4898958773031284E+001                  6.7779637722164665E-001                  3.0212531879393489E-001                  2.0078303984418455E-002                  1.4390712585091205E+001                  2.1116302147422515E-002                  1.9529279818157411E-050 
                                     790                  4.0813536722985044E-001                 -1.0082654422620607E+000                  7.1224467427653808E+000                 -3.8046915431683320E-001                  1.4905171789592069E+001                  6.7779639085484578E-001                  3.0212530513651414E-001                  2.0078304008640080E-002                  1.5421225063183259E+001                  2.2799021639838421E-002                  2.3931712243893648E-050 
                                     791                  4.0813247520834384E-001                 -1.0097739311501981E+000                  7.1235922073092555E+000                 -3.7693960782910357E-001                  1.4909837918094228E+001                  6.7779640172452249E-001                  3.0212529424740464E-001                  2.0078304028072869E-002                  1.6241902996395901E+001                  2.4147894328593492E-002                  2.7870996450924831E-050 
                                     792                  4.0813102919759076E-001                 -1.0105279423509492E+000                  7.1243554335733403E+000                 -3.7459287462284646E-001                  1.4912942447494999E+001                  6.7779640928450358E-001                  3.0212528667384636E-001                  2.0078304041650119E-002                  1.6812252923371002E+001                  2.5089760616700551E-002                  3.0846575988191368E-050 
                                     793                  4.0812958318683756E-001                 -1.0112818061291868E+000                  7.1251185773643595E+000                 -3.7224673933993252E-001                  1.4916046331530405E+001                  6.7779641710975347E-001                  3.0212527883449208E-001                  2.0078304055754392E-002                  1.7402237777391068E+001                  2.6067724449977854E-002                  3.4137494015517933E-050 
                                     794                  4.0812813717608443E-001                 -1.0120355227846594E+000                  7.1258816377014096E+000                 -3.6990119996948972E-001                  1.4919149570738957E+001                  6.7779642520938432E-001                  3.0212527072020928E-001                  2.0078304070406450E-002                  1.8012518028368017E+001                  2.7083143427954794E-002                  3.7776913230516547E-050 
                                     795                  4.0812669116533135E-001                 -1.0127890926149583E+000                  7.1266446136172972E+000                 -3.6755625451566831E-001                  1.4922252165663682E+001                  6.7779643359273012E-001                  3.0212526232164361E-001                  2.0078304085626275E-002                  1.8643775785414920E+001                  2.8137425237677424E-002                  4.1801459225459391E-050 
                                     796                  4.0812524515457821E-001                 -1.0135425159157467E+000                  7.1274075041583425E+000                 -3.6521190099773909E-001                  1.4925354116851913E+001                  6.7779644226971036E-001                  3.0212525362885345E-001                  2.0078304101436184E-002                  1.9296715447150149E+001                  2.9232029398593033E-002                  4.6251575374060953E-050 
                                     797                  4.0812379914382502E-001                 -1.0142957929804761E+000                  7.1285512079268436E+000                 -3.6170469151378309E-001                  1.4929997813255746E+001                  6.7779645584769666E-001                  3.0212524002601504E-001                  2.0078304126288304E-002                  2.0317627486676496E+001                  3.0951651457104101E-002                  5.3818595277570178E-050 
                                     798                  4.0812090712231858E-001                 -1.0158019324397234E+000                  7.1300764641872423E+000                 -3.5701942269137610E-001                  1.4936197939110512E+001                  6.7779647508852703E-001                  3.0212522074974552E-001                  2.0078304161727401E-002                  2.1762669372711848E+001                  3.3401733780944881E-002                  6.5860200310671313E-050 
                                     799                  4.0811801510081214E-001                 -1.0173074903515762E+000                  7.1316013628281585E+000                 -3.5233648707662546E-001                  1.4942395500237293E+001                  6.7779649569445621E-001                  3.0212520010558552E-001                  2.0078304199958263E-002                  2.3308322946269751E+001                  3.6042207839185880E-002                  8.0573785653898751E-050 
                                     800                  4.0811512307930570E-001                 -1.0188124689919615E+000                  7.1327452662138189E+000                 -3.4881758982506561E-001                  1.4947050015808710E+001                  6.7779651211361336E-001                  3.0212518365577246E-001                  2.0078304230614186E-002                  2.4538584038452804E+001                  3.8157685493381714E-002                  9.3720267713711152E-050 
                                     801                  4.0811367706855251E-001                 -1.0195647303789612E+000                  7.1335074415527417E+000                 -3.4647790262444839E-001                  1.4950146837675936E+001                  6.7779652352939102E-001                  3.0212517221858376E-001                  2.0078304252025170E-002                  2.5393256178432416E+001                  3.9634284555157308E-002                  1.0364030644104714E-049 
                                     802                  4.0811223105779931E-001                 -1.0203168478058675E+000                  7.1342695235138507E+000                 -3.4413879019212085E-001                  1.4953243020903660E+001                  6.7779653534223105E-001                  3.0212516038350823E-001                  2.0078304274260717E-002                  2.6277076557198303E+001                  4.1167006788495476E-002                  1.1460240687856660E-049 
                                     803                  4.0811078504704629E-001                 -1.0210688215482975E+000                  7.1350315112710696E+000                 -3.4180025069210895E-001                  1.4956338566077060E+001                  6.7779654756553054E-001                  3.0212514813711711E-001                  2.0078304297352356E-002                  2.7191014966731078E+001                  4.2757944918884079E-002                  1.2671519736639855E-049 
                                     804                  4.0810933903629315E-001                 -1.0218206518801296E+000                  7.1357934040103403E+000                 -3.3946228230246511E-001                  1.4959433473784593E+001                  6.7779656021330570E-001                  3.0212513546536202E-001                  2.0078304321332285E-002                  2.8136072413947343E+001                  4.4409267979504598E-002                  1.4009850954699809E-049 
                                     805                  4.0810789302553996E-001                 -1.0225723390732040E+000                  7.1365552009294504E+000                 -3.3712488321507089E-001                  1.4962527744617750E+001                  6.7779657329956677E-001                  3.0212512235419942E-001                  2.0078304346233811E-002                  2.9113282235279055E+001                  4.6123224365756672E-002                  1.5488458736072930E-049 
                                     806                  4.0810644701478677E-001                 -1.0233238833975473E+000                  7.1376972502823710E+000                 -3.3362802761793947E-001                  1.4967159971602921E+001                  6.7779659376886336E-001                  3.0212510184577251E-001                  2.0078304385364065E-002                  3.0640609158099124E+001                  4.8814824429059982E-002                  1.8000039264455595E-049 
                                     807                  4.0810355499328033E-001                 -1.0248265672501959E+000                  7.1392202584438680E+000                 -3.2895653462009578E-001                  1.4973344777847808E+001                  6.7779662275809383E-001                  3.0212507280077178E-001                  2.0078304441134343E-002                  3.2801238664740438E+001                  5.2647696170860632E-002                  2.1990842387761724E-049 
                                     808                  4.0810066297177389E-001                 -1.0263286827488798E+000                  7.1407428698487942E+000                 -3.2428728733786710E-001                  1.4979527047562549E+001                  6.7779665378569010E-001                  3.0212504171304799E-001                  2.0078304501261912E-002                  3.5110817709052583E+001                  5.6775891110581261E-002                  2.6858974195188903E-049 
                                     809                  4.0809777095026745E-001                 -1.0278302319886943E+000                  7.1418850277597450E+000                 -3.2077863546867619E-001                  1.4984170075327839E+001                  6.7779667849613123E-001                  3.0212501695441796E-001                  2.0078304549450809E-002                  3.6948079425139746E+001                  6.0081520868632422E-002                  3.1202239054130315E-049 
                                     810                  4.0809632493951425E-001                 -1.0285807835669549E+000                  7.1426460311738440E+000                 -3.1844572769740420E-001                  1.4987259273214251E+001                  6.7779669566921574E-001                  3.0212499974768969E-001                  2.0078304583094564E-002                  3.8223922391133144E+001                  6.2387970720336076E-002                  3.4476146920645958E-049 
                                     811                  4.0809487892876112E-001                 -1.0293311943715870E+000                  7.1434069320579594E+000                 -3.1611337356155500E-001                  1.4990347839678869E+001                  6.7779671343356940E-001                  3.0212498194840659E-001                  2.0078304618023957E-002                  3.9542843620199633E+001                  6.4781354203939281E-002                  3.8090915218297816E-049 
                                     812                  4.0809343291800793E-001                 -1.0300814646565040E+000                  7.1441677297220885E+000                 -3.1378157138637724E-001                  1.4993435775341537E+001                  6.7779673180915390E-001                  3.0212496353655893E-001                  2.0078304654287171E-002                  4.0906258826173826E+001                  6.7264884847496764E-002                  4.2081750535076800E-049 
                                     813                  4.0809198690725473E-001                 -1.0308315946739086E+000                  7.1449284234867845E+000                 -3.1145031950986674E-001                  1.4996523080824566E+001                  6.7779675081645563E-001                  3.0212494449161015E-001                  2.0078304691934168E-002                  4.2315628686962377E+001                  6.9841892581334164E-002                  4.6487468067891368E-049 
                                     814                  4.0809054089650165E-001                 -1.0315815846742977E+000                  7.1456890126830439E+000                 -3.0911961628278489E-001                  1.4999609756752584E+001                  6.7779677047658526E-001                  3.0212492479239805E-001                  2.0078304731016683E-002                  4.3772460153969611E+001                  7.2515827793126625E-002                  5.1350853438313607E-049 
                                     815                  4.0808909488574846E-001                 -1.0323314349064912E+000                  7.1468292391328658E+000                 -3.0563273057749674E-001                  1.5004230642608119E+001                  6.7779680121637009E-001                  3.0212489399122294E-001                  2.0078304792406909E-002                  4.6048454276747051E+001                  7.6713383953353961E-002                  5.9603089809956199E-049 
                                     816                  4.0808620286424202E-001                 -1.0338307396576703E+000                  7.1483497809599577E+000                 -3.0097450797339292E-001                  1.5010400302762033E+001                  6.7779684472617940E-001                  3.0212485039396209E-001                  2.0078304879858511E-002                  4.9266258161779149E+001                  8.2687544240325400E-002                  7.2695995818480150E-049 
                                     817                  4.0808331084273564E-001                 -1.0353294882079307E+000                  7.1498698933604325E+000                 -2.9631845127340306E-001                  1.5016567456215734E+001                  6.7779689126482900E-001                  3.0212480376108580E-001                  2.0078304974085137E-002                  5.2703525987191917E+001                  8.9118091302360314E-002                  8.8640217924943067E-049 
                                     818                  4.0808041882122920E-001                 -1.0368276824892320E+000                  7.1510101515676654E+000                 -2.9281967623047278E-001                  1.5021199129268233E+001                  6.7779692830679394E-001                  3.0212476664364218E-001                  2.0078305049563872E-002                  5.5436193594528142E+001                  9.4264568427854592E-002                  1.0284446807382087E-048 
                                     819                  4.0807897281047600E-001                 -1.0375765611015972E+000                  7.1517698818428324E+000                 -2.9049330461014583E-001                  1.5024280791890892E+001                  6.7779695403955231E-001                  3.0212474085820701E-001                  2.0078305102240623E-002                  5.7333001120428769E+001                  9.7854082806106829E-002                  1.1354026887434017E-048 
                                     820                  4.0807752679972287E-001                 -1.0383253018775014E+000                  7.1525295018609469E+000                 -2.8816746719071884E-001                  1.5027361830671280E+001                  6.7779698064955862E-001                  3.0212471419352732E-001                  2.0078305156914000E-002                  5.9293157923686870E+001                  1.0157775678202505E-001                  1.2533966724626826E-048 
                                     821                  4.0807608078896968E-001                 -1.0390739050509596E+000                  7.1532890109395897E+000                 -2.8584216228621301E-001                  1.5030442246254085E+001                  6.7779700816585009E-001                  3.0212468662049169E-001                  2.0078305213658165E-002                  6.1318716572530761E+001                  1.0544050611336521E-001                  1.3835559742456432E-048 
                                     822                  4.0807463477821665E-001                 -1.0398223708541141E+000                  7.1540484083668732E+000                 -2.8351738816694899E-001                  1.5033522039285899E+001                  6.7779703661851176E-001                  3.0212465810893824E-001                  2.0078305272549946E-002                  6.3411793425769538E+001                  1.0944742317453865E-001                  1.5271248504294490E-048 
                                     823                  4.0807318876746346E-001                 -1.0405706995173525E+000                  7.1548076934016525E+000                 -2.8119314306021892E-001                  1.5036601210414897E+001                  6.7779706603845313E-001                  3.0212462862787764E-001                  2.0078305333669277E-002                  6.5574570205465278E+001                  1.1360378237910879E-001                  1.6854734246997383E-048 
                                     824                  4.0807174275671038E-001                 -1.0413188912689306E+000                  7.1559459533826208E+000                 -2.7771587247243240E-001                  1.5041210890209284E+001                  6.7779711201878057E-001                  3.0212458255158059E-001                  2.0078305429638843E-002                  6.8951909220870917E+001                  1.2012597344604407E-001                  1.9538745843527580E-048 
                                     825                  4.0806885073520399E-001                 -1.0428148874120291E+000                  7.1574638380728191E+000                 -2.7307044604085950E-001                  1.5047365586376971E+001                  6.7779717706115772E-001                  3.0212451737256529E-001                  2.0078305566276988E-002                  7.3723671856065593E+001                  1.2940367030547570E-001                  2.3790789298062795E-048 
                                     826                  4.0806595871369755E-001                 -1.0443103385230199E+000                  7.1589812587470698E+000                 -2.6842710194452424E-001                  1.5053517806835961E+001                  6.7779724658367480E-001                  3.0212444770291208E-001                  2.0078305713413069E-002                  7.8817025416847130E+001                  1.3938401165696401E-001                  2.8960032379688313E-048 
                                     827                  4.0806306669219117E-001                 -1.0458052463488403E+000                  7.1601194688032876E+000                 -2.6493783824818823E-001                  1.5058138264025574E+001                  6.7779730188573317E-001                  3.0212439228305554E-001                  2.0078305831211285E-002                  8.2863566593643014E+001                  1.4736715598576541E-001                  3.3558350457015662E-048 
                                     828                  4.0806162068143798E-001                 -1.0465524858546806E+000                  7.1608778251497229E+000                 -2.6261775679412291E-001                  1.5061212483813454E+001                  6.7779734028696226E-001                  3.0212435379964520E-001                  2.0078305913392547E-002                  8.5670998844174676E+001                  1.5293304088856671E-001                  3.7017237080603691E-048 
                                     829                  4.0806017467068495E-001                 -1.0472995901942470E+000                  7.1616360611593999E+000                 -2.6029818654463910E-001                  1.5064286087586463E+001                  6.7779737998328027E-001                  3.0212431401805628E-001                  2.0078305998663448E-002                  8.8571042910402809E+001                  1.5870517501894188E-001                  4.0829757760059084E-048 
                                     830                  4.0805872865993181E-001                 -1.0480465595744333E+000                  7.1627727366414575E+000                 -2.5682786981466210E-001                  1.5068887454527617E+001                  6.7779744201832992E-001                  3.0212425184912656E-001                  2.0078306132543577E-002                  9.3097946644524541E+001                  1.6776023929251668E-001                  4.7286781084497538E-048 
                                     831                  4.0805583663842532E-001                 -1.0495401166507234E+000                  7.1639100357842223E+000                 -2.5334244107768222E-001                  1.5073503280315130E+001                  6.7779750727310384E-001                  3.0212418645272549E-001                  2.0078306274170732E-002                  9.7856793049393445E+001                  1.7733531035479577E-001                  5.4766057545206404E-048 
                                     832                  4.0805439062767218E-001                 -1.0502866823429868E+000                  7.1646677801846650E+000                 -2.5102489363306885E-001                  1.5076574426767271E+001                  6.7779755258706886E-001                  3.0212414103995239E-001                  2.0078306372978805E-002                  1.0115767248706176E+002                  1.8401002177281559E-001                  6.0389528067070712E-048 
                                     833                  4.0805294461691899E-001                 -1.0510331138744660E+000                  7.1654253988972467E+000                 -2.4870784614591548E-001                  1.5079644960510031E+001                  6.7779759942179807E-001                  3.0212409410271357E-001                  2.0078306475488361E-002                  1.0456682012242013E+002                  1.9093117040023733E-001                  6.6585714790578016E-048 
                                     834                  4.0805149860616591E-001                 -1.0517794114372641E+000                  7.1661828907755787E+000                 -2.4639129625816761E-001                  1.5082714882206373E+001                  6.7779764782673402E-001                  3.0212404559143147E-001                  2.0078306581834515E-002                  1.0808765371022581E+002                  1.9810766709977312E-001                  7.3412450902055641E-048 
                                     835                  4.0805005259541272E-001                 -1.0525255752203275E+000                  7.1669402546483649E+000                 -2.4407524157665042E-001                  1.5085784192519585E+001                  6.7779769785310606E-001                  3.0212399545473484E-001                  2.0078306692159043E-002                  1.1172369245216852E+002                  2.0554873772576018E-001                  8.0933364605932850E-048 
                                     836                  4.0804860658465952E-001                 -1.0532716054093596E+000                  7.1680756112628199E+000                 -2.4061014995509342E-001                  1.5090379148808161E+001                  6.7779777599154145E-001                  3.0212391714315495E-001                  2.0078306865303652E-002                  1.1739761936586481E+002                  2.1721930347705817E-001                  9.3663006733455006E-048 
                                     837                  4.0804571456315308E-001                 -1.0547632880464148E+000                  7.1695895544828696E+000                 -2.3598089452783094E-001                  1.5096514185879759E+001                  6.7779788642776295E-001                  3.0212380646059184E-001                  2.0078307111645266E-002                  1.2540600111062449E+002                  2.3380828890077776E-001                  1.1378860275785950E-047 
                                     838                  4.0804282254164659E-001                 -1.0562544383801089E+000                  7.1711029637162804E+000                 -2.3135357544503635E-001                  1.5102646789529119E+001                  6.7779800435101034E-001                  3.0212368827228925E-001                  2.0078307376700355E-002                  1.3394396980841071E+002                  2.5163875304346084E-001                  1.3819923738338811E-047 
                                     839                  4.0803993052014015E-001                 -1.0577450577724192E+000                  7.1722381078043300E+000                 -2.2787627227655891E-001                  1.5107252514162932E+001                  6.7779809806900215E-001                  3.0212359434224306E-001                  2.0078307588754729E-002                  1.4071994909646952E+002                  2.6589062423897364E-001                  1.5987025760185129E-047 
                                     840                  4.0803848450938696E-001                 -1.0584901576399099E+000                  7.1729944031178885E+000                 -2.2556408940975881E-001                  1.5110316957675632E+001                  6.7779816310401708E-001                  3.0212352915936347E-001                  2.0078307736619450E-002                  1.4541741458138753E+002                  2.7582194285646061E-001                  1.7614809552401317E-047 
                                     841                  4.0803703849863393E-001                 -1.0592351252738532E+000                  7.1737505588000996E+000                 -2.2325237870784040E-001                  1.5113380795767762E+001                  6.7779823029687281E-001                  3.0212346181314731E-001                  2.0078307889979885E-002                  1.5026678490076708E+002                  2.8611694446932578E-001                  1.9406940852137034E-047 
                                     842                  4.0803559248788090E-001                 -1.0599799608275877E+000                  7.1745065734443960E+000                 -2.2094113745286209E-001                  1.5116444029100494E+001                  6.7779829971683414E-001                  3.0212339223412893E-001                  2.0078308049036986E-002                  1.5527274988862109E+002                  2.9678866237704199E-001                  2.1379870401175292E-047 
                                     843                  4.0803414647712777E-001                 -1.0607246644504429E+000                  7.1756398880383943E+000                 -2.1748319338533539E-001                  1.5121029911761632E+001                  6.7779840810043734E-001                  3.0212328360097862E-001                  2.0078308298584036E-002                  1.6308029203417195E+002                  3.1352066232686393E-001                  2.4716133234603614E-047 
                                     844                  4.0803125445562133E-001                 -1.0622136987078343E+000                  7.1771510516019132E+000                 -2.1286340663969605E-001                  1.5127152834115156E+001                  6.7779856118900095E-001                  3.0212313015753278E-001                  2.0078308653466270E-002                  1.7409173595592694E+002                  3.3729297243226380E-001                  2.9983965472997871E-047 
                                     845                  4.0802836243411494E-001                 -1.0637022068604904E+000                  7.1782844757501163E+000                 -2.0939171344624458E-001                  1.5131751288150523E+001                  6.7779868279244793E-001                  3.0212300827026861E-001                  2.0078308937283462E-002                  1.8282521143649831E+002                  3.5628699794540963E-001                  3.4655808529498815E-047 
                                     846                  4.0802691642336186E-001                 -1.0644462528757654E+000                  7.1790396137741235E+000                 -2.0708323040865320E-001                  1.5134810907014250E+001                  6.7779876714794141E-001                  3.0212292371692029E-001                  2.0078309135138306E-002                  1.8887694479203449E+002                  3.6951934923555768E-001                  3.8162439434788731E-047 
                                     847                  4.0802547041260867E-001                 -1.0651901677694491E+000                  7.1801716010142664E+000                 -2.0362937831963651E-001                  1.5139391392826267E+001                  6.7779889881290978E-001                  3.0212279174159384E-001                  2.0078309445496378E-002                  1.9831213816056743E+002                  3.9026196331535440E-001                  4.4088931041513430E-047 
                                     848                  4.0802257839110223E-001                 -1.0666776268442533E+000                  7.1813041108490969E+000                 -2.0016038725191679E-001                  1.5143986235264371E+001                  6.7779903720651780E-001                  3.0212265301984059E-001                  2.0078309773641667E-002                  2.0821581711415971E+002                  4.1217529922826429E-001                  5.0936298045620929E-047 
                                     849                  4.0802113238034904E-001                 -1.0674211490506251E+000                  7.1820586335230399E+000                 -1.9785368501586262E-001                  1.5147043457507721E+001                  6.7779913319062324E-001                  3.0212255680700789E-001                  2.0078310002368926E-002                  2.1507669001563411E+002                  4.2743936814248518E-001                  5.6073966085196877E-047 
                                     850                  4.0801968636959590E-001                 -1.0681645405872664E+000                  7.1828129982673614E+000                 -1.9554742046529686E-001                  1.5150100082182254E+001                  6.7779923231433858E-001                  3.0212245744613692E-001                  2.0078310239524555E-002                  2.2215528727942234E+002                  4.4325727374867746E-001                  6.1725338150935642E-047 
                                     851                  4.0801824035884271E-001                 -1.0689078015555717E+000                  7.1835672034242739E+000                 -1.9324159055616510E-001                  1.5153156109932201E+001                  6.7779933467589981E-001                  3.0212235483868854E-001                  2.0078310485411643E-002                  2.2945812127517709E+002                  4.5964866282192751E-001                  6.7941319119124125E-047 
                                     852                  4.0801679434808968E-001                 -1.0696509320521392E+000                  7.1846977779052201E+000                 -1.8979167166397345E-001                  1.5157731233702249E+001                  6.7779949439630038E-001                  3.0212219473266000E-001                  2.0078310871039617E-002                  2.4083937188271486E+002                  4.8533807319480848E-001                  7.8440943777930226E-047 
                                     853                  4.0801390232658324E-001                 -1.0711368241234345E+000                  7.1862052079752816E+000                 -1.8518249520633787E-001                  1.5163839791138306E+001                  6.7779971980717313E-001                  3.0212196877368436E-001                  2.0078311419142514E-002                  2.5687342826324129E+002                  5.2181569351377421E-001                  9.4993284405811837E-047 
                                     854                  4.0801101030507664E-001                 -1.0726221952754131E+000                  7.1877119692453411E+000                 -1.8057500165866963E-001                  1.5169945972529653E+001                  6.7779996009173982E-001                  3.0212172790004882E-001                  2.0078312008211308E-002                  2.7393062001830384E+002                  5.6097655358538201E-001                  1.1500458815699487E-046 
                                     855                  4.0800811828357014E-001                 -1.0741070461045035E+000                  7.1892180475400806E+000                 -1.7596916556810227E-001                  1.5176049782907153E+001                  6.7780021618511255E-001                  3.0212147117364563E-001                  2.0078312641241824E-002                  2.9207181436007096E+002                  6.0301336036210385E-001                  1.3919036122659370E-046 
                                     856                  4.0800522626206365E-001                 -1.0755913771253349E+000                  7.1903475741148313E+000                 -1.7250784010220499E-001                  1.5180633883563422E+001                  6.7780041936897906E-001                  3.0212126748388529E-001                  2.0078313147135596E-002                  3.0643767179792121E+002                  6.3657470230254820E-001                  1.6059504428467083E-046 
                                     857                  4.0800378025131051E-001                 -1.0763333368062895E+000                  7.1911000888033811E+000                 -1.7020618464105949E-001                  1.5183683977478841E+001                  6.7780056019636692E-001                  3.0212112630401072E-001                  2.0078313499622302E-002                  3.1638100604224547E+002                  6.5994281872960525E-001                  1.7663732615217357E-046 
                                     858                  4.0800233424055732E-001                 -1.0770751667079532E+000                  7.1922281030473494E+000                 -1.6676244779755919E-001                  1.5188250240932817E+001                  6.7780077981303499E-001                  3.0212090613471415E-001                  2.0078314052250912E-002                  3.3186547473367659E+002                  6.9655392356209311E-001                  2.0370920867757985E-046 
                                     859                  4.0799944221905077E-001                 -1.0785584593862643E+000                  7.1933565488659319E+000                 -1.6330352323597977E-001                  1.5192830791034920E+001                  6.7780101040416563E-001                  3.0212067495965877E-001                  2.0078314636175598E-002                  3.4809514757233603E+002                  7.3520510107652637E-001                  2.3493047261595831E-046 
                                     860                  4.0799799620829758E-001                 -1.0792999001475008E+000                  7.1941083361459981E+000                 -1.6100344667880201E-001                  1.5195878528687851E+001                  6.7780117018801622E-001                  3.0212051476900631E-001                  2.0078315042977524E-002                  3.5932467423007114E+002                  7.6211344452010144E-001                  2.5832119599144258E-046 
                                     861                  4.0799655019754449E-001                 -1.0800412112583424E+000                  7.1948599367509516E+000                 -1.5870375647279034E-001                  1.5198925678749355E+001                  6.7780133507587426E-001                  3.0212034945953509E-001                  2.0078315464590712E-002                  3.7089888022500611E+002                  7.8998569573381872E-001                  2.8401950144707307E-046 
                                     862                  4.0799510418679130E-001                 -1.0807823927370650E+000                  7.1959865667137670E+000                 -1.5526292689711121E-001                  1.5203487546316875E+001                  6.7780159214476265E-001                  3.0212009172972809E-001                  2.0078316125509255E-002                  3.8891498793341719E+002                  8.3364585830890092E-001                  3.2736541017451284E-046 
                                     863                  4.0799221216528486E-001                 -1.0822643888640613E+000                  7.1971135968032778E+000                 -1.5180689039683443E-001                  1.5208063678566873E+001                  6.7780186192507119E-001                  3.0211982125126308E-001                  2.0078316823665787E-002                  4.0778765456402965E+002                  8.7972884659717510E-001                  3.7732588296510439E-046 
                                     864                  4.0799076615453167E-001                 -1.0830051814756638E+000                  7.1978644313017490E+000                 -1.4950871182417949E-001                  1.5211108484308184E+001                  6.7780204881148698E-001                  3.0211963387852758E-001                  2.0078317309985438E-002                  4.2083974692787547E+002                  9.1180549038092173E-001                  4.1473802976581498E-046 
                                     865                  4.0798932014377853E-001                 -1.0837458444710522E+000                  7.1986150692502751E+000                 -1.4721090257882569E-001                  1.5214152705392332E+001                  6.7780224161471270E-001                  3.0211944057134388E-001                  2.0078317813943425E-002                  4.3428723587907888E+002                  9.4502644176257844E-001                  4.5582512487286145E-046 
                                     866                  4.0798787413302529E-001                 -1.0844863778396414E+000                  7.1993655086278041E+000                 -1.4491345921055615E-001                  1.5217196342393020E+001                  6.7780244051050786E-001                  3.0211924115332672E-001                  2.0078318336165468E-002                  4.4814095206320576E+002                  9.7943153389240678E-001                  5.0094462157218674E-046 
                                     867                  4.0798642812227209E-001                 -1.0852267815647589E+000                  7.2001157473983248E+000                 -1.4261637825527823E-001                  1.5220239395879222E+001                  6.7780264567985915E-001                  3.0211903544284235E-001                  2.0078318877298496E-002                  4.6241195891803665E+002                  1.0150619493856807E+000                  5.5048841837728957E-046 
                                     868                  4.0798498211151896E-001                 -1.0859670556238903E+000                  7.2012403153229023E+000                 -1.3917940503648590E-001                  1.5224795146019629E+001                  6.7780296537535822E-001                  3.0211871489929404E-001                  2.0078319725347793E-002                  4.8461009037103702E+002                  1.0708609733804206E+000                  6.3399808995404806E-046 
                                     869                  4.0798209009001241E-001                 -1.0874472365973424E+000                  7.2027395622034938E+000                 -1.3458728956538543E-001                  1.5230877833476253E+001                  6.7780341565185187E-001                  3.0211826341870152E-001                  2.0078320929446614E-002                  5.1579541066365164E+002                  1.1500053779530468E+000                  7.6525508259717969E-046 
                                     870                  4.0797919806850597E-001                 -1.0889268984161926E+000                  7.2042379715814437E+000                 -1.2999656382974883E-001                  1.5236958197039856E+001                  6.7780389451331424E-001                  3.0211778326467070E-001                  2.0078322222015110E-002                  5.4886089523170313E+002                  1.2348654949836337E+000                  9.2340336204808529E-046 
                                     871                  4.0797630604699936E-001                 -1.0904060406893727E+000                  7.2053616254640334E+000                 -1.2654643264828899E-001                  1.5241524686102787E+001                  6.7780427369622664E-001                  3.0211740304976747E-001                  2.0078323254005825E-002                  5.7497204684454334E+002                  1.3025479579780630E+000                  1.0629882633825252E-045 
                                     872                  4.0797486003624622E-001                 -1.0911454058808896E+000                  7.2061101898977018E+000                 -1.2425213223719769E-001                  1.5244563091730505E+001                  6.7780453613502556E-001                  3.0211713989239691E-001                  2.0078323972577472E-002                  5.9300796704376626E+002                  1.3496408294099940E+000                  1.1674032108300474E-045 
                                     873                  4.0797341402549303E-001                 -1.0918846410169865E+000                  7.2072322264340842E+000                 -1.2081926813075755E-001                  1.5249111900769186E+001                  6.7780494480217235E-001                  3.0211673009942824E-001                  2.0078325098399352E-002                  6.2103550117974817E+002                  1.4233695985000097E+000                  1.3432636607497582E-045 
                                     874                  4.0797052200398659E-001                 -1.0933627427394674E+000                  7.2083545703710650E+000                 -1.1737114379250005E-001                  1.5253674907540686E+001                  6.7780537310905686E-001                  3.0211630060395361E-001                  2.0078326286989467E-002                  6.5033454731371762E+002                  1.5011382110331963E+000                  1.5455999048144868E-045 
                                     875                  4.0796907599323340E-001                 -1.0941015872271633E+000                  7.2091022558489222E+000                 -1.1507816217564905E-001                  1.5256711001834098E+001                  6.7780566944268139E-001                  3.0211600344283029E-001                  2.0078327114488315E-002                  6.7056178640448854E+002                  1.5552412559909128E+000                  1.6968963362001649E-045 
                                     876                  4.0796762998248032E-001                 -1.0948403013363381E+000                  7.2098497177253149E+000                 -1.1278550363456760E-001                  1.5259746519515909E+001                  6.7780597485703298E-001                  3.0211569717131881E-001                  2.0078327971648213E-002                  6.9137152399469949E+002                  1.6112501574801006E+000                  1.8628585921914086E-045 
                                     877                  4.0796618397172724E-001                 -1.0955788849739665E+000                  7.2109700904429443E+000                 -1.0935506780197225E-001                  1.5264291015427784E+001                  6.7780645023834607E-001                  3.0211522044725930E-001                  2.0078329314394683E-002                  7.2368717212265983E+002                  1.6989222698612156E+000                  2.1422417415173464E-045 
                                     878                  4.0796329195022091E-001                 -1.0970556823137676E+000                  7.2120907458164449E+000                 -1.0590936362463435E-001                  1.5268849686236681E+001                  6.7780694815804610E-001                  3.0211472111029120E-001                  2.0078330731662763E-002                  7.5743995639202683E+002                  1.7913779196276869E+000                  2.4634941584596693E-045 
                                     879                  4.0796184593946777E-001                 -1.0977938739113300E+000                  7.2128372995876475E+000                 -1.0361797337228022E-001                  1.5271882902442105E+001                  6.7780729249709348E-001                  3.0211437578469186E-001                  2.0078331718214715E-002                  7.8072487780419999E+002                  1.8556872257161157E+000                  2.7035925551500904E-045 
                                     880                  4.0796039992871463E-001                 -1.0985319346201159E+000                  7.2135836230415151E+000                 -1.0132689450110385E-001                  1.5274915544421074E+001                  6.7780764724729969E-001                  3.0211402001271270E-001                  2.0078332739987603E-002                  8.0466590562250246E+002                  1.9222523645787390E+000                  2.9668608199299742E-045 
                                     881                  4.0795895391796144E-001                 -1.0992698643248735E+000                  7.2143297149681525E+000                 -9.9036124890894806E-002                  1.5277947612631134E+001                  6.7780801269269353E-001                  3.0211365350909636E-001                  2.0078333798210113E-002                  8.2927834576285932E+002                  1.9911504903396553E+000                  3.2555118688780985E-045 
                                     882                  4.0795750790720836E-001                 -1.1000076629062745E+000                  7.2150755742008625E+000                 -9.6745662492821058E-002                  1.5280979107523175E+001                  6.7780838912353092E-001                  3.0211327598231735E-001                  2.0078334894151784E-002                  8.5457768094975847E+002                  2.0624613312497981E+000                  3.5719681521645187E-045 
                                     883                  4.0795606189645517E-001                 -1.1007453302409564E+000                  7.2161935319032704E+000                 -9.3318477439402622E-002                  1.5285517595028447E+001                  6.7780897460526424E-001                  3.0211268878422126E-001                  2.0078336610514502E-002                  8.9382171770216655E+002                  2.1740581561072481E+000                  4.1043251686007166E-045 
                                     884                  4.0795316987494878E-001                 -1.1022202924693765E+000                  7.2176838388689770E+000                 -8.8739287634405320E-002                  1.5291577224175803E+001                  6.7780979703944821E-001                  3.0211186391543970E-001                  2.0078339045112026E-002                  9.4873336440071239E+002                  2.3321844006376642E+000                  4.9387297536728709E-045 
                                     885                  4.0795027785344234E-001                 -1.1036947280653211E+000                  7.2191731965944541E+000                 -8.4161293719829125E-002                  1.5297634568001676E+001                  6.7781066894860187E-001                  3.0211098939568742E-001                  2.0078341655710652E-002                  1.0066789327549434E+003                  2.5015357308689143E+000                  5.9409131971944049E-045 
                                     886                  4.0794738583193590E-001                 -1.1051686359078328E+000                  7.2202899771383722E+000                 -8.0720633237387138E-002                  1.5302183760436334E+001                  6.7781135740340814E-001                  3.0211029885859414E-001                  2.0078343737997661E-002                  1.0522389696114969E+003                  2.6364703123690241E+000                  6.8230295476803122E-045 
                                     887                  4.0794593982118271E-001                 -1.1059053806744465E+000                  7.2210339383822104E+000                 -7.8432563487121312E-002                  1.5305210684576995E+001                  6.7781183290479519E-001                  3.0210982190830360E-001                  2.0078345186901214E-002                  1.0836083396574577E+003                  2.7302902206205801E+000                  7.4815995587997819E-045 
                                     888                  4.0794449381042969E-001                 -1.1066419930749418E+000                  7.2217776582897875E+000                 -7.6144785616360636E-002                  1.5308237039141728E+001                  6.7781232228146715E-001                  3.0210933103145737E-001                  2.0078346687075532E-002                  1.1158099384402781E+003                  2.8273706778339251E+000                  8.2030947208461724E-045 
                                     889                  4.0794304779967649E-001                 -1.1073784729543783E+000                  7.2225211360996999E+000                 -7.3857298255731216E-002                  1.5311262824511454E+001                  6.7781282588533631E-001                  3.0210882587437121E-001                  2.0078348240292421E-002                  1.1488603059198847E+003                  2.9278221569552727E+000                  8.9934658570184326E-045 
                                     890                  4.0794160178892341E-001                 -1.1081148201545861E+000                  7.2236355113024917E+000                 -7.0434523001997595E-002                  1.5315792783441275E+001                  6.7781360820453807E-001                  3.0210804112349915E-001                  2.0078350671962841E-002                  1.2000282384248148E+003                  3.0849665920111944E+000                  1.0321746871715690E-044 
                                     891                  4.0793870976741697E-001                 -1.1095871375851662E+000                  7.2251210040361666E+000                 -6.5861191928476129E-002                  1.5321841017019397E+001                  6.7781470518399944E-001                  3.0210694069648780E-001                  2.0078354119512754E-002                  1.2714223967128105E+003                  3.3075197765159237E+000                  1.2400766038865893E-044 
                                     892                  4.0793581774591053E-001                 -1.1110589222622262E+000                  7.2262348658214943E+000                 -6.2424020009291571E-002                  1.5326383362043295E+001                  6.7781557005767357E-001                  3.0210607307401904E-001                  2.0078356868307390E-002                  1.3274221498183201E+003                  3.4847737969521431E+000                  1.4228700575898891E-044 
                                     893                  4.0793437173515734E-001                 -1.1117946035529478E+000                  7.2269768775032688E+000                 -6.0138250732069590E-002                  1.5329405740097894E+001                  6.7781616675221179E-001                  3.0210547446732922E-001                  2.0078358780458938E-002                  1.3659113268688852E+003                  3.6079838427228776E+000                  1.5592335256034718E-044 
                                     894                  4.0793292572440426E-001                 -1.1125301511580379E+000                  7.2277186427918574E+000                 -5.7852764145158921E-002                  1.5332427551417963E+001                  6.7781678030377068E-001                  3.0210485893639283E-001                  2.0078360759836489E-002                  1.4053639380307104E+003                  3.7354470724540034E+000                  1.7085322905542103E-044 
                                     895                  4.0793147971365112E-001                 -1.1132655649008578E+000                  7.2288304453945136E+000                 -5.4432959114379412E-002                  1.5336951573479773E+001                  6.7781773245761179E-001                  3.0210390368442058E-001                  2.0078363857967574E-002                  1.4663420321011081E+003                  3.9347992069629805E+000                  1.9592674506975354E-044 
                                     896                  4.0792858769214485E-001                 -1.1147360117220937E+000                  7.2299424546702582E+000                 -5.0997915870192687E-002                  1.5341489655679585E+001                  6.7781872611075766E-001                  3.0210290676445223E-001                  2.0078367124790164E-002                  1.5296604247305279E+003                  4.1448112439514286E+000                  2.2467577903465333E-044 
                                     897                  4.0792714168139166E-001                 -1.1154710227772637E+000                  7.2306832301948960E+000                 -4.8713552004834758E-002                  1.5344509203347442E+001                  6.7781941112302302E-001                  3.0210221948005123E-001                  2.0078369396925755E-002                  1.5731234240415652E+003                  4.2907661298353359E+000                  2.4611207060429783E-044 
                                     898                  4.0792569567063858E-001                 -1.1162058992420238E+000                  7.2314237573132782E+000                 -4.6429467051431118E-002                  1.5347528185819728E+001                  6.7782011503311557E-001                  3.0210151321826545E-001                  2.0078371748619039E-002                  1.6176268295436348E+003                  4.4417382339480982E+000                  2.6957261965101576E-044 
                                     899                  4.0792424965988539E-001                 -1.1169406409294040E+000                  7.2321640357229802E+000                 -4.4145660426318331E-002                  1.5350546603382632E+001                  6.7782083826318418E-001                  3.0210078755422737E-001                  2.0078374182588510E-002                  1.6631850912935436E+003                  4.5978956717946975E+000                  2.9524656622783026E-044 
                                     900                  4.0792280364913230E-001                 -1.1176752476504594E+000                  7.2329040651538401E+000                 -4.1862131601731911E-002                  1.5353564456314778E+001                  6.7782158123949032E-001                  3.0210004205886604E-001                  2.0078376701643696E-002                  1.7098122494721763E+003                  4.7594120489880778E+000                  3.2334055263764777E-044 
                                     901                  4.0792135763837911E-001                 -1.1184097192145523E+000                  7.2340132627062177E+000                 -3.8445236759352151E-002                  1.5358082564359526E+001                  6.7782273286926542E-001                  3.0209888648722549E-001                  2.0078380643509086E-002                  1.7817374420261472E+003                  5.0119616242894276E+000                  3.7048970627908184E-044 
                                     902                  4.0791846561687251E-001                 -1.1198782776617391E+000                  7.2354918235250203E+000                 -3.3879757554763863E-002                  1.5364114958643254E+001                  6.7782434255731794E-001                  3.0209727121431651E-001                  2.0078386228365552E-002                  1.8815649863757446E+003                  5.3693845456861364E+000                  4.4414485566033469E-044 
                                     903                  4.0791557359536601E-001                 -1.1213462930859754E+000                  7.2369693855407924E+000                 -2.9315383142439384E-002                  1.5370145099232429E+001                  6.7782603907744743E-001                  3.0209556871351956E-001                  2.0078392209033069E-002                  1.9858949431187336E+003                  5.7516647941848698E+000                  5.3227805794713327E-044 
                                     904                  4.0791268157385940E-001                 -1.1228137639085463E+000                  7.2380772792325452E+000                 -2.5884945374990663E-002                  1.5374673841284277E+001                  6.7782737151356010E-001                  3.0209423151259546E-001                  2.0078396973844503E-002                  2.0672041304049749E+003                  6.0558972334161183E+000                  6.0959935677606240E-044 
                                     905                  4.0791123556310627E-001                 -1.1235472838457758E+000                  7.2388153113650713E+000                 -2.3603626718996219E-002                  1.5377687186711460E+001                  6.7782828820009655E-001                  3.0209331151330526E-001                  2.0078400286598130E-002                  2.1228232955756339E+003                  6.2672535858409377E+000                  6.6719180078183762E-044 
                                     906                  4.0790978955235307E-001                 -1.1242806670485821E+000                  7.2395530934707830E+000                 -2.1322583503113612E-002                  1.5380699969684024E+001                  6.7782922860196448E-001                  3.0209236768372372E-001                  2.0078403714311799E-002                  2.1796113590885739E+003                  6.4858088560577940E+000                  7.3016903550839009E-044 
                                     907                  4.0790834354159999E-001                 -1.1250139133144119E+000                  7.2402906255808483E+000                 -1.9041815717670368E-002                  1.5383712190408326E+001                  6.7783019316758431E-001                  3.0209139957153813E-001                  2.0078407260877507E-002                  2.2375755260090782E+003                  6.7118020420095235E+000                  7.9902917490014146E-044 
                                     908                  4.0790689753084675E-001                 -1.1257470224398367E+000                  7.2413960793189585E+000                 -1.5629031636149534E-002                  1.5388221882712456E+001                  6.7783168527023230E-001                  3.0208990192104945E-001                  2.0078412808718249E-002                  2.3266793402896769E+003                  7.0650468122039216E+000                  9.1448244834838530E-044 
                                     909                  4.0790400550934014E-001                 -1.1272128498910958E+000                  7.2428696431760420E+000                 -1.1069067162690330E-002                  1.5394243025601268E+001                  6.7783376481987445E-001                  3.0208781451498073E-001                  2.0078420665144758E-002                  2.4497287699331728E+003                  7.5647383546184779E+000                  1.0945953485727356E-043 
                                     910                  4.0790111348783348E-001                 -1.1286781262522543E+000                  7.2439745369838455E+000                 -7.6419600953152225E-003                  1.5398765000848128E+001                  6.7783539411631166E-001                  3.0208617896170314E-001                  2.0078426921985137E-002                  2.5452175043595948E+003                  7.9622589602374791E+000                  1.2524438647392986E-043 
                                     911                  4.0789966747708034E-001                 -1.1294105465580049E+000                  7.2447105716513827E+000                 -5.3628475186364450E-003                  1.5401773852273521E+001                  6.7783651303501569E-001                  3.0208505569408373E-001                  2.0078431270900587E-002                  2.6103294731640731E+003                  8.2383492515412904E+000                  1.3699272004843845E-043 
                                     912                  4.0789822146632726E-001                 -1.1301428284874699E+000                  7.2454463573024270E+000                 -3.0840116037219390E-003                  1.5404782142693650E+001                  6.7783765921988437E-001                  3.0208390501036231E-001                  2.0078435769753322E-002                  2.6766365369972877E+003                  8.5237810904809646E+000                  1.4983163768783542E-043 
                                     913                  4.0789677545557412E-001                 -1.1308749718329352E+000                  7.2465491953602221E+000                  3.2589192182386174E-004                  1.5409285961614115E+001                  6.7783942934862862E-001                  3.0208212784577693E-001                  2.0078442805594454E-002                  2.7782623568622980E+003                  8.9698266194088347E+000                  1.7134332418669698E-043 
                                     914                  4.0789388343406768E-001                 -1.1323388632894529E+000                  7.2480192745535748E+000                  4.8819797401079583E-003                  1.5415299250484917E+001                  6.7784189421161645E-001                  3.0207965300439427E-001                  2.0078452783989231E-002                  2.9179451171352084E+003                  9.6005815564648991E+000                  2.0487114064985682E-043 
                                     915                  4.0789099141256130E-001                 -1.1338021978467756E+000                  7.2494883632803750E+000                  9.4369541198436688E-003                  1.5421310297996950E+001                  6.7784447210112664E-001                  3.0207706445733756E-001                  2.0078463441535854E-002                  3.0623600863940510E+003                  1.0274578393768653E+001                  2.4488512502771426E-043 
                                     916                  4.0788809939105503E-001                 -1.1352649738313783E+000                  7.2505899053788498E+000                  1.2860283669354707E-002                  1.5425824679374115E+001                  6.7784648136972292E-001                  3.0207504672512170E-001                  2.0078471905155437E-002                  3.1738331927342219E+003                  1.0810537571280506E+001                  2.7991128205117062E-043 
                                     917                  4.0788665338030189E-001                 -1.1359961411939903E+000                  7.2516901476979703E+000                  1.6267277887996517E-002                  1.5430322635562813E+001                  6.7784856039833685E-001                  3.0207295878544804E-001                  2.0078480816215105E-002                  3.2876315084765088E+003                  1.1373018375759953E+001                  3.1984403305832982E-043 
                                     918                  4.0788376135879528E-001                 -1.1374580762107813E+000                  7.2531567733403461E+000                  2.0819445749793254E-002                  1.5436328083375168E+001                  6.7785144320611734E-001                  3.0207006336690334E-001                  2.0078493426979316E-002                  3.4433098152041075E+003                  1.2168163527059328E+001                  3.8202492295965971E-043 
                                     919                  4.0788086933728879E-001                 -1.1389194484837530E+000                  7.2549880574570915E+000                  2.6495098441191203E-002                  1.5443819218053859E+001                  6.7785523171527229E-001                  3.0206625781665636E-001                  2.0078510468071409E-002                  3.6435430086741435E+003                  1.3238001101911671E+001                  4.7675481154235516E-043 
                                     920                  4.0787653130502904E-001                 -1.1411105010931939E+000                  7.2568190575501976E+000                  3.2195088538928121E-002                  1.5451332075857547E+001                  6.7785921563141238E-001                  3.0206225542345139E-001                  2.0078528945136176E-002                  3.8505128984641701E+003                  1.4401054280809621E+001                  5.9484688897314632E-043 
                                     921                  4.0787363928352272E-001                 -1.1425704591434722E+000                  7.2579169296550035E+000                  3.5614138149938329E-002                  1.5455838034809320E+001                  6.7786170340035734E-001                  3.0205975581496169E-001                  2.0078540784680965E-002                  3.9775287201591309E+003                  1.5146157228244579E+001                  6.7916269240753493E-043 
                                     922                  4.0787219327276952E-001                 -1.1433002144851014E+000                  7.2590135141482062E+000                  3.9016899863549198E-002                  1.5460327627590505E+001                  6.7786426771344099E-001                  3.0205717904151608E-001                  2.0078553245042929E-002                  4.1062181236527294E+003                  1.5927816162310693E+001                  7.7518234153899147E-043 
                                     923                  4.0786930125126297E-001                 -1.1447593190897878E+000                  7.2604752745045680E+000                  4.3563361501831169E-002                  1.5466321887733171E+001                  6.7786780755825415E-001                  3.0205362157131210E-001                  2.0078570870433743E-002                  4.2806991350278558E+003                  1.7032283123102680E+001                  9.2450284916556662E-043 
                                     924                  4.0786640922975642E-001                 -1.1462178526451805E+000                  7.2619360711215739E+000                  4.8108665946617168E-002                  1.5472313911156739E+001                  6.7787148775035244E-001                  3.0204992251631918E-001                  2.0078589733328434E-002                  4.4579344910962927E+003                  1.8211393412947967E+001                  1.1022598128809657E-042 
                                     925                  4.0786351720824993E-001                 -1.1476758135000329E+000                  7.2630314090441086E+000                  5.1524664404483694E-002                  1.5476813978223857E+001                  6.7787433334133740E-001                  3.0204706196254005E-001                  2.0078604696122548E-002                  4.5927450343286064E+003                  1.9148274776478406E+001                  1.2575180992588698E-042 
                                     926                  4.0786207119749679E-001                 -1.1484045681176318E+000                  7.2641254677058074E+000                  5.4924409091929902E-002                  1.5481297719811472E+001                  6.7787725636351659E-001                  3.0204412320913915E-001                  2.0078620427344207E-002                  4.7284746240495842E+003                  2.0130844545858473E+001                  1.4341909588084468E-042 
                                     927                  4.0785917917599029E-001                 -1.1498616668349892E+000                  7.2663112317533249E+000                  6.1706703486606965E-002                  1.5490246704565960E+001                  6.7788335470049921E-001                  3.0203799080074872E-001                  2.0078654498752124E-002                  5.0018556340589712E+003                  2.2244414408551574E+001                  1.8642859607154897E-042 
                                     928                  4.0785339513297741E-001                 -1.1527742999508535E+000                  7.2688611706907409E+000                  6.9670616417237541E-002                  1.5500733532861787E+001                  6.7789083317962073E-001                  3.0203046829867730E-001                  2.0078698521701965E-002                  5.3253353569756127E+003                  2.4990440288099702E+001                  2.5308648636602690E-042 
                                     929                  4.0784905710071795E-001                 -1.1549571786954809E+000                  7.2706807844277730E+000                  7.5356691147811877E-002                  1.5508219737163495E+001                  6.7789642853804710E-001                  3.0202483824756826E-001                  2.0078733214384581E-002                  5.5566803443688750E+003                  2.7151678247960543E+001                  3.1467117894747785E-042 
                                     930                  4.0784616507921151E-001                 -1.1564116682893795E+000                  7.2724976978443303E+000                  8.1015015377270447E-002                  1.5515677432626134E+001                  6.7790224162142609E-001                  3.0201898739061089E-001                  2.0078770987963068E-002                  5.7859548381381201E+003                  2.9491777380035099E+001                  3.9096643108514940E-042 
                                     931                  4.0784182704695193E-001                 -1.1585923588518385E+000                  7.2743143724857768E+000                  8.6697340030403747E-002                  1.5523156618324757E+001                  6.7790825525277243E-001                  3.0201293277470670E-001                  2.0078811972520816E-002                  6.0134105364645093E+003                  3.2031696630000077E+001                  4.8566125099953960E-042 
                                     932                  4.0783893502544549E-001                 -1.1600453846259384E+000                  7.2761283611358447E+000                  9.2351953484103175E-002                  1.5530607341470729E+001                  6.7791446572636227E-001                  3.0200667778541618E-001                  2.0078856488221497E-002                  6.2364088281825816E+003                  3.4780890605652786E+001                  6.0286977540840553E-042 
                                     933                  4.0783459699318575E-001                 -1.1622238715515079E+000                  7.2786655007652996E+000                  1.0026555066641975E-001                  1.5541032739097121E+001                  6.7792347728334523E-001                  3.0199759743163407E-001                  2.0078925285020643E-002                  6.5393849724509855E+003                  3.9019834957555645E+001                  8.1534629655694278E-042 
                                     934                  4.0782881295017304E-001                 -1.1651265482415505E+000                  7.2812015210076071E+000                  1.0821153161054863E-001                  1.5551486142700444E+001                  6.7793282284514500E-001                  3.0198817487718660E-001                  2.0079002277668456E-002                  6.8295260030452582E+003                  4.3767754411281565E+001                  1.1021224866283220E-041 
                                     935                  4.0782447491791329E-001                 -1.1673019236510935E+000                  7.2830112404122991E+000                  1.1388473655245580E-001                  1.5558948462290555E+001                  6.7793969171170809E-001                  3.0198124539581228E-001                  2.0079062892479627E-002                  7.0259437276269155E+003                  4.7499426812051375E+001                  1.3661177068714176E-041 
                                     936                  4.0782158289640696E-001                 -1.1687513938523360E+000                  7.2848183078365318E+000                  1.1953032142109796E-001                  1.5566382427832623E+001                  6.7794671054476163E-001                  3.0197416072259264E-001                  2.0079128732645724E-002                  7.2108407988441340E+003                  5.1535240041882361E+001                  1.6921786038380963E-041 
                                     937                  4.0781724486414739E-001                 -1.1709245283645922E+000                  7.2873458050682185E+000                  1.2743122375949023E-001                  1.5576784347051367E+001                  6.7795675078762652E-001                  3.0196401890070096E-001                  2.0079230311672580E-002                  7.4494415935711349E+003                  5.7751823535927493E+001                  2.2817318946245437E-041 
                                     938                  4.0781146082113440E-001                 -1.1738200328383133E+000                  7.2902319453899791E+000                  1.3647690673186355E-001                  1.5588683810694322E+001                  6.7796848783847830E-001                  3.0195215078124799E-001                  2.0079361380273664E-002                  7.6893964072179615E+003                  6.5759151510201306E+001                  3.2081438165114773E-041 
                                     939                  4.0780567677812157E-001                 -1.1767131195878946E+000                  7.2931144836690249E+000                  1.4551764135811091E-001                  1.5600574270050775E+001                  6.7798043641755334E-001                  3.0194005309575811E-001                  2.0079510486688545E-002                  7.8894514189478386E+003                  7.4844617025327310E+001                  4.5056165499946960E-041 
                                     940                  4.0779989273510886E-001                 -1.1796037751571815E+000                  7.2959934440090359E+000                  1.5455340429930517E-001                  1.5612455712397184E+001                  6.7799251886675505E-001                  3.0192780114448148E-001                  2.0079679988763477E-002                  8.0459685525697487E+003                  8.5148640523903850E+001                  6.3207405109794799E-041 
                                     941                  4.0779410869209576E-001                 -1.1824919860137253E+000                  7.2981517894600580E+000                  1.6135738408982367E-001                  1.5621390309584633E+001                  6.7800162509424167E-001                  3.0191855286517211E-001                  2.0079822040586226E-002                  8.1337919580753533E+003                  9.3782420825062474E+001                  8.1439799848743624E-041 
                                     942                  4.0779121667058904E-001                 -1.1839350889020659E+000                  7.3003052400370452E+000                  1.6809737205934616E-001                  1.5630260683618760E+001                  6.7801073082600272E-001                  3.0190929070150185E-001                  2.0079978472495430E-002                  8.1926382144775489E+003                  1.0324027421393508E+002                  1.0480471051439819E-040 
                                     943                  4.0778543262757611E-001                 -1.1868196075415269E+000                  7.3038899221953129E+000                  1.7932382899236968E-001                  1.5645034313153225E+001                  6.7802582090716235E-001                  3.0189390386573106E-001                  2.0080275227106537E-002                  8.2290570164388373E+003                  1.2110294999921261E+002                  1.5935011619330558E-040 
                                     944                  4.0777675656305679E-001                 -1.1911421553217207E+000                  7.3081872429092671E+000                  1.9283590629701236E-001                  1.5662803543562298E+001                  6.7804359181244811E-001                  3.0187570951274323E-001                  2.0080698674808661E-002                  8.1742524236918971E+003                  1.4656117376358253E+002                  2.6300468082343068E-040 
                                     945                  4.0776808049853747E-001                 -1.1954592061716618E+000                  7.3128323249615210E+000                  2.0740528784142503E-001                  1.5681999166175219E+001                  6.7806216392111152E-001                  3.0185657826348877E-001                  2.0081257815399711E-002                  7.9956230509273128E+003                  1.7997052381557631E+002                  4.5115085430398488E-040 
                                     946                  4.0775795842326512E-001                 -1.2004893406403261E+000                  7.3174714627897419E+000                  2.2199507591022807E-001                  1.5701234353038076E+001                  6.7807976428224070E-001                  3.0183829332947693E-001                  2.0081942388282314E-002                  7.7081917029777105E+003                  2.2076357319498814E+002                  7.7204443597667457E-040 
                                     947                  4.0774928235874591E-001                 -1.2047951296168440E+000                  7.3220984703267922E+000                  2.3647026385344716E-001                  1.5720382164707317E+001                  6.7809614236706484E-001                  3.0182107667413988E-001                  2.0082780958795343E-002                  7.3272933839824927E+003                  2.7035750589873390E+002                  1.3164042076763258E-039 
                                     948                  4.0773916028347351E-001                 -1.2098128196656017E+000                  7.3274261875744466E+000                  2.5311232029050901E-001                  1.5742447420386357E+001                  6.7811329068318849E-001                  3.0180272698503963E-001                  2.0083982331771888E-002                  6.8010083081733310E+003                  3.4096748339611185E+002                  2.4276602212195851E-039 
                                     949                  4.0772759219744781E-001                 -1.2155403172830102E+000                  7.3320401777879933E+000                  2.6761423969012244E-001                  1.5761670623488829E+001                  6.7812651842758043E-001                  3.0178821322318106E-001                  2.0085268349238516E-002                  6.2941586798207227E+003                  4.1646116021373638E+002                  4.1182296809377682E-039 
                                     950                  4.0772036214368168E-001                 -1.2191156340385974E+000                  7.3348742181735416E+000                  2.7649563930579402E-001                  1.5773467794319634E+001                  6.7813383835975938E-001                  3.0177996372348165E-001                  2.0086197916759030E-002                  5.9684331780565262E+003                  4.7059350172397592E+002                  5.6918284289533640E-039 
                                     951                  4.0771602411142216E-001                 -1.2212593636849642E+000                  7.3380532123804381E+000                  2.8635831029134823E-001                  1.5786620720860990E+001                  6.7814129272582435E-001                  3.0177132243013921E-001                  2.0087384844036382E-002                  5.5963770048951501E+003                  5.3929881481163750E+002                  8.1724867007687793E-039 
                                     952                  4.0770734804690290E-001                 -1.2255445411457579E+000                  7.3422895780344151E+000                  2.9957455636658759E-001                  1.5804228282166729E+001                  6.7814997061695392E-001                  3.0176079004336570E-001                  2.0089239339680320E-002                  5.1004954929913865E+003                  6.4615046335020077E+002                  1.3222219708873974E-038 
                                     953                  4.0769867198238335E-001                 -1.2298261077937089E+000                  7.3461677175438727E+000                  3.1169681491595203E-001                  1.5820377591754269E+001                  6.7815663348473809E-001                  3.0175211112018158E-001                  2.0091255395080276E-002                  4.6548469558135594E+003                  7.6162744774540295E+002                  2.0515993877691552E-038 
                                     954                  4.0769144192861717E-001                 -1.2333912272593208E+000                  7.3496867710180940E+000                  3.2268010114297468E-001                  1.5835020335929977E+001                  6.7816160253467128E-001                  3.0174500346520533E-001                  2.0093394000123332E-002                  4.2633573176048121E+003                  8.8324703704775072E+002                  3.0531605850337192E-038 
                                     955                  4.0768421187485149E-001                 -1.2369539545960559E+000                  7.3532007563934991E+000                  3.3365627277909138E-001                  1.5849649839710024E+001                  6.7816553327224005E-001                  3.0173859859803159E-001                  2.0095868129728300E-002                  3.8890649457165787E+003                  1.0230016163752657E+003                  4.5371411446685111E-038 
                                     956                  4.0767698182108575E-001                 -1.2405142909161617E+000                  7.3570590442943242E+000                  3.4569978875762203E-001                  1.5865701180535712E+001                  6.7816864816845024E-001                  3.0173231860188221E-001                  2.0099033229667551E-002                  3.5008288214340373E+003                  1.2003939933672984E+003                  7.0020575129439479E-038 
                                     957                  4.0766830575656693E-001                 -1.2447837080741615E+000                  7.3602155538074401E+000                  3.5564267462462179E-001                  1.5878908306414099E+001                  6.7817025100763140E-001                  3.0172772340005677E-001                  2.0102025592311890E-002                  3.2025525771758153E+003                  1.3668413963269413E+003                  9.9830547514495924E-038 
                                     958                  4.0766396772430757E-001                 -1.2469168084692801E+000                  7.3626645845433520E+000                  3.6330867167263442E-001                  1.5889105861158365E+001                  6.7817089536647501E-001                  3.0172447986956447E-001                  2.0104624763960466E-002                  2.9839086157657471E+003                  1.5103481644890078E+003                  1.3137114153700599E-037 
                                     959                  4.0765818368129458E-001                 -1.2497595987541414E+000                  7.3654614665225546E+000                  3.7209349924867735E-001                  1.5900771759434150E+001                  6.7817098052129621E-001                  3.0172109403032643E-001                  2.0107925448377362E-002                  2.7480016697159376E+003                  1.6912847953098517E+003                  1.7970440935738069E-037 
                                     960                  4.0765239963828220E-001                 -1.2526006942522125E+000                  7.3679070060147511E+000                  3.7980171388964878E-001                  1.5910989286256049E+001                  6.7817050327142792E-001                  3.0171838831222902E-001                  2.0111108416343004E-002                  2.5528652699556660E+003                  1.8657058271266371E+003                  2.3628894968681431E-037 
                                     961                  4.0764806160602279E-001                 -1.2547302939538072E+000                  7.3700006086131467E+000                  3.8639790994666878E-001                  1.5919727797409141E+001                  6.7816962547248250E-001                  3.0171626169270482E-001                  2.0114112834812681E-002                  2.3954054145825016E+003                  2.0276867929228708E+003                  2.9862401781587185E-037 
                                     962                  4.0764372357376344E-001                 -1.2568588693979330E+000                  7.3717445464285856E+000                  3.9191008612313721E-001                  1.5927018235581292E+001                  6.7816856642108558E-001                  3.0171462032117996E-001                  2.0116813257734512E-002                  2.2714738573718919E+003                  2.1721989524160081E+003                  3.6291498767247219E-037 
                                     963                  4.0764083155225717E-001                 -1.2582773006698977E+000                  7.3731383781845130E+000                  3.9631218135083041E-001                  1.5932838740221298E+001                  6.7816751605237691E-001                  3.0171337962489647E-001                  2.0119104322726677E-002                  2.1755848143673006E+003                  2.2942018106313835E+003                  4.2407978276243261E-037 
                                     964                  4.0763793953075078E-001                 -1.2596952502054450E+000                  7.3748790267596078E+000                  4.0180557277631668E-001                  1.5940099746402813E+001                  6.7816595965381010E-001                  3.0171192172450040E-001                  2.0122118621689555E-002                  2.0606915395493361E+003                  2.4551214364238849E+003                  5.1508808528300468E-037 
                                     965                  4.0763360149849137E-001                 -1.2618212952777943E+000                  7.3764459173241734E+000                  4.0677998725963910E-001                  1.5946658629057625E+001                  6.7816429128833922E-001                  3.0171068921561961E-001                  2.0125019496041174E-002                  1.9612664482902076E+003                  2.6084389433206388E+003                  6.1365288311963135E-037 
                                     966                  4.0763143248236167E-001                 -1.2628838563336713E+000                  7.3774894649937828E+000                  4.1008674056697159E-001                  1.5951019057690001E+001                  6.7816301431569082E-001                  3.0170991828234195E-001                  2.0127067401967236E-002                  1.8983743783032364E+003                  2.7149329161601222E+003                  6.8951633841804031E-037 
                                     967                  4.0762926346623191E-001                 -1.2639461250367507E+000                  7.3787062069623195E+000                  4.1394193880889124E-001                  1.5956100664580005E+001                  6.7816139139003073E-001                  3.0170906160724581E-001                  2.0129547002723402E-002                  1.8274369141413445E+003                  2.8438467609305048E+003                  7.8988011132161003E-037 
                                     968                  4.0762637144472558E-001                 -1.2653620310626525E+000                  7.3800963110759152E+000                  4.1835485336393796E-001                  1.5961911074665684E+001                  6.7815934151899748E-001                  3.0170813268341279E-001                  2.0132525797589729E-002                  1.7489230650988281E+003                  2.9974674592472247E+003                  9.2257144729401241E-037 
                                     969                  4.0762347942321941E-001                 -1.2667773959691340E+000                  7.3813122534458548E+000                  4.2222220248623077E-001                  1.5966997649994058E+001                  6.7815737535446696E-001                  3.0170736641410034E-001                  2.0135258231432696E-002                  1.6830293833009569E+003                  3.1375480177569316E+003                  1.0568307228332137E-036 
                                     970                  4.0762131040708965E-001                 -1.2678385486395751E+000                  7.3823538715376236E+000                  4.2553470686986161E-001                  1.5971352776774763E+001                  6.7815557970094298E-001                  3.0170673656244434E-001                  2.0137683736612733E-002                  1.6276252791162879E+003                  3.2619161218367617E+003                  1.1872840004412966E-036 
                                     971                  4.0761914139095978E-001                 -1.2688993848877548E+000                  7.3833950808981816E+000                  4.2884839456858842E-001                  1.5975706765293021E+001                  6.7815366465489524E-001                  3.0170613823142589E-001                  2.0140197113678870E-002                  1.5743614255445777E+003                  3.3903024104346455E+003                  1.3338140095071461E-036 
                                     972                  4.0761697237483008E-001                 -1.2699598995815333E+000                  7.3844358839904203E+000                  4.3216323560049213E-001                  1.5980059614369752E+001                  6.7815161444015015E-001                  3.0170556871097243E-001                  2.0142816848877421E-002                  1.5226757302691233E+003                  3.5226339820838339E+003                  1.4984084325564654E-036 
                                     973                  4.0761480335870032E-001                 -1.2710200876294453E+000                  7.3854762819101945E+000                  4.3547918633348276E-001                  1.5984411322634610E+001                  6.7814942673763556E-001                  3.0170503056290060E-001                  2.0145542699463892E-002                  1.4730826550139204E+003                  3.6589650444572180E+003                  1.6833026042253315E-036 
                                     974                  4.0761263434257061E-001                 -1.2720799440141193E+000                  7.3865162771068968E+000                  4.3879618413983063E-001                  1.5988761888533162E+001                  6.7814712624141549E-001                  3.0170451521808206E-001                  2.0148358540502453E-002                  1.4244556344755001E+003                  3.7994842395684677E+003                  1.8910118349030882E-036 
                                     975                  4.0761046532644080E-001                 -1.2731394638395679E+000                  7.3877288943523354E+000                  4.4266304126359035E-001                  1.5993831997826922E+001                  6.7814425616454266E-001                  3.0170395304874303E-001                  2.0151790786714363E-002                  1.3704779489256721E+003                  3.9684235319830764E+003                  2.1658844771063367E-036 
                                     976                  4.0760757330493430E-001                 -1.2745516363490266E+000                  7.3887683702129907E+000                  4.4598939158826290E-001                  1.5998187158201459E+001                  6.7814166826219024E-001                  3.0170349482720921E-001                  2.0154836910600604E-002                  1.3252999597512155E+003                  4.1179845869688861E+003                  2.4333663570414086E-036 
                                     977                  4.0760612729418105E-001                 -1.2752574819718669E+000                  7.3894609010607493E+000                  4.4820254707063623E-001                  1.6001085229946170E+001                  6.7813986436786777E-001                  3.0170320501987785E-001                  2.0156930612254431E-002                  1.2962371042053867E+003                  4.2198915796782994E+003                  2.6297114129030812E-036 
                                     978                  4.0760468128342786E-001                 -1.2759631718263855E+000                  7.3904126042508365E+000                  4.5124119320486061E-001                  1.6005064411088924E+001                  6.7813732018380646E-001                  3.0170282053085584E-001                  2.0159859285337700E-002                  1.2568573084785089E+003                  4.3632430155202001E+003                  2.9257382014697821E-036 
                                     979                  4.0760215076460971E-001                 -1.2771977619836519E+000                  7.3916236875535386E+000                  4.5511576325713998E-001                  1.6010133612965955E+001                  6.7813389322703832E-001                  3.0170236097007014E-001                  2.0163745802891597E-002                  1.2084791424924570E+003                  4.5506042962465208E+003                  3.3515273172535819E-036 
                                     980                  4.0759962024579161E-001                 -1.2784318646209891E+000                  7.3928342362543331E+000                  4.5899108995682136E-001                  1.6015201242831431E+001                  6.7813025914481795E-001                  3.0170193532886458E-001                  2.0167805526317473E-002                  1.1621964276900615E+003                  4.7433630942578620E+003                  3.8395228423410005E-036 
                                     981                  4.0759708972697345E-001                 -1.2796654736011521E+000                  7.3940442530399570E+000                  4.6286697609092048E-001                  1.6020267296500847E+001                  6.7812643330904954E-001                  3.0170154137225424E-001                  2.0172025318696218E-002                  1.1176645041403935E+003                  4.9416168801598333E+003                  4.3989095001071808E-036 
                                     982                  4.0759455920815529E-001                 -1.2808985833042823E+000                  7.3951674603357853E+000                  4.6646829388770433E-001                  1.6024971973573439E+001                  6.7812269155294957E-001                  3.0170120723772381E-001                  2.0176101209326669E-002                  1.0783146873528408E+003                  5.1304378573467375E+003                  4.9915671476823306E-036 
                                     983                  4.0759239019202548E-001                 -1.2819551293780400E+000                  7.3962037768906717E+000                  4.6979087520748919E-001                  1.6029311773061011E+001                  6.7811908986189795E-001                  3.0170092022324557E-001                  2.0179989914856478E-002                  1.0431430702458320E+003                  5.3087308876807110E+003                  5.6096250323751461E-036 
                                     984                  4.0759022117589561E-001                 -1.2830113020789142E+000                  7.3975844696749675E+000                  4.7421125254851915E-001                  1.6035087037247592E+001                  6.7811410926203985E-001                  3.0170056578355248E-001                  2.0185324954407724E-002                  9.9758164719858053E+002                  5.5526613799854667E+003                  6.5546604624509557E-036 
                                     985                  4.0758660614901271E-001                 -1.2847707851148868E+000                  7.3993099580353876E+000                  4.7974810597905804E-001                  1.6042314944166741E+001                  6.7810748248654029E-001                  3.0170017672373578E-001                  2.0192340789723984E-002                  9.4353704366946113E+002                  5.8663769983741959E+003                  7.9658189202643241E-036 
                                     986                  4.0758299112212976E-001                 -1.2865292151913532E+000                  7.4010343904627724E+000                  4.8528336763092556E-001                  1.6049539583164229E+001                  6.7810040614159073E-001                  3.0169985006470784E-001                  2.0199743793701375E-002                  8.9305208424622924E+002                  6.1888573445456705E+003                  9.6839776265501524E-036 
                                     987                  4.0757937609524686E-001                 -1.2882865865623663E+000                  7.4027577747136215E+000                  4.9081661506433411E-001                  1.6056760939760323E+001                  6.7809293465302878E-001                  3.0169957699465322E-001                  2.0207488352318004E-002                  8.4506402362478673E+002                  6.5199541555712558E+003                  1.1777246518436146E-035 
                                     988                  4.0757576106836396E-001                 -1.2900428951418201E+000                  7.4044801184740781E+000                  4.9634781933656452E-001                  1.6063978999465853E+001                  6.7808504907733969E-001                  3.0169935971057271E-001                  2.0215591212087602E-002                  7.9978318757177044E+002                  6.8583813549759134E+003                  1.4329329096228770E-035 
                                     989                  4.0757214604148068E-001                 -1.2917981369198301E+000                  7.4062014292894984E+000                  5.0187696284897387E-001                  1.6071193747786094E+001                  6.7807672790748663E-001                  3.0169919977260423E-001                  2.0224072319909192E-002                  7.5714126483956773E+002                  7.2024762199191173E+003                  1.7443216252987044E-035 
                                     990                  4.0756853101459750E-001                 -1.2935523079169977E+000                  7.4076641062923576E+000                  5.0658268990638355E-001                  1.6077331061070346E+001                  6.7806934838754940E-001                  3.0169910500474517E-001                  2.0231546607705431E-002                  7.2266446239978154E+002                  7.4991288801373676E+003                  2.0627232029962494E-035 
                                     991                  4.0756600049577957E-001                 -1.2947795712163517E+000                  7.4094684064634802E+000                  5.1236223381620516E-001                  1.6084878692750163E+001                  6.7805976803954726E-001                  3.0169904831788191E-001                  2.0241183642570881E-002                  6.8271449840982291E+002                  7.8664380649969617E+003                  2.5382257977550073E-035 
                                     992                  4.0756093945814365E-001                 -1.2972326119482138E+000                  7.4119594870033652E+000                  5.2036584038676337E-001                  1.6095320993791741E+001                  6.7804580007888959E-001                  3.0169907286353953E-001                  2.0255127057570821E-002                  6.3132271425672491E+002                  8.3754268777492653E+003                  3.3853131520627774E-035 
                                     993                  4.0755551691781911E-001                 -1.2998585354162644E+000                  7.4143632801322381E+000                  5.2810159987540328E-001                  1.6105408640941000E+001                  6.7803152997855876E-001                  3.0169921232610425E-001                  2.0269257695336940E-002                  5.8562822035104955E+002                  8.8625997405987218E+003                  4.4780764909427178E-035 
                                     994                  4.0755081738287124E-001                 -1.3021323206993392E+000                  7.4167643200485047E+000                  5.3581628898406597E-001                  1.6115473410870308E+001                  6.7801650904123800E-001                  3.0169947250194251E-001                  2.0284018456819486E-002                  5.4363695232589032E+002                  9.3369822444703932E+003                  5.9329506407316531E-035 
                                     995                  4.0754539484254704E-001                 -1.3047536639463941E+000                  7.4193351632427218E+000                  5.4408607595036207E-001                  1.6126258415644418E+001                  6.7799965286073360E-001                  3.0169989131855962E-001                  2.0300455820706720E-002                  5.0228579279961605E+002                  9.8234055618610910E+003                  8.0379790369670378E-035 
                                     996                  4.0753997230222266E-001                 -1.3073725369645053E+000                  7.4216476391964390E+000                  5.5153632765799221E-001                  1.6135969918050733E+001                  6.7798388994329861E-001                  3.0170039840028318E-001                  2.0315711656418212E-002                  4.6795069934155987E+002                  1.0234218950020411E+004                  1.0587428763118066E-034 
                                     997                  4.0753563426996303E-001                 -1.3094658034701341E+000                  7.4238718690554553E+000                  5.5868722618812527E-001                  1.6145297001413816E+001                  6.7796821960514431E-001                  3.0170101531008597E-001                  2.0330765084769720E-002                  4.3744575736140109E+002                  1.0595756779911999E+004                  1.3829215129711295E-034 
                                     998                  4.0753057323232672E-001                 -1.3119059685334640E+000                  7.4273727862286272E+000                  5.6988995000727138E-001                  1.6159929538326498E+001                  6.7794267302096600E-001                  3.0170228429389051E-001                  2.0355042685143543E-002                  3.9423877237138646E+002                  1.1077215038174778E+004                  2.1151090892792735E-034 
                                     999                  4.0752081265974188E-001                 -1.3166065258889073E+000                  7.4312178854997741E+000                  5.8231975239194123E-001                  1.6176115052337330E+001                  6.7791401417511044E-001                  3.0170409505630452E-001                  2.0381890768585098E-002                  3.5152753170615335E+002                  1.1469753125477808E+004                  3.3990491810627743E-034 
                                    1000                  4.0751430561135210E-001                 -1.3197353634205813E+000                  7.4344581845710467E+000                  5.9274344000113011E-001                  1.6189708324341211E+001                  6.7788958357833939E-001                  3.0170604764890607E-001                  2.0404368772754533E-002                  3.1968308519208006E+002                  1.1656924756545917E+004                  5.0995943081734318E-034 
                                    1001                  4.0750707555758592E-001                 -1.3232076579484033E+000                  7.4375264644229260E+000                  6.0264117769163128E-001                  1.6202605099569993E+001                  6.7786653060590762E-001                  3.0170828658585630E-001                  2.0425182808236020E-002                  2.9221157811617030E+002                  1.1704662927888225E+004                  7.5290516594022201E-034 
                                    1002                  4.0750129151457271E-001                 -1.3259821452524503E+000                  7.4409287761208089E+000                  6.1355814668154129E-001                  1.6216853118718216E+001                  6.7784143559883581E-001                  3.0171131488168962E-001                  2.0447249519474520E-002                  2.6490262835143670E+002                  1.1599052748099748E+004                  1.1666142978196431E-033 
                                    1003                  4.0749261545005289E-001                 -1.3301388147550137E+000                  7.4443321670397795E+000                  6.2455724743271868E-001                  1.6231177812759892E+001                  6.7781717721092694E-001                  3.0171496752305632E-001                  2.0467855266016688E-002                  2.3999074518617178E+002                  1.1341718457546629E+004                  1.8202734422197891E-033 
                                    1004                  4.0748683140703990E-001                 -1.3329060707060438E+000                  7.4475583019151026E+000                  6.3491771998391477E-001                  1.6244697044361441E+001                  6.7779516866394740E-001                  3.0171911688121261E-001                  2.0485714454840043E-002                  2.1862700731486473E+002                  1.0968008008433162E+004                  2.7904369923797107E-033 
                                    1005                  4.0747887834789709E-001                 -1.3367065404986960E+000                  7.4504461358776988E+000                  6.4425747019986734E-001                  1.6256859001847467E+001                  6.7777646261598490E-001                  3.0172345271111312E-001                  2.0500084672901986E-002                  2.0088235020947582E+002                  1.0555222859186311E+004                  4.1103374159129398E-033 
                                    1006                  4.0747454031563718E-001                 -1.3387770217224471E+000                  7.4538329328252795E+000                  6.5508400587095894E-001                  1.6271007220240026E+001                  6.7775571601367046E-001                  3.0172944082728836E-001                  2.0514843159041174E-002                  1.8192164828681661E+002                  1.0008256142780705E+004                  6.5034079336613205E-033 
                                    1007                  4.0746441824036334E-001                 -1.3436025984783950E+000                  7.4577322385187923E+000                  6.6769250652652123E-001                  1.6287428229071995E+001                  6.7773352928756370E-001                  3.0173764733395303E-001                  2.0528823378483274E-002                  1.6172711874112773E+002                  9.3762658570789172E+003                  1.1107149606479752E-032 
                                    1008                  4.0745791119197411E-001                 -1.3466996682923806E+000                  7.4604408123124095E+000                  6.7642531198806155E-001                  1.6298811954060486E+001                  6.7771871554056251E-001                  3.0174432228607634E-001                  2.0536962173361095E-002                  1.4878530540793221E+002                  8.9781813584837691E+003                  1.6165222339240002E-032 
                                    1009                  4.0745285015433752E-001                 -1.3491058693296387E+000                  7.4636506661377071E+000                  6.8670898973284034E-001                  1.6312243466827837E+001                  6.7770218924753700E-001                  3.0175340723804223E-001                  2.0544403514420773E-002                  1.3450583862197257E+002                  8.5994549666150833E+003                  2.5295401014454285E-032 
                                    1010                  4.0744417408981759E-001                 -1.3532260027636038E+000                  7.4670314360088588E+000                  6.9762541727676664E-001                  1.6326468143728984E+001                  6.7768498549236367E-001                  3.0176453579442036E-001                  2.0550478713216025E-002                  1.2048259964720660E+002                  8.3649720253001778E+003                  4.0691010215158240E-032 
                                    1011                  4.0743839004680465E-001                 -1.3559688793748832E+000                  7.4699000604117165E+000                  7.0684548159985094E-001                  1.6338499215807921E+001                  6.7767034070402488E-001                  3.0177540519932133E-001                  2.0554254096653790E-002                  1.0943630260821372E+002                  8.3324245853045304E+003                  6.1036322359621616E-032 
                                    1012                  4.0743188299841399E-001                 -1.3590511785199924E+000                  7.4727672812443284E+000                  7.1607612556536804E-001                  1.6350538246441314E+001                  6.7765526974953938E-001                  3.0178775541412856E-001                  2.0556974836332120E-002                  9.9132359120760597E+001                  8.4792243789076238E+003                  9.1700830768997588E-032 
                                    1013                  4.0742609895540072E-001                 -1.3617878445652061E+000                  7.4759668273332309E+000                  7.2633946436577923E-001                  1.6363938521795909E+001                  6.7763748325987350E-001                  3.0180352271425087E-001                  2.0558994025875688E-002                  8.8537455095013229E+001                  8.8754812988881604E+003                  1.4463734545444398E-031 
                                    1014                  4.0741814589625747E-001                 -1.3655462010149577E+000                  7.4798372664239832E+000                  7.3877600248926767E-001                  1.6380167465562661E+001                  6.7761385769331683E-001                  3.0182581160123534E-001                  2.0560330705447827E-002                  7.6990107201993141E+001                  9.7064750799457761E+003                  2.5145656600569327E-031 
                                    1015                  4.0740946983173737E-001                 -1.3696399945949547E+000                  7.4827409810947962E+000                  7.4816877750923749E-001                  1.6392399477063346E+001                  6.7759413697274296E-001                  3.0184511923408369E-001                  2.0560743793173408E-002                  6.9263695142803513E+001                  1.0594054974734086E+004                  3.8118444031534906E-031 
                                    1016                  4.0740567405350975E-001                 -1.3714287325751842E+000                  7.4845052134235086E+000                  7.5384116996258432E-001                  1.6399799652123090E+001                  6.7758107338670259E-001                  3.0185810750063535E-001                  2.0560819112662054E-002                  6.4891626121721430E+001                  1.1239225038633684E+004                  4.9082793304268725E-031 
                                    1017                  4.0740187827528213E-001                 -1.3732162021210101E+000                  7.4860170385756248E+000                  7.5870835415717708E-001                  1.6406146657041223E+001                  6.7756907133744637E-001                  3.0187016627159047E-001                  2.0560762390963161E-002                  6.1609511982379914E+001                  1.1874595561241194E+004                  6.0962193242788179E-031 
                                    1018                  4.0739916700511986E-001                 -1.3744921705865252E+000                  7.4872760421819349E+000                  7.6275618246591259E-001                  1.6411427168675605E+001                  6.7755856032349682E-001                  3.0188076369142020E-001                  2.0560675985082932E-002                  5.8932321557558616E+001                  1.2445113439399163E+004                  7.3021498061045701E-031 
                                    1019                  4.0739645573495770E-001                 -1.3757674902226082E+000                  7.4886183270822260E+000                  7.6706989036906648E-001                  1.6417055096670421E+001                  6.7754674719156693E-001                  3.0189273494057700E-001                  2.0560517867856065E-002                  5.6343255684915313E+001                  1.3108546364892814E+004                  8.8516606117343700E-031 
                                    1020                  4.0739338296210720E-001                 -1.3772120730811928E+000                  7.4900440111087896E+000                  7.7165366869328178E-001                  1.6423034371752347E+001                  6.7753348634553301E-001                  3.0190618349123671E-001                  2.0560330163230223E-002                  5.3731175913234665E+001                  1.3867617716921010E+004                  1.0858950623905203E-030 
                                    1021                  4.0739031018925675E-001                 -1.3786558203516384E+000                  7.4912807160970534E+000                  7.7563382157754568E-001                  1.6428224516642878E+001                  6.7752133877200738E-001                  3.0191850834171624E-001                  2.0560152886276439E-002                  5.1701680576605142E+001                  1.4579390310582039E+004                  1.2965191978926672E-030 
                                    1022                  4.0738805079745455E-001                 -1.3797168563473015E+000                  7.4923281968632178E+000                  7.7900169430279587E-001                  1.6432617387493035E+001                  6.7751054345560102E-001                  3.0192950354153586E-001                  2.0559953002863063E-002                  5.0050392687547266E+001                  1.5216344205804711E+004                  1.5064967547169906E-030 
                                    1023                  4.0738579140565245E-001                 -1.3807774393782124E+000                  7.4933753277520871E+000                  7.8236854321764338E-001                  1.6437008719353042E+001                  6.7749918182043634E-001                  3.0194110303332017E-001                  2.0559715146243551E-002                  4.8563073200069375E+001                  1.5889446867582619E+004                  1.7503242478853224E-030 
                                    1024                  4.0738353201385030E-001                 -1.3818375688175888E+000                  7.4944221074508883E+000                  7.8573432433977308E-001                  1.6441398509989675E+001                  6.7748738075774007E-001                  3.0195318717320285E-001                  2.0559432069057082E-002                  4.7171881012669516E+001                  1.6597672394638244E+004                  2.0334131482879619E-030 
                                    1025                  4.0738127262204826E-001                 -1.3828972441425476E+000                  7.4952803623016191E+000                  7.8849673903685380E-001                  1.6445000137939207E+001                  6.7747725554297344E-001                  3.0196360275635331E-001                  2.0559141700673189E-002                  4.6198631761767324E+001                  1.7208519820965968E+004                  2.2992956557237933E-030 
                                    1026                  4.0737982661129496E-001                 -1.3835751937148033E+000                  7.4959499287843867E+000                  7.9064974339641614E-001                  1.6447807969069974E+001                  6.7746913214721149E-001                  3.0197192649782867E-001                  2.0558941354959837E-002                  4.5430787759042367E+001                  1.7700675344536452E+004                  2.5305423105576321E-030 
                                    1027                  4.0737838060054171E-001                 -1.3842529568702115E+000                  7.4966193486628372E+000                  7.9280234630906432E-001                  1.6450615166656583E+001                  6.7746073137647878E-001                  3.0198051830747419E-001                  2.0558750316047036E-002                  4.4703477515748226E+001                  1.8208103701328419E+004                  2.7849126210083091E-030 
                                    1028                  4.0737693458978846E-001                 -1.3849305334133737E+000                  7.4972886215173942E+000                  7.9495453190667309E-001                  1.6453421730114442E+001                  6.7745209903001113E-001                  3.0198933691892893E-001                  2.0558564051059935E-002                  4.4034651982741927E+001                  1.8731966941172235E+004                  3.0646981568119317E-030 
                                    1029                  4.0737548857903522E-001                 -1.3856079231729708E+000                  7.4981248666207776E+000                  7.9764133662598746E-001                  1.6456926317542109E+001                  6.7744112934775258E-001                  3.0200051568226338E-001                  2.0558354969984038E-002                  4.3244873213987937E+001                  1.9409802836560066E+004                  3.4539165720548031E-030 
                                    1030                  4.0737331956290540E-001                 -1.3866236625295538E+000                  7.4991282199241791E+000                  8.0086811007893188E-001                  1.6461133799236748E+001                  6.7742719647965211E-001                  3.0201474872914214E-001                  2.0558054791205760E-002                  4.2406700852513843E+001                  2.0257795072896381E+004                  3.9864806627431944E-030 
                                    1031                  4.0737115054677558E-001                 -1.3876389805482923E+000                  7.5001312358696435E+000                  8.0409398109726538E-001                  1.6465339849227590E+001                  6.7741263596966961E-001                  3.0202967011646065E-001                  2.0557693913869746E-002                  4.1653129429063455E+001                  2.1143667167490588E+004                  4.6005798804764213E-030 
                                    1032                  4.0736898153064577E-001                 -1.3886538765565710E+000                  7.5011339128331711E+000                  8.0731895229401185E-001                  1.6469544465530184E+001                  6.7739745826862552E-001                  3.0204514559674428E-001                  2.0557396134630146E-002                  4.0992824868146798E+001                  2.2072307637771490E+004                  5.3085708530505887E-030 
                                    1033                  4.0736681251451601E-001                 -1.3896683498720170E+000                  7.5020110821873249E+000                  8.1014229050120379E-001                  1.6473224467840126E+001                  6.7738356201709027E-001                  3.0205940063394809E-001                  2.0557037348961638E-002                  4.0541376361472423E+001                  2.2918501509503985E+004                  6.0163664181864276E-030 
                                    1034                  4.0736518575241865E-001                 -1.3904289239389693E+000                  7.5027626398072860E+000                  8.1255982500992419E-001                  1.6476376033979566E+001                  6.7737135731555376E-001                  3.0207191190443217E-001                  2.0556730780014076E-002                  4.0154486940916485E+001                  2.3669078886351028E+004                  6.6969746471604724E-030 
                                    1035                  4.0736355899032128E-001                 -1.3911892595712279E+000                  7.5038891968504666E+000                  8.1617678836384988E-001                  1.6481093638440079E+001                  6.7735227529921060E-001                  3.0209143692818680E-001                  2.0556287772602655E-002                  3.9648136877234066E+001                  2.4841799213266571E+004                  7.8630057883832468E-030 
                                    1036                  4.0736030546612662E-001                 -1.3927092377423771E+000                  7.5051411754212101E+000                  8.2021013770147633E-001                  1.6486348589408738E+001                  6.7732974628338805E-001                  3.0211455384878061E-001                  2.0555699867831345E-002                  3.9263950556636971E+001                  2.6215717586904644E+004                  9.3977270689628214E-030 
                                    1037                  4.0735813644999691E-001                 -1.3937220127638019E+000                  7.5061421178817023E+000                  8.2343076550753680E-001                  1.6490546007377791E+001                  6.7731103953222183E-001                  3.0213359923805827E-001                  2.0555361229719904E-002                  3.8991345706653142E+001                  2.7369780858823364E+004                  1.0836007359280136E-029 
                                    1038                  4.0735596743386715E-001                 -1.3947343612546437E+000                  7.5070594118441081E+000                  8.2638386164674849E-001                  1.6494393859496565E+001                  6.7729299340525495E-001                  3.0215211755005328E-001                  2.0554889044691826E-002                  3.8833725063508354E+001                  2.8471535691704190E+004                  1.2345538759891732E-029 
                                    1039                  4.0735415992042567E-001                 -1.3955776560761917E+000                  7.5078929878364384E+000                  8.2906644780444483E-001                  1.6497889489409236E+001                  6.7727613221490435E-001                  3.0216939923874381E-001                  2.0554468546351901E-002                  3.8720344196763470E+001                  2.9511430642798863E+004                  1.3897697215241960E-029 
                                    1040                  4.0735235240698414E-001                 -1.3964206535753108E+000                  7.5087263149210761E+000                  8.3174842276537453E-001                  1.6501384112836408E+001                  6.7725880856996790E-001                  3.0218719406673844E-001                  2.0553997363293663E-002                  3.8647703351849245E+001                  3.0588911932556453E+004                  1.5643189495140436E-029 
                                    1041                  4.0735054489354267E-001                 -1.3972633533106538E+000                  7.5095593916638848E+000                  8.3442992227303847E-001                  1.6504877728587125E+001                  6.7724063644914834E-001                  3.0220581677306452E-001                  2.0553546777787091E-002                  3.8621707981049184E+001                  3.1706011100765227E+004                  1.7605896744494670E-029 
                                    1042                  4.0734873738010108E-001                 -1.3981057545749476E+000                  7.5103922165498878E+000                  8.3711094006652320E-001                  1.6508370335460395E+001                  6.7722163336417851E-001                  3.0222527190725307E-001                  2.0553094728568366E-002                  3.8642287399670749E+001                  3.2864031148629248E+004                  1.9812553208080426E-029 
                                    1043                  4.0734692986665960E-001                 -1.3989478566696207E+000                  7.5112247881275147E+000                  8.3979140034032351E-001                  1.6511861932241132E+001                  6.7720202599070023E-001                  3.0224531774545504E-001                  2.0552656263844726E-002                  3.8693797185420252E+001                  3.4064196509095687E+004                  2.2293084834885288E-029 
                                    1044                  4.0734512235321813E-001                 -1.3997896590403409E+000                  7.5121818149850448E+000                  8.4287084641987442E-001                  1.6515873694176655E+001                  6.7717876593320159E-001                  3.0226904244539821E-001                  2.0552191621400207E-002                  3.8789368554962842E+001                  3.5498198182589127E+004                  2.5527417716561963E-029 
                                    1045                  4.0734277258574414E-001                 -1.4008835579293708E+000                  7.5132633937457438E+000                  8.4635390278136691E-001                  1.6520409760662488E+001                  6.7715115308972773E-001                  3.0229727140891338E-001                  2.0551575501358887E-002                  3.8950150835962241E+001                  3.7191877165402235E+004                  2.9747217780079704E-029 
                                    1046                  4.0734042281827021E-001                 -1.4019769478323785E+000                  7.5143445361184060E+000                  8.4983608789061260E-001                  1.6524944112941355E+001                  6.7712230066731460E-001                  3.0232685973949680E-001                  2.0550839593188597E-002                  3.9158029681250056E+001                  3.8965210393567737E+004                  3.4657254462243960E-029 
                                    1047                  4.0733807305079633E-001                 -1.4030698273307491E+000                  7.5154252388759435E+000                  8.5331747711268413E-001                  1.6529476748258070E+001                  6.7709202655664857E-001                  3.0235774797541548E-001                  2.0550225467935945E-002                  3.9414049227240803E+001                  4.0824077604667087E+004                  4.0369060413929132E-029 
                                    1048                  4.0733572328332240E-001                 -1.4041621948071927E+000                  7.5165262465714324E+000                  8.5686458600390603E-001                  1.6534094335221152E+001                  6.7705952514862822E-001                  3.0239112739846019E-001                  2.0549347452911593E-002                  3.9730412395462949E+001                  4.2807983115105933E+004                  4.7149825048369487E-029 
                                    1049                  4.0733328314017625E-001                 -1.4052960335645881E+000                  7.5176475735368866E+000                  8.6047817782189562E-001                  1.6538797662425484E+001                  6.7702507347102447E-001                  3.0242640857944419E-001                  2.0548517949531275E-002                  4.0077943386463502E+001                  4.4928636888096800E+004                  5.5218241223004026E-029 
                                    1050                  4.0733084299703021E-001                 -1.4064293166063482E+000                  7.5187684154893306E+000                  8.6409100619347623E-001                  1.6543499128737231E+001                  6.7698880022657693E-001                  3.0246354955524057E-001                  2.0547650218182500E-002                  4.0467016045390992E+001                  4.7154256194290960E+004                  6.4652010182641113E-029 
                                    1051                  4.0732840285388400E-001                 -1.4075620418397188E+000                  7.5198887685463278E+000                  8.6770306190993418E-001                  1.6548198730902470E+001                  6.7695073845144349E-001                  3.0250251416584578E-001                  2.0546747382710784E-002                  4.0889181491759985E+001                  4.9489957789907989E+004                  7.5679269174546491E-029 
                                    1052                  4.0732596271073795E-001                 -1.4086942071828112E+000                  7.5210293396291430E+000                  8.7138085721538938E-001                  1.6552982983267935E+001                  6.7690979836610443E-001                  3.0254441485461403E-001                  2.0545786779281539E-002                  4.1355634975276104E+001                  5.1988104171388899E+004                  8.8823741981546901E-029 
                                    1053                  4.0732343219191980E-001                 -1.4098677116598071E+000                  7.5221901416232715E+000                  8.7512517862887351E-001                  1.6557852699716456E+001                  6.7686622824291909E-001                  3.0258901594942256E-001                  2.0544755807658355E-002                  4.1856712744797512E+001                  5.4661000399404373E+004                  1.0452826942661100E-028 
                                    1054                  4.0732090167310164E-001                 -1.4110406090865451E+000                  7.5232262391046048E+000                  8.7847021827640892E-001                  1.6562201462955876E+001                  6.7682563843762100E-001                  3.0263056608900291E-001                  2.0543795473376036E-002                  4.2327688802495359E+001                  5.7163861396164815E+004                  1.2085836763303730E-028 
                                    1055                  4.0731891340831605E-001                 -1.4119617395391753E+000                  7.5241375390570582E+000                  8.8141119541326640E-001                  1.6566024822920738E+001                  6.7678816490785021E-001                  3.0266892529308465E-001                  2.0542909799065145E-002                  4.2759775734816770E+001                  5.9461060579816243E+004                  1.3729953585398087E-028 
                                    1056                  4.0731692514353035E-001                 -1.4128824922125673E+000                  7.5250485012513408E+000                  8.8435181675412400E-001                  1.6569846934349886E+001                  6.7674905900507931E-001                  3.0270895466958947E-001                  2.0541986325331218E-002                  4.3206914874225149E+001                  6.1851122082704838E+004                  1.5595185050682293E-028 
                                    1057                  4.0731493687874470E-001                 -1.4138028656091055E+000                  7.5259591232951975E+000                  8.8729202037580723E-001                  1.6573667795296029E+001                  6.7670850661256665E-001                  3.0275046445347897E-001                  2.0541028933954375E-002                  4.3667668721761551E+001                  6.4337488212944540E+004                  1.7710858813809759E-028 
                                    1058                  4.0731294861395900E-001                 -1.4147228583552045E+000                  7.5270140441684550E+000                  8.9069638563898901E-001                  1.6578091983377565E+001                  6.7665977382904530E-001                  3.0280034759967950E-001                  2.0539878571275150E-002                  4.4217305672013538E+001                  6.7344069386268573E+004                  2.0519784028386881E-028 
                                    1059                  4.0731032771946896E-001                 -1.4159349990086902E+000                  7.5282133580240727E+000                  8.9457108319147483E-001                  1.6583124765502696E+001                  6.7660125351694078E-001                  3.0286024767726472E-001                  2.0538498805794503E-002                  4.4862832985120654E+001                  7.0937251832193273E+004                  2.4253854599071068E-028 
                                    1060                  4.0730770682497891E-001                 -1.4171464720140892E+000                  7.5294120657333741E+000                  8.9844525970262845E-001                  1.6588155362643690E+001                  6.7653962864493178E-001                  3.0292339903174847E-001                  2.0536972323319747E-002                  4.5528078985093970E+001                  7.4722762361241228E+004                  2.8659156765393988E-028 
                                    1061                  4.0730508593048881E-001                 -1.4183572735918442E+000                  7.5306101610901628E+000                  9.0231903041495198E-001                  1.6593183769979529E+001                  6.7647461320647029E-001                  3.0298979443162538E-001                  2.0535592361904387E-002                  4.6212167142144729E+001                  7.8715745236656177E+004                  3.3854768940463084E-028 
                                    1062                  4.0730246503599876E-001                 -1.4195673996149281E+000                  7.5315601547934490E+000                  9.0539582118003159E-001                  1.6597174838268295E+001                  6.7642038183116693E-001                  3.0304538120045027E-001                  2.0534236968382746E-002                  4.6768595873125044E+001                  8.2034545733720137E+004                  3.8631336068355464E-028 
                                    1063                  4.0730092864957357E-001                 -1.4202764618343466E+000                  7.5322619092233030E+000                  9.0766626509291193E-001                  1.6600120461556610E+001                  6.7637904800825543E-001                  3.0308767271844167E-001                  2.0533279273302840E-002                  4.7185833105556014E+001                  8.4577807566302698E+004                  4.2583226709669998E-028 
                                    1064                  4.0729939226314832E-001                 -1.4209852896262301E+000                  7.5333137923519766E+000                  9.1106435659849128E-001                  1.6604530307006073E+001                  6.7631469664699939E-001                  3.0315354046728810E-001                  2.0531762885712457E-002                  4.7821409615480590E+001                  8.8540282347993838E+004                  4.9268847655968900E-028 
                                    1065                  4.0729631949029760E-001                 -1.4224022576021649E+000                  7.5346336403961631E+000                  9.1533996839382670E-001                  1.6610072994769990E+001                  6.7622937023547713E-001                  3.0324086519388072E-001                  2.0529764570642151E-002                  4.8638263080235610E+001                  9.3785735378125741E+004                  5.9151512607441767E-028 
                                    1066                  4.0729360822013549E-001                 -1.4236517304063492E+000                  7.5358701929441416E+000                  9.1934605574481831E-001                  1.6615264816804018E+001                  6.7614503620072386E-001                  3.0332717141441901E-001                  2.0527792384857135E-002                  4.9420809324344809E+001                  9.8988816905085681E+004                  7.0185636373044760E-028 
                                    1067                  4.0729089694997334E-001                 -1.4249004589068361E+000                  7.5371060494641320E+000                  9.2335213648188219E-001                  1.6620454265077729E+001                  6.7605585013244818E-001                  3.0341843874407154E-001                  2.0525711123480228E-002                  5.0219713061168157E+001                  1.0448668738292308E+005                  8.3252601726685198E-028 
                                    1068                  4.0728818567981101E-001                 -1.4261484371238526E+000                  7.5380327424899596E+000                  9.2636250040321355E-001                  1.6624350362672363E+001                  6.7598557010595073E-001                  3.0349027548424784E-001                  2.0524154409801376E-002                  5.0830058237635789E+001                  1.0881817897753224E+005                  9.4612506916632123E-028 
                                    1069                  4.0728683004472988E-001                 -1.4267721363000310E+000                  7.5386501401143349E+000                  9.2836553158378166E-001                  1.6626943277339823E+001                  6.7593726884237049E-001                  3.0353986019899892E-001                  2.0522870958630590E-002                  5.1241409200104123E+001                  1.1180107891793331E+005                  1.0302055468543094E-027 
                                    1070                  4.0728547440964863E-001                 -1.4273956456238164E+000                  7.5396372688364242E+000                  9.3156282986748939E-001                  1.6631083590445581E+001                  6.7585807558262012E-001                  3.0362191829768731E-001                  2.0520006119692624E-002                  5.1906775301476493E+001                  1.1672741601048315E+005                  1.1802718144200211E-027 
                                    1071                  4.0728249201247052E-001                 -1.4287667133649860E+000                  7.5409942728264063E+000                  9.3597005543723211E-001                  1.6636783857614436E+001                  6.7574197068226360E-001                  3.0374055307443726E-001                  2.0517476243299138E-002                  5.2839105562320000E+001                  1.2390985356080226E+005                  1.4226388977957166E-027 
                                    1072                  4.0727950961529241E-001                 -1.4301368487866677E+000                  7.5423503851754523E+000                  9.4037833383996072E-001                  1.6642481218921063E+001                  6.7561728324308867E-001                  3.0386581878389335E-001                  2.0516897973017922E-002                  5.3789942957299090E+001                  1.3159812017375059E+005                  1.7141440823737727E-027 
                                    1073                  4.0727652721811419E-001                 -1.4315060403310409E+000                  7.5437055913635200E+000                  9.4478625924217052E-001                  1.6648175664508074E+001                  6.7548743322570792E-001                  3.0399931708451816E-001                  2.0513249689773971E-002                  5.4759622460156201E+001                  1.3970241195850048E+005                  2.0646338364915227E-027 
                                    1074                  4.0727354482093608E-001                 -1.4328742808054644E+000                  7.5446601863493239E+000                  9.4790035397380035E-001                  1.6652193348218226E+001                  6.7538998602246358E-001                  3.0409961882404046E-001                  2.0510395153495953E-002                  5.5454920312448372E+001                  1.4572105725199595E+005                  2.3534974484813230E-027 
                                    1075                  4.0727232474936298E-001                 -1.4334337305099452E+000                  7.5452140556942275E+000                  9.4970414795541525E-001                  1.6654521178562476E+001                  6.7533186799426037E-001                  3.0415921578548433E-001                  2.0508916220255302E-002                  5.5862273744163744E+001                  1.4934023412071262E+005                  2.5390887729204496E-027 
                                    1076                  4.0727110467778982E-001                 -1.4339930183296081E+000                  7.5460443590188557E+000                  9.5240559529429847E-001                  1.6658007526271440E+001                  6.7524187432176297E-001                  3.0425119003376461E-001                  2.0506935644472479E-002                  5.6478458536654898E+001                  1.5494945223665025E+005                  2.8448217813213214E-027 
                                    1077                  4.0726866453464389E-001                 -1.4351111145417847E+000                  7.5471511462206937E+000                  9.5601441558089184E-001                  1.6662660266052381E+001                  6.7511646122529478E-001                  3.0437945729035804E-001                  2.0504081484347125E-002                  5.7311793339149389E+001                  1.6277113386234696E+005                  3.3100144271746267E-027 
                                    1078                  4.0726622439149784E-001                 -1.4362285531164052E+000                  7.5482572865828210E+000                  9.5962414225244275E-001                  1.6667311028602857E+001                  6.7498460793813087E-001                  3.0451429896864535E-001                  2.0501093093223788E-002                  5.8157582032018631E+001                  1.7100311602384993E+005                  3.8503844937115605E-027 
                                    1079                  4.0726378424835186E-001                 -1.4373453270090080E+000                  7.5494241025577198E+000                  9.6343416542945937E-001                  1.6672216619706575E+001                  6.7483785159406517E-001                  3.0466436574288952E-001                  2.0497782663045250E-002                  5.9063660683770614E+001                  1.8016305588555144E+005                  4.5155838613163470E-027 
                                    1080                  4.0726107297818975E-001                 -1.4385854014075776E+000                  7.5506515903768197E+000                  9.6744746103003565E-001                  1.6677379483535741E+001                  6.7467530557791489E-001                  3.0483056159373612E-001                  2.0494132828348999E-002                  6.0032780748639517E+001                  1.9035730203884357E+005                  5.3389020905755445E-027 
                                    1081                  4.0725836170802754E-001                 -1.4398246356655215E+000                  7.5516740355171574E+000                  9.7079734577515353E-001                  1.6681684061016522E+001                  6.7453263499422644E-001                  3.0497641916333779E-001                  2.0490945842435826E-002                  6.0852856537699687E+001                  1.9931517792152677E+005                  6.1375370624935724E-027 
                                    1082                  4.0725655419458623E-001                 -1.4406503130165256E+000                  7.5524914182046352E+000                  9.7347472922310951E-001                  1.6685123202807429E+001                  6.7441370058454020E-001                  3.0509799875870958E-001                  2.0488300656750225E-002                  6.1516177362456610E+001                  2.0679492712458040E+005                  6.8604731414505957E-027 
                                    1083                  4.0725474668114481E-001                 -1.4414756084612537E+000                  7.5533084145740608E+000                  9.7615300519821691E-001                  1.6688561241391735E+001                  6.7429014545922961E-001                  3.0522429013184632E-001                  2.0485564408924128E-002                  6.2186403028248556E+001                  2.1456913753428846E+005                  7.6676575046065194E-027 
                                    1084                  4.0725293916770339E-001                 -1.4423005182943083E+000                  7.5541250190048235E+000                  9.7883216720153643E-001                  1.6691998173659201E+001                  6.7416200261365367E-001                  3.0535525886447401E-001                  2.0482738521872323E-002                  6.2863573562836123E+001                  2.2264924854594053E+005                  8.5687929971923185E-027 
                                    1085                  4.0725113165426202E-001                 -1.4431250388068575E+000                  7.5550227619821912E+000                  9.8177884814123240E-001                  1.6695776088408184E+001                  6.7401560284387296E-001                  3.0550487224294309E-001                  2.0479524913183944E-002                  6.3616268205773146E+001                  2.3190446627592295E+005                  9.6813688754306235E-027 
                                    1086                  4.0724896263813232E-001                 -1.4441139468635364E+000                  7.5560016275350312E+000                  9.8499655059663582E-001                  1.6699897482261495E+001                  6.7384872995644773E-001                  3.0567538779367304E-001                  2.0475882249879174E-002                  6.4447225307387725E+001                  2.4246522061830858E+005                  1.1058912782131354E-026 
                                    1087                  4.0724679362200261E-001                 -1.4451022816418118E+000                  7.5569798995163557E+000                  9.8821590623256772E-001                  1.6704017267308132E+001                  6.7367421738010602E-001                  3.0585368702271215E-001                  2.0472095597181772E-002                  6.5288212814529359E+001                  2.5353210845919870E+005                  1.2630411369098351E-026 
                                    1088                  4.0724462460587291E-001                 -1.4460900357772561E+000                  7.5579575662199421E+000                  9.9143706852266555E-001                  1.6708135437436578E+001                  6.7349164522287897E-001                  3.0604019552719375E-001                  2.0468159249927287E-002                  6.6139232521841407E+001                  2.6513155494969286E+005                  1.4422931306560934E-026 
                                    1089                  4.0724245558974320E-001                 -1.4470772015186013E+000                  7.5590159367701286E+000                  9.9492717184308055E-001                  1.6712593277220837E+001                  6.7328418309165128E-001                  3.0625209898819750E-001                  2.0463717920151225E-002                  6.7072180887503620E+001                  2.7832964055721497E+005                  1.6649829730620148E-026 
                                    1090                  4.0723992507092516E-001                 -1.4482281440033047E+000                  7.5601549674297077E+000                  9.9869031923408602E-001                  1.6717393714146734E+001                  6.7304934963702001E-001                  3.0649192077741899E-001                  2.0458729585560942E-002                  6.8090421068141140E+001                  2.9332118968700100E+005                  1.9430431632866156E-026 
                                    1091                  4.0723739455210700E-001                 -1.4493782611152461E+000                  7.5613337095138542E+000                  1.0025902134032050E+000                  1.6722362311793358E+001                  6.7279260381485828E-001                  3.0675407186384446E-001                  2.0453324321297206E-002                  6.9159236998402847E+001                  3.0974908624427737E+005                  2.2795790949353495E-026 
                                    1092                  4.0723468328194484E-001                 -1.4506095994786481E+000                  7.5625521153668354E+000                  1.0066294130370341E+000                  1.6727500687983184E+001                  6.7251182143585453E-001                  3.0704070859219379E-001                  2.0447469971951682E-002                  7.0280473608377520E+001                  3.2777098660303163E+005                  2.6886047061737069E-026 
                                    1093                  4.0723197201178274E-001                 -1.4518399553733530E+000                  7.5635870687856981E+000                  1.0100699260333343E+000                  1.6731869971496959E+001                  6.7226016903072205E-001                  3.0729755743303133E-001                  2.0442273536246613E-002                  7.1246463752703363E+001                  3.4396686927012017E+005                  3.0930719745735265E-026 
                                    1094                  4.0723007412266921E-001                 -1.4527006031564322E+000                  7.5644386666406449E+000                  1.0129025717217295E+000                  1.6735463730737042E+001                  6.7204359276657499E-001                  3.0751856792941995E-001                  2.0437839304005001E-002                  7.2049854785919976E+001                  3.5793583468969201E+005                  3.4709649557449289E-026 
                                    1095                  4.0722817623355573E-001                 -1.4535607527838343E+000                  7.5652897152260188E+000                  1.0157376400643316E+000                  1.6739056211357763E+001                  6.7181803672434992E-001                  3.0774870476734395E-001                  2.0433258508306129E-002                  7.2860807863642975E+001                  3.7250777176965569E+005                  3.8946439130583979E-026 
                                    1096                  4.0722627834444219E-001                 -1.4544203967681739E+000                  7.5661402024184232E+000                  1.0185752217370085E+000                  1.6742647407686643E+001                  6.7158327076881130E-001                  3.0798819897971680E-001                  2.0428530251471955E-002                  7.3679311853093964E+001                  3.8770935468462511E+005                  4.3696154691982699E-026 
                                    1097                  4.0722438045532872E-001                 -1.4552795274110053E+000                  7.5672932527140153E+000                  1.0224233813302572E+000                  1.6747512265503087E+001                  6.7124926912267935E-001                  3.0832885847678942E-001                  2.0421872400531171E-002                  7.4800810104183952E+001                  4.0938838018336333E+005                  5.1070997500503359E-026 
                                    1098                  4.0722112693113405E-001                 -1.4567511251634184E+000                  7.5687485055829162E+000                  1.0273009390642824E+000                  1.6753662642507088E+001                  6.7080030461091344E-001                  3.0878664731942534E-001                  2.0413048069661155E-002                  7.6238678279026203E+001                  4.3863993058514612E+005                  6.2181890074852161E-026 
                                    1099                  4.0721787340693932E-001                 -1.4582211476989839E+000                  7.5699197150625599E+000                  1.0312437141783606E+000                  1.6758620806139877E+001                  6.7041490547717830E-001                  3.0917950806606265E-001                  2.0405586456759051E-002                  7.7413905054837144E+001                  4.6382763176471309E+005                  7.2858636200641002E-026 
                                    1100                  4.0721588514215368E-001                 -1.4591186879043931E+000                  7.5708072302236031E+000                  1.0342338935483004E+000                  1.6762375531192880E+001                  6.7010793290996962E-001                  3.0949235097823163E-001                  2.0399716111798805E-002                  7.8313707179341904E+001                  4.8394608866772801E+005                  8.2153098376295293E-026 
                                    1101                  4.0721389687736798E-001                 -1.4600156114585165E+000                  7.5716940270600359E+000                  1.0372281153714904E+000                  1.6766128800420709E+001                  6.6978740405864168E-001                  3.0981894103450230E-001                  2.0393654906855962E-002                  7.9221322855152650E+001                  5.0499310611795669E+005                  9.2626020921683318E-026 
                                    1102                  4.0721190861258233E-001                 -1.4609119065877998E+000                  7.5725800861684425E+000                  1.0402265458592821E+000                  1.6769880605284811E+001                  6.6945289401435437E-001                  3.1015970400632248E-001                  2.0387401979323094E-002                  8.0136677763788171E+001                  5.2701196065502625E+005                  1.0442617686476960E-025 
                                    1103                  4.0720992034779679E-001                 -1.4618075611271659E+000                  7.5734251855223524E+000                  1.0430935596295012E+000                  1.6773461168043930E+001                  6.6911987300621878E-001                  3.1049887750169730E-001                  2.0381249492083864E-002                  8.1017662994131570E+001                  5.4898170504250145E+005                  1.1708279855726288E-025 
                                    1104                  4.0720811283435537E-001                 -1.4626212248075012E+000                  7.5742293616148553E+000                  1.0458273549889929E+000                  1.6776869331932552E+001                  6.6878977529522465E-001                  3.1083500368813988E-001                  2.0375221016635470E-002                  8.1862912075468685E+001                  5.7080626240156312E+005                  1.3055229403756568E-025 
                                    1105                  4.0720630532091395E-001                 -1.4634343385520978E+000                  7.5754340779965981E+000                  1.0499257188199811E+000                  1.6781969759444110E+001                  6.6827005788526783E-001                  3.1136407437242919E-001                  2.0365867742302979E-002                  8.3140149826876652E+001                  6.0525608304837404E+005                  1.5368979205581527E-025 
                                    1106                  4.0720269029403128E-001                 -1.4650589060039874E+000                  7.5767179816718366E+000                  1.0543278359829842E+000                  1.6787425469591376E+001                  6.6767981884891903E-001                  3.1196473485790382E-001                  2.0355446293177204E-002                  8.4520921279988599E+001                  6.4448690878579183E+005                  1.8291796978138920E-025 
                                    1107                  4.0720052127790146E-001                 -1.4660325173127720E+000                  7.5776795232252985E+000                  1.0576307907769076E+000                  1.6791509004920808E+001                  6.6721255593796513E-001                  3.1244010254229426E-001                  2.0347341519740603E-002                  8.5564826251910901E+001                  6.7564584945609665E+005                  2.0840774625525540E-025 
                                    1108                  4.0719835226177159E-001                 -1.4670052694676796E+000                  7.5784800679150530E+000                  1.0603915429562789E+000                  1.6794913090300380E+001                  6.6680566469093405E-001                  3.1285394874110156E-001                  2.0340386567964330E-002                  8.6441323811264752E+001                  7.0283124175346713E+005                  2.3234010963250823E-025 
                                    1109                  4.0719690625101845E-001                 -1.4676532795874351E+000                  7.5791198989941009E+000                  1.0626017925253790E+000                  1.6797633404893222E+001                  6.6646843380262155E-001                  3.1319687334799118E-001                  2.0334692849387270E-002                  8.7145924484645576E+001                  7.2540095813327760E+005                  2.5344110149555215E-025 
                                    1110                  4.0719546024026543E-001                 -1.4683008917140890E+000                  7.5800785454504229E+000                  1.0659174276493264E+000                  1.6801706286789770E+001                  6.6594221219362026E-001                  3.1373185457463226E-001                  2.0325933231747473E-002                  8.8207649550013329E+001                  7.6067596649351658E+005                  2.8871841997898622E-025 
                                    1111                  4.0719256821875927E-001                 -1.4695949108422051E+000                  7.5815144598697932E+000                  1.0709117695390893E+000                  1.6807816725842947E+001                  6.6510431573672668E-001                  3.1458339411234870E-001                  2.0312290150924617E-002                  8.9814507906082952E+001                  8.1700896031697781E+005                  3.5105234912853498E-025 
                                    1112                  4.0718895319187665E-001                 -1.4712100849736778E+000                  7.5831068209829233E+000                  1.0764907799722032E+000                  1.6814606197076944E+001                  6.6409969667482915E-001                  3.1560390349526968E-001                  2.0296399829901168E-002                  9.1618225381324166E+001                  8.8476157154664153E+005                  4.3622989115829366E-025 
                                    1113                  4.0718533816499397E-001                 -1.4728225182739774E+000                  7.5843882179799724E+000                  1.0810176847916437E+000                  1.6820084163707872E+001                  6.6322864289632222E-001                  3.1648834469334108E-001                  2.0283012410336698E-002                  9.3086156695968938E+001                  9.4366265813559887E+005                  5.1977690687675454E-025 
                                    1114                  4.0718312396102840E-001                 -1.4738087075735640E+000                  7.5853599213197551E+000                  1.0844632787731627E+000                  1.6824237372643498E+001                  6.6252876597250221E-001                  3.1719871594122651E-001                  2.0272518086271285E-002                  9.4206353344113595E+001                  9.9109206642678671E+005                  5.9377578907103884E-025 
                                    1115                  4.0718090975706284E-001                 -1.4747937877924071E+000                  7.5863301533041074E+000                  1.0879209203545857E+000                  1.6828388533435081E+001                  6.6179359531322324E-001                  3.1794467235051582E-001                  2.0261732336260940E-002                  9.5331400280772783E+001                  1.0409877447167661E+006                  6.7833706980868102E-025 
                                    1116                  4.0717869555309716E-001                 -1.4757777252295288E+000                  7.5872988569604649E+000                  1.0913912863968636E+000                  1.6832537623098553E+001                  6.6102138438454927E-001                  3.1872795428571044E-001                  2.0250661329740294E-002                  9.6460706169609097E+001                  1.0934721224169743E+006                  7.7498140472600023E-025 
                                    1117                  4.0717648134913159E-001                 -1.4767604845381539E+000                  7.5880243963488514E+000                  1.0940067806814440E+000                  1.6835651575426017E+001                  6.6041628022431542E-001                  3.1934154882237908E-001                  2.0242170953305494E-002                  9.7310851633461311E+001                  1.1346294984406314E+006                  8.5645845486406473E-025 
                                    1118                  4.0717537424714878E-001                 -1.4772514069108116E+000                  7.5885075461281009E+000                  1.0957521585136742E+000                  1.6837724532325844E+001                  6.6000068107294918E-001                  3.1976290568397681E-001                  2.0236413243074014E-002                  9.7878102189727699E+001                  1.1629299144766624E+006                  9.1548479945403202E-025 
                                    1119                  4.0717426714516591E-001                 -1.4777420207010363E+000                  7.5892314440019595E+000                  1.0983731465508153E+000                  1.6840829473269785E+001                  6.5935812281876116E-001                  3.2041424525745366E-001                  2.0227631923785183E-002                  9.8729422790607885E+001                  1.2067177770200504E+006                  1.0117518793054564E-024 
                                    1120                  4.0717205294120040E-001                 -1.4787223105202703E+000                  7.5901951912336001E+000                  1.1018861071304298E+000                  1.6844972200346550E+001                  6.5846341115459339E-001                  3.2132096724000220E-001                  2.0215621605404355E-002                  9.9867465898117857E+001                  1.2677343343084117E+006                  1.1561676156335646E-024 
                                    1121                  4.0716983873723489E-001                 -1.4797013054917811E+000                  7.5911571522338850E+000                  1.1054150562218192E+000                  1.6849112752916287E+001                  6.5752323560166126E-001                  3.2227336222665698E-001                  2.0203402171681706E-002                  1.0100678297010450E+002                  1.3318881223560239E+006                  1.3213409194511905E-024 
                                    1122                  4.0716762453326955E-001                 -1.4806789624422161E+000                  7.5923422753347243E+000                  1.1097892577024269E+000                  1.6854216660233160E+001                  6.5629784900854626E-001                  3.2351438334997057E-001                  2.0187767641483223E-002                  1.0241291015163459E+002                  1.4155642997808214E+006                  1.5583855273431652E-024 
                                    1123                  4.0716437100907504E-001                 -1.4821130158380043E+000                  7.5937488151310628E+000                  1.1150377838383276E+000                  1.6860292714178595E+001                  6.5473870050847682E-001                  3.2509259196169449E-001                  2.0168707529828689E-002                  1.0408634960454445E+002                  1.5220664099775681E+006                  1.8971201229756433E-024 
                                    1124                  4.0716111748488043E-001                 -1.4835439322290895E+000                  7.5949953187654167E+000                  1.1197426142517710E+000                  1.6865693434037198E+001                  6.5325461124651318E-001                  3.2659408147899205E-001                  2.0151307274494767E-002                  1.0557090429432932E+002                  1.6234101611764240E+006                  2.2602719173255676E-024 
                                    1125                  4.0715858696606239E-001                 -1.4846545842576813E+000                  7.5960829581402924E+000                  1.1238841690601491E+000                  1.6870412330691714E+001                  6.5187675761154951E-001                  3.2798756156634395E-001                  2.0135680822106483E-002                  1.0686419410399195E+002                  1.7174732979321054E+006                  2.6352162701962959E-024 
                                    1126                  4.0715605644724434E-001                 -1.4857631598303886E+000                  7.5970708707573955E+000                  1.1276829762061598E+000                  1.6874709146402683E+001                  6.5055333138711458E-001                  3.2932553245477730E-001                  2.0121136158108177E-002                  1.0803692076270710E+002                  1.8077520970756591E+006                  3.0312476584472550E-024 
                                    1127                  4.0715397780678680E-001                 -1.4866721580038627E+000                  7.5979597211378289E+000                  1.1311288205421750E+000                  1.6878580691400476E+001                  6.4930094645849479E-001                  3.3059126415125123E-001                  2.0107789390253927E-002                  1.0908841454716570E+002                  1.8930959598347598E+006                  3.4399124531332401E-024 
                                    1128                  4.0715189916632927E-001                 -1.4875796481144963E+000                  7.5988463783595828E+000                  1.1345960640509871E+000                  1.6882450073273006E+001                  6.4799016679375587E-001                  3.3191560555335498E-001                  2.0094227652889152E-002                  1.1013320876142205E+002                  1.9823023205026430E+006                  3.9044608104491855E-024 
                                    1129                  4.0714982052587179E-001                 -1.4884855784252260E+000                  7.5997307551557149E+000                  1.1380856440647773E+000                  1.6886317257089107E+001                  6.4661872445999158E-001                  3.3330081361342195E-001                  2.0080461926586413E-002                  1.1117018238491866E+002                  2.0755031633793374E+006                  4.4326852715577345E-024 
                                    1130                  4.0714774188541408E-001                 -1.4893898951933211E+000                  7.6005552936248257E+000                  1.1413699314433827E+000                  1.6889931190220754E+001                  6.4527939675036383E-001                  3.3465318698138019E-001                  2.0067416268255922E-002                  1.1213157619407541E+002                  2.1663641517936741E+006                  4.9919386202715511E-024 
                                    1131                  4.0714593437197266E-001                 -1.4901749005371836E+000                  7.6013203959318298E+000                  1.1444431552983725E+000                  1.6893290293785437E+001                  6.4398211421153240E-001                  3.3596274909011115E-001                  2.0055136698356457E-002                  1.1301763428079644E+002                  2.2542165610802826E+006                  5.5763517395865077E-024 
                                    1132                  4.0714412685853141E-001                 -1.4909586052459092E+000                  7.6020835741284012E+000                  1.1475355782129599E+000                  1.6896647654878976E+001                  6.4263335335514060E-001                  3.3732392192941191E-001                  2.0042724715447546E-002                  1.1389502247838531E+002                  2.3453741725638798E+006                  6.2303481378414589E-024 
                                    1133                  4.0714231934508999E-001                 -1.4917409697511113E+000                  7.6028447616653736E+000                  1.1506479688602040E+000                  1.6900003246552881E+001                  6.4123126591859991E-001                  3.3873854613729526E-001                  2.0030187944104827E-002                  1.1476280041131714E+002                  2.4399238123020623E+006                  6.9624043754897837E-024 
                                    1134                  4.0714051183164873E-001                 -1.4925219530952152E+000                  7.6038313673645437E+000                  1.1547197237958109E+000                  1.6904358149483876E+001                  6.3932631985303379E-001                  3.4065995840753083E-001                  2.0013721739435386E-002                  1.1587378990378031E+002                  2.5680221637161006E+006                  8.0464913617927401E-024 
                                    1135                  4.0713761981014235E-001                 -1.4937685630031361E+000                  7.6050404500486435E+000                  1.1597886861375917E+000                  1.6909719563771951E+001                  6.3684685339395919E-001                  3.4315993831798591E-001                  1.9993208288054953E-002                  1.1721470607778930E+002                  2.7340496348026823E+006                  9.6200975067339110E-024 
                                    1136                  4.0713472778863613E-001                 -1.4950113471688267E+000                  7.6062436944610239E+000                  1.1649165110393456E+000                  1.6915076153964858E+001                  6.3421282330714990E-001                  3.4581490266210341E-001                  1.9972274030746640E-002                  1.1852101567505237E+002                  2.9095201910969624E+006                  1.1507911413568396E-023 
                                    1137                  4.0713183576712975E-001                 -1.4962501158711061E+000                  7.6074407675520224E+000                  1.1701082824166571E+000                  1.6920427786745666E+001                  6.3141183267541590E-001                  3.4863644342901229E-001                  1.9951723895571760E-002                  1.1978690366555170E+002                  3.0949700016115131E+006                  1.3774784646698604E-023 
                                    1138                  4.0712894374562347E-001                 -1.4974846651749818E+000                  7.6082968213011224E+000                  1.1738872772596509E+000                  1.6924277248896420E+001                  6.2929426708465164E-001                  3.5076934373402358E-001                  1.9936389181324787E-002                  1.2067171153457531E+002                  3.2343645175782405E+006                  1.5680862769418899E-023 
                                    1139                  4.0712767848621439E-001                 -1.4980233918508865E+000                  7.6088164041137096E+000                  1.1762005027100391E+000                  1.6926615337324513E+001                  6.2796065897370767E-001                  3.5211219315031894E-001                  1.9927147875973383E-002                  1.2119726091346818E+002                  3.3218190504315048E+006                  1.6970702093272520E-023 
                                    1140                  4.0712641322680543E-001                 -1.4985612529535239E+000                  7.6095935586991335E+000                  1.1796905163608424E+000                  1.6930116256873525E+001                  6.2589551282821820E-001                  3.5419122759997468E-001                  1.9913259571807118E-002                  1.2196636387769760E+002                  3.4567086029034588E+006                  1.9111486566568263E-023 
                                    1141                  4.0712388270798749E-001                 -1.4996343172957594E+000                  7.6106245882676209E+000                  1.1844002772071334E+000                  1.6934786333545283E+001                  6.2301517283070307E-001                  3.5709012687561142E-001                  1.9894700293685563E-002                  1.2295681822486429E+002                  3.6436369960407498E+006                  2.2401558638459047E-023 
                                    1142                  4.0712135218916956E-001                 -1.5007036914101810E+000                  7.6113937893620101E+000                  1.1879764394917480E+000                  1.6938290412697210E+001                  6.2075643766668154E-001                  3.5936276809663864E-001                  1.9880794236679877E-002                  1.2367127324247798E+002                  3.7892122849754663E+006                  2.5244103466237922E-023 
                                    1143                  4.0712008692976048E-001                 -1.5012369381174937E+000                  7.6119049567772228E+000                  1.1903756932335303E+000                  1.6940622243244324E+001                  6.1920379047923146E-001                  3.6092474827049781E-001                  1.9871461250270728E-002                  1.2413220719564330E+002                  3.8888007626560614E+006                  2.7341139223774450E-023 
                                    1144                  4.0711882167035141E-001                 -1.5017692022430777E+000                  7.6126328448869156E+000                  1.1938250005323727E+000                  1.6943948052171670E+001                  6.1692065236698046E-001                  3.6322143978145932E-001                  1.9857907851560164E-002                  1.2476885666594826E+002                  4.0345570511845136E+006                  3.0649042243452986E-023 
                                    1145                  4.0711647190287781E-001                 -1.5027550270438015E+000                  7.6135739345875120E+000                  1.1983653234854084E+000                  1.6948272746877080E+001                  6.1382512243901377E-001                  3.6633404741252507E-001                  1.9840830148461164E-002                  1.2555595451782325E+002                  4.2306013813037574E+006                  3.5569793403865321E-023 
                                    1146                  4.0711412213540410E-001                 -1.5037372532096387E+000                  7.6145093988643007E+000                  1.2029643415487394E+000                  1.6952593496827156E+001                  6.1058341833883190E-001                  3.6959231512720492E-001                  1.9824266533963186E-002                  1.2629335712657635E+002                  4.4340323230501423E+006                  4.1300219613099214E-023 
                                    1147                  4.0711177236793045E-001                 -1.5047157368122945E+000                  7.6154390062074784E+000                  1.2076216992488162E+000                  1.6956910196553793E+001                  6.0719814560091956E-001                  3.7299452254661913E-001                  1.9807331852461307E-002                  1.2697988831907460E+002                  4.6444874177375650E+006                  4.7973539001797633E-023 
                                    1148                  4.0710942260045685E-001                 -1.5056903355049194E+000                  7.6163447792677879E+000                  1.2122490943927691E+000                  1.6961140205415511E+001                  6.0373339394629066E-001                  3.7647612411933984E-001                  1.9790481934369497E-002                  1.2760038834375545E+002                  4.8577205325749973E+006                  5.5587088324619855E-023 
                                    1149                  4.0710716320865520E-001                 -1.5066236478807633E+000                  7.6172269202595491E+000                  1.2168459229240565E+000                  1.6965282926073634E+001                  6.0018912547912029E-001                  3.8003643079108856E-001                  1.9774443729791091E-002                  1.2815317828792257E+002                  5.0735618503441978E+006                  6.4250137406249659E-023 
                                    1150                  4.0710490381685360E-001                 -1.5075530942611903E+000                  7.6181029857894575E+000                  1.2215039825259648E+000                  1.6969421591655689E+001                  5.9649730653899047E-001                  3.8374415691036362E-001                  1.9758536550645855E-002                  1.2864862455536272E+002                  5.2959008418950215E+006                  7.4291897475100929E-023 
                                    1151                  4.0710264442505195E-001                 -1.5084785350092513E+000                  7.6189727499351640E+000                  1.2262258940585569E+000                  1.6973556092720202E+001                  5.9265271268329167E-001                  3.8760429556476866E-001                  1.9742991751939609E-002                  1.2908307043068245E+002                  5.5247231564685665E+006                  8.5936286581930961E-023 
                                    1152                  4.0710038503325030E-001                 -1.5093998259711148E+000                  7.6196634761307882E+000                  1.2300538042079798E+000                  1.6976863407496626E+001                  5.8946606771649745E-001                  3.9080332346252733E-001                  1.9730608820975215E-002                  1.2938576687828504E+002                  5.7122382355543440E+006                  9.6575053991412585E-023 
                                    1153                  4.0709902939816944E-001                 -1.5099505431628788E+000                  7.6201790004692089E+000                  1.2329500240772939E+000                  1.6979339955479549E+001                  5.8701027228296254E-001                  3.9326827099535017E-001                  1.9721456721687236E-002                  1.2958458512190907E+002                  5.8554882556519713E+006                  1.0542693009062532E-022 
                                    1154                  4.0709767376308847E-001                 -1.5104996820507837E+000                  7.6209483527079529E+000                  1.2373340118810854E+000                  1.6983047108685493E+001                  5.8321996337583759E-001                  3.9707219347389716E-001                  1.9707843150265303E-002                  1.2983580184927635E+002                  6.0744403134797392E+006                  1.2028036564185152E-022 
                                    1155                  4.0709496249292665E-001                 -1.5115931128184870E+000                  7.6220657223158232E+000                  1.2438717888708726E+000                  1.6988481743640616E+001                  5.7742332689962106E-001                  4.0288845235029119E-001                  1.9688220750087693E-002                  1.3010102885099960E+002                  6.4040125783120506E+006                  1.4599191126815741E-022 
                                    1156                  4.0709170896873248E-001                 -1.5128963676795262E+000                  7.6232694809408512E+000                  1.2511523779301632E+000                  1.6994404031248866E+001                  5.7076881564827708E-001                  4.0956366481778406E-001                  1.9667519533938860E-002                  1.3024145681781152E+002                  6.7744870626087571E+006                  1.8044355495626259E-022 
                                    1157                  4.0708845544453837E-001                 -1.5141895012002975E+000                  7.6245230653189413E+000                  1.2590039676084337E+000                  1.7000642227638348E+001                  5.6336327798497321E-001                  4.1699021897800265E-001                  1.9646503037024088E-002                  1.3021041177398652E+002                  7.1770433920283793E+006                  2.2579237285289429E-022 
                                    1158                  4.0708484041765575E-001                 -1.5156138791102922E+000                  7.6258219378982224E+000                  1.2674657644425249E+000                  1.7007198117661545E+001                  5.5513861327943159E-001                  4.2523616350089982E-001                  1.9625223219668531E-002                  1.2996942918662168E+002                  7.6120562963482738E+006                  2.8601193156637192E-022 
                                    1159                  4.0708122539077307E-001                 -1.5170245184540410E+000                  7.6267801067168932E+000                  1.2739578156241020E+000                  1.7012113955687326E+001                  5.4867706092299562E-001                  4.3171305990816844E-001                  1.9609879168835942E-002                  1.2964325994004139E+002                  7.9447311266960874E+006                  3.4152676150296805E-022 
                                    1160                  4.0707941787733171E-001                 -1.5177244589333161E+000                  7.6274130143692815E+000                  1.2783441987446735E+000                  1.7015381441956304E+001                  5.4422885271874288E-001                  4.3617117634314662E-001                  1.9599970938110500E-002                  1.2935199325325726E+002                  8.1694085718114516E+006                  3.8445867405114945E-022 
                                    1161                  4.0707761036389029E-001                 -1.5184207150552231E+000                  7.6283533782413402E+000                  1.2850136328520432E+000                  1.7020268075812837E+001                  5.3734394426530352E-001                  4.4307046279462686E-001                  1.9585592940069674E-002                  1.2880110347570107E+002                  8.5101995908692237E+006                  4.5926990850032043E-022 
                                    1162                  4.0707399533700778E-001                 -1.5198018766265564E+000                  7.6292765423948010E+000                  1.2918272645875235E+000                  1.7025161810250840E+001                  5.3020561394162447E-001                  4.5022257156341594E-001                  1.9571814494959594E-002                  1.2811642691480600E+002                  8.8537829674074706E+006                  5.4845021888585569E-022 
                                    1163                  4.0707218782356641E-001                 -1.5204865775206124E+000                  7.6298856296777711E+000                  1.2964317778348791E+000                  1.7028414286932655E+001                  5.2530485452651043E-001                  4.5513218357041041E-001                  1.9562961903079157E-002                  1.2758043963741852E+002                  9.0844426484014131E+006                  6.1735788254528148E-022 
                                    1164                  4.0707038031012505E-001                 -1.5211672598262393E+000                  7.6304884523232275E+000                  1.3010931780255308E+000                  1.7031662799121158E+001                  5.2028931967108039E-001                  4.6015618461114249E-001                  1.9554495717777121E-002                  1.2698008797557860E+002                  9.3159424479460400E+006                  6.9487875658314585E-022 
                                    1165                  4.0706857279668363E-001                 -1.5218438395195728E+000                  7.6310848898983021E+000                  1.3058091282705286E+000                  1.7034907258995556E+001                  5.1516679765464812E-001                  4.6528725026832896E-001                  1.9545952077022921E-002                  1.2631731020978769E+002                  9.5476732095666304E+006                  7.8201697408019680E-022 
                                    1166                  4.0706676528324226E-001                 -1.5225162376235974E+000                  7.6319105718938136E+000                  1.3124917793587749E+000                  1.7039436965519215E+001                  5.0782683441161236E-001                  4.7263998388727624E-001                  1.9533181701111402E-002                  1.2528601396127304E+002                  9.8717224698237404E+006                  9.2244032556956619E-022 
                                    1167                  4.0706351175904759E-001                 -1.5237158016279246E+000                  7.6329507773163590E+000                  1.3212774638581428E+000                  1.7045255770261164E+001                  4.9803003023994019E-001                  4.8244956121718924E-001                  1.9520408542870626E-002                  1.2375575226860752E+002                  1.0288602156973420E+007                  1.1402284404941346E-021 
                                    1168                  4.0706025823485309E-001                 -1.5249010654044137E+000                  7.6339682958499306E+000                  1.3302643906181155E+000                  1.7051060202764909E+001                  4.8785321375214441E-001                  4.9263651606603270E-001                  1.9510270181822831E-002                  1.2199850878646023E+002                  1.0703247023388268E+007                  1.4086279216052048E-021 
                                    1169                  4.0705700471065842E-001                 -1.5260715392713526E+000                  7.6349622407212836E+000                  1.3394202720322292E+000                  1.7056849705171803E+001                  4.7738898151452236E-001                  5.0311327814767182E-001                  1.9497740337805824E-002                  1.2004581757203276E+002                  1.1110081050342103E+007                  1.7377422230316535E-021 
                                    1170                  4.0705375118646381E-001                 -1.5272268386255630E+000                  7.6358782337520354E+000                  1.3482467488709347E+000                  1.7062304939040189E+001                  4.6719890344904824E-001                  5.1331454876913485E-001                  1.9486547781816910E-002                  1.1800278186604542E+002                  1.1486557106109431E+007                  2.1165493673122065E-021 
                                    1171                  4.0705085916495770E-001                 -1.5282406788208738E+000                  7.6370889257843544E+000                  1.3604452884333891E+000                  1.7069645753117420E+001                  4.5293080816409659E-001                  5.2759556824760134E-001                  1.9473623588302069E-002                  1.1492140630495895E+002                  1.1983021378693124E+007                  2.7605082196669194E-021 
                                    1172                  4.0704543662463377E-001                 -1.5301074497678735E+000                  7.6381965500398215E+000                  1.3724237127446586E+000                  1.7076671901549357E+001                  4.3889079935376213E-001                  5.4164681270018222E-001                  1.9462387946055593E-002                  1.1168632062480754E+002                  1.2435835349573983E+007                  3.5450440688599969E-021 
                                    1173                  4.0704290610581606E-001                 -1.5309629204481066E+000                  7.6389838238028815E+000                  1.3813008020501045E+000                  1.7081750962930002E+001                  4.2838385377432253E-001                  5.5216107238844303E-001                  1.9455073837234438E-002                  1.0912953745297314E+002                  1.2750852057669619E+007                  4.2483542206493562E-021 
                                    1174                  4.0703965258162139E-001                 -1.5320478028259303E+000                  7.6403441661258418E+000                  1.3974465605433468E+000                  1.7090741882770537E+001                  4.0914334353106180E-001                  5.7141328226054711E-001                  1.9443374208391040E-002                  1.0418897076713144E+002                  1.3276353594421985E+007                  5.8468903976920076E-021 
                                    1175                  4.0703260327920010E-001                 -1.5343391443043675E+000                  7.6419596761515418E+000                  1.4186341912621665E+000                  1.7102150178802884E+001                  3.8398716492287588E-001                  5.9658210870758122E-001                  1.9430726369542906E-002                  9.7324908812940834E+001                  1.3859204664299624E+007                  8.6828468584081181E-021 
                                    1176                  4.0702654810917166E-001                 -1.5362409825027439E+000                  7.6434424579558087E+000                  1.4399884802314518E+000                  1.7113229141432232E+001                  3.5868582879860811E-001                  6.2189358019038310E-001                  1.9420591011008792E-002                  9.0022466437565370E+001                  1.4325081382585775E+007                  1.2663710183204711E-020 
                                    1177                  4.0701976993376682E-001                 -1.5382956424869398E+000                  7.6449767804609063E+000                  1.4645384367019962E+000                  1.7125535340910908E+001                  3.2987683086201924E-001                  6.5071166529042423E-001                  1.9411503847556522E-002                  8.1338310364029780E+001                  1.4700675262464250E+007                  1.9051771987807938E-020 
                                    1178                  4.0701217837731285E-001                 -1.5405026303267944E+000                  7.6462381674868496E+000                  1.4872549426015966E+000                  1.7136607259371534E+001                  3.0370606553572710E-001                  6.7688900921923179E-001                  1.9404925245041116E-002                  7.3215951435350917E+001                  1.4890124155971693E+007                  2.7139898362745891E-020 
                                    1179                  4.0700675583698864E-001                 -1.5420180791557692E+000                  7.6476356713008089E+000                  1.5147571061577572E+000                  1.7149650417038309E+001                  2.7255153488797595E-001                  7.0804959494603170E-001                  1.9398870165992399E-002                  6.3367058499781315E+001                  1.4923577518205069E+007                  4.0751809122885795E-020 
                                    1180                  4.0699663376171719E-001                 -1.5447121930083609E+000                  7.6488813359267844E+000                  1.5435363701338796E+000                  1.7163072087726260E+001                  2.4115384034163825E-001                  7.3945208876539947E-001                  1.9394070892962301E-002                  5.3419887790556693E+001                  1.4710826559828252E+007                  6.0292769405528592E-020 
                                    1181                  4.0699066896736075E-001                 -1.5462197348761364E+000                  7.6499941138258265E+000                  1.5717457864214632E+000                  1.7176051322721111E+001                  2.1136306946997147E-001                  7.6924633966005573E-001                  1.9390590869972746E-002                  4.4096920803903714E+001                  1.4275991345952418E+007                  8.6726102271339076E-020 
                                    1182                  4.0698081801910468E-001                 -1.5485842810281900E+000                  7.6509129744071878E+000                  1.5989917842642907E+000                  1.7188636907102826E+001                  1.8402852466495245E-001                  7.9658353533024395E-001                  1.9387940004803594E-002                  3.5800439941727774E+001                  1.3642809793834971E+007                  1.2007069875442614E-019 
                                    1183                  4.0697521472743653E-001                 -1.5498634738452244E+000                  7.6517900230421523E+000                  1.6272002361155331E+000                  1.7201723580949540E+001                  1.5694657321258096E-001                  8.2366737737886597E-001                  1.9386049408553041E-002                  2.7942353959957462E+001                  1.2778889798413670E+007                  1.6551126972735996E-019 
                                    1184                  4.0696446002246056E-001                 -1.5521931354404661E+000                  7.6525564800060470E+000                  1.6565743631609333E+000                  1.7215686158115940E+001                  1.3062573130621127E-001                  8.4998987185701258E-001                  1.9384396836776174E-002                  2.0814392940311158E+001                  1.1670605986308957E+007                  2.2545546538155580E-019 
                                    1185                  4.0695759147138416E-001                 -1.5536017615979776E+000                  7.6530953111052327E+000                  1.6793658189209835E+000                  1.7226820728685038E+001                  1.1145375314890552E-001                  8.6916281481379221E-001                  1.9383432037302306E-002                  1.6027053938361565E+001                  1.0681595308096420E+007                  2.8313132210181203E-019 
                                    1186                  4.0695018066627547E-001                 -1.5550582334026453E+000                  7.6534326360995042E+000                  1.6954884774910426E+000                  1.7234924344696999E+001                  9.8659725608661070E-002                  8.8195741274939521E-001                  1.9382861641943694E-002                  1.3064099888416516E+001                  9.9227142991747968E+006                  3.2999524435757476E-019 
                                    1187                  4.0694710789342525E-001                 -1.5556442497825236E+000                  7.6536172912953164E+000                  1.7046488965693936E+000                  1.7239630538785374E+001                  9.1674380508093622E-002                  8.8894304859474393E-001                  1.9382570897162443E-002                  1.1535125068274530E+001                  9.4741688939593285E+006                  3.5929744577674844E-019 
                                    1188                  4.0694403512057492E-001                 -1.5562203426655257E+000                  7.6538072544348204E+000                  1.7145296572645783E+000                  1.7244789830746949E+001                  8.4370429442698458E-002                  8.9624727981693864E-001                  1.9382290740362906E-002                  1.0008857362744138E+001                  8.9760192002007570E+006                  3.9307335028652622E-019 
                                    1189                  4.0694032971802019E-001                 -1.5569023731065146E+000                  7.6539979777087739E+000                  1.7250485227924022E+000                  1.7250396223992581E+001                  7.6884625742184604E-002                  9.0373335748198980E-001                  1.9382016775825628E-002                  8.5274413475242579E+000                  8.4331536628293190E+006                  4.3151190178662436E-019 
                                    1190                  4.0693662431546551E-001                 -1.5575711960901686E+000                  7.6541526028098339E+000                  1.7340939557957307E+000                  1.7255323567799053E+001                  7.0699994782336850E-002                  9.0991818517860956E-001                  1.9381820039053643E-002                  7.3712908662408001E+000                  7.9586324407782415E+006                  4.6664862645218443E-019 
                                    1191                  4.0693377748179538E-001                 -1.5580765013409237E+000                  7.6542781949952463E+000                  1.7417663462942201E+000                  1.7259579966596505E+001                  6.5630350273716179E-002                  9.1498800575945705E-001                  1.9381643966826734E-002                  6.4717569845660741E+000                  7.5510687974813553E+006                  4.9806289041507730E-019 
                                    1192                  4.0693093064812513E-001                 -1.5585746817619277E+000                  7.6543955051461934E+000                  1.7492223450129269E+000                  1.7263814315490535E+001                  6.0903632404876118E-002                  9.1971489155717234E-001                  1.9381476037951595E-002                  5.6751506975301993E+000                  7.1564941758958008E+006                  5.2997005932951135E-019 
                                    1193                  4.0692808381445500E-001                 -1.5590660589591769E+000                  7.6545050018034226E+000                  1.7565227960386254E+000                  1.7268026678319895E+001                  5.6420802814358323E-002                  9.2419788046781270E-001                  1.9381316717828945E-002                  4.9577015730716774E+000                  6.7668099897091892E+006                  5.6257722608701549E-019 
                                    1194                  4.0692523698078487E-001                 -1.5595508770827242E+000                  7.6545803881040833E+000                  1.7617423564113355E+000                  1.7271123531269517E+001                  5.3372852393356880E-002                  9.2724594009793282E-001                  1.9381207508710308E-002                  4.4932013817468262E+000                  6.4949637807508921E+006                  5.8661867700553585E-019 
                                    1195                  4.0692388134570368E-001                 -1.5597795477095231E+000                  7.6546274244963728E+000                  1.7650950206115268E+000                  1.7273114016650151E+001                  5.1426283663398353E-002                  9.2919257214746520E-001                  1.9381144189136501E-002                  4.2055926493085378E+000                  6.3165323997389385E+006                  6.0248342058811802E-019 
                                    1196                  4.0692252571062260E-001                 -1.5600068174568300E+000                  7.6546729074804229E+000                  1.7684026397912926E+000                  1.7275099556527110E+001                  4.9546899500389298E-002                  9.3107201438503218E-001                  1.9381086114578561E-002                  3.9353663823115261E+000                  6.1416027166408645E+006                  6.1840840693241457E-019 
                                    1197                  4.0692117007554141E-001                 -1.5602327161732168E+000                  7.6547168823306624E+000                  1.7716748918352716E+000                  1.7277080160708216E+001                  4.7719732851524969E-002                  9.3289922269681547E-001                  1.9381044451659557E-002                  3.6796546521012838E+000                  5.9686717549932832E+006                  6.3443873871793881E-019 
                                    1198                  4.0691981444046033E-001                 -1.5604572683078395E+000                  7.6547827704065998E+000                  1.7767326930552230E+000                  1.7280138643818955E+001                  4.4903670713258320E-002                  9.3571531550562070E-001                  1.9381013781121004E-002                  3.2985637198406663E+000                  5.6948582051759474E+006                  6.5986591085148362E-019 
                                    1199                  4.0691696760679008E-001                 -1.5609244826718049E+000                  7.6548658867851485E+000                  1.7833596815859625E+000                  1.7284265942271674E+001                  4.1422015547393880E-002                  9.3919704134574522E-001                  1.9380943106860893E-002                  2.8525808369302057E+000                  5.3490875664477721E+006                  6.9401810324442363E-019 
                                    1200                  4.0691412077311978E-001                 -1.5613861003690948E+000                  7.6549819055115558E+000                  1.7929668702194905E+000                  1.7290410106946478E+001                  3.6658425865282784E-002                  9.4396076116550665E-001                  1.9380812969210570E-002                  2.2872566441284756E+000                  4.8589216743771899E+006                  7.4563152166810156E-019 
                                    1201                  4.0690842710577935E-001                 -1.5622934154501242E+000                  7.6550806543809555E+000                  1.8020739173247944E+000                  1.7296422660601063E+001                  3.2477198056056464E-002                  9.4814212260331221E-001                  1.9380679340631368E-002                  1.8356901125272467E+000                  4.4108275019234261E+006                  7.9629707084001577E-019 
                                    1202                  4.0690571583561697E-001                 -1.5627184565011780E+000                  7.6551400574731883E+000                  1.8078164033685680E+000                  1.7300272965783176E+001                  2.9946588619003088E-002                  9.5067280484553307E-001                  1.9380606535463807E-002                  1.5829280117112716E+000                  4.1297226397777535E+006                  8.2945958395182470E-019 
                                    1203                  4.0690300456545475E-001                 -1.5631391414584961E+000                  7.6551954330871119E+000                  1.8134076522178424E+000                  1.7304104160841479E+001                  2.7618939398245820E-002                  9.5300050380647716E-001                  1.9380556795277060E-002                  1.3650831542600781E+000                  3.8654789690829073E+006                  8.6247565456579855E-019 
                                    1204                  4.0690029329529248E-001                 -1.5635556477096841E+000                  7.6552470388215390E+000                  1.8188930856358378E+000                  1.7307916361142592E+001                  2.5426780320652844E-002                  9.5519272269737521E-001                  1.9380496981971973E-002                  1.1727749842777229E+000                  3.6103841555384956E+006                  8.9562639273883852E-019 
                                    1205                  4.0689758202513016E-001                 -1.5639681055273180E+000                  7.6552911148438447E+000                  1.8238218687606849E+000                  1.7311394836918616E+001                  2.3545390953385474E-002                  9.5707417258611271E-001                  1.9380436460501804E-002                  1.0180136442351371E+000                  3.3866212340247962E+006                  9.2601711347266799E-019 
                                    1206                  4.0689532263332834E-001                 -1.5643088268599941E+000                  7.6553288878107164E+000                  1.8282110467821346E+000                  1.7314542902067760E+001                  2.1951168902068472E-002                  9.5866843420316772E-001                  1.9380396894763785E-002                  8.9454830051246437E-001                  3.1936343620661236E+006                  9.5355585786156913E-019 
                                    1207                  4.0689306324152646E-001                 -1.5646469137742722E+000                  7.6553822977799220E+000                  1.8346247387968397E+000                  1.7319237113052179E+001                  1.9769516424328691E-002                  9.6085012254932589E-001                  1.9380361026345438E-002                  7.3731242585795531E-001                  2.9245411346467007E+006                  9.9462728060677571E-019 
                                    1208                  4.0688854445792277E-001                 -1.5653154953134079E+000                  7.6554341799406451E+000                  1.8414991880781315E+000                  1.7324343152724200E+001                  1.7555649422710651E-002                  9.6306396806757577E-001                  1.9380382509713634E-002                  5.9159744406972115E-001                  2.6433977268905132E+006                  1.0396333167358143E-018 
                                    1209                  4.0688565243641617E-001                 -1.5657382584916164E+000                  7.6554717256907390E+000                  1.8467195092047937E+000                  1.7328302345546476E+001                  1.6001223194687421E-002                  9.6461841364500034E-001                  1.9380363160312220E-002                  4.9804136661417892E-001                  2.4417963833620311E+006                  1.0745341465509019E-018 
                                    1210                  4.0688276041490962E-001                 -1.5661571864763355E+000                  7.6555065455076861E+000                  1.8518298726378373E+000                  1.7332240841917884E+001                  1.4576771345854854E-002                  9.6604291119327479E-001                  1.9380317460870322E-002                  4.1876663657657692E-001                  2.2536216736316676E+006                  1.1092778860326457E-018 
                                    1211                  4.0687986839340307E-001                 -1.5665724083621819E+000                  7.6555388450526074E+000                  1.8568402603454159E+000                  1.7336158802275929E+001                  1.3267327330350185E-002                  9.6735242564186974E-001                  1.9380247027780073E-002                  3.5143639803754168E-001                  2.0774446176400988E+006                  1.1439069108633771E-018 
                                    1212                  4.0687697637189651E-001                 -1.5669840413142917E+000                  7.6555646023209638E+000                  1.8610574440548704E+000                  1.7339510399438950E+001                  1.2247093906241116E-002                  9.6837276049775045E-001                  1.9380145596008425E-002                  3.0277609765949159E-001                  1.9382420375205269E+006                  1.1734215506300246E-018 
                                    1213                  4.0687489773143887E-001                 -1.5672777581928963E+000                  7.6555850206880587E+000                  1.8645451859054303E+000                  1.7342301327696173E+001                  1.1432699091073152E-002                  9.6918720105814626E-001                  1.9380099850780597E-002                  2.6628350137395551E-001                  1.8253387027937805E+006                  1.1981879515920519E-018 
                                    1214                  4.0687281909098133E-001                 -1.5675697157188879E+000                  7.6556140576385845E+000                  1.8696914441782111E+000                  1.7346465484591924E+001                  1.0300039410657279E-002                  9.7031988634751076E-001                  1.9380074241831968E-002                  2.1911970092446825E-001                  1.6659354582277227E+006                  1.2352882159071772E-018 
                                    1215                  4.0686866181006576E-001                 -1.5681484900936429E+000                  7.6556473796934190E+000                  1.8761131015022467E+000                  1.7351746866143785E+001                  9.0150952525960438E-003                  9.7160478287924601E-001                  1.9380121868157962E-002                  1.7080109584319947E-001                  1.4817308766737899E+006                  1.2823109230960451E-018 
                                    1216                  4.0686486603183880E-001                 -1.5686711646057589E+000                  7.6556763004333073E+000                  1.8821193511882037E+000                  1.7356752826491967E+001                  7.9119409206243399E-003                  9.7270794872660826E-001                  1.9380110352767432E-002                  1.3376160383679031E-001                  1.3200223660578995E+006                  1.3272050624903993E-018 
                                    1217                  4.0686107025361173E-001                 -1.5691885153945502E+000                  7.6556957426199519E+000                  1.8864648536815993E+000                  1.7360428403275485E+001                  7.1933057292373394E-003                  9.7342660970752071E-001                  1.9380084563241917E-002                  1.1192448551486783E-001                  1.2131314480233598E+006                  1.3601269860971147E-018 
                                    1218                  4.0685926274017054E-001                 -1.5694330629609323E+000                  7.6557077468714620E+000                  1.8892389797336022E+000                  1.7362788625657483E+001                  6.7545586701902340E-003                  9.7386536848329575E-001                  1.9380072846513996E-002                  9.9473034962062293E-002                  1.1469913950331481E+006                  1.3814280629620917E-018 
                                    1219                  4.0685745522672928E-001                 -1.5696764632790889E+000                  7.6557249875916416E+000                  1.8933435993445626E+000                  1.7366312926199875E+001                  6.1518252666602083E-003                  9.7446811515567766E-001                  1.9380059577662090E-002                  8.3498088137747978E-002                  1.0552975790025385E+006                  1.4132838562047491E-018 
                                    1220                  4.0685384019984683E-001                 -1.5701598966405186E+000                  7.6557442458109115E+000                  1.8982822007182412E+000                  1.7370581447508297E+001                  5.4681010792278972E-003                  9.7515184933965227E-001                  1.9380049581119829E-002                  6.6943413521985989E-002                  9.4949034124169755E+005                  1.4521849633883626E-018 
                                    1221                  4.0685085780266872E-001                 -1.5705554184757398E+000                  7.6557605008219713E+000                  1.9026745141790331E+000                  1.7374418739626169E+001                  4.9189802384419475E-003                  9.7570098204136368E-001                  1.9380037720194365E-002                  5.4899052224624163E-002                  8.6341084695340181E+005                  1.4872833921086863E-018 
                                    1222                  4.0684787540549067E-001                 -1.5709480275644556E+000                  7.6557757015221002E+000                  1.9070079516243930E+000                  1.7378236114367677E+001                  4.4224289820332507E-003                  9.7619755006359887E-001                  1.9380020954367860E-002                  4.4974903906523284E-002                  7.8454780101816647E+005                  1.5224047160279685E-018 
                                    1223                  4.0684489300831256E-001                 -1.5713377904407386E+000                  7.6557899417397692E+000                  1.9112861557175409E+000                  1.7382033748947396E+001                  3.9734361021185830E-003                  9.7664655576121140E-001                  1.9380008136670068E-002                  3.6802723977484859E-002                  7.1231420897034404E+005                  1.5575763859774753E-018 
                                    1224                  4.0684191061113451E-001                 -1.5717247694265490E+000                  7.6558039152872395E+000                  1.9156965437214846E+000                  1.7385982771551738E+001                  3.5589086202037676E-003                  9.7706108882099507E-001                  1.9380002558801124E-002                  2.9948949566156194E-002                  6.4490992536860390E+005                  1.5943382722035632E-018 
                                    1225                  4.0683865708693984E-001                 -1.5721438278635513E+000                  7.6558175518895188E+000                  1.9202531371146347E+000                  1.7390081243090897E+001                  3.1564829471011848E-003                  9.7746352981749729E-001                  1.9379987235401575E-002                  2.3922319341402726E-002                  5.7837505657027243E+005                  1.6329712044949226E-018 
                                    1226                  4.0683540356274522E-001                 -1.5725597101364150E+000                  7.6558276752530299E+000                  1.9238189559304675E+000                  1.7393310933313469E+001                  2.8731133974426869E-003                  9.7774690141493625E-001                  1.9379985187621074E-002                  2.0063883659637502E-002                  5.3103701165621588E+005                  1.6636050066157518E-018 
                                    1227                  4.0683350567363163E-001                 -1.5728008711208188E+000                  7.6558348687093334E+000                  1.9264260001318276E+000                  1.7395680662261640E+001                  2.6775139857825631E-003                  9.7794250679273265E-001                  1.9379979221484822E-002                  1.7585382353802907E-002                  4.9803007301060157E+005                  1.6862710462463448E-018 
                                    1228                  4.0683160778451810E-001                 -1.5730409875743832E+000                  7.6558452844073841E+000                  1.9303003415597328E+000                  1.7399218954499602E+001                  2.4097696105253173E-003                  9.7821025914735049E-001                  1.9379971242124205E-002                  1.4443201635739875E-002                  4.5246535780574469E+005                  1.7203605540494368E-018 
                                    1229                  4.0682781200629092E-001                 -1.5735181358128325E+000                  7.6558571044357882E+000                  1.9349587849838290E+000                  1.7403495676939212E+001                  2.1187945810523315E-003                  9.7850124032813168E-001                  1.9379965090815965E-002                  1.1358835109434310E-002                  4.0234813720854837E+005                  1.7619739093399031E-018 
                                    1230                  4.0682469404560451E-001                 -1.5739070590207080E+000                  7.6558672191714097E+000                  1.9391174129574904E+000                  1.7407330942448844E+001                  1.8825939180220261E-003                  9.7873744919001482E-001                  1.9379956891963146E-002                  9.1103783146738709E-003                  3.6111231913533586E+005                  1.7997659830601298E-018 
                                    1231                  4.0682157608491804E-001                 -1.5742933085757900E+000                  7.6558759012980468E+000                  1.9428356481118387E+000                  1.7410774349046171E+001                  1.6907697398114250E-003                  9.7892927478640723E-001                  1.9379955473781352E-002                  7.4557593330155858E-003                  3.2724561108389637E+005                  1.8340687251442227E-018 
                                    1232                  4.0681906816001795E-001                 -1.5746020793782314E+000                  7.6558833536909736E+000                  1.9461237004389307E+000                  1.7413830149413084E+001                  1.5355903289567493E-003                  9.7908445981174752E-001                  1.9379949859295698E-002                  6.2311005904711492E-003                  2.9958156914558361E+005                  1.8648243992068380E-018 
                                    1233                  4.0681656023511786E-001                 -1.5749091738319227E+000                  7.6558905419859231E+000                  1.9493872164141939E+000                  1.7416873144764025E+001                  1.3949553166348067E-003                  9.7922510089152615E-001                  1.9379943791839049E-002                  5.2104395549976206E-003                  2.7429775356008660E+005                  1.8957450528435389E-018 
                                    1234                  4.0681405231021783E-001                 -1.5752146147812776E+000                  7.6558974883540678E+000                  1.9526281419893154E+000                  1.7419903431616945E+001                  1.2663047901648385E-003                  9.7935375663769075E-001                  1.9379938572144373E-002                  4.3514806401182722E-003                  2.5095523870422383E+005                  1.9268587351010855E-018 
                                    1235                  4.0681154438531769E-001                 -1.5755184234842912E+000                  7.6559052129962710E+000                  1.9563218385115397E+000                  1.7423367894077430E+001                  1.1339546920150333E-003                  9.7948610841455130E-001                  1.9379936893433647E-002                  3.5436390044199339E-003                  2.2673628910967754E+005                  1.9628210466908445E-018 
                                    1236                  4.0680829086112308E-001                 -1.5759101556972863E+000                  7.6559136007138564E+000                  1.9604629505769142E+000                  1.7427261681113670E+001                  9.9789367536815346E-004                  9.7962217626569359E-001                  1.9379930058938233E-002                  2.7933634329634482E-003                  2.0153162304689235E+005                  2.0038105305707736E-018 
                                    1237                  4.0680503733692858E-001                 -1.5762992181925237E+000                  7.6559223635460194E+000                  1.9649106790915789E+000                  1.7431455820710987E+001                  8.6707640938193985E-004                  9.7975299076780198E-001                  1.9379932822816026E-002                  2.1503389393667314E-003                  1.7699689363535383E+005                  2.0486457877764599E-018 
                                    1238                  4.0680124155870118E-001                 -1.5767498043622281E+000                  7.6559314437461978E+000                  1.9696575185305685E+000                  1.7435946203340414E+001                  7.4553293826173440E-004                  9.7987454001656515E-001                  1.9379927045173106E-002                  1.6233039964830287E-003                  1.5393450037508880E+005                  2.0974346157730121E-018 
                                    1239                  4.0679744578047367E-001                 -1.5771968764002966E+000                  7.6559402146335573E+000                  1.9743615405468558E+000                  1.7440408835609283E+001                  6.4098124010805062E-004                  9.7997910136550026E-001                  1.9379917394391710E-002                  1.2251472100341543E-003                  1.3385324290100444E+005                  2.1467806816837186E-018 
                                    1240                  4.0679365000224627E-001                 -1.5776404947728033E+000                  7.6559487176724215E+000                  1.9790258080805572E+000                  1.7444844029728863E+001                  5.4966031222656187E-004                  9.8007042875723827E-001                  1.9379910930535149E-002                  9.1981553123604738E-004                  1.1607749171350023E+005                  2.1967346689567817E-018 
                                    1241                  4.0678985422401881E-001                 -1.5780807160391153E+000                  7.6559550202561804E+000                  1.9825542235961557E+000                  1.7448206605434677E+001                  4.8968033130927953E-004                  9.8013040196917534E-001                  1.9379917699515414E-002                  7.4143501754943112E-004                  1.0429087887528652E+005                  2.2352062368854289E-018 
                                    1242                  4.0678786595923294E-001                 -1.5783099718387958E+000                  7.6559592966526555E+000                  1.9849668401881255E+000                  1.7450508196521358E+001                  4.5124119272981535E-004                  9.8016884502588530E-001                  1.9379913781384928E-002                  6.3635903386853002E-004                  9.6663004475781825E+004                  2.2618752241527618E-018 
                                    1243                  4.0678587769444713E-001                 -1.5785383182120376E+000                  7.6559656328835679E+000                  1.9885647720884436E+000                  1.7453945048613477E+001                  3.9909599921390121E-004                  9.8022100305572812E-001                  1.9379900945057926E-002                  5.0570160085182457E-004                  8.6235297736721041E+004                  2.3021953981270152E-018 
                                    1244                  4.0678190116487556E-001                 -1.5789923116323530E+000                  7.6559735207559925E+000                  1.9931145876304233E+000                  1.7458298284414823E+001                  3.4129615353319358E-004                  9.8027879901425541E-001                  1.9379904832211414E-002                  3.7716294736281228E-004                  7.4556071845059676E+004                  2.3541294621536827E-018 
                                    1245                  4.0677828613799272E-001                 -1.5794019518058773E+000                  7.6559809026149042E+000                  1.9974152244419747E+000                  1.7462419454889236E+001                  2.9356895197671639E-004                  9.8032653095198408E-001                  1.9379900096039182E-002                  2.8418842981271292E-004                  6.4795858681994905E+004                  2.4042316507825328E-018 
                                    1246                  4.0677467111110999E-001                 -1.5798087008026132E+000                  7.6559881728786099E+000                  2.0016853347520289E+000                  1.7466517099856009E+001                  2.5227917740243611E-004                  9.8036781897868597E-001                  1.9379901843911584E-002                  2.1361516643494076E-004                  5.6256203626920920E+004                  2.4549769981551576E-018 
                                    1247                  4.0677105608422714E-001                 -1.5802125994079055E+000                  7.6559953480805047E+000                  2.0059258753432183E+000                  1.7470591466187482E+001                  2.1649039102187559E-004                  9.8040361154118061E-001                  1.9379898067797496E-002                  1.6002406859838341E-004                  4.8769628166088580E+004                  2.5063839868395866E-018 
                                    1248                  4.0676744105734436E-001                 -1.5806136870621088E+000                  7.6560017333247083E+000                  2.0097182506480342E+000                  1.7474239360609534E+001                  1.8864369314769631E-004                  9.8043145242084184E-001                  1.9379903886010408E-002                  1.2332355203910453E-004                  4.2885136402875891E+004                  2.5532321963488176E-018 
                                    1249                  4.0676454903583786E-001                 -1.5809325594375954E+000                  7.6560094547754973E+000                  2.0143061496440886E+000                  1.7478657057348659E+001                  1.5925944551397651E-004                  9.8046086482276562E-001                  1.9379875731720397E-002                  8.9443681966123225E-005                  3.6605982930906648E+004                  2.6110496233713790E-018 
                                    1250                  4.0675951059211984E-001                 -1.5814839115636350E+000                  7.6560163718515071E+000                  2.0184396953697425E+000                  1.7482641021768671E+001                  1.3613441691828215E-004                  9.8048401404560659E-001                  1.9379851537475123E-002                  6.6359716605337549E-005                  3.1602598591676462E+004                  2.6642281636180173E-018 
                                    1251                  4.0675736416990821E-001                 -1.5817171990399519E+000                  7.6560225463489173E+000                  2.0221169266910315E+000                  1.7486188328388472E+001                  1.1836775149169561E-004                  9.8050176300964542E-001                  1.9379869238862923E-002                  5.0830578499773034E-005                  2.7721881949143859E+004                  2.7124317664673037E-018 
                                    1252                  4.0675307132548477E-001                 -1.5821809551194521E+000                  7.6560289377937005E+000                  2.0259305993307146E+000                  1.7489870009525617E+001                  1.0226590078522533E-004                  9.8051779136867945E-001                  1.9379942730535338E-002                  3.8444467879012484E-005                  2.4171143959303896E+004                  2.7633257017903550E-018 
                                    1253                  4.0675065377625697E-001                 -1.5824404872786719E+000                  7.6560335287549313E+000                  2.0286638434275184E+000                  1.7492509857463808E+001                  9.1889556347016634E-005                  9.8052815898207013E-001                  1.9379951461582889E-002                  3.1325866604191025E-005                  2.1861658970841210E+004                  2.8003833032887246E-018 
                                    1254                  4.0674823622702899E-001                 -1.5826988529345354E+000                  7.6560403968070867E+000                  2.0327393291849951E+000                  1.7496449081628288E+001                  7.8290305453092125E-005                  9.8054178248901569E-001                  1.9379927205531167E-002                  2.3044791600751682E-005                  1.8809393114908129E+004                  2.8565584304786130E-018 
                                    1255                  4.0674340112857338E-001                 -1.5832121237580894E+000                  7.6560472576779954E+000                  2.0368069834485034E+000                  1.7500383428740871E+001                  6.6691202285792543E-005                  9.8055347064971510E-001                  1.9379838147999151E-002                  1.6938323591393809E-005                  1.6179793525685798E+004                  2.9137385931800146E-018 
                                    1256                  4.0674096098542745E-001                 -1.5834694268096476E+000                  7.6560518527130004E+000                  2.0395201364302795E+000                  1.7503008965128814E+001                  5.9766405621913617E-005                  9.8056040308717762E-001                  1.9379830507200491E-002                  1.3717804220556001E-005                  1.4594568499641820E+004                  2.9525134817265747E-018 
                                    1257                  4.0673852084228146E-001                 -1.5837255812984168E+000                  7.6560565269179062E+000                  2.0422721112499898E+000                  1.7505673148444689E+001                  5.3438812573608456E-005                  9.8056668350913467E-001                  1.9379877678291746E-002                  1.1058501388054284E-005                  1.3135965074645777E+004                  2.9923696956987346E-018 
                                    1258                  4.0673599032346330E-001                 -1.5839900200811119E+000                  7.6560612813040043E+000                  2.0450625191582512E+000                  1.7508375620101845E+001                  4.7687508404350567E-005                  9.8057242131356981E-001                  1.9379891178025854E-002                  8.8792980933953429E-006                  1.1801035948123021E+004                  3.0333328808952683E-018 
                                    1259                  4.0673345980464515E-001                 -1.5842532445370956E+000                  7.6560682379752478E+000                  2.0491253684310422E+000                  1.7512312180028843E+001                  4.0226157169097911E-005                  9.8057989159011660E-001                  1.9379882252714253E-002                  6.3929812028830351E-006                  1.0052186403688000E+004                  3.0939866747699279E-018 
                                    1260                  4.0672857951835323E-001                 -1.5847574994931579E+000                  7.6560773940192135E+000                  2.0544420590233390E+000                  1.7517466744247209E+001                  3.2153691033566193E-005                  9.8058795530003251E-001                  1.9379891008933892E-002                  4.1460604043464034E-006                  8.1382156548880357E+003                  3.1752025026977589E-018 
                                    1261                  4.0672369923206131E-001                 -1.5852573494350257E+000                  7.6560841344308912E+000                  2.0583313571953767E+000                  1.7521239572223781E+001                  2.7296710640468920E-005                  9.8059278110162706E-001                  1.9379922187732435E-002                  3.0199935740864203E-006                  6.9737535165205409E+003                  3.2359699067684315E-018 
                                    1262                  4.0672139465242352E-001                 -1.5854918794906749E+000                  7.6560906221469587E+000                  2.0620486465865211E+000                  1.7524847077047362E+001                  2.3254472277759138E-005                  9.8059684850771334E-001                  1.9379897020008863E-002                  2.2137458100500969E-006                  5.9943455061273917E+003                  3.2951505753614784E-018 
                                    1263                  4.0671678549314783E-001                 -1.5859580686298265E+000                  7.6560971157393141E+000                  2.0657495898813627E+000                  1.7528440153636556E+001                  1.9760696620560242E-005                  9.8060041474635939E-001                  1.9379824557020031E-002                  1.6142050175942440E-006                  5.1392229628796003E+003                  3.3551573154300904E-018 
                                    1264                  4.0671448091351003E-001                 -1.5861897430844063E+000                  7.6561023817397533E+000                  2.0687319857911048E+000                  1.7531336674100096E+001                  1.7330742216478787E-005                  9.8060296297031968E-001                  1.9379706287463883E-002                  1.2512724656971663E-006                  4.5396113715845131E+003                  3.4043190842228971E-018 
                                    1265                  4.0671118220147912E-001                 -1.5865197255590551E+000                  7.6561085885254432E+000                  2.0722276207945702E+000                  1.7534732751492282E+001                  1.4822559801018456E-005                  9.8060549298145872E-001                  1.9379684458740276E-002                  9.2354718647801605E-007                  3.9153792518868063E+003                  3.4628698628299664E-018 
                                    1266                  4.0670788348944820E-001                 -1.5868478075092520E+000                  7.6561148028750079E+000                  2.0757053577062137E+000                  1.7538112609279512E+001                  1.2676751676062799E-005                  9.8060761696791499E-001                  1.9379706280408970E-002                  6.8148222716909188E-007                  3.3766941598843127E+003                  3.5221340377276652E-018 
                                    1267                  4.0670458477741722E-001                 -1.5871740090644535E+000                  7.6561210257165007E+000                  2.0791654212566453E+000                  1.7541476391734605E+001                  1.0825673731206399E-005                  9.8060932600793593E-001                  1.9379848318332837E-002                  5.0131943698464474E-007                  2.9077483435347581E+003                  3.5821178145283797E-018 
                                    1268                  4.0670128606538636E-001                 -1.5874983500100166E+000                  7.6561277274002748E+000                  2.0828662509823741E+000                  1.7545075434186540E+001                  9.1409404958959271E-006                  9.8061068860118539E-001                  1.9380170458318746E-002                  3.6072153836180450E-007                  2.4772248497296882E+003                  3.6474230423015219E-018 
                                    1269                  4.0669749028715890E-001                 -1.5878692871027476E+000                  7.6561349119234698E+000                  2.0868046527821007E+000                  1.7548906864154862E+001                  7.6023826306840013E-006                  9.8061223743589265E-001                  1.9380160181476702E-002                  2.5193844915881132E-007                  2.0798865886103345E+003                  3.7182550390938920E-018 
                                    1270                  4.0669369450893150E-001                 -1.5882378155878343E+000                  7.6561415964418247E+000                  2.0904418786127636E+000                  1.7552446519140510E+001                  6.4128073657703546E-006                  9.8061368825246775E-001                  1.9379898940166451E-002                  1.8085922025622444E-007                  1.7698159234230500E+003                  3.7849158277565713E-018 
                                    1271                  4.0669044098473656E-001                 -1.5885518019975744E+000                  7.6561477776971349E+000                  2.0937818125870082E+000                  1.7555697811415541E+001                  5.4665326346577640E-006                  9.8061469936669488E-001                  1.9379834100670457E-002                  1.3248947288508702E-007                  1.5208278150937865E+003                  3.8471974772713930E-018 
                                    1272                  4.0668718746054167E-001                 -1.5888640576300663E+000                  7.6561531962301874E+000                  2.0966914318935554E+000                  1.7558530948850631E+001                  4.7509176030242100E-006                  9.8061536148240558E-001                  1.9379887599991430E-002                  1.0077597161312647E-007                  1.3310273521534407E+003                  3.9023036846489250E-018 
                                    1273                  4.0668474731739540E-001                 -1.5890971241790455E+000                  7.6561578472417713E+000                  2.0991751064415678E+000                  1.7560949886557694E+001                  4.2097222713129174E-006                  9.8061589764695423E-001                  1.9379892630774442E-002                  7.9597127730604184E-008                  1.1864773461143463E+003                  3.9499793397224150E-018 
                                    1274                  4.0668230717424919E-001                 -1.5893292342778251E+000                  7.6561648337753549E+000                  2.1028817860313822E+000                  1.7564560875224625E+001                  3.5122279425956979E-006                  9.8061659358581843E-001                  1.9379894186238977E-002                  5.5898822056525777E-008                  9.9876799587508049E+002                  4.0222385079542861E-018 
                                    1275                  4.0667742688795666E-001                 -1.5897906128792767E+000                  7.6561721004500329E+000                  2.1067084223125412E+000                  1.7568289860129820E+001                  2.9105737234133053E-006                  9.8061719697851057E-001                  1.9379892447766056E-002                  3.8738972591020433E-008                  8.3533668219478830E+002                  4.0982499696661424E-018 
                                    1276                  4.0667471561779434E-001                 -1.5900453149968770E+000                  7.6561772995696389E+000                  2.1094273855175674E+000                  1.7570940126570466E+001                  2.5382973503769655E-006                  9.8061757185539744E-001                  1.9379889847252141E-002                  2.9653562902843284E-008                  7.3327997705590360E+002                  4.1531482653029430E-018 
                                    1277                  4.0667200434763195E-001                 -1.5902988722171663E+000                  7.6561824206518052E+000                  2.1120905642710799E+000                  1.7573536566658404E+001                  2.2163448584251595E-006                  9.8061789004944466E-001                  1.9379893605696918E-002                  2.2751170292206618E-008                  6.4439146301934079E+002                  4.2076476321977263E-018 
                                    1278                  4.0666938345314163E-001                 -1.5905428981183176E+000                  7.6561899844655601E+000                  2.1159965045328271E+000                  1.7577345605199369E+001                  1.8187113877904295E-006                  9.8061828706886056E-001                  1.9379894219751614E-002                  1.5461797874974617E-008                  5.3378103343184091E+002                  4.2889027404433578E-018 
                                    1279                  4.0666414166416087E-001                 -1.5910277992744790E+000                  7.6562001031011855E+000                  2.1211727749898515E+000                  1.7582395213979062E+001                  1.3927534252380327E-006                  9.8061870943184926E-001                  1.9379897814725489E-002                  9.1784906159233248E-009                  4.1389540733133288E+002                  4.3990583091311152E-018 
                                    1280                  4.0665889987518022E-001                 -1.5915085560786626E+000                  7.6562077175786909E+000                  2.1250314747812089E+000                  1.7586160777039812E+001                  1.1361015698128870E-006                  9.8061896440913299E-001                  1.9379899489297192E-002                  6.1629960392638507E-009                  3.4077916930090197E+002                  4.4830509229366540E-018 
                                    1281                  4.0665627898068996E-001                 -1.5917474011573405E+000                  7.6562128024385920E+000                  2.1275904538245274E+000                  1.7588658592330390E+001                  9.9187620229595887E-007                  9.8061911397306012E-001                  1.9379894150737598E-002                  4.7258301624922876E-009                  2.9936038448655211E+002                  4.5396545799954698E-018 
                                    1282                  4.0665365808619963E-001                 -1.5919852342788383E+000                  7.6562178958877851E+000                  2.1301398637994726E+000                  1.7591147538345286E+001                  8.6581422773692531E-007                  9.8061924091623587E-001                  1.9379893269536375E-002                  3.6224790131287242E-009                  2.6292508468936546E+002                  4.5967727974234648E-018 
                                    1283                  4.0665103719170936E-001                 -1.5922220632997495E+000                  7.6562243174439208E+000                  2.1333342157178170E+000                  1.7594266790059962E+001                  7.3055823848608549E-007                  9.8061936974989705E-001                  1.9379899691864488E-002                  2.5984365875513989E-009                  2.2356676787007694E+002                  4.6693786592809781E-018 
                                    1284                  4.0664706066213779E-001                 -1.5925794896507524E+000                  7.6562320784090643E+000                  2.1371662131623248E+000                  1.7598009655584786E+001                  5.9228233435771472E-007                  9.8061951292276694E-001                  1.9379894794898656E-002                  1.7232588382559378E-009                  1.8293535594181279E+002                  4.7580265278719632E-018 
                                    1285                  4.0664308413256622E-001                 -1.5929346491623946E+000                  7.6562415392845669E+000                  2.1417950970119670E+000                  1.7602532257563659E+001                  4.6058880576090296E-007                  9.8061964262205104E-001                  1.9379896789143203E-002                  1.0534507058824208E-009                  1.4385796086310728E+002                  4.8674079406923478E-018 
                                    1286                  4.0663739046522501E-001                 -1.5934392779367745E+000                  7.6562515674805143E+000                  2.1466524636531359E+000                  1.7607279705857902E+001                  3.5079499664730326E-007                  9.8061975041899407E-001                  1.9379898786009320E-002                  6.1803992447711437E-010                  1.1085789401061919E+002                  4.9849551804801875E-018 
                                    1287                  4.0663287168162132E-001                 -1.5938365582514220E+000                  7.6562585987770895E+000                  2.1500283218645566E+000                  1.7610580134633409E+001                  2.8926863855714680E-007                  9.8061980948860505E-001                  1.9379901242756348E-002                  4.2357607237268556E-010                  9.2162618817671657E+001                  5.0683568540413848E-018 
                                    1288                  4.0663025078713133E-001                 -1.5940656919120364E+000                  7.6562663551117849E+000                  2.1537234078654683E+000                  1.7614193560315275E+001                  2.3420471562432069E-007                  9.8061986648951227E-001                  1.9379899305772108E-002                  2.8006614770655387E-010                  7.5288082936561551E+001                  5.1612837645829893E-018 
                                    1289                  4.0662500899815140E-001                 -1.5945211522460183E+000                  7.6562749426539654E+000                  2.1577811455300897E+000                  1.7618162694774728E+001                  1.8526044516467875E-007                  9.8061990371957075E-001                  1.9379911019984042E-002                  1.7690537501515487E-010                  6.0140782431550640E+001                  5.2653403506037479E-018 
                                    1290                  4.0662157472261218E-001                 -1.5948175509617704E+000                  7.6562817560295722E+000                  2.1609752714928137E+000                  1.7621287863864836E+001                  1.5356411559493117E-007                  9.8061994009743947E-001                  1.9379906338444886E-002                  1.2245784574751379E-010                  5.0237743189756898E+001                  5.3487595599832354E-018 
                                    1291                  4.0661814044707290E-001                 -1.5951123791698112E+000                  7.6562885843075694E+000                  2.1641544427928370E+000                  1.7624399085698908E+001                  1.2728683837455068E-007                  9.8061997571585069E-001                  1.9379896997310908E-002                  8.4759793824514005E-011                  4.1962764813988244E+001                  5.4331319754030017E-018 
                                    1292                  4.0661470617153367E-001                 -1.5954056521240776E+000                  7.6562986689265493E+000                  2.1688096191550432E+000                  1.7628955987884829E+001                  9.6821707817256842E-008                  9.8062000469833466E-001                  1.9379898479957580E-002                  4.9576544470879130E-011                  3.2280663162384016E+001                  5.5591419801801304E-018 
                                    1293                  4.0660801837179922E-001                 -1.5959723540911865E+000                  7.6563109663460374E+000                  2.1744244509519151E+000                  1.7634454203790312E+001                  6.8876386421906169E-008                  9.8062003251031682E-001                  1.9379898613296809E-002                  2.5418451997148007E-011                  2.3277679738896659E+001                  5.7151177911567169E-018 
                                    1294                  4.0660241508013001E-001                 -1.5964427413809388E+000                  7.6563189514986743E+000                  2.1780344372740865E+000                  1.7637990312891969E+001                  5.5053499749453065E-008                  9.8062004426503480E-001                  1.9379900681465445E-002                  1.6376771929806449E-011                  1.8769306575269905E+001                  5.8177606195260250E-018 
                                    1295                  4.0660006531265608E-001                 -1.5966388185847391E+000                  7.6563261304492372E+000                  2.1812554056251674E+000                  1.7641146088941444E+001                  4.5024264689449401E-008                  9.8062005146681297E-001                  1.9379903508922380E-002                  1.1035913217885767E-011                  1.5470190348216454E+001                  5.9109369559371067E-018 
                                    1296                  4.0659527540203594E-001                 -1.5970363752194980E+000                  7.6563357916706494E+000                  2.1855552816941120E+000                  1.7645359991343934E+001                  3.4348697502690666E-008                  9.8062006286019232E-001                  1.9379902791110126E-002                  6.4875825378682892E-012                  1.1925634505408757E+001                  6.0377117383008938E-018 
                                    1297                  4.0659048549141563E-001                 -1.5974310937764213E+000                  7.6563430590585622E+000                  2.1887637985746680E+000                  1.7648505136723443E+001                  2.8027833865581183E-008                  9.8062006463334239E-001                  1.9379907338823776E-002                  4.3519644408742984E-012                  9.8069743525803279E+000                  6.1341217258511575E-018 
                                    1298                  4.0658809053610551E-001                 -1.5976274007245459E+000                  7.6563479111046808E+000                  2.1908934230709209E+000                  1.7650593067654192E+001                  2.4439395208723280E-008                  9.8062007105492255E-001                  1.9379904505682277E-002                  3.3253726980063222E-012                  8.5956227563183312E+000                  6.1989831603047101E-018 
                                    1299                  4.0658569558079549E-001                 -1.5978230120178418E+000                  7.6563551998357697E+000                  2.1940739168319143E+000                  1.7653711838088544E+001                  1.9928999113211230E-008                  9.8062007793551553E-001                  1.9379902135485350E-002                  2.2276454349244478E-012                  7.0635041547957638E+000                  6.2971625234809183E-018 
                                    1300                  4.0658090567017519E-001                 -1.5982121651006393E+000                  7.6563652224379357E+000                  2.1984121333138362E+000                  1.7657966906534277E+001                  1.5004458860372568E-008                  9.8062007657240202E-001                  1.9379908423139081E-002                  1.2755636031834063E-012                  5.3742832784210552E+000                  6.4336552935106083E-018 
                                    1301                  4.0657584463253837E-001                 -1.5986203815089590E+000                  7.6563729700260925E+000                  2.2017381533566560E+000                  1.7661229991909057E+001                  1.2034396948374978E-008                  9.8062008344033336E-001                  1.9379904525269720E-002                  8.2693843935894294E-013                  4.3453805006157280E+000                  6.5403528541875351E-018 
                                    1302                  4.0657331411372005E-001                 -1.5988233606185971E+000                  7.6563807293971120E+000                  2.2050447940557003E+000                  1.7664474760538965E+001                  9.6695752984549840E-009                  9.8062008188699523E-001                  1.9379908443429517E-002                  5.3800081922631497E-013                  3.5195989944338768E+000                  6.6482287426760197E-018 
                                    1303                  4.0656825307608324E-001                 -1.5992270846931835E+000                  7.6563885124101319E+000                  2.2083383554697935E+000                  1.7667707379667000E+001                  7.7314824110250485E-009                  9.8062008000714329E-001                  1.9379912261374255E-002                  3.4659655795315083E-013                  2.8367292043312911E+000                  6.7574917460535733E-018 
                                    1304                  4.0656572255726486E-001                 -1.5994278404076676E+000                  7.6563963071428605E+000                  2.2116128988268327E+000                  1.7670922011520709E+001                  6.1835047857528929E-009                  9.8062008834989800E-001                  1.9379905466597180E-002                  2.2339817180437988E-013                  2.2868729053237464E+000                  6.8679515947533133E-018 
                                    1305                  4.0656066151962827E-001                 -1.5998271625408405E+000                  7.6564082206002064E+000                  2.2165732851178848E+000                  1.7675792917602905E+001                  4.4167765057300330E-009                  9.8062009215302537E-001                  1.9379903430198131E-002                  1.1530225565615691E-013                  1.6532626120381992E+000                  7.0388195190817352E-018 
                                    1306                  4.0655415447123799E-001                 -1.6003363411266187E+000                  7.6564183112746065E+000                  2.2207338821732048E+000                  1.7679879640250785E+001                  3.2911025186017219E-009                  9.8062009220958057E-001                  1.9379904499316924E-002                  6.4642479057654730E-014                  1.2444170412754740E+000                  7.1854974824669791E-018 
                                    1307                  4.0655090094704338E-001                 -1.6005891676973900E+000                  7.6564250511999621E+000                  2.2234917935506968E+000                  1.7682589173634501E+001                  2.7094334479081674E-009                  9.8062008895674302E-001                  1.9379908333823526E-002                  4.4094236805866978E-014                  1.0313654158807957E+000                  7.2844509764359691E-018 
                                    1308                  4.0654764742284855E-001                 -1.6008408319549265E+000                  7.6564335389851692E+000                  2.2269413646936691E+000                  1.7685978893012653E+001                  2.1182595219603813E-009                  9.8062007544597207E-001                  1.9379922435768360E-002                  2.7168940798305777E-014                  8.1311738968290714E-001                  7.4101932153698967E-018 
                                    1309                  4.0654272194872010E-001                 -1.6012196333756650E+000                  7.6564437911132153E+000                  2.2310739686308105E+000                  1.7690040756625898E+001                  1.5750914501649227E-009                  9.8062007743977231E-001                  1.9379920985136190E-002                  1.5167245272092967E-014                  6.1072055696416461E-001                  7.5637716373838789E-018 
                                    1310                  4.0653779647459171E-001                 -1.6015958270508250E+000                  7.6564582697088523E+000                  2.2368469625835998E+000                  1.7695716677487312E+001                  1.0384040924346852E-009                  9.8062009276499007E-001                  1.9379906196605790E-002                  6.6814215249203362E-015                  4.0831868368173441E-001                  7.7838033459777363E-018 
                                    1311                  4.0652884928305505E-001                 -1.6022726208888798E+000                  7.6564725856069735E+000                  2.2424859899938667E+000                  1.7701262827604609E+001                  6.7907541854458271E-010                  9.8062008182458715E-001                  1.9379917496337384E-002                  2.8951975575002065E-015                  2.7071315301828880E-001                  8.0050758006168499E-018 
                                    1312                  4.0652414974810680E-001                 -1.6026247721302078E+000                  7.6564824717817794E+000                  2.2463396240945506E+000                  1.7705054095383680E+001                  5.0684302344300125E-010                  9.8062009107007375E-001                  1.9379908423083236E-002                  1.6273801556818079E-015                  2.0395764734137989E-001                  8.1599998074315771E-018 
                                    1313                  4.0651945021315905E-001                 -1.6029746598090386E+000                  7.6564910021316166E+000                  2.2496390739689960E+000                  1.7708300854289309E+001                  3.9435089414744308E-010                  9.8062010365898500E-001                  1.9379895946664116E-002                  9.9276635527113802E-016                  1.5996944670521554E-001                  8.2950912089803668E-018 
                                    1314                  4.0651606112545563E-001                 -1.6032255931716817E+000                  7.6565009810044913E+000                  2.2534684939166381E+000                  1.7712069932403306E+001                  2.9436312921627696E-010                  9.8062009120433813E-001                  1.9379908501298782E-002                  5.5811568960596306E-016                  1.2052827078721290E-001                  8.4547674927448420E-018 
                                    1315                  4.0651000595542641E-001                 -1.6036710616795056E+000                  7.6565158800313027E+000                  2.2591273231625122E+000                  1.7717641185208773E+001                  1.8927843269252643E-010                  9.8062006840118487E-001                  1.9379931409536644E-002                  2.3382341371184566E-016                  7.8577153669417810E-002                  8.6965302444989672E-018 
                                    1316                  4.0650200770844797E-001                 -1.6042539280871257E+000                  7.6565293051615155E+000                  2.2641679766375105E+000                  1.7722605421778244E+001                  1.2671984585986560E-010                  9.8062008339383011E-001                  1.9379916479450032E-002                  1.0604207227549795E-016                  5.3257099997684985E-002                  8.9178651782302173E-018 
                                    1317                  4.0649739854917200E-001                 -1.6045869933754457E+000                  7.6565387601885320E+000                  2.2676847336307042E+000                  1.7726069746609035E+001                  9.5243854499327073E-011                  9.8062008081402363E-001                  1.9379919090732556E-002                  6.0398147996305188E-017                  4.0373357388855571E-002                  9.0757100309950197E-018 
                                    1318                  4.0649315089258425E-001                 -1.6048921323061076E+000                  7.6565478502437170E+000                  2.2710404586018611E+000                  1.7729376114376088E+001                  7.2522144171868145E-011                  9.8062008168292703E-001                  1.9379918244550876E-002                  3.5293031727358080E-017                  3.0994527681839860E-002                  9.2290071000086906E-018 
                                    1319                  4.0648890323599651E-001                 -1.6051955596708809E+000                  7.6565550227020971E+000                  2.2736711729575720E+000                  1.7731968592955710E+001                  5.8510235711799670E-011                  9.8062008096736908E-001                  1.9379918974120725E-002                  2.3114017555928786E-017                  2.5167199751464739E-002                  9.3510447262056146E-018 
                                    1320                  4.0648646309285030E-001                 -1.6053691020093523E+000                  7.6565602635211718E+000                  2.2755838015338763E+000                  1.7733853675199050E+001                  4.9982138439430044E-011                  9.8062008098409059E-001                  1.9379918965927279E-002                  1.6942534640359953E-017                  2.1599609887059223E-002                  9.4408123280419667E-018 
                                    1321                  4.0648402294970404E-001                 -1.6055420886681064E+000                  7.6565687180834407E+000                  2.2786523043419504E+000                  1.7736878426563361E+001                  3.8643380317390165E-011                  9.8062007575860144E-001                  1.9379924202755139E-002                  1.0200152988381113E-017                  1.6825164005956315E-002                  9.5866870942677582E-018 
                                    1322                  4.0647860040937911E-001                 -1.6059245298353579E+000                  7.6565804133632742E+000                  2.2828637450596356E+000                  1.7741030703919833E+001                  2.7121185566175834E-011                  9.8062007726969003E-001                  1.9379922703188779E-002                  5.0738719346251865E-018                  1.1930576835007721E-002                  9.7906814999330119E-018 
                                    1323                  4.0647317786905424E-001                 -1.6063042786974004E+000                  7.6565917513209296E+000                  2.2869099234802723E+000                  1.7745021000167526E+001                  1.9318054006831166E-011                  9.8062007898661074E-001                  1.9379920994071154E-002                  2.5986490948752289E-018                  8.5824514722971264E-003                  9.9908804894068715E-018 
                                    1324                  4.0646811683141709E-001                 -1.6066563128279250E+000                  7.6566066474760284E+000                  2.2921716069986382E+000                  1.7750211414829646E+001                  1.2335093062435819E-011                  9.8062007713655974E-001                  1.9379922851105125E-002                  7.0601020504944841E-019                  5.5510802441534942E-003                  1.0257543481622874E-017 
                                    1325                  4.0645944076689705E-001                 -1.6072544921718885E+000                  7.6566220050689600E+000                  2.2975346954671685E+000                  1.7755503479839884E+001                  7.6684168396514406E-012                  9.8062009136860606E-001                  1.9379908623725517E-002                  4.1975615722185868E-019                  3.4965293982378788E-003                  1.0536892946024159E-017 
                                    1326                  4.0645401822657207E-001                 -1.6076250035654918E+000                  7.6566363196975820E+000                  2.3024769104629490E+000                  1.7760381685375165E+001                  4.9489213498969052E-012                  9.8062007949949170E-001                  1.9379920495559366E-002                  1.2752327193518625E-019                  2.2840050127203712E-003                  1.0801259812843546E-017 
                                    1327                  4.0644633629444554E-001                 -1.6081455548306989E+000                  7.6566559435960260E+000                  2.3091665898008094E+000                  1.7766986911063732E+001                  2.7316249204986310E-012                  9.8062006284150016E-001                  1.9379937155768245E-002                  1.4209939581636143E-020                  1.2815162520565786E-003                  1.1170029256932395E-017 
                                    1328                  4.0643612384350059E-001                 -1.6088298452144296E+000                  7.6566877233988464E+000                  2.3197954121314299E+000                  1.7777486698463068E+001                  1.0648651786257488E-012                  9.8062008071045403E-001                  1.9379919288481151E-002                  8.5262875593726910E-021                  5.1275764671428962E-004                  1.1782857330443689E-017 
                                    1329                  4.0641750645505192E-001                 -1.6100552059951936E+000                  7.6567252287918803E+000                  2.3320332733344822E+000                  1.7789583716769958E+001                  3.2208508014299099E-013                  9.8062008254728783E-001                  1.9379917452390094E-002                  2.0838303568269570E-022                  1.5981980354259274E-004                  1.2531583054226877E-017 
                                    1330                  4.0640241371781582E-001                 -1.6110283421087854E+000                  7.6567808355664964E+000                  2.3495858684732212E+000                  1.7806948621902649E+001                  6.6092577183980951E-014                  9.8062006581514127E-001                  1.9379934184792669E-002                  3.5191946424613513E-023                  3.4241352375142967E-005                  1.3692228430773927E-017 
                                    1331                  4.0636789021108238E-001                 -1.6131893978015663E+000                  7.6568511501630061E+000                  2.3708722690526738E+000                  1.7828029633047457E+001                  6.3665371318455961E-015                  9.8062007353366965E-001                  1.9379926466324027E-002                  3.4338483307885265E-025                  3.4759420903991114E-006                  1.5250144150265777E-017 
                                    1332                  4.0634068713378885E-001                 -1.6148322186599882E+000                  7.6568957599905820E+000                  2.3838831220966581E+000                  1.7840926799417261E+001                  1.3396372531883741E-015                  9.8062006484366449E-001                  1.9379935156334183E-002                  4.0690049604188010E-027                  7.5526941778700162E-007                  1.6291575387041450E-017 
                                    1333                  4.0632920942343531E-001                 -1.6155103282865244E+000                  7.6569320053150136E+000                  2.3941826680389942E+000                  1.7851142689705817E+001                  4.2853327068802189E-016                  9.8062007296084974E-001                  1.9379927039149814E-002                  4.2651982594377314E-028                  2.4782998085145689E-007                  1.7168062221405575E-017 
                                    1334                  4.0630941715125141E-001                 -1.6166594893975703E+000                  7.6569927569631044E+000                  2.4109411495879383E+000                  1.7867776888133207E+001                  6.4852547834645119E-017                  9.8062006309330263E-001                  1.9379936906697259E-002                  1.0158854477937111E-029                  3.9094089011913854E-008                  1.8700014013591861E-017 
                                    1335                  4.0627724341199234E-001                 -1.6184753148327391E+000                  7.6570600105375837E+000                  2.4288128517215442E+000                  1.7885532032897206E+001                  6.2916185183194201E-018                  9.8062005685752240E-001                  1.9379943142477596E-002                  9.9695646106673297E-032                  3.9646049679162970E-009                  2.0490574518287006E-017 
                                    1336                  4.0625266122919046E-001                 -1.6198213779184805E+000                  7.6571101981043164E+000                  2.4417090821413607E+000                  1.7898354342884097E+001                  1.0901761234505891E-018                  9.8062005133443741E-001                  1.9379948665562585E-002                  3.0850060166673508E-033                  7.0934069068760952E-010                  2.1892460071615219E-017 
                                    1337                  4.0623530910015276E-001                 -1.6207510202367696E+000                  7.6571784781862666E+000                  2.4586802749141055E+000                  1.7915241232568903E+001                  1.3294554403546558E-019                  9.8062004778494805E-001                  1.9379952215051954E-002                  4.7738966714750455E-035                  9.0237684232336019E-011                  2.3890715692144379E-017 
                                    1338                  4.0619599568279946E-001                 -1.6227974363103475E+000                  7.6572464648187948E+000                  2.4749932369057337E+000                  1.7931486866071559E+001                  9.9942013423318734E-021                  9.8062004376079770E-001                  1.9379956239202301E-002                  2.8030061212226278E-037                  7.0655008180538908E-012                  2.5990324948156743E-017 
                                    1339                  4.0617972806182684E-001                 -1.6236211427065104E+000                  7.6572906140870050E+000                  2.4852781150592804E+000                  1.7941736237088726E+001                  2.1934868022470497E-021                  9.8062004450889961E-001                  1.9379955491100387E-002                  1.3831529618666041E-038                  1.5911031176963114E-012                  2.7411988339915001E-017 
                                    1340                  4.0616011654098771E-001                 -1.6245969720112625E+000                  7.6573478425897736E+000                  2.4982751846337417E+000                  1.7954696067529234E+001                  3.1233127177879968E-022                  9.8062003633196493E-001                  1.9379963668035072E-002                  2.8911495356541337E-040                  2.3405336811839143E-013                  2.9325180399285200E-017 
                                    1341                  4.0613354609339769E-001                 -1.6258901768248497E+000                  7.6574007464372116E+000                  2.5099763899859520E+000                  1.7966370998883633E+001                  4.4004503268650249E-023                  9.8062002813913007E-001                  1.9379971860869927E-002                  5.8987315809565304E-042                  3.3958142491971552E-014                  3.1166557449726178E-017 
                                    1342                  4.0611782072645641E-001                 -1.6266404756015083E+000                  7.6574532515944354E+000                  2.5212970198982783E+000                  1.7977672790571823E+001                  7.3193557554638425E-024                  9.8062002890405342E-001                  1.9379971095946580E-002                  3.4298893648582899E-039                  5.8113313823114029E-015                  3.3063035658239711E-017 
                                    1343                  4.0609179253289990E-001                 -1.6278586480124628E+000                  7.6575156156513575E+000                  2.5343951335442187E+000                  1.7990757131163971E+001                  7.5656473109020712E-025                  9.8062002428246176E-001                  1.9379975717538245E-002                  1.8465412342497806E-045                  6.2082630545072884E-016                  3.5408317435693371E-017 
                                    1344                  4.0606865636084782E-001                 -1.6289175947462324E+000                  7.6575916726427975E+000                  2.5498753506143559E+000                  1.8006232232157561E+001                  5.5502751546772382E-026                  9.8062002363801415E-001                  1.9379976361985851E-002                  1.0306118155036980E-047                  4.7359191277829612E-017                  3.8405864518484798E-017 
                                    1345                  4.0603228015283421E-001                 -1.6305391782234688E+000                  7.6576666795291528E+000                  2.5646577114142355E+000                  1.8021020940916987E+001                  3.0223817581586909E-027                  9.8062002974424123E-001                  1.9379970255758772E-002                  3.1641781515406882E-050                  2.6771836581818470E-018                  4.1516162579668377E-017 
                                    1346                  4.0601063517937047E-001                 -1.6314800746274976E+000                  7.6577148392311569E+000                  2.5739032048643868E+000                  1.8030276026419184E+001                  4.9000428915713189E-028                  9.8062000085092016E-001                  1.9379999149079841E-002                  8.4997978740035700E-052                  4.4432981562307664E-019                  4.3594441001112349E-017 
                                    1347                  4.0599527131511653E-001                 -1.6321374865449261E+000                  7.6577689494889878E+000                  2.5840708280664564E+000                  1.8040459228118177E+001                  7.1288870207362766E-029                  9.8062001217899220E-001                  1.9379987821007805E-002                  1.9244944323397704E-040                  6.6333782741693839E-020                  4.6006324980257163E-017 
                                    1348                  4.0596924312155758E-001                 -1.6332320496801342E+000                  7.6578451408675789E+000                  2.5980193758881969E+000                  1.8054437697448883E+001                  4.5441064613770790E-030                  9.8062001058748438E-001                  1.9379989412515619E-002                  7.7368518974642838E-056                  4.3809418948719156E-021                  4.9544698888955887E-017 
                                    1349                  4.0593743088498507E-001                 -1.6345383508097531E+000                  7.6579502541842572E+000                  2.6165918427593393E+000                  1.8073065481628582E+001                  1.3168453304401911E-031                  9.8062000969555829E-001                  1.9379990304441708E-002                  6.7880507995875866E-059                  1.3311485214646092E-022                  5.4704706538621578E-017 
                                    1350                  4.0589016440848308E-001                 -1.6364185681758145E+000                  7.6580759695579754E+000                  2.6378722908741237E+000                  1.8094431152396130E+001                  1.0213386814188057E-033                  9.8062000031379770E-001                  1.9379999686202298E-002                  4.2935352900465747E-063                  1.0902248824540436E-024                  6.1317594153892635E-017 
                                    1351                  4.0584407281572021E-001                 -1.6381865129535405E+000                  7.6581856051316075E+000                  2.6556650002232094E+000                  1.8112313227727991E+001                  9.9748147691169151E-036                  9.8061998884975021E-001                  1.9380011150249787E-002                  4.2709986115387529E-067                  1.1145388015990660E-026                  6.7490769128495978E-017 
                                    1352                  4.0580973006032495E-001                 -1.6394643024008881E+000                  7.6582563130389838E+000                  2.6667872856152330E+000                  1.8123499848362457E+001                  5.3385673474237918E-037                  9.8061998213790924E-001                  1.9380017862090759E-002                  1.2559779724672017E-069                  6.1383677039818918E-028                  7.1678991342364935E-017 
                                    1353                  4.0579264905829959E-001                 -1.6400878481116805E+000                  7.6583387968440659E+000                  2.6794209529368880E+000                  1.8136214655809731E+001                  3.0596191192714635E-038                  9.8061997585484317E-001                  1.9380024145156827E-002                  4.2504911759037753E-072                  3.6346247396779210E-029                  7.6771092901414560E-017 
                                    1354                  4.0574999174107151E-001                 -1.6416116699926515E+000                  7.6584508882763727E+000                  2.6960624198734333E+000                  1.8152976051388194E+001                  3.2872073789682701E-040                  9.8062002668776405E-001                  1.9379973312235954E-002                  5.1033878914951422E-076                  4.0768838313956876E-031                  8.4067184797888109E-017 
                                    1355                  4.0571230508581169E-001                 -1.6429200552210543E+000                  7.6585719851962208E+000                  2.7133847295902700E+000                  1.8170439256683014E+001                  0.0000000000000000E+000                  9.8061992149051003E-001                  1.9380078509489973E-002                  0.0000000000000000E+000                  0.0000000000000000E+000                  9.2444738829067456E-017 
                                    1356                  4.0566395410124334E-001                 -1.6445494899378919E+000                  7.6586779616386114E+000                  2.7280357442685434E+000                  1.8185222350839709E+001                  0.0000000000000000E+000                  9.8061995376683753E-001                  1.9380046233162473E-002                  0.0000000000000000E+000                  0.0000000000000000E+000                  1.0021852868742485E-016 
                                    1357                  4.0563783553200927E-001                 -1.6454078378232153E+000                  7.6587690224982659E+000                  2.7402548013714605E+000                  1.8197560834525390E+001                  0.0000000000000000E+000                  9.8061995306494865E-001                  1.9380046935051354E-002                  0.0000000000000000E+000                  0.0000000000000000E+000                  1.0723138317554667E-016 
                                    1358                  4.0560032962809228E-001                 -1.6466147950357639E+000                  7.6589037187868749E+000                  2.7577517534107452E+000                  1.8215243636739160E+001                  0.0000000000000000E+000                  9.8061995298211901E-001                  1.9380047017880986E-002                  0.0000000000000000E+000                  0.0000000000000000E+000                  1.1819263948786681E-016 
                                    1359                  4.0554447746274480E-001                 -1.6483588511419083E+000                  7.6590483062421404E+000                  2.7758301396311338E+000                  1.8233532627902779E+001                  0.0000000000000000E+000                  9.8061995240842770E-001                  1.9380047591572303E-002                  0.0000000000000000E+000                  0.0000000000000000E+000                  1.3077468885640952E-016 
                                    1360                  4.0550127789148932E-001                 -1.6496665273907203E+000                  7.6591680691828561E+000                  2.7902816407914051E+000                  1.8248166400738594E+001                  0.0000000000000000E+000                  9.8061994797858676E-001                  1.9380052021413241E-002                  1.4043997365700478E-038                  0.0000000000000000E+000                  1.4185450258305569E-016 
                                    1361                  4.0546313935787015E-001                 -1.6507926465921390E+000                  7.6592683485843676E+000                  2.8020422162936183E+000                  1.8260084581461491E+001                  0.0000000000000000E+000                  9.8061993902293887E-001                  1.9380060977061131E-002                  0.0000000000000000E+000                  0.0000000000000000E+000                  1.5160740893145158E-016 
                                    1362                  4.0543367688877263E-001                 -1.6516451523918132E+000                  7.6593672752520527E+000                  2.8133529764461942E+000                  1.8271554924636920E+001                  0.0000000000000000E+000                  9.8061993095416500E-001                  1.9380069045835002E-002                  0.0000000000000000E+000                  0.0000000000000000E+000                  1.6166329311795549E-016 
                                    1363                  4.0539682090666457E-001                 -1.6526910102382488E+000                  7.6594755998360533E+000                  2.8254282628948499E+000                  1.8283809330901331E+001                  0.0000000000000000E+000                  9.8061992689274580E-001                  1.9380073107254203E-002                  0.0000000000000000E+000                  0.0000000000000000E+000                  1.7318754519842754E-016 
                                    1364                  4.0536155444277339E-001                 -1.6536711554430601E+000                  7.6595921057112246E+000                  2.8380684782462282E+000                  1.8296646914057018E+001                  0.0000000000000000E+000                  9.8061992382869168E-001                  1.9380076171308325E-002                  0.0000000000000000E+000                  0.0000000000000000E+000                  1.8619529584135941E-016 
                                    1365                  4.0531974368661361E-001                 -1.6548081325153228E+000                  7.6597360446254914E+000                  2.8532176213692972E+000                  1.8312046127197736E+001                  0.0000000000000000E+000                  9.8061991802754156E-001                  1.9380081972458441E-002                  1.1671271525193464E-036                  0.0000000000000000E+000                  2.0317376827298372E-016 
                                    1366                  4.0526702577667451E-001                 -1.6562047340847383E+000                  7.6598554560802734E+000                  2.8654235391664549E+000                  1.8324464378520894E+001                  0.0000000000000000E+000                  9.8061990351674999E-001                  1.9380096483250009E-002                  0.0000000000000000E+000                  0.0000000000000000E+000                  2.1805507693980476E-016 
                                    1367                  4.0524203021592942E-001                 -1.6568531297835425E+000                  7.6599638548693925E+000                  2.8762209016194098E+000                  1.8335457927612381E+001                  0.0000000000000000E+000                  9.8061989614136169E-001                  1.9380103858638309E-002                  0.0000000000000000E+000                  0.0000000000000000E+000                  2.3219478643064610E-016 
                                    1368                  4.0519676552773742E-001                 -1.6580056272188339E+000                  7.6601216469730504E+000                  2.8914994800022646E+000                  1.8351027611598465E+001                  0.0000000000000000E+000                  9.8061989003521743E-001                  1.9380109964782566E-002                  0.0000000000000000E+000                  0.0000000000000000E+000                  2.5390474518001552E-016 
                                    1369                  4.0514050279281716E-001                 -1.6594008505908706E+000                  7.6602627443716660E+000                  2.9047499231709564E+000                  1.8364543523080719E+001                  0.0000000000000000E+000                  9.8061987038058618E-001                  1.9380129619413822E-002                  0.0000000000000000E+000                  0.0000000000000000E+000                  2.7449618281409362E-016 
                                    1370                  4.0510678150904539E-001                 -1.6602181788060542E+000                  7.6603974650246949E+000                  2.9170460348365554E+000                  1.8377097165028093E+001                  0.0000000000000000E+000                  9.8061988260265842E-001                  1.9380117397341579E-002                  0.0000000000000000E+000                  0.0000000000000000E+000                  2.9521609980251578E-016 
                                    1371                  4.0505501797506233E-001                 -1.6614464318376592E+000                  7.6606042277454884E+000                  2.9352963384553208E+000                  1.8395749862825827E+001                  0.0000000000000000E+000                  9.8061986840865345E-001                  1.9380131591346550E-002                  0.0000000000000000E+000                  0.0000000000000000E+000                  3.2912869415023102E-016 
                                    1372                  4.0497657736078996E-001                 -1.6632498674261564E+000                  7.6607874863118512E+000                  2.9509023809005632E+000                  1.8411719358009595E+001                  0.0000000000000000E+000                  9.8061984907984101E-001                  1.9380150920158989E-002                  0.0000000000000000E+000                  0.0000000000000000E+000                  3.6145223141489873E-016 
                                    1373                  4.0494090187863202E-001                 -1.6640482820663629E+000                  7.6609221207404863E+000                  2.9620291411895638E+000                  1.8423116636708684E+001                  0.0000000000000000E+000                  9.8061984879361674E-001                  1.9380151206383256E-002                  0.0000000000000000E+000                  0.0000000000000000E+000                  3.8658358989453557E-016 
                                    1374                  4.0489313763436757E-001                 -1.6650968700965141E+000                  7.6610936202617888E+000                  2.9758231257169330E+000                  1.8437259294803070E+001                  0.0000000000000000E+000                  9.8061984289018800E-001                  1.9380157109812002E-002                  0.0000000000000000E+000                  0.0000000000000000E+000                  4.2038501875290155E-016 
                                    1375                  4.0483528427285442E-001                 -1.6663370060724485E+000                  7.6612721223631164E+000                  2.9897565855611039E+000                  1.8451560194251300E+001                  0.0000000000000000E+000                  9.8061983777079231E-001                  1.9380162229207687E-002                  0.0000000000000000E+000                  0.0000000000000000E+000                  4.5778732957496576E-016 
                                    1376                  4.0478402065008323E-001                 -1.6674097255347442E+000                  7.6614795010084364E+000                  3.0054234164715705E+000                  1.8467659056149557E+001                  0.0000000000000000E+000                  9.8061982826716665E-001                  1.9380171732833351E-002                  0.0000000000000000E+000                  0.0000000000000000E+000                  5.0418967021143797E-016 
                                    1377                  4.0470930664667931E-001                 -1.6689313326381126E+000                  7.6617120209552194E+000                  3.0223849544847963E+000                  1.8485111230691288E+001                  0.0000000000000000E+000                  9.8061981673960508E-001                  1.9380183260394923E-002                  0.0000000000000000E+000                  0.0000000000000000E+000                  5.6022093081786435E-016 
                                    1378                  4.0464402278665251E-001                 -1.6702224462117206E+000                  7.6619501732033308E+000                  3.0391266707729732E+000                  1.8502361424106184E+001                  0.0000000000000000E+000                  9.8061980625044365E-001                  1.9380193749556351E-002                  4.3727494311445035E-040                  0.0000000000000000E+000                  6.2219989235007004E-016 
                                    1379                  4.0456696828983424E-001                 -1.6717028209790712E+000                  7.6622007953654263E+000                  3.0561150149645391E+000                  1.8519890891980435E+001                  0.0000000000000000E+000                  9.8061979594018445E-001                  1.9380204059815553E-002                  0.0000000000000000E+000                  0.0000000000000000E+000                  6.9276200175370383E-016 
                                    1380                  4.0449548098608745E-001                 -1.6730364517987864E+000                  7.6623820301003045E+000                  3.0680257737101435E+000                  1.8532196510201629E+001                  0.0000000000000000E+000                  9.8061976851783172E-001                  1.9380231482168275E-002                  0.0000000000000000E+000                  0.0000000000000000E+000                  7.4739008055585534E-016 
                                    1381                  4.0446035086161425E-001                 -1.6736784595530505E+000                  7.6625617845258951E+000                  3.0795305823704058E+000                  1.8544095365874639E+001                  0.0000000000000000E+000                  9.8061977749019968E-001                  1.9380222509800316E-002                  0.0000000000000000E+000                  0.0000000000000000E+000                  8.0464028912059270E-016 
                                    1382                  4.0439009061267012E-001                 -1.6749371399857844E+000                  7.6627904674154763E+000                  3.0937725102697340E+000                  1.8558842280799730E+001                  0.0000000000000000E+000                  9.8061977483501284E-001                  1.9380225164987164E-002                  0.0000000000000000E+000                  0.0000000000000000E+000                  8.8219438129934605E-016 
                                    1383                  4.0432719269252648E-001                 -1.6760364939058514E+000                  7.6629876783596229E+000                  3.1057114257936194E+000                  1.8571219614299036E+001                  0.0000000000000000E+000                  9.8061976180591615E-001                  1.9380238194083854E-002                  0.0000000000000000E+000                  0.0000000000000000E+000                  9.5348941450851949E-016 
                                    1384                  4.0427592906975179E-001                 -1.6769141766436162E+000                  7.6632362482135621E+000                  3.1203215107651578E+000                  1.8586385588339819E+001                  0.0000000000000000E+000                  9.8061976249771854E-001                  1.9380237502281461E-002                  0.0000000000000000E+000                  0.0000000000000000E+000                  1.0494166267254435E-015 
                                    1385                  4.0418394540618868E-001                 -1.6784496676258309E+000                  7.6636090416021929E+000                  3.1414056126644638E+000                  1.8608310142338468E+001                  0.0000000000000000E+000                  9.8061973711554840E-001                  1.9380262884451604E-002                  0.0000000000000000E+000                  0.0000000000000000E+000                  1.2068894925177406E-015 
                                    1386                  4.0406278510626353E-001                 -1.6803996910544470E+000                  7.6639120365080373E+000                  3.1578839652610564E+000                  1.8625477427857035E+001                  0.0000000000000000E+000                  9.8061972036868461E-001                  1.9380279631315389E-002                  0.0000000000000000E+000                  0.0000000000000000E+000                  1.3478798007092289E-015 
                                    1387                  4.0401243041297502E-001                 -1.6811873721025747E+000                  7.6640856162938018E+000                  3.1670571695466241E+000                  1.8635047012450880E+001                  0.0000000000000000E+000                  9.8061971555596250E-001                  1.9380284444037499E-002                  0.0000000000000000E+000                  0.0000000000000000E+000                  1.4341161622628300E-015 
                                    1388                  4.0396489340107711E-001                 -1.6819192667194296E+000                  7.6643531005586949E+000                  3.1808353515146761E+000                  1.8649438241075575E+001                  0.0000000000000000E+000                  9.8061969835204477E-001                  1.9380301647955234E-002                  0.0000000000000000E+000                  0.0000000000000000E+000                  1.5752259324633798E-015 
                                    1389                  4.0386209347669488E-001                 -1.6834646836099036E+000                  7.6647257796746207E+000                  3.1993884412547300E+000                  1.8668850521982350E+001                  0.0000000000000000E+000                  9.8061968387131082E-001                  1.9380316128689179E-002                  0.0000000000000000E+000                  0.0000000000000000E+000                  1.7897384219954391E-015 
                                    1390                  4.0375697578212688E-001                 -1.6849950283652000E+000                  7.6650399975798509E+000                  3.2144829386786111E+000                  1.8684673458766678E+001                  0.0000000000000000E+000                  9.8061967419064600E-001                  1.9380325809354004E-002                  0.0000000000000000E+000                  0.0000000000000000E+000                  1.9879020600323274E-015 
                                    1391                  4.0368803348093479E-001                 -1.6859728692802314E+000                  7.6653284481227475E+000                  3.2279099553086459E+000                  1.8698771605932400E+001                  0.0000000000000000E+000                  9.8061966088942165E-001                  1.9380339110578348E-002                  0.0000000000000000E+000                  0.0000000000000000E+000                  2.1845537194426127E-015 
                                    1392                  4.0359786767633887E-001                 -1.6872223736261509E+000                  7.6655902582619717E+000                  3.2397800882873233E+000                  1.8711253262716998E+001                  0.0000000000000000E+000                  9.8061965107111682E-001                  1.9380348928883184E-002                  0.0000000000000000E+000                  0.0000000000000000E+000                  2.3762102114042568E-015 
                                    1393                  4.0354442262280876E-001                 -1.6879479729023803E+000                  7.6658541676752758E+000                  3.2514347338569456E+000                  1.8723525788028052E+001                  0.0000000000000000E+000                  9.8061964285809267E-001                  1.9380357141907334E-002                  0.0000000000000000E+000                  0.0000000000000000E+000                  2.5825535806308630E-015 
                                    1394                  4.0345352967462839E-001                 -1.6891573633820693E+000                  7.6662056119622148E+000                  3.2665226051665526E+000                  1.8739439300222255E+001                  0.0000000000000000E+000                  9.8061963619047843E-001                  1.9380363809521572E-002                  0.0000000000000000E+000                  0.0000000000000000E+000                  2.8794100288778012E-015 
                                    1395                  4.0335318385983382E-001                 -1.6904581703230399E+000                  7.6665621913517974E+000                  3.2813522878896721E+000                  1.8755109575021820E+001                  0.0000000000000000E+000                  9.8061961235353923E-001                  1.9380387646460773E-002                  0.0000000000000000E+000                  0.0000000000000000E+000                  3.2080761012162702E-015 
                                    1396                  4.0326051849916483E-001                 -1.6916290414969113E+000                  7.6668725885312359E+000                  3.2938912088865693E+000                  1.8768382328042414E+001                  0.0000000000000000E+000                  9.8061959405962962E-001                  1.9380405940370382E-002                  0.0000000000000000E+000                  0.0000000000000000E+000                  3.5182721629493441E-015 
                                    1397                  4.0318594083518244E-001                 -1.6925511914096318E+000                  7.6672939318595059E+000                  3.3103705281965596E+000                  1.8785859700006448E+001                  0.0000000000000000E+000                  9.8061958026560159E-001                  1.9380419734398413E-002                  0.0000000000000000E+000                  0.0000000000000000E+000                  3.9774364677056778E-015 
                                    1398                  4.0303424050467618E-001                 -1.6943743134171478E+000                  7.6677148977960332E+000                  3.3263119082666059E+000                  1.8802802366060689E+001                  0.0000000000000000E+000                  9.8061957037248748E-001                  1.9380429627512519E-002                  0.0000000000000000E+000                  0.0000000000000000E+000                  4.4846599704058806E-015 
                                    1399                  4.0296143525318756E-001                 -1.6952255775916600E+000                  7.6681207465218106E+000                  3.3411544302500085E+000                  1.8818611306671137E+001                  0.0000000000000000E+000                  9.8061955297937231E-001                  1.9380447020627689E-002                  0.0000000000000000E+000                  0.0000000000000000E+000                  5.0219650831472544E-015 
                                    1400                  4.0281836975276436E-001                 -1.6968560557677506E+000                  7.6685748418555724E+000                  3.3572504083752754E+000                  1.8835791992954384E+001                  2.9494954936114221E-046                  9.8061954173968802E-001                  1.9380458260311983E-002                  2.0605653788846237E-087                  2.4454452327504679E-036                  5.6856794707765766E-015 
                                    1401                  4.0272129608411278E-001                 -1.6979321410151933E+000                  7.6689721551031713E+000                  3.3708853214826142E+000                  1.8850377272768082E+001                  0.0000000000000000E+000                  9.8061951470313646E-001                  1.9380485296863537E-002                  0.0000000000000000E+000                  0.0000000000000000E+000                  6.3241502542511375E-015 
                                    1402                  4.0260895240016636E-001                 -1.6991486001419296E+000                  7.6693214903078939E+000                  3.3825665708916239E+000                  1.8862895753203269E+001                  0.0000000000000000E+000                  9.8061949544376592E-001                  1.9380504556234079E-002                  0.0000000000000000E+000                  0.0000000000000000E+000                  6.9341118090139884E-015 
                                    1403                  4.0253787411469127E-001                 -1.6999029303927249E+000                  7.6696485624680202E+000                  3.3932377258002533E+000                  1.8874351228130159E+001                  0.0000000000000000E+000                  9.8061948440945723E-001                  1.9380515590542768E-002                  0.0000000000000000E+000                  0.0000000000000000E+000                  7.5486253578377131E-015 
                                    1404                  4.0243757374638095E-001                 -1.7009480226640190E+000                  7.6701367168688339E+000                  3.4087259025430088E+000                  1.8891011213014991E+001                  0.0000000000000000E+000                  9.8061947282816597E-001                  1.9380527171834028E-002                  0.0000000000000000E+000                  0.0000000000000000E+000                  8.5501981147493966E-015 
                                    1405                  4.0228282850211294E-001                 -1.7025180337249770E+000                  7.6705708884373296E+000                  3.4221155651615756E+000                  1.8905445602078245E+001                  0.0000000000000000E+000                  9.8061945428950925E-001                  1.9380545710490749E-002                  0.0000000000000000E+000                  0.0000000000000000E+000                  9.5341448487352018E-015 
                                    1406                  4.0221175021663980E-001                 -1.7032228023323110E+000                  7.6709265185642943E+000                  3.4327905621399002E+000                  1.8916976156889969E+001                  0.0000000000000000E+000                  9.8061943977503985E-001                  1.9380560224960153E-002                  0.0000000000000000E+000                  0.0000000000000000E+000                  1.0408949376509393E-014 
                                    1407                  4.0209813403142175E-001                 -1.7043288923537121E+000                  7.6713531557702384E+000                  3.4452985025029821E+000                  1.8930511686703060E+001                  0.0000000000000000E+000                  9.8061941852600842E-001                  1.9380581473991576E-002                  0.0000000000000000E+000                  0.0000000000000000E+000                  1.1548040390440515E-014 
                                    1408                  4.0199078945962896E-001                 -1.7053517518838770E+000                  7.6717848141718550E+000                  3.4576269131881809E+000                  1.8943880370949181E+001                  0.0000000000000000E+000                  9.8061940566141170E-001                  1.9380594338588297E-002                  0.0000000000000000E+000                  0.0000000000000000E+000                  1.2806871316744787E-014 
                                    1409                  4.0187508273660283E-001                 -1.7064312441024208E+000                  7.6721915754832022E+000                  3.4689659017198249E+000                  1.8956200431995729E+001                  0.0000000000000000E+000                  9.8061938718332142E-001                  1.9380612816678577E-002                  0.0000000000000000E+000                  0.0000000000000000E+000                  1.4099089873948273E-014 
                                    1410                  4.0178109942818779E-001                 -1.7072912119623840E+000                  7.6726890073805576E+000                  3.4824617303160297E+000                  1.8970895669232672E+001                  0.0000000000000000E+000                  9.8061936666778449E-001                  1.9380633332215513E-002                  0.0000000000000000E+000                  0.0000000000000000E+000                  1.5828911078940744E-014 
                                    1411                  4.0161903730159565E-001                 -1.7087402491437476E+000                  7.6732264984222871E+000                  3.4966546925431454E+000                  1.8986386476846715E+001                  0.0000000000000000E+000                  9.8061934470517520E-001                  1.9380655294824800E-002                  0.0000000000000000E+000                  0.0000000000000000E+000                  1.7902875493370635E-014 
                                    1412                  4.0150523933048499E-001                 -1.7097333737832934E+000                  7.6737083087498323E+000                  3.5090207927519024E+000                  1.8999915610582811E+001                  0.0000000000000000E+000                  9.8061932965918941E-001                  1.9380670340810591E-002                  0.0000000000000000E+000                  0.0000000000000000E+000                  1.9956701869141347E-014 
                                    1413                  4.0137212660788546E-001                 -1.7108707869336803E+000                  7.6740951750935755E+000                  3.5187383264932799E+000                  1.9010567836031008E+001                  0.0000000000000000E+000                  9.8061931498977406E-001                  1.9380685010225940E-002                  0.0000000000000000E+000                  0.0000000000000000E+000                  2.1752268192105213E-014 
                                    1414                  4.0130736538230910E-001                 -1.7114150634543281E+000                  7.6745013178345838E+000                  3.5287148285755490E+000                  1.9021524417581269E+001                  0.0000000000000000E+000                  9.8061929443731266E-001                  1.9380705562687339E-002                  0.0000000000000000E+000                  0.0000000000000000E+000                  2.3784761523582976E-014 
                                    1415                  4.0116448166777136E-001                 -1.7125956480569615E+000                  7.6751586941327350E+000                  3.5444484630572242E+000                  1.9038844802540300E+001                  0.0000000000000000E+000                  9.8061926856259496E-001                  1.9380731437405041E-002                  0.0000000000000000E+000                  0.0000000000000000E+000                  2.7428093897651424E-014 
                                    1416                  4.0097178861763355E-001                 -1.7141456843240779E+000                  7.6758087393436867E+000                  3.5595458155738191E+000                  1.9055512431583285E+001                  0.0000000000000000E+000                  9.8061924466858275E-001                  1.9380755331417254E-002                  0.0000000000000000E+000                  0.0000000000000000E+000                  3.1506795205488300E-014 
                                    1417                  4.0083326776460959E-001                 -1.7152317317609269E+000                  7.6764933802132953E+000                  3.5749336950348232E+000                  1.9072551930129780E+001                  0.0000000000000000E+000                  9.8061921687591924E-001                  1.9380783124080758E-002                  0.0000000000000000E+000                  0.0000000000000000E+000                  3.6366666274995752E-014 
                                    1418                  4.0062316871490122E-001                 -1.7168364722968839E+000                  7.6771137467387298E+000                  3.5885072626920591E+000                  1.9087623846992535E+001                  0.0000000000000000E+000                  9.8061919612172876E-001                  1.9380803878271236E-002                  0.0000000000000000E+000                  0.0000000000000000E+000                  4.1337952799752323E-014 
                                    1419                  4.0051782378797463E-001                 -1.7176228100018665E+000                  7.6778186744550165E+000                  3.6034411232448771E+000                  1.9104255785316230E+001                  0.0000000000000000E+000                  9.8061916185698339E-001                  1.9380838143016610E-002                  0.0000000000000000E+000                  0.0000000000000000E+000                  4.7699139134636391E-014 
                                    1420                  4.0026464148083901E-001                 -1.7194654309625164E+000                  7.6786426408223125E+000                  3.6204000114946684E+000                  1.9123202176103021E+001                  0.0000000000000000E+000                  9.8061913703165959E-001                  1.9380862968340407E-002                  0.0000000000000000E+000                  0.0000000000000000E+000                  5.6244547189189908E-014 
                                    1421                  4.0009921631515899E-001                 -1.7206353773071694E+000                  7.6792486680414545E+000                  3.6325060547581831E+000                  1.9136768241890405E+001                  0.0000000000000000E+000                  9.8061911070954388E-001                  1.9380889290456116E-002                  0.0000000000000000E+000                  0.0000000000000000E+000                  6.3374399562829772E-014 
                                    1422                  3.9995669617241209E-001                 -1.7216229548314987E+000                  7.6798023053233830E+000                  3.6433142950533806E+000                  1.9148909312837731E+001                  0.0000000000000000E+000                  9.8061909142969705E-001                  1.9380908570302946E-002                  0.0000000000000000E+000                  0.0000000000000000E+000                  7.0585107187168303E-014 
                                    1423                  3.9981781174758868E-001                 -1.7225679709469144E+000                  7.6804757311645124E+000                  3.6561459526106286E+000                  1.9163360193040102E+001                  0.0000000000000000E+000                  9.8061906800953380E-001                  1.9380931990466199E-002                  0.0000000000000000E+000                  0.0000000000000000E+000                  8.0341975725550898E-014 
                                    1424                  3.9961421154366411E-001                 -1.7239237301718151E+000                  7.6813387610878365E+000                  3.6721400441097645E+000                  1.9181428312814166E+001                  0.0000000000000000E+000                  9.8061902639267728E-001                  1.9380973607322716E-002                  0.0000000000000000E+000                  0.0000000000000000E+000                  9.4624903627287095E-014 
                                    1425                  3.9937854461819133E-001                 -1.7254514145632160E+000                  7.6824232415004765E+000                  3.6915453321321530E+000                  1.9203435847645832E+001                  0.0000000000000000E+000                  9.8061898720250040E-001                  1.9381012797499597E-002                  0.0000000000000000E+000                  0.0000000000000000E+000                  1.1581439368405815E-013 
                                    1426                  3.9906138921811402E-001                 -1.7274415247141206E+000                  7.6833288231651711E+000                  3.7072666134028887E+000                  1.9221332452347347E+001                  0.0000000000000000E+000                  9.8061895554712086E-001                  1.9381044452879137E-002                  0.0000000000000000E+000                  0.0000000000000000E+000                  1.3676083269978045E-013 
                                    1427                  3.9891605101279276E-001                 -1.7283298743823454E+000                  7.6841172764850709E+000                  3.7205276688293321E+000                  1.9236480691130005E+001                  0.0000000000000000E+000                  9.8061892056691125E-001                  1.9381079433088755E-002                  0.0000000000000000E+000                  0.0000000000000000E+000                  1.5771325387258541E-013 
                                    1428                  3.9865791504699799E-001                 -1.7298731292170284E+000                  7.6848740717044626E+000                  3.7329927180165625E+000                  1.9250759376464323E+001                  0.0000000000000000E+000                  9.8061888432446820E-001                  1.9381115675531801E-002                  0.0000000000000000E+000                  0.0000000000000000E+000                  1.8058957347829784E-013 
                                    1429                  3.9852793556705551E-001                 -1.7306342559960091E+000                  7.6853538245430748E+000                  3.7407334192066339E+000                  1.9259647715405166E+001                  0.0000000000000000E+000                  9.8061886900334383E-001                  1.9381130996656171E-002                  0.0000000000000000E+000                  0.0000000000000000E+000                  1.9661638418242346E-013 
                                    1430                  3.9841144624351399E-001                 -1.7313076659677273E+000                  7.6861100395256745E+000                  3.7526840546036890E+000                  1.9273403202878029E+001                  5.3707755666016339E-047                  9.8061883728673138E-001                  1.9381162713268618E-002                  1.9701039479556161E-088                  1.9775249874180635E-036                  2.2452253987528405E-013 
                                    1431                  3.9813872632485481E-001                 -1.7328532279624456E+000                  7.6869833631190492E+000                  3.7662119573739119E+000                  1.9289018150461100E+001                  0.0000000000000000E+000                  9.8061880840479554E-001                  1.9381191595204461E-002                  0.0000000000000000E+000                  0.0000000000000000E+000                  2.6133667511282188E-013 
                                    1432                  3.9796057422557624E-001                 -1.7338404914417722E+000                  7.6878433519522957E+000                  3.7791796683137457E+000                  1.9304035450147708E+001                  0.0000000000000000E+000                  9.8061876936138370E-001                  1.9381230638616298E-002                  0.0000000000000000E+000                  0.0000000000000000E+000                  3.0292073745353809E-013 
                                    1433                  3.9769341443893186E-001                 -1.7352895938626134E+000                  7.6887800126701071E+000                  3.7929911235899731E+000                  1.9320079611917844E+001                  0.0000000000000000E+000                  9.8061872867957733E-001                  1.9381271320422666E-002                  0.0000000000000000E+000                  0.0000000000000000E+000                  3.5518555965710250E-013 
                                    1434                  3.9747369807396260E-001                 -1.7364545260292938E+000                  7.6896783648842364E+000                  3.8059092467738380E+000                  1.9335135308190473E+001                  0.0000000000000000E+000                  9.8061869647358169E-001                  1.9381303526418314E-002                  0.0000000000000000E+000                  0.0000000000000000E+000                  4.1304603895788056E-013 
                                    1435                  3.9722467707869152E-001                 -1.7377470601066740E+000                  7.6905092499350367E+000                  3.8176137245128992E+000                  1.9348816507376441E+001                  0.0000000000000000E+000                  9.8061865895633016E-001                  1.9381341043669842E-002                  0.0000000000000000E+000                  0.0000000000000000E+000                  4.7430017964659804E-013 
                                    1436                  3.9703836708077084E-001                 -1.7386956972890952E+000                  7.6915285546416490E+000                  3.8316067555942284E+000                  1.9365227012181222E+001                  0.0000000000000000E+000                  9.8061862116524334E-001                  1.9381378834756657E-002                  0.0000000000000000E+000                  0.0000000000000000E+000                  5.6089389659436835E-013 
                                    1437                  3.9668853451128999E-001                 -1.7404365562825168E+000                  7.6925438277368139E+000                  3.8452763994535704E+000                  1.9381309098483360E+001                  0.0000000000000000E+000                  9.8061857527324126E-001                  1.9381424726758745E-002                  0.0000000000000000E+000                  0.0000000000000000E+000                  6.6188696329480635E-013 
                                    1438                  3.9650113071689880E-001                 -1.7413485529968982E+000                  7.6934396916638477E+000                  3.8570336461701671E+000                  1.9395187740680818E+001                  0.0000000000000000E+000                  9.8061854577494456E-001                  1.9381454225055439E-002                  0.0000000000000000E+000                  0.0000000000000000E+000                  7.6475013995852480E-013 
                                    1439                  3.9621243114296584E-001                 -1.7427268356397985E+000                  7.6947226244230889E+000                  3.8734720645241842E+000                  1.9414660650714080E+001                  0.0000000000000000E+000                  9.8061849330600592E-001                  1.9381506693994077E-002                  0.0000000000000000E+000                  0.0000000000000000E+000                  9.3846149657118680E-013 
                                    1440                  3.9581519722233771E-001                 -1.7445732783482213E+000                  7.6961892068988904E+000                  3.8917559792461667E+000                  1.9436412432821427E+001                  0.0000000000000000E+000                  9.8061842275671585E-001                  1.9381577243284154E-002                  0.0000000000000000E+000                  0.0000000000000000E+000                  1.1825577026887908E-012 
                                    1441                  3.9542172116759156E-001                 -1.7463489279303643E+000                  7.6973645449115704E+000                  3.9060503858689160E+000                  1.9453486225528895E+001                  0.0000000000000000E+000                  9.8061837300155108E-001                  1.9381626998448920E-002                  0.0000000000000000E+000                  0.0000000000000000E+000                  1.4204356442580210E-012 
                                    1442                  3.9517608505607793E-001                 -1.7474321732318763E+000                  7.6985216108900127E+000                  3.9197519769015670E+000                  1.9469913938467407E+001                  0.0000000000000000E+000                  9.8061832352127765E-001                  1.9381676478722354E-002                  0.0000000000000000E+000                  0.0000000000000000E+000                  1.6978408132508797E-012 
                                    1443                  3.9478856659356826E-001                 -1.7491038658111471E+000                  7.6999068104618305E+000                  3.9358058157581635E+000                  1.9489232583430105E+001                  0.0000000000000000E+000                  9.8061826148558018E-001                  1.9381738514419822E-002                  0.0000000000000000E+000                  0.0000000000000000E+000                  2.0979104488478224E-012 
                                    1444                  3.9441131352078873E-001                 -1.7506899633424282E+000                  7.7010332180951311E+000                  3.9485892045584867E+000                  1.9504671003520379E+001                  0.0000000000000000E+000                  9.8061821088435430E-001                  1.9381789115645698E-002                  0.0000000000000000E+000                  0.0000000000000000E+000                  2.4879251963232617E-012 
                                    1445                  3.9416109464598370E-001                 -1.7517207299297792E+000                  7.7020849379176797E+000                  3.9602670170762932E+000                  1.9518820942715895E+001                  0.0000000000000000E+000                  9.8061817164028986E-001                  1.9381828359710140E-002                  0.0000000000000000E+000                  0.0000000000000000E+000                  2.9130440117873954E-012 
                                    1446                  3.9382153480113830E-001                 -1.7530937718021395E+000                  7.7031389588525796E+000                  3.9717932386344219E+000                  1.9532826816724544E+001                  0.0000000000000000E+000                  9.8061811714375713E-001                  1.9381882856242871E-002                  0.0000000000000000E+000                  0.0000000000000000E+000                  3.4084471254528459E-012 
                                    1447                  3.9356515210973203E-001                 -1.7541116999510420E+000                  7.7041032844563055E+000                  3.9821501230247365E+000                  1.9545448415804913E+001                  0.0000000000000000E+000                  9.8061807326002226E-001                  1.9381926739977740E-002                  0.0000000000000000E+000                  0.0000000000000000E+000                  3.9309045272195242E-012 
                                    1448                  3.9327258850226732E-001                 -1.7552544008015574E+000                  7.7052600916274665E+000                  3.9943622275725414E+000                  1.9560374585447452E+001                  0.0000000000000000E+000                  9.8061801725910602E-001                  1.9381982740893977E-002                  0.0000000000000000E+000                  0.0000000000000000E+000                  4.6586026095737927E-012 
                                    1449                  3.9290156798753312E-001                 -1.7566758905628124E+000                  7.7062660003320111E+000                  4.0048411498184038E+000                  1.9573217222507676E+001                  0.0000000000000000E+000                  9.8061796798385170E-001                  1.9382032016148298E-002                  0.0000000000000000E+000                  0.0000000000000000E+000                  5.3954567250858045E-012 
                                    1450                  3.9269021094529361E-001                 -1.7574724384060929E+000                  7.7069858612417050E+000                  4.0122289301880549E+000                  1.9582293424748112E+001                  0.0000000000000000E+000                  9.8061793193475599E-001                  1.9382068065244007E-002                  0.0000000000000000E+000                  0.0000000000000000E+000                  5.9894295514328170E-012 
                                    1451                  3.9248233680314520E-001                 -1.7582468365117618E+000                  7.7081417090888076E+000                  4.0238911813694642E+000                  1.9596659178906997E+001                  0.0000000000000000E+000                  9.8061788479972212E-001                  1.9382115200277883E-002                  0.0000000000000000E+000                  0.0000000000000000E+000                  7.0747405379123807E-012 
                                    1452                  3.9201297018854558E-001                 -1.7599637511283652E+000                  7.7094538111018096E+000                  4.0369778837944583E+000                  1.9612825062136345E+001                  0.0000000000000000E+000                  9.8061782086409177E-001                  1.9382179135908228E-002                  0.0000000000000000E+000                  0.0000000000000000E+000                  8.5386281930686337E-012 
                                    1453                  3.9170441273725176E-001                 -1.7610696656772935E+000                  7.7110314801265591E+000                  4.0523118792383759E+000                  1.9631843675322241E+001                  0.0000000000000000E+000                  9.8061774578943728E-001                  1.9382254210562722E-002                  0.0000000000000000E+000                  0.0000000000000000E+000                  1.0680195873574171E-011 
                                    1454                  3.9106882929867481E-001                 -1.7632940836329725E+000                  7.7128886957304719E+000                  4.0700799231568485E+000                  1.9653965653807010E+001                  0.0000000000000000E+000                  9.8061765335653828E-001                  1.9382346643461723E-002                  0.0000000000000000E+000                  0.0000000000000000E+000                  1.3873588938622740E-011 
                                    1455                  3.9057442933966507E-001                 -1.7649776022838484E+000                  7.7144977969338537E+000                  4.0851211445739724E+000                  1.9672773141952518E+001                  0.0000000000000000E+000                  9.8061757159469320E-001                  1.9382428405306795E-002                  0.0000000000000000E+000                  0.0000000000000000E+000                  1.7365243228229494E-011 
                                    1456                  3.9007606550050344E-001                 -1.7666358811904890E+000                  7.7157109791751068E+000                  4.0963096023586356E+000                  1.9686806838171755E+001                  0.0000000000000000E+000                  9.8061751033733680E-001                  1.9382489662663205E-002                  0.0000000000000000E+000                  0.0000000000000000E+000                  2.0547201656686984E-011 
                                    1457                  3.8981582705640022E-001                 -1.7674871370230194E+000                  7.7165673392820926E+000                  4.1040890469652593E+000                  1.9696590066581805E+001                  0.0000000000000000E+000                  9.8061745717260740E-001                  1.9382542827392601E-002                  0.0000000000000000E+000                  0.0000000000000000E+000                  2.3121687464771568E-011 
                                    1458                  3.8953642090819707E-001                 -1.7683903220790793E+000                  7.7178244928919764E+000                  4.1153468314615003E+000                  1.9710783996098179E+001                  0.0000000000000000E+000                  9.8061740079289628E-001                  1.9382599207103723E-002                  0.0000000000000000E+000                  0.0000000000000000E+000                  2.7469038624518203E-011 
                                    1459                  3.8901704984912100E-001                 -1.7700407230774127E+000                  7.7194154031742865E+000                  4.1294268795631810E+000                  1.9728588692390328E+001                  0.0000000000000000E+000                  9.8061732347613828E-001                  1.9382676523861719E-002                  0.0000000000000000E+000                  0.0000000000000000E+000                  3.4122068172340753E-011 
                                    1460                  3.8851113304389878E-001                 -1.7716145149280178E+000                  7.7207810228347995E+000                  4.1413480675432890E+000                  1.9743710893314077E+001                  0.0000000000000000E+000                  9.8061724752408252E-001                  1.9382752475917475E-002                  0.0000000000000000E+000                  0.0000000000000000E+000                  4.1058986607787590E-011 
                                    1461                  3.8812446147472973E-001                 -1.7727959859302196E+000                  7.7217692080230504E+000                  4.1498751352744918E+000                  1.9754554971398971E+001                  0.0000000000000000E+000                  9.8061719522773405E-001                  1.9382804772265949E-002                  0.0000000000000000E+000                  0.0000000000000000E+000                  4.6911658669805937E-011 
                                    1462                  3.8785814097070803E-001                 -1.7735993942583286E+000                  7.7227460947876043E+000                  4.1582017372965732E+000                  1.9765168140435829E+001                  0.0000000000000000E+000                  9.8061713588634813E-001                  1.9382864113651865E-002                  0.0000000000000000E+000                  0.0000000000000000E+000                  5.3481991957830473E-011 
                                    1463                  3.8747377321212922E-001                 -1.7747445759185922E+000                  7.7238326059706086E+000                  4.1673930877056184E+000                  1.9776907124427392E+001                  0.0000000000000000E+000                  9.8061707204789794E-001                  1.9382927952102058E-002                  0.0000000000000000E+000                  0.0000000000000000E+000                  6.1845005032273528E-011 
                                    1464                  3.8712668739784545E-001                 -1.7757646249003711E+000                  7.7252518019510328E+000                  4.1792213801251181E+000                  1.9792056361832184E+001                  0.0000000000000000E+000                  9.8061698965917854E-001                  1.9383010340821460E-002                  0.0000000000000000E+000                  0.0000000000000000E+000                  7.4683522102162698E-011 
                                    1465                  3.8650836955584073E-001                 -1.7775501839052081E+000                  7.7268122488440873E+000                  4.1921302564814305E+000                  1.9808633158085083E+001                  0.0000000000000000E+000                  9.8061690159374248E-001                  1.9383098406257515E-002                  0.0000000000000000E+000                  0.0000000000000000E+000                  9.1823420847952781E-011 
                                    1466                  3.8604714898083198E-001                 -1.7788569624909480E+000                  7.7280569325496185E+000                  4.2022952800452273E+000                  1.9821723744879566E+001                  0.0000000000000000E+000                  9.8061683435157676E-001                  1.9383165648423240E-002                  0.0000000000000000E+000                  0.0000000000000000E+000                  1.0817642056435505E-010 
                                    1467                  3.8563577635499974E-001                 -1.7800052393710670E+000                  7.7294635578802104E+000                  4.2136333814973952E+000                  1.9836364969537101E+001                  0.0000000000000000E+000                  9.8061674983104352E-001                  1.9383250168956478E-002                  0.0000000000000000E+000                  0.0000000000000000E+000                  1.3005679908675262E-010 
                                    1468                  3.8504905813970980E-001                 -1.7816160341285272E+000                  7.7307130905627721E+000                  4.2236581040333716E+000                  1.9849338164133549E+001                  0.0000000000000000E+000                  9.8061667289973220E-001                  1.9383327100267800E-002                  0.0000000000000000E+000                  0.0000000000000000E+000                  1.5310940350661444E-010 
                                    1469                  3.8473490980394798E-001                 -1.7824660234494907E+000                  7.7318974849649704E+000                  4.2330201550286581E+000                  1.9861486140463555E+001                  0.0000000000000000E+000                  9.8061659755960207E-001                  1.9383402440397934E-002                  0.0000000000000000E+000                  0.0000000000000000E+000                  1.7855853727799248E-010 
                                    1470                  3.8418681335459359E-001                 -1.7839290152467615E+000                  7.7336641856393635E+000                  4.2468487129580295E+000                  1.9879477478252181E+001                  0.0000000000000000E+000                  9.8061648867594386E-001                  1.9383511324056135E-002                  0.0000000000000000E+000                  0.0000000000000000E+000                  2.2435718386092283E-010 
                                    1471                  3.8342860710654664E-001                 -1.7859128817318886E+000                  7.7351425735817081E+000                  4.2583787104363351E+000                  1.9894514822004492E+001                  0.0000000000000000E+000                  9.8061638939993889E-001                  1.9383610600061107E-002                  0.0000000000000000E+000                  0.0000000000000000E+000                  2.7145111824258655E-010 
                                    1472                  3.8307103238319229E-001                 -1.7868331634293910E+000                  7.7361826283625117E+000                  4.2663809191957185E+000                  1.9904978316666504E+001                  0.0000000000000000E+000                  9.8061632346306393E-001                  1.9383676536936068E-002                  0.0000000000000000E+000                  0.0000000000000000E+000                  3.1016223497009470E-010 
                                    1473                  3.8263510536904360E-001                 -1.7879423623480633E+000                  7.7378092137810315E+000                  4.2787540038700280E+000                  1.9921197814690149E+001                  0.0000000000000000E+000                  9.8061622454752373E-001                  1.9383775452476271E-002                  0.0000000000000000E+000                  0.0000000000000000E+000                  3.8167760689630137E-010 
                                    1474                  3.8181406945394331E-001                 -1.7899950600407695E+000                  7.7395989454036407E+000                  4.2923322640258084E+000                  1.9939040044950424E+001                  0.0000000000000000E+000                  9.8061607876588486E-001                  1.9383921234115142E-002                  0.0000000000000000E+000                  0.0000000000000000E+000                  4.7928567427108252E-010 
                                    1475                  3.8122096519195409E-001                 -1.7914497771843447E+000                  7.7409833060230593E+000                  4.3027272587774164E+000                  1.9952736971400896E+001                  0.0000000000000000E+000                  9.8061599936721811E-001                  1.9384000632781895E-002                  0.0000000000000000E+000                  0.0000000000000000E+000                  5.7112055195680002E-010 
                                    1476                  3.8070162134286273E-001                 -1.7927051511354679E+000                  7.7423127643022758E+000                  4.3126286225427357E+000                  1.9965813331183323E+001                  0.0000000000000000E+000                  9.8061590737350635E-001                  1.9384092626493654E-002                  0.0000000000000000E+000                  0.0000000000000000E+000                  6.7539653399630311E-010 
                                    1477                  3.8013679090266683E-001                 -1.7940517480094020E+000                  7.7436050375921974E+000                  4.3222041856654139E+000                  1.9978484837323016E+001                  0.0000000000000000E+000                  9.8061581296544109E-001                  1.9384187034558908E-002                  0.0000000000000000E+000                  0.0000000000000000E+000                  7.9460238203690318E-010 
                                    1478                  3.7963115787938795E-001                 -1.7952413014145086E+000                  7.7448285912585808E+000                  4.3312114926179879E+000                  1.9990428517331694E+001                  0.0000000000000000E+000                  9.8061572667331465E-001                  1.9384273326685353E-002                  0.0000000000000000E+000                  0.0000000000000000E+000                  9.2633780492526772E-010 
                                    1479                  3.7910875688667195E-001                 -1.7964551099675536E+000                  7.7462391722038673E+000                  4.3415218362828893E+000                  2.0004129079500494E+001                  0.0000000000000000E+000                  9.8061561764496263E-001                  1.9384382355037366E-002                  0.0000000000000000E+000                  0.0000000000000000E+000                  1.1048509746475808E-009 
                                    1480                  3.7842840347460893E-001                 -1.7980136866547627E+000                  7.7478031791042827E+000                  4.3529062149279945E+000                  2.0019289055378852E+001                  0.0000000000000000E+000                  9.8061550008196607E-001                  1.9384499918033926E-002                  0.0000000000000000E+000                  0.0000000000000000E+000                  1.3425459840079400E-009 
                                    1481                  3.7775007691842855E-001                 -1.7995436496816577E+000                  7.7490349654698489E+000                  4.3618508861708882E+000                  2.0031222789674203E+001                  0.0000000000000000E+000                  9.8061540452712403E-001                  1.9384595472875965E-002                  0.0000000000000000E+000                  0.0000000000000000E+000                  1.5647226212920144E-009 
                                    1482                  3.7733848802919040E-001                 -1.8004607841769302E+000                  7.7504513024180035E+000                  4.3720109100964049E+000                  2.0044810918760053E+001                  0.0000000000000000E+000                  9.8061528775402540E-001                  1.9384712245974600E-002                  0.0000000000000000E+000                  0.0000000000000000E+000                  1.8643382365281954E-009 
                                    1483                  3.7648141469518898E-001                 -1.8023445475749520E+000                  7.7525926182676148E+000                  4.3873202493723191E+000                  2.0065334649142841E+001                  0.0000000000000000E+000                  9.8061511770075427E-001                  1.9384882299245731E-002                  0.0000000000000000E+000                  0.0000000000000000E+000                  2.4279406717561587E-009 
                                    1484                  3.7537524627546787E-001                 -1.8047264112061649E+000                  7.7543981599769634E+000                  4.4002591409950114E+000                  2.0082719719657476E+001                  0.0000000000000000E+000                  9.8061496282421312E-001                  1.9385037175786879E-002                  0.0000000000000000E+000                  0.0000000000000000E+000                  3.0327951878749341E-009 
                                    1485                  3.7477695247153070E-001                 -1.8059927416750412E+000                  7.7554346226919293E+000                  4.4076353735580200E+000                  2.0092652183884585E+001                  0.0000000000000000E+000                  9.8061487113487900E-001                  1.9385128865121004E-002                  0.0000000000000000E+000                  0.0000000000000000E+000                  3.4443198683422519E-009 
                                    1486                  3.7438044896690498E-001                 -1.8068238359187150E+000                  7.7567328335034338E+000                  4.4167865918519214E+000                  2.0104999532800463E+001                  0.0000000000000000E+000                  9.8061476104695289E-001                  1.9385238953047113E-002                  0.0000000000000000E+000                  0.0000000000000000E+000                  4.0368096508250197E-009 
                                    1487                  3.7351648477818344E-001                 -1.8086131070177196E+000                  7.7587224802057264E+000                  4.4307995805354468E+000                  2.0123944789688792E+001                  0.0000000000000000E+000                  9.8061458015466607E-001                  1.9385419845333929E-002                  0.0000000000000000E+000                  0.0000000000000000E+000                  5.1462170133277110E-009 
                                    1488                  3.7240361174308684E-001                 -1.8108761344934436E+000                  7.7603155162329793E+000                  4.4420812842524864E+000                  2.0139224878596178E+001                  0.0000000000000000E+000                  9.8061443522483760E-001                  1.9385564775162401E-002                  1.0095361666119652E-035                  0.0000000000000000E+000                  6.2504443494849890E-009 
                                    1489                  3.7188741115977669E-001                 -1.8119106351835490E+000                  7.7614742829874226E+000                  4.4502077749719504E+000                  2.0150256281548160E+001                  0.0000000000000000E+000                  9.8061432638085622E-001                  1.9385673619143784E-002                  0.0000000000000000E+000                  0.0000000000000000E+000                  7.1953798894871734E-009 
                                    1490                  3.7120119503200111E-001                 -1.8132715759104976E+000                  7.7632142352240976E+000                  4.4623554610115583E+000                  2.0166779087811037E+001                  0.0000000000000000E+000                  9.8061415163631227E-001                  1.9385848363687730E-002                  1.9230671130982551E-034                  0.0000000000000000E+000                  8.8839660145130388E-009 
                                    1491                  3.7004808801704653E-001                 -1.8155233065973169E+000                  7.7646984402919221E+000                  4.4728231216317029E+000                  2.0181035194054729E+001                  0.0000000000000000E+000                  9.8061400577848090E-001                  1.9385994221519098E-002                  0.0000000000000000E+000                  0.0000000000000000E+000                  1.0637080284346860E-008 
                                    1492                  3.6958571278719121E-001                 -1.8164143350309914E+000                  7.7657853556691290E+000                  4.4804099711546748E+000                  2.0191390084294234E+001                  0.0000000000000000E+000                  9.8061389006476951E-001                  1.9386109935230489E-002                  0.0000000000000000E+000                  0.0000000000000000E+000                  1.2129661864341984E-008 
                                    1493                  3.6884935648551298E-001                 -1.8178198710760376E+000                  7.7677776698493979E+000                  4.4942459923063662E+000                  2.0210313914667012E+001                  0.0000000000000000E+000                  9.8061368070030475E-001                  1.9386319299695254E-002                  0.0000000000000000E+000                  0.0000000000000000E+000                  1.5419105392987257E-008 
                                    1494                  3.6734444935139576E-001                 -1.8206432282461946E+000                  7.7697471888590002E+000                  4.5081233420141480E+000                  2.0229322239273905E+001                  0.0000000000000000E+000                  9.8061346579604303E-001                  1.9386534203956973E-002                  0.0000000000000000E+000                  0.0000000000000000E+000                  1.9558721594107497E-008 
                                    1495                  3.6654857060333984E-001                 -1.8221110301306456E+000                  7.7709239506201371E+000                  4.5163771650216953E+000                  2.0240651911800981E+001                  0.0000000000000000E+000                  9.8061333042667875E-001                  1.9386669573321247E-002                  0.0000000000000000E+000                  0.0000000000000000E+000                  2.2535674068985569E-008 
                                    1496                  3.6594044932989700E-001                 -1.8232212903906595E+000                  7.7722692156353430E+000                  4.5257672220951628E+000                  2.0253563951834025E+001                  0.0000000000000000E+000                  9.8061317393401837E-001                  1.9386826065981633E-002                  0.0000000000000000E+000                  0.0000000000000000E+000                  2.6486349618187752E-008 
                                    1497                  3.6491721278062694E-001                 -1.8250682377458944E+000                  7.7739190803889278E+000                  4.5373461098678192E+000                  2.0269508828794798E+001                  0.0000000000000000E+000                  9.8061297999298946E-001                  1.9387020007010536E-002                  0.0000000000000000E+000                  0.0000000000000000E+000                  3.2290974423937534E-008 
                                    1498                  3.6388720481308984E-001                 -1.8269016526394342E+000                  7.7756841759193325E+000                  4.5497402231998754E+000                  2.0286610108722783E+001                  0.0000000000000000E+000                  9.8061275737257092E-001                  1.9387242627429080E-002                  0.0000000000000000E+000                  0.0000000000000000E+000                  3.9904305160371712E-008 
                                    1499                  3.6266157809340116E-001                 -1.8290512529353342E+000                  7.7773096727168154E+000                  4.5612409314939164E+000                  2.0302503770601209E+001                  0.0000000000000000E+000                  9.8061255433464034E-001                  1.9387445665359659E-002                  0.0000000000000000E+000                  0.0000000000000000E+000                  4.8501586290787728E-008 
                                    1500                  3.6174517947803003E-001                 -1.8306368316110644E+000                  7.7783898354169434E+000                  4.5689084576255503E+000                  2.0313115209968366E+001                  0.0000000000000000E+000                  9.8061240505337044E-001                  1.9387594946629561E-002                  0.0000000000000000E+000                  0.0000000000000000E+000                  5.5214536605087104E-008 
                                    1501                  3.6120487672297785E-001                 -1.8315633255157617E+000                  7.7796034708720594E+000                  4.5774710471944626E+000                  2.0324985369376485E+001                  0.0000000000000000E+000                  9.8061224485634102E-001                  1.9387755143658980E-002                  0.0000000000000000E+000                  0.0000000000000000E+000                  6.3844176325640959E-008 
                                    1502                  3.6008467722506166E-001                 -1.8334651845148733E+000                  7.7814036252064955E+000                  4.5902580087217926E+000                  2.0342736823068613E+001                  0.0000000000000000E+000                  9.8061199024772272E-001                  1.9388009752277280E-002                  0.0000000000000000E+000                  0.0000000000000000E+000                  7.9203257217732761E-008 
                                    1503                  3.5867216424346327E-001                 -1.8358282958611016E+000                  7.7832591011738588E+000                  4.6035623811222015E+000                  2.0361237701278885E+001                  0.0000000000000000E+000                  9.8061172377861228E-001                  1.9388276221387724E-002                  0.0000000000000000E+000                  0.0000000000000000E+000                  9.8941176627539806E-008 
                                    1504                  3.5738116955839755E-001                 -1.8379556926314631E+000                  7.7846641580729798E+000                  4.6137257692181093E+000                  2.0375392143786378E+001                  0.0000000000000000E+000                  9.8061150667371277E-001                  1.9388493326287226E-002                  0.0000000000000000E+000                  0.0000000000000000E+000                  1.1712712121295690E-007 
                                    1505                  3.5655868253316497E-001                 -1.8392956565600100E+000                  7.7858146932659285E+000                  4.6220453275044662E+000                  2.0386996792985251E+001                  0.0000000000000000E+000                  9.8061132928719319E-001                  1.9388670712806810E-002                  0.0000000000000000E+000                  0.0000000000000000E+000                  1.3446005002589996E-007 
                                    1506                  3.5561410759012607E-001                 -1.8408203320417447E+000                  7.7871352928944280E+000                  4.6316398356353075E+000                  2.0400396648286421E+001                  0.0000000000000000E+000                  9.8061111815530022E-001                  1.9388881844699779E-002                  0.0000000000000000E+000                  0.0000000000000000E+000                  1.5755202530503821E-007 
                                    1507                  3.5448243196811408E-001                 -1.8426277800764730E+000                  7.7887196837203412E+000                  4.6432182847401453E+000                  2.0416591183670647E+001                  0.0000000000000000E+000                  9.8061084809336230E-001                  1.9389151906637703E-002                  0.0000000000000000E+000                  0.0000000000000000E+000                  1.9057447354222279E-007 
                                    1508                  3.5305252861024544E-001                 -1.8448828724515258E+000                  7.7899448286483715E+000                  4.6523233145690952E+000                  2.0429337883258366E+001                  0.0000000000000000E+000                  9.8061064552251986E-001                  1.9389354477480136E-002                  0.0000000000000000E+000                  0.0000000000000000E+000                  2.2092815310040766E-007 
                                    1509                  3.5243253008901565E-001                 -1.8458511098437964E+000                  7.7910615364145697E+000                  4.6605694729087199E+000                  2.0440902401386570E+001                  0.0000000000000000E+000                  9.8061044678998999E-001                  1.9389553210010013E-002                  0.0000000000000000E+000                  0.0000000000000000E+000                  2.5268615212055644E-007 
                                    1510                  3.5115361107533516E-001                 -1.8478308467046161E+000                  7.7928970458613342E+000                  4.6742447273360277E+000                  2.0460107692221435E+001                  0.0000000000000000E+000                  9.8061009816749201E-001                  1.9389901832507994E-002                  0.0000000000000000E+000                  0.0000000000000000E+000                  3.1523644375312502E-007 
                                    1511                  3.4921244896190956E-001                 -1.8507926698786776E+000                  7.7944778412974323E+000                  4.6863230624283911E+000                  2.0477087315707493E+001                  0.0000000000000000E+000                  9.8060979196581266E-001                  1.9390208034187340E-002                  0.0000000000000000E+000                  0.0000000000000000E+000                  3.8191245499725807E-007 
                                    1512                  3.4824946243621696E-001                 -1.8522436590490343E+000                  7.7955797658117483E+000                  4.6947403580812539E+000                  2.0488940662273873E+001                  0.0000000000000000E+000                  9.8060956411889810E-001                  1.9390435881101897E-002                  0.0000000000000000E+000                  0.0000000000000000E+000                  4.3650775097172866E-007 
                                    1513                  3.4713882798412721E-001                 -1.8539027199273423E+000                  7.7965948030267294E+000                  4.7025832633244224E+000                  2.0499994602281372E+001                  0.0000000000000000E+000                  9.8060936053782521E-001                  1.9390639462174786E-002                  0.0000000000000000E+000                  0.0000000000000000E+000                  4.9387471290480579E-007 
                                    1514                  3.4628787169341313E-001                 -1.8551637827377663E+000                  7.7978856238801466E+000                  4.7125559845315204E+000                  2.0514071229622154E+001                  0.0000000000000000E+000                  9.8060907563541622E-001                  1.9390924364583784E-002                  0.0000000000000000E+000                  0.0000000000000000E+000                  5.7777736332146345E-007 
                                    1515                  3.4459091762016791E-001                 -1.8576534941768439E+000                  7.7993826472414565E+000                  4.7243769670572187E+000                  2.0530771699566955E+001                  0.0000000000000000E+000                  9.8060873564405326E-001                  1.9391264355946736E-002                  0.0000000000000000E+000                  0.0000000000000000E+000                  6.9394029338117434E-007 
                                    1516                  3.4321188020686516E-001                 -1.8596532181118466E+000                  7.8007454402577325E+000                  4.7352390037346161E+000                  2.0546140546969056E+001                  0.0000000000000000E+000                  9.8060841020847267E-001                  1.9391589791527331E-002                  0.0000000000000000E+000                  0.0000000000000000E+000                  8.2021917932795846E-007 
                                    1517                  3.4169576864881912E-001                 -1.8618285476905958E+000                  7.8020412845588565E+000                  4.7457319144572470E+000                  2.0561004199812405E+001                  0.0000000000000000E+000                  9.8060809070136257E-001                  1.9391909298637433E-002                  0.0000000000000000E+000                  0.0000000000000000E+000                  9.6229870063458335E-007 
                                    1518                  3.4035763455258045E-001                 -1.8637292568049131E+000                  7.8030291222459240E+000                  4.7538445022825657E+000                  2.0572507574307181E+001                  0.0000000000000000E+000                  9.8060783679326124E-001                  1.9392163206738755E-002                  8.0506973278732665E-033                  0.0000000000000000E+000                  1.0875211150166643E-006 
                                    1519                  3.3944947083351373E-001                 -1.8650093467422466E+000                  7.8040185355665157E+000                  4.7619982137835812E+000                  2.0584083386935458E+001                  0.0000000000000000E+000                  9.8060756621274037E-001                  1.9392433787259633E-002                  0.0000000000000000E+000                  0.0000000000000000E+000                  1.2294020608455264E-006 
                                    1520                  3.3805739366172527E-001                 -1.8669566119729573E+000                  7.8051704803433353E+000                  4.7716519117893874E+000                  2.0597800482053611E+001                  0.0000000000000000E+000                  9.8060724704772062E-001                  1.9392752952279380E-002                  1.7789438018811817E-032                  0.0000000000000000E+000                  1.4192193462082322E-006 
                                    1521                  3.3668169274181159E-001                 -1.8688638903089985E+000                  7.8062133084063872E+000                  4.7805221138802549E+000                  2.0610416947468369E+001                  0.0000000000000000E+000                  9.8060694951260485E-001                  1.9393050487395147E-002                  0.0000000000000000E+000                  0.0000000000000000E+000                  1.6172772409346297E-006 
                                    1522                  3.3546850936176315E-001                 -1.8705323303854131E+000                  7.8074706978315787E+000                  4.7912973863782993E+000                  2.0625764039068674E+001                  0.0000000000000000E+000                  9.8060656475760322E-001                  1.9393435242396784E-002                  0.0000000000000000E+000                  0.0000000000000000E+000                  1.8938989035242765E-006 
                                    1523                  3.3346740973296579E-001                 -1.8732579464050003E+000                  7.8085704260229489E+000                  4.8010245248046832E+000                  2.0639626917581364E+001                  0.0000000000000000E+000                  9.8060621013735516E-001                  1.9393789862644839E-002                  0.0000000000000000E+000                  0.0000000000000000E+000                  2.1778379294373604E-006 
                                    1524                  3.3252267604858210E-001                 -1.8745337545460286E+000                  7.8094536714369411E+000                  4.8088511811520638E+000                  2.0650796878817435E+001                  0.0000000000000000E+000                  9.8060591519972340E-001                  1.9394084800276601E-002                  0.0000000000000000E+000                  0.0000000000000000E+000                  2.4365506512203682E-006 
                                    1525                  3.3104612832767571E-001                 -1.8765142749055894E+000                  7.8106352223857556E+000                  4.8195047477201944E+000                  2.0666016012445088E+001                  0.0000000000000000E+000                  9.8060550275642744E-001                  1.9394497243572562E-002                  0.0000000000000000E+000                  0.0000000000000000E+000                  2.8340776074945545E-006 
                                    1526                  3.2916839844458523E-001                 -1.8790101565437471E+000                  7.8115916370318645E+000                  4.8283779026778681E+000                  2.0678700940784687E+001                  0.0000000000000000E+000                  9.8060514745357019E-001                  1.9394852546429808E-002                  0.0000000000000000E+000                  0.0000000000000000E+000                  3.2071839412686264E-006 
                                    1527                  3.2820867197901737E-001                 -1.8802763858041891E+000                  7.8122447490555595E+000                  4.8344750260527478E+000                  2.0687426475847804E+001                  0.0000000000000000E+000                  9.8060490645332099E-001                  1.9395093546679010E-002                  0.0000000000000000E+000                  0.0000000000000000E+000                  3.4905211273066632E-006 
                                    1528                  3.2718534918130793E-001                 -1.8816197526335541E+000                  7.8131738734213991E+000                  4.8432214591955507E+000                  2.0699955648694136E+001                  0.0000000000000000E+000                  9.8060453961808891E-001                  1.9395460381911089E-002                  0.0000000000000000E+000                  0.0000000000000000E+000                  3.9388129516955567E-006 
                                    1529                  3.2531744836676740E-001                 -1.8840544946597508E+000                  7.8145159965012780E+000                  4.8561621733215166E+000                  2.0718513329351850E+001                  0.0000000000000000E+000                  9.8060397780733266E-001                  1.9396022192667339E-002                  0.0000000000000000E+000                  0.0000000000000000E+000                  4.6977876074525508E-006 
                                    1530                  3.2282027219161380E-001                 -1.8872762196523383E+000                  7.8158183257892135E+000                  4.8691912428216062E+000                  2.0737218627650780E+001                  0.0000000000000000E+000                  9.8060339692208154E-001                  1.9396603077918462E-002                  0.0000000000000000E+000                  0.0000000000000000E+000                  5.5883070755659898E-006 
                                    1531                  3.2082457141560822E-001                 -1.8898251914917441E+000                  7.8167681389097767E+000                  4.8789438364492161E+000                  2.0751236736222555E+001                  0.0000000000000000E+000                  9.8060293125688236E-001                  1.9397068743117640E-002                  0.0000000000000000E+000                  0.0000000000000000E+000                  6.3513482454546814E-006 
                                    1532                  3.1938395232516820E-001                 -1.8916517441593566E+000                  7.8175277597909707E+000                  4.8868738270775784E+000                  2.0762646874867986E+001                  0.0000000000000000E+000                  9.8060255335051771E-001                  1.9397446649482286E-002                  0.0000000000000000E+000                  0.0000000000000000E+000                  7.0410865663003723E-006 
                                    1533                  3.1797977516016074E-001                 -1.8934217305766980E+000                  7.8184007219606535E+000                  4.8961347244474096E+000                  2.0775985497970666E+001                  0.0000000000000000E+000                  9.8060208589477305E-001                  1.9397914105226954E-002                  0.0000000000000000E+000                  0.0000000000000000E+000                  7.9333692627556845E-006 
                                    1534                  3.1600265115750181E-001                 -1.8958973671283770E+000                  7.8190937356501573E+000                  4.9037478018268708E+000                  2.0786956763081893E+001                  0.0000000000000000E+000                  9.8060169586505630E-001                  1.9398304134943700E-002                  0.0000000000000000E+000                  0.0000000000000000E+000                  8.7342650072554433E-006 
                                    1535                  3.1516667489929695E-001                 -1.8969385173119202E+000                  7.8196224766585933E+000                  4.9095805000419013E+000                  2.0795370778951636E+001                  0.0000000000000000E+000                  9.8060140400544904E-001                  1.9398595994550960E-002                  0.0000000000000000E+000                  0.0000000000000000E+000                  9.4006979170975202E-006 
                                    1536                  3.1381183695142179E-001                 -1.8986190817128845E+000                  7.8206072621465346E+000                  4.9206062167411275E+000                  2.0811292544686115E+001                  0.0000000000000000E+000                  9.8060080155070672E-001                  1.9399198449293276E-002                  0.0000000000000000E+000                  0.0000000000000000E+000                  1.0790568357424482E-005 
                                    1537                  3.1095041297986920E-001                 -1.9021421533754785E+000                  7.8217624296801533E+000                  4.9342008538644011E+000                  2.0830942094742465E+001                  0.0000000000000000E+000                  9.8060004075647000E-001                  1.9399959243529996E-002                  0.0000000000000000E+000                  0.0000000000000000E+000                  1.2732258577217907E-005 
                                    1538                  3.0851552888392786E-001                 -1.9051135990270891E+000                  7.8226834284877169E+000                  4.9454382854557188E+000                  2.0847205427900182E+001                  0.0000000000000000E+000                  9.8059937207167258E-001                  1.9400627928327419E-002                  0.0000000000000000E+000                  0.0000000000000000E+000                  1.4560892073499737E-005 
                                    1539                  3.0647015225325025E-001                 -1.9075921777218290E+000                  7.8235331647415007E+000                  4.9561067308377220E+000                  2.0862664153349055E+001                  0.0000000000000000E+000                  9.8059872670561887E-001                  1.9401273294381127E-002                  0.0000000000000000E+000                  0.0000000000000000E+000                  1.6508706466365742E-005 
                                    1540                  3.0416942078504355E-001                 -1.9103622980679780E+000                  7.8243981019621947E+000                  4.9673729956794679E+000                  2.0879006916515785E+001                  0.0000000000000000E+000                  9.8059801428481652E-001                  1.9401985715183478E-002                  0.0000000000000000E+000                  0.0000000000000000E+000                  1.8802898281446782E-005 
                                    1541                  3.0178905223383778E-001                 -1.9132096190673564E+000                  7.8250909012516532E+000                  4.9767822207936092E+000                  2.0892668591278284E+001                  0.0000000000000000E+000                  9.8059738326543189E-001                  1.9402616734568112E-002                  0.0000000000000000E+000                  0.0000000000000000E+000                  2.0914273757376353E-005 
                                    1542                  3.0019253001828128E-001                 -1.9151093074487386E+000                  7.8256472260445697E+000                  4.9845108505798166E+000                  2.0903901326855571E+001                  0.0000000000000000E+000                  9.8059686107582811E-001                  1.9403138924171892E-002                  0.0000000000000000E+000                  0.0000000000000000E+000                  2.2803056554456652E-005 
                                    1543                  2.9846497193454924E-001                 -1.9171563697127347E+000                  7.8262790562532958E+000                  4.9935340494916423E+000                  2.0917027293427125E+001                  0.0000000000000000E+000                  9.8059623518495898E-001                  1.9403764815041025E-002                  0.0000000000000000E+000                  0.0000000000000000E+000                  2.5191551542397741E-005 
                                    1544                  2.9624959787617700E-001                 -1.9197691916349331E+000                  7.8269002270768402E+000                  5.0027782130268035E+000                  2.0930485724749406E+001                  1.3572269928413366E-045                  9.8059556001317705E-001                  1.9404439986822952E-002                  9.6484654406332763E-084                  5.3675070729903246E-032                  2.7842745410974006E-005 
                                    1545                  2.9436519893672602E-001                 -1.9219814237000421E+000                  7.8275647132104416E+000                  5.0129550521821731E+000                  2.0945318608050737E+001                  0.0000000000000000E+000                  9.8059478435624514E-001                  1.9405215643754858E-002                  0.0000000000000000E+000                  0.0000000000000000E+000                  3.1040399243499989E-005 
                                    1546                  2.9164636747763423E-001                 -1.9251578721627305E+000                  7.8281154121856273E+000                  5.0218870511161366E+000                  2.0958346428847392E+001                  0.0000000000000000E+000                  9.8059408910924362E-001                  1.9405910890756384E-002                  0.0000000000000000E+000                  0.0000000000000000E+000                  3.4063163664872544E-005 
                                    1547                  2.9027298306854510E-001                 -1.9267559130321383E+000                  7.8286995060226179E+000                  5.0314944245478603E+000                  2.0972377153860421E+001                  0.0000000000000000E+000                  9.8059329914220095E-001                  1.9406700857799053E-002                  1.8851561241722149E-031                  0.0000000000000000E+000                  3.7622300570289225E-005 
                                    1548                  2.8714487487817808E-001                 -1.9303808079731772E+000                  7.8292520822385026E+000                  5.0412617598377585E+000                  2.0986650313924635E+001                  0.0000000000000000E+000                  9.8059248626481654E-001                  1.9407513735183457E-002                  0.0000000000000000E+000                  0.0000000000000000E+000                  4.1490195136746081E-005 
                                    1549                  2.8564752091673057E-001                 -1.9321090688539997E+000                  7.8297174176645870E+000                  5.0496510475083296E+000                  2.0998924203281874E+001                  0.0000000000000000E+000                  9.8059173937033228E-001                  1.9408260629667717E-002                  0.0000000000000000E+000                  0.0000000000000000E+000                  4.5098280592684085E-005 
                                    1550                  2.8308751809825428E-001                 -1.9350544501953166E+000                  7.8302583098497767E+000                  5.0599603463110183E+000                  2.1014019611060661E+001                  0.0000000000000000E+000                  9.8059081520811719E-001                  1.9409184791882805E-002                  0.0000000000000000E+000                  0.0000000000000000E+000                  4.9846780171762890E-005 
                                    1551                  2.8059013477394057E-001                 -1.9379172413685093E+000                  7.8306403425201339E+000                  5.0676615247671037E+000                  2.1025305149409007E+001                  0.0000000000000000E+000                  9.8059010124066315E-001                  1.9409898759336852E-002                  0.0000000000000000E+000                  0.0000000000000000E+000                  5.3627177491035914E-005 
                                    1552                  2.7925767012683511E-001                 -1.9394407449985624E+000                  7.8310237217303253E+000                  5.0755462627443206E+000                  2.1036871162438569E+001                  0.0000000000000000E+000                  9.8058930858754778E-001                  1.9410691412452219E-002                  0.0000000000000000E+000                  0.0000000000000000E+000                  5.7762524888828230E-005 
                                    1553                  2.7659765619699728E-001                 -1.9424747570422305E+000                  7.8313904895311177E+000                  5.0836151721451701E+000                  2.1048714254125812E+001                  0.0000000000000000E+000                  9.8058849050411645E-001                  1.9411509495883550E-002                  0.0000000000000000E+000                  0.0000000000000000E+000                  6.2202268898358941E-005 
                                    1554                  2.7513432440384189E-001                 -1.9441399387570104E+000                  7.8317820139871817E+000                  5.0924359794886396E+000                  2.1061674747457499E+001                  0.0000000000000000E+000                  9.8058755617967064E-001                  1.9412443820329361E-002                  0.0000000000000000E+000                  0.0000000000000000E+000                  6.7401131319714272E-005 
                                    1555                  2.7200087706107079E-001                 -1.9476974470381150E+000                  7.8323530025456947E+000                  5.1063158058723115E+000                  2.1082090376203361E+001                  0.0000000000000000E+000                  9.8058601487940356E-001                  1.9413985120596444E-002                  0.0000000000000000E+000                  0.0000000000000000E+000                  7.6213068922021055E-005 
                                    1556                  2.6776799333719037E-001                 -1.9524880851146591E+000                  7.8327645975782740E+000                  5.1175757722124251E+000                  2.1098669082007870E+001                  0.0000000000000000E+000                  9.8058471028896232E-001                  1.9415289711037675E-002                  0.0000000000000000E+000                  0.0000000000000000E+000                  8.3867617676062765E-005 
                                    1557                  2.6593390861231847E-001                 -1.9545593008841566E+000                  7.8329860007082530E+000                  5.1238914797050708E+000                  2.1107977523638542E+001                  0.0000000000000000E+000                  9.8058395554080779E-001                  1.9416044459192205E-002                  0.0000000000000000E+000                  0.0000000000000000E+000                  8.8430575192307526E-005 
                                    1558                  2.6430123400919564E-001                 -1.9564011764718274E+000                  7.8331994854186231E+000                  5.1302520850591016E+000                  2.1117358246475845E+001                  0.0000000000000000E+000                  9.8058316253181610E-001                  1.9416837468183901E-002                  0.0000000000000000E+000                  0.0000000000000000E+000                  9.3209835701143075E-005 
                                    1559                  2.6240260748674671E-001                 -1.9585411645956576E+000                  7.8335080866363818E+000                  5.1399168697958038E+000                  2.1131624339465915E+001                  0.0000000000000000E+000                  9.8058186397428138E-001                  1.9418136025718624E-002                  0.0000000000000000E+000                  0.0000000000000000E+000                  1.0085093976858412E-004 
                                    1560                  2.5885107614095493E-001                 -1.9625398836828765E+000                  7.8338827821133856E+000                  5.1530343142803323E+000                  2.1151006883728691E+001                  0.0000000000000000E+000                  9.8058004580765845E-001                  1.9419954192341549E-002                  0.0000000000000000E+000                  0.0000000000000000E+000                  1.1185461726906339E-004 
                                    1561                  2.5488154933329377E-001                 -1.9670048549295340E+000                  7.8342276562951954E+000                  5.1668187050448546E+000                  2.1171401129641218E+001                  0.0000000000000000E+000                  9.8057800562101238E-001                  1.9421994378987617E-002                  0.0000000000000000E+000                  0.0000000000000000E+000                  1.2424965122245757E-004 
                                    1562                  2.5077649949575714E-001                 -1.9716205141270473E+000                  7.8344602557963743E+000                  5.1777025430182340E+000                  2.1187521694350107E+001                  0.0000000000000000E+000                  9.8057624906670060E-001                  1.9423750933299400E-002                  0.0000000000000000E+000                  0.0000000000000000E+000                  1.3458920677145923E-004 
                                    1563                  2.4839783726294892E-001                 -1.9742954436249529E+000                  7.8346304138699212E+000                  5.1864202731551643E+000                  2.1200447389577143E+001                  0.0000000000000000E+000                  9.8057475040097386E-001                  1.9425249599026140E-002                  0.0000000000000000E+000                  0.0000000000000000E+000                  1.4331424521544763E-004 
                                    1564                  2.4548168297438677E-001                 -1.9775764197676475E+000                  7.8347993533902978E+000                  5.1962931842132116E+000                  2.1215098585823597E+001                  0.0000000000000000E+000                  9.8057296519664172E-001                  1.9427034803358278E-002                  0.0000000000000000E+000                  0.0000000000000000E+000                  1.5360157386790565E-004 
                                    1565                  2.4231553618984522E-001                 -1.9811419056374264E+000                  7.8349248401426186E+000                  5.2049312094853084E+000                  2.1227927842655678E+001                  0.0000000000000000E+000                  9.8057126484861079E-001                  1.9428735151389209E-002                  0.0000000000000000E+000                  0.0000000000000000E+000                  1.6292748252639267E-004 
                                    1566                  2.4009268972770140E-001                 -1.9836478522732286E+000                  7.8350320297289642E+000                  5.2132688191050205E+000                  2.1240321602428207E+001                  0.0000000000000000E+000                  9.8056950257049380E-001                  1.9430497429506199E-002                  0.0000000000000000E+000                  0.0000000000000000E+000                  1.7228490094186306E-004 
                                    1567                  2.3702988859011342E-001                 -1.9871055265034681E+000                  7.8351416791586317E+000                  5.2237154725485944E+000                  2.1255863044602386E+001                  0.0000000000000000E+000                  9.8055746604567329E-001                  1.9442533954326713E-002                  1.4039916650704366E-030                  0.0000000000000000E+000                  1.8441940567889993E-004 
                                    1568                  2.3337673728053462E-001                 -1.9912385502558090E+000                  7.8352332592047000E+000                  5.2355131209389594E+000                  2.1273432917982237E+001                  0.0000000000000000E+000                  9.8055207196651939E-001                  1.9447928033480610E-002                  0.0000000000000000E+000                  0.0000000000000000E+000                  1.9867116470527981E-004 
                                    1569                  2.2931800470148594E-001                 -1.9958442707587749E+000                  7.8352810504598285E+000                  5.2454760625686667E+000                  2.1288284660131435E+001                  0.0000000000000000E+000                  9.8055123193526539E-001                  1.9448768064734612E-002                  0.0000000000000000E+000                  0.0000000000000000E+000                  2.1108692907603340E-004 
                                    1570                  2.2677636956116037E-001                 -1.9987370564222930E+000                  7.8353059987876357E+000                  5.2537130999844610E+000                  2.1300574334427015E+001                  0.0000000000000000E+000                  9.8054949688713466E-001                  1.9450503112865336E-002                  0.0000000000000000E+000                  0.0000000000000000E+000                  2.2169293296339133E-004 
                                    1571                  2.2376964825056489E-001                 -2.0021690255781679E+000                  7.8353149061068130E+000                  5.2630570027411414E+000                  2.1314526332990585E+001                  0.0000000000000000E+000                  9.8054676837076371E-001                  1.9453231629236289E-002                  0.0000000000000000E+000                  0.0000000000000000E+000                  2.3402649698430438E-004 
                                    1572                  2.2040175151190969E-001                 -2.0060273417126693E+000                  7.8353033423318470E+000                  5.2718875154881246E+000                  2.1327722054888756E+001                  0.0000000000000000E+000                  9.8054377391191083E-001                  1.9456226088089168E-002                  0.0000000000000000E+000                  0.0000000000000000E+000                  2.4593947248830844E-004 
                                    1573                  2.1767462084112979E-001                 -2.0091635918038970E+000                  7.8352783672091464E+000                  5.2799370448232752E+000                  2.1339759866636708E+001                  0.0000000000000000E+000                  9.8054077551917174E-001                  1.9459224480828263E-002                  0.0000000000000000E+000                  0.0000000000000000E+000                  2.5704765083147069E-004 
                                    1574                  2.1477100126779095E-001                 -2.0125157642293328E+000                  7.8352302729755916E+000                  5.2895973058665211E+000                  2.1354217824532700E+001                  0.0000000000000000E+000                  9.8053686061610790E-001                  1.9463139383892103E-002                  0.0000000000000000E+000                  0.0000000000000000E+000                  2.7067500587457839E-004 
                                    1575                  2.1082284455564410E-001                 -2.0170973194472919E+000                  7.8351484366043156E+000                  5.3006050673370195E+000                  2.1370706758967842E+001                  2.4372509982805882E-046                  9.8053198838946654E-001                  1.9468011610533464E-002                  9.8020234889068078E-085                  2.5042295792036469E-032                  2.8650218245804818E-004 
                                    1576                  2.0686239347534935E-001                 -2.0217228950168731E+000                  7.8350552063220418E+000                  5.3101079748676527E+000                  2.1384953638671931E+001                  0.0000000000000000E+000                  9.8052743574344092E-001                  1.9472564256559077E-002                  0.0000000000000000E+000                  0.0000000000000000E+000                  3.0039854723571676E-004 
                                    1577                  2.0390895685091939E-001                 -2.0251934436663133E+000                  7.8349448550059435E+000                  5.3196125215211971E+000                  2.1399214757456782E+001                  0.0000000000000000E+000                  9.8052247325159803E-001                  1.9477526748401974E-002                  0.0000000000000000E+000                  0.0000000000000000E+000                  3.1457347687319248E-004 
                                    1578                  1.9983534017851709E-001                 -2.0300125998044209E+000                  7.8347774465660684E+000                  5.3316119700367990E+000                  2.1417235133617869E+001                  0.0000000000000000E+000                  9.8051560985678177E-001                  1.9484390143218233E-002                  0.0000000000000000E+000                  0.0000000000000000E+000                  3.3273201835393022E-004 
                                    1579                  1.9491349892115004E-001                 -2.0358895689455663E+000                  7.8346222437905961E+000                  5.3409904924821641E+000                  2.1431331028294490E+001                  0.0000000000000000E+000                  9.8050981564773865E-001                  1.9490184352261353E-002                  0.0000000000000000E+000                  0.0000000000000000E+000                  3.4701882628193490E-004 
                                    1580                  1.9274412581906381E-001                 -2.0385001476829867E+000                  7.8344810835335412E+000                  5.3488750297794452E+000                  2.1443190232300406E+001                  0.0000000000000000E+000                  9.8050445068890213E-001                  1.9495549311097871E-002                  0.0000000000000000E+000                  0.0000000000000000E+000                  3.5922647612356373E-004 
                                    1581                  1.8884510256334008E-001                 -2.0432258333629565E+000                  7.8343330273945622E+000                  5.3563517603751816E+000                  2.1454442365964461E+001                  0.0000000000000000E+000                  9.8049912812799378E-001                  1.9500871872006220E-002                  0.0000000000000000E+000                  0.0000000000000000E+000                  3.7080694868509121E-004 
                                    1582                  1.8696608924916974E-001                 -2.0455193701361116E+000                  7.8341731351808059E+000                  5.3639739684204946E+000                  2.1465920603573863E+001                  0.0000000000000000E+000                  9.8049317642592648E-001                  1.9506823574073517E-002                  0.0000000000000000E+000                  0.0000000000000000E+000                  3.8275134770183859E-004 
                                    1583                  1.8286160623938696E-001                 -2.0505684064504717E+000                  7.8339297921136772E+000                  5.3745693940399493E+000                  2.1481886893766365E+001                  0.0000000000000000E+000                  9.8048415979417214E-001                  1.9515840205827861E-002                  0.0000000000000000E+000                  0.0000000000000000E+000                  3.9937685859374255E-004 
                                    1584                  1.7858188044288131E-001                 -2.0558935253691697E+000                  7.8337170359284309E+000                  5.3830915130600969E+000                  2.1494737891294456E+001                  0.0000000000000000E+000                  9.8047618567689532E-001                  1.9523814323104682E-002                  0.0000000000000000E+000                  0.0000000000000000E+000                  4.1275727493821882E-004 
                                    1585                  1.7606049933877016E-001                 -2.0590615258526146E+000                  7.8334995047969276E+000                  5.3913392726131075E+000                  2.1507183108238337E+001                  0.0000000000000000E+000                  9.8046770431720454E-001                  1.9532295682795464E-002                  0.0000000000000000E+000                  0.0000000000000000E+000                  4.2577949728175488E-004 
                                    1586                  1.7190158275896297E-001                 -2.0643403109091207E+000                  7.8332923804824963E+000                  5.3987133456219105E+000                  2.1518315975540965E+001                  0.0000000000000000E+000                  9.8045947745792938E-001                  1.9540522542070615E-002                  0.0000000000000000E+000                  0.0000000000000000E+000                  4.3736592756268838E-004 
                                    1587                  1.7007013325591983E-001                 -2.0666868725735092E+000                  7.8330754935667128E+000                  5.4061309956237471E+000                  2.1529521983903852E+001                  0.0000000000000000E+000                  9.8045029383088589E-001                  1.9549706169114112E-002                  0.0000000000000000E+000                  0.0000000000000000E+000                  4.4906823099133490E-004 
                                    1588                  1.6578185017840213E-001                 -2.0722373003613446E+000                  7.8327901255994652E+000                  5.4153493948988336E+000                  2.1543454690003561E+001                  0.0000000000000000E+000                  9.8043784902249853E-001                  1.9562150977501469E-002                  0.0000000000000000E+000                  0.0000000000000000E+000                  4.6351780353120716E-004 
                                    1589                  1.6243560387515596E-001                 -2.0766256441727462E+000                  7.8324628288100877E+000                  5.4253832849636394E+000                  2.1558630003993112E+001                  0.0000000000000000E+000                  9.8042244667172329E-001                  1.9577553328276709E-002                  0.0000000000000000E+000                  0.0000000000000000E+000                  4.7920700405598460E-004 
                                    1590                  1.5735346566923814E-001                 -2.0833937489135579E+000                  7.8321067610526089E+000                  5.4356828657886247E+000                  2.1574217461728715E+001                  0.0000000000000000E+000                  9.8040479061027686E-001                  1.9595209389723145E-002                  0.0000000000000000E+000                  0.0000000000000000E+000                  4.9515261746774328E-004 
                                    1591                  1.5373604880928368E-001                 -2.0882919644743878E+000                  7.8318367360438232E+000                  5.4431584360784271E+000                  2.1585537600572163E+001                  0.0000000000000000E+000                  9.8039080978847026E-001                  1.9609190211529737E-002                  0.0000000000000000E+000                  0.0000000000000000E+000                  5.0664375021081554E-004 
                                    1592                  1.5097782219100792E-001                 -2.0920748546146601E+000                  7.8315597704238140E+000                  5.4505667193146898E+000                  2.1596761198610245E+001                  0.0000000000000000E+000                  9.8037605606786815E-001                  1.9623943932131849E-002                  0.0000000000000000E+000                  0.0000000000000000E+000                  5.1795472474971494E-004 
                                    1593                  1.4735624928212507E-001                 -2.0971086816136699E+000                  7.8311106820072078E+000                  5.4620790361737717E+000                  2.1614212791894460E+001                  0.0000000000000000E+000                  9.8035279220369920E-001                  1.9647207796300803E-002                  0.0000000000000000E+000                  0.0000000000000000E+000                  5.3533824143259473E-004 
                                    1594                  1.4094844350009245E-001                 -2.1062153406964934E+000                  7.8306662425890634E+000                  5.4729197310532136E+000                  2.1630657401030220E+001                  0.0000000000000000E+000                  9.8033167162003076E-001                  1.9668328379969235E-002                  0.0000000000000000E+000                  0.0000000000000000E+000                  5.5141470335017223E-004 
                                    1595                  1.3790935692564993E-001                 -2.1106299141070792E+000                  7.8303071485150229E+000                  5.4813566501207376E+000                  2.1643463107285097E+001                  0.0000000000000000E+000                  9.8031652050548945E-001                  1.9683479494510547E-002                  0.0000000000000000E+000                  0.0000000000000000E+000                  5.6375226870680262E-004 
                                    1596                  1.3348237190571971E-001                 -2.1171799472444870E+000                  7.8299036246193472E+000                  5.4905213739568186E+000                  2.1657380617365931E+001                  0.0000000000000000E+000                  9.8030147578292282E-001                  1.9698524217077185E-002                  0.0000000000000000E+000                  0.0000000000000000E+000                  5.7693811354997534E-004 
                                    1597                  1.2977010851366971E-001                 -2.1227885850234420E+000                  7.8294070900781829E+000                  5.5013928582337135E+000                  2.1673899348474102E+001                  0.0000000000000000E+000                  9.8028524114654647E-001                  1.9714758853453529E-002                  0.0000000000000000E+000                  0.0000000000000000E+000                  5.9226287831869976E-004 
                                    1598                  1.2370910284380106E-001                 -2.1321936803434558E+000                  7.8288807801551972E+000                  5.5124937281053574E+000                  2.1690776769304911E+001                  0.0000000000000000E+000                  9.8026996261721067E-001                  1.9730037382789334E-002                  0.0000000000000000E+000                  0.0000000000000000E+000                  6.0754284836216760E-004 
                                    1599                  1.1978802715430305E-001                 -2.1384549873057503E+000                  7.8285221312420630E+000                  5.5198346656909996E+000                  2.1701943152339055E+001                  0.0000000000000000E+000                  9.8026056309286702E-001                  1.9739436907132979E-002                  0.0000000000000000E+000                  0.0000000000000000E+000                  6.1742565443577435E-004 
                                    1600                  1.1705978488840676E-001                 -2.1429000522764428E+000                  7.8280956582407741E+000                  5.5283395515982843E+000                  2.1714885221572871E+001                  0.0000000000000000E+000                  9.8025045596514138E-001                  1.9749544034858624E-002                  0.0000000000000000E+000                  0.0000000000000000E+000                  6.2861506208647302E-004 
                                    1601                  1.1200493698193059E-001                 -2.1513428362019518E+000                  7.8276371342500770E+000                  5.5372581089596373E+000                  2.1728462748889584E+001                  0.0000000000000000E+000                  9.8024063193285071E-001                  1.9759368067149286E-002                  0.0000000000000000E+000                  0.0000000000000000E+000                  6.4009194502019011E-004 
                                    1602                  1.0891968257556864E-001                 -2.1566369428745924E+000                  7.8271415033844471E+000                  5.5466274461568439E+000                  2.1742732692255593E+001                  0.0000000000000000E+000                  9.8023117562736051E-001                  1.9768824372639493E-002                  0.0000000000000000E+000                  0.0000000000000000E+000                  6.5176964869449402E-004 
                                    1603                  1.0335303908807224E-001                 -2.1664856787506981E+000                  7.8266474289867771E+000                  5.5557513778294929E+000                  2.1756634986523501E+001                  0.0000000000000000E+000                  9.8022257746370933E-001                  1.9777422536290667E-002                  0.0000000000000000E+000                  0.0000000000000000E+000                  6.6285935625359207E-004 
                                    1604                  1.0053958819414741E-001                 -2.1716194588050937E+000                  7.8262263412094963E+000                  5.5633381371642745E+000                  2.1768199266819060E+001                  0.0000000000000000E+000                  9.8021570944860315E-001                  1.9784290551396855E-002                  0.0000000000000000E+000                  0.0000000000000000E+000                  6.7176765268273033E-004 
                                    1605                  9.6314870802522476E-002                 -2.1795438257750956E+000                  7.8256574034030164E+000                  5.5733567596268312E+000                  2.1783476158308105E+001                  0.0000000000000000E+000                  9.8020699511428133E-001                  1.9793004885718668E-002                  0.0000000000000000E+000                  0.0000000000000000E+000                  6.8314424608991830E-004 
                                    1606                  9.1233814962832144E-002                 -2.1894479132857545E+000                  7.8251521588379607E+000                  5.5820639594877584E+000                  2.1796758599743086E+001                  1.2962826494267983E-044                  9.8019961876776085E-001                  1.9800381232239150E-002                  8.3936409725317080E-081                  1.8866189865875784E-030                  6.9271407944231339E-004 
                                    1607                  8.8257548361686464E-002                 -2.1954561515425763E+000                  7.8245512948426281E+000                  5.5921464510090608E+000                  2.1812144438095736E+001                  0.0000000000000000E+000                  9.8019127607633227E-001                  1.9808723923667726E-002                  0.0000000000000000E+000                  0.0000000000000000E+000                  7.0322712369849541E-004 
                                    1608                  8.1798748854426478E-002                 -2.2090853912971156E+000                  7.8238623911157728E+000                  5.6034662483668898E+000                  2.1829425741169558E+001                  0.0000000000000000E+000                  9.8018230308666454E-001                  1.9817696913335459E-002                  0.0000000000000000E+000                  0.0000000000000000E+000                  7.1459316267803242E-004 
                                    1609                  7.7785587281874055E-002                 -2.2180061828657864E+000                  7.8232523815997093E+000                  5.6132291396654939E+000                  2.1844335678989967E+001                  0.0000000000000000E+000                  9.8017485104572588E-001                  1.9825148954274119E-002                  0.0000000000000000E+000                  0.0000000000000000E+000                  7.2379860373221819E-004 
                                    1610                  7.2716779723058400E-002                 -2.2298404122358990E+000                  7.8226578693574211E+000                  5.6225679610256325E+000                  2.1858602785725509E+001                  0.0000000000000000E+000                  9.8016807456144184E-001                  1.9831925438558162E-002                  0.0000000000000000E+000                  0.0000000000000000E+000                  7.3221848054490744E-004 
                                    1611                  6.9164651658946558E-002                 -2.2385553246865304E+000                  7.8221581714280939E+000                  5.6302682324347373E+000                  2.1870369849548482E+001                  0.0000000000000000E+000                  9.8016270220240964E-001                  1.9837297797590359E-002                  0.0000000000000000E+000                  0.0000000000000000E+000                  7.3878702375693053E-004 
                                    1612                  6.5608111657429677E-002                 -2.2476721418806576E+000                  7.8215854783338443E+000                  5.6389385965908545E+000                  2.1883622662297689E+001                  0.0000000000000000E+000                  9.8015681157515810E-001                  1.9843188424841895E-002                  0.0000000000000000E+000                  0.0000000000000000E+000                  7.4577874287241235E-004 
                                    1613                  6.1177331729357326E-002                 -2.2596452884639979E+000                  7.8208816547005080E+000                  5.6493920288935175E+000                  2.1899605440296927E+001                  0.0000000000000000E+000                  9.8015010442121853E-001                  1.9849895578781473E-002                  0.0000000000000000E+000                  0.0000000000000000E+000                  7.5366750430979745E-004 
                                    1614                  5.6039583071617577E-002                 -2.2745129144581071E+000                  7.8203025191358790E+000                  5.6578658289623611E+000                  2.1912565098263201E+001                  0.0000000000000000E+000                  9.8014501712159796E-001                  1.9854982878402039E-002                  0.0000000000000000E+000                  0.0000000000000000E+000                  7.5973905291347368E-004 
                                    1615                  5.3541182860282588E-002                 -2.2821794349525648E+000                  7.8196708549519895E+000                  5.6669032702383015E+000                  2.1926389565697587E+001                  0.0000000000000000E+000                  9.8013988858673906E-001                  1.9860111413260939E-002                  0.0000000000000000E+000                  0.0000000000000000E+000                  7.6556283519572368E-004 
                                    1616                  4.7846178620242402E-002                 -2.3009185435600421E+000                  7.8188879152187960E+000                  5.6779518815877035E+000                  2.1943295063170723E+001                  0.0000000000000000E+000                  9.8013408541598379E-001                  1.9865914584016209E-002                  0.0000000000000000E+000                  0.0000000000000000E+000                  7.7227485165371715E-004 
                                    1617                  4.3766509022600465E-002                 -2.3156110349640859E+000                  7.8181367433294113E+000                  5.6883228054336934E+000                  2.1959167314485224E+001                  0.0000000000000000E+000                  9.8012927084585943E-001                  1.9870729154140565E-002                  0.0000000000000000E+000                  0.0000000000000000E+000                  7.7782784386934737E-004 
                                    1618                  3.8746336434219070E-002                 -2.3354962227547280E+000                  7.8173714464248629E+000                  5.6987239719982234E+000                  2.1975089515796931E+001                  0.0000000000000000E+000                  9.8012506164693847E-001                  1.9874938353061533E-002                  0.0000000000000000E+000                  0.0000000000000000E+000                  7.8288597267419768E-004 
                                    1619                  3.4860844536444266E-002                 -2.3525722709851093E+000                  7.8166814574394250E+000                  5.7079359901492959E+000                  2.1989193945261260E+001                  0.0000000000000000E+000                  9.8012171973938822E-001                  1.9878280260611780E-002                  0.0000000000000000E+000                  0.0000000000000000E+000                  7.8679748260775063E-004 
                                    1620                  3.0990737021647702E-002                 -2.3714211157915899E+000                  7.8158878765481017E+000                  5.7183486465359872E+000                  2.2005139338973898E+001                  0.0000000000000000E+000                  9.8011862553116857E-001                  1.9881374468831425E-002                  0.0000000000000000E+000                  0.0000000000000000E+000                  7.9057360267034693E-004 
                                    1621                  2.6277907394868457E-002                 -2.3975825879715571E+000                  7.8150758796595294E+000                  5.7288513804558416E+000                  2.2021225561119085E+001                  0.0000000000000000E+000                  9.8011630947965922E-001                  1.9883690520340780E-002                  0.0000000000000000E+000                  0.0000000000000000E+000                  7.9386934507041018E-004 
                                    1622                  2.2664165329613156E-002                 -2.4208124612429462E+000                  7.8143351142166289E+000                  5.7382707493265119E+000                  2.2035654435372379E+001                  0.0000000000000000E+000                  9.8011487897340377E-001                  1.9885121026596231E-002                  0.0000000000000000E+000                  0.0000000000000000E+000                  7.9622000212845154E-004 
                                    1623                  1.9036401914162265E-002                 -2.4479582539717790E+000                  7.8137046026466601E+000                  5.7461999315777792E+000                  2.2047802074400664E+001                  0.0000000000000000E+000                  9.8011418053288901E-001                  1.9885819467110988E-002                  0.0000000000000000E+000                  0.0000000000000000E+000                  7.9788772077169011E-004 
                                    1624                  1.6835858236349019E-002                 -2.4669327422387837E+000                  7.8132158634443343E+000                  5.7522699339999699E+000                  2.2057102076528661E+001                  0.0000000000000000E+000                  9.8011386203922990E-001                  1.9886137960770101E-002                  0.0000000000000000E+000                  0.0000000000000000E+000                  7.9886248843910916E-004 
                                    1625                  1.4694268036430650E-002                 -2.4878278565942935E+000                  7.8125612689039139E+000                  5.7602973148586587E+000                  2.2069401788576823E+001                  0.0000000000000000E+000                  9.8011381788812357E-001                  1.9886182111876427E-002                  0.0000000000000000E+000                  0.0000000000000000E+000                  7.9973731226227010E-004 
                                    1626                  1.1271334177957868E-002                 -2.5282503260182003E+000                  7.8116477009481944E+000                  5.7713607693759483E+000                  2.2086354984855081E+001                  0.0000000000000000E+000                  9.8011438900459713E-001                  1.9885610995402869E-002                  9.3866089480752341E-031                  0.0000000000000000E+000                  8.0041113612586026E-004 
                                    1627                  7.5672650916323563E-003                 -2.5883580062339586E+000                  7.8108037859242998E+000                  5.7814659472827623E+000                  2.2101841231943478E+001                  0.0000000000000000E+000                  9.8011546774140423E-001                  1.9884532258595766E-002                  0.0000000000000000E+000                  0.0000000000000000E+000                  8.0061196695546709E-004 
                                    1628                  5.4847490604388689E-003                 -2.6364606073890422E+000                  7.8100431179378420E+000                  5.7904150204264848E+000                  2.2115556200168360E+001                  0.0000000000000000E+000                  9.8011673738428040E-001                  1.9883262615719599E-002                  0.0000000000000000E+000                  0.0000000000000000E+000                  8.0010843648061218E-004 
                                    1629                  2.8722348533974352E-003                 -2.7323477303456944E+000                  7.8092882944606581E+000                  5.7992324946113785E+000                  2.2129070305913576E+001                  0.0000000000000000E+000                  9.8011816079873060E-001                  1.9881839201269402E-002                  0.0000000000000000E+000                  0.0000000000000000E+000                  7.9940510613354227E-004 
                                    1630                  1.7156874576943759E-003                 -2.8081177765685124E+000                  7.8088090542462423E+000                  5.8047607122731684E+000                  2.2137543196570125E+001                  0.0000000000000000E+000                  9.8011920391379703E-001                  1.9880796086202968E-002                  0.0000000000000000E+000                  0.0000000000000000E+000                  7.9865959178357382E-004 
                                    1631                  8.5311557514880347E-004                 -2.9103416241385149E+000                  7.8084367652442319E+000                  5.8090316159112820E+000                  2.2144089143904274E+001                  0.0000000000000000E+000                  9.8012004878624548E-001                  1.9879951213754521E-002                  6.5939120444043756E-030                  0.0000000000000000E+000                  7.9799109486497542E-004 
                                    1632                  4.7075887509131375E-004                 -2.9969967783718334E+000                  7.8082135808774149E+000                  5.8115775008021089E+000                  2.2147991179763224E+001                  0.0000000000000000E+000                  9.8012059700801735E-001                  1.9879402991982653E-002                  0.0000000000000000E+000                  0.0000000000000000E+000                  7.9752920536330606E-004 
                                    1633                  2.4037975969842871E-004                 -3.0947336434790813E+000                  7.8080562190259108E+000                  5.8133673809293924E+000                  2.2150734504719349E+001                  0.0000000000000000E+000                  9.8012099253896223E-001                  1.9879007461037768E-002                  0.0000000000000000E+000                  0.0000000000000000E+000                  7.9718296530662523E-004 
                                    1634                  1.2519020200249805E-004                 -3.1894474319670270E+000                  7.8079584694141868E+000                  5.8144768117844707E+000                  2.2152434913870877E+001                  0.0000000000000000E+000                  9.8012124240315324E-001                  1.9878757596846763E-002                  0.0000000000000000E+000                  0.0000000000000000E+000                  7.9695800999312694E-004 
                                    1635                  6.7595423154446439E-005                 -3.2788320748134576E+000                  7.8078984654921708E+000                  5.8151569304174853E+000                  2.2153477321844814E+001                  0.0000000000000000E+000                  9.8012139764759421E-001                  1.9878602352405794E-002                  0.0000000000000000E+000                  0.0000000000000000E+000                  7.9681618275517460E-004 
                                    1636                  3.8798033730396653E-005                 -3.3593022628241718E+000                  7.8078623708639574E+000                  5.8155657141180557E+000                  2.2154103858523801E+001                  0.0000000000000000E+000                  9.8012149163245277E-001                  1.9878508367547232E-002                  0.0000000000000000E+000                  0.0000000000000000E+000                  7.9672949757924835E-004 
                                    1637                  2.4399339018368284E-005                 -3.4265056027748275E+000                  7.8078413083583955E+000                  5.8158041378108694E+000                  2.2154469286886712E+001                  0.0000000000000000E+000                  9.8012154668563756E-001                  1.9878453314362443E-002                  0.0000000000000000E+000                  0.0000000000000000E+000                  7.9667843539356212E-004 
                                    1638                  1.7199991662354103E-005                 -3.4771559920562560E+000                  7.8078255318815293E+000                  5.8159826593120432E+000                  2.2154742903969399E+001                  0.0000000000000000E+000                  9.8012158804125127E-001                  1.9878411958748732E-002                  0.0000000000000000E+000                  0.0000000000000000E+000                  7.9663991001504078E-004 
                                    1639                  1.0000644306313981E-005                 -3.5556956465907965E+000                  7.8078095177645341E+000                  5.8161638342382691E+000                  2.2155020587974107E+001                  0.0000000000000000E+000                  9.8012163008106357E-001                  1.9878369918936434E-002                  0.0000000000000000E+000                  0.0000000000000000E+000                  7.9660067137644300E-004 
                                    1640                  5.0003221070181384E-006                 -3.6560731136902285E+000                  7.8077971136469353E+000                  5.8163041391115549E+000                  2.2155235631094335E+001                  0.0000000000000000E+000                  9.8012166269104994E-001                  1.9878337308950056E-002                  0.0000000000000000E+000                  0.0000000000000000E+000                  7.9657016643280539E-004 
                                    1641                  2.5001610074257030E-006                 -3.7564379428515107E+000                  7.8077892996306506E+000                  5.8163925074960776E+000                  2.2155371071932024E+001                  0.0000000000000000E+000                  9.8012168326018267E-001                  1.9878316739817325E-002                  0.0000000000000000E+000                  0.0000000000000000E+000                  7.9655087720599679E-004 
                                    1642                  1.2500804575739748E-006                 -3.8567948112381480E+000                  7.8077843769494413E+000                  5.8164481688976482E+000                  2.2155456383263807E+001                  0.0000000000000000E+000                  9.8012169622832002E-001                  1.9878303771679984E-002                  0.0000000000000000E+000                  0.0000000000000000E+000                  7.9653868533150884E-004 
                                    1643                  6.2504018270362340E-007                 -3.9571466615456301E+000                  7.8077812755006919E+000                  5.8164832305406247E+000                  2.2155510121644493E+001                  0.0000000000000000E+000                  9.8012170440185375E-001                  1.9878295598146245E-002                  0.0000000000000000E+000                  0.0000000000000000E+000                  7.9653097134863710E-004 
                                    1644                  3.1252004526844766E-007                 -4.0574953427547147E+000                  7.8077793211329549E+000                  5.8165053168809102E+000                  2.2155543972952209E+001                  0.0000000000000000E+000                  9.8012170955249234E-001                  1.9878290447507663E-002                  0.0000000000000000E+000                  0.0000000000000000E+000                  7.9652607214325739E-004 
                                    1645                  1.5625997655085987E-007                 -4.1578420110506951E+000                  7.8077780890895632E+000                  5.8165192299890336E+000                  2.2155565297234080E+001                  0.0000000000000000E+000                  9.8012171279784044E-001                  1.9878287202159561E-002                  0.0000000000000000E+000                  0.0000000000000000E+000                  7.9652293148070672E-004 
                                    1646                  7.8129943919766029E-008                 -4.2581873748023753E+000                  7.8077770525734449E+000                  5.8165309160324066E+000                  2.2155583208013748E+001                  0.0000000000000000E+000                  9.8012171552422722E-001                  1.9878284475772778E-002                  0.0000000000000000E+000                  0.0000000000000000E+000                  7.9652019171847497E-004 
