                                       1                                        2                                        3                                        4                                        5                                        6                                        7                                        8                                        9                                       10                                       11                                       12                                       13                                       14                                       15                                       16                                       17                                       18                                       19                                       20                                       21                                       22                                       23                                       24                                       25                                       26                                       27                                       28                                       29                                       30                                       31                                       32                                       33                                       34                                       35                                       36                                       37                                       38                                       39                                       40                                       41                                       42                                       43                                       44                                       45                                       46                                       47                                       48                                       49 
                            model_number                                num_zones                             initial_mass                                initial_z                                 star_age                                time_step                                     Teff                            photosphere_L                            photosphere_r                               center_eta                                center_h1                               center_he3                               center_he4                               center_c12                               center_n14                               center_o16                              center_ne20                                star_mass                                star_mdot                             star_mass_h1                            star_mass_he3                            star_mass_he4                            star_mass_c12                            star_mass_n14                            star_mass_o16                           star_mass_ne20                             he_core_mass                             co_core_mass                             fe_core_mass                   neutron_rich_core_mass                             dynamic_time                             kh_timescale                            nuc_timescale                           power_nuc_burn                             power_h_burn                            power_he_burn                                power_neu                                burn_min1                                burn_min2                             time_seconds                           version_number                                 compiler                                    build                         MESA_SDK_version                             math_backend                                     date                                     msun                                     rsun                                     lsun 
                                    1000                                      698                  1.0000000000000000E+000                  2.0000000000000000E-002                  1.9913232532906861E+005                  3.9045554084131122E+003                  4.3208562301786360E+003                  1.1137173071998343E+000                  1.8832198060437295E+000                 -4.0974914356854555E+000                  6.9999999939807145E-001                  2.9798237180309804E-005                  2.7997020236474840E-001                  3.4468833607860629E-003                  1.0103427409336046E-003                  9.3805276451495237E-003                  2.0850244238750323E-003                  9.9999991186013704E-001                 -4.2031552276589963E-013                  6.9999993825436280E-001                  2.9797680358708603E-005                  2.7997017768821369E-001                  3.4468830569782533E-003                  1.0103426518821364E-003                  9.3805268183511249E-003                  2.0850242401012705E-003                  0.0000000000000000E+000                  0.0000000000000000E+000                  0.0000000000000000E+000                  0.0000000000000000E+000                  2.5864768466961901E+004                  1.1228063237440526E+007                  8.9789384199693241E+009                  9.8083336554424489E-006                  9.8083336554424489E-006                  0.0000000000000000E+000                  3.9249801104909079E-007                  5.0000000000000000E+001                  1.0000000000000000E+003                  6.2841382698046152E+012                                "6725cf8"                               "gfortran"                                 "13.3.0"                   "x86_64-linux-25.12.1"                                 "CRMATH"                               "20260119"                  1.9884098706980504E+033                  6.9570000000000000E+010                  3.8280000000000003E+033 

                                       1                                        2                                        3                                        4                                        5                                        6                                        7                                        8                                        9                                       10                                       11                                       12 
                                    zone                                     mass                                     logR                                     logT                                   logRho                                     logP                        x_mass_fraction_H                       y_mass_fraction_He                   z_mass_fraction_metals                                       pp                                      cno                                tri_alpha 
                                       1                  9.9999991186013704E-001                  2.7490101304941655E-001                  3.6355920262791224E+000                 -6.7982624078935974E+000                  4.6391016154169282E+000                  6.9999999996314966E-001                  2.8000000003685060E-001                  1.9999999999999796E-002                  2.3350646371461006E-026                  0.0000000000000000E+000                  0.0000000000000000E+000 
                                       2                  9.9999991185963688E-001                  2.7490091703336900E-001                  3.6356642321924095E+000                 -6.7977593994172265E+000                  4.6396785591814487E+000                  6.9999999996314954E-001                  2.8000000003685060E-001                  1.9999999999999796E-002                  2.3377717594056812E-026                  0.0000000000000000E+000                  0.0000000000000000E+000 
                                       3                  9.9999991185851189E-001                  2.7490070124710009E-001                  3.6357977577605189E+000                 -6.7968330162792769E+000                  4.6407416787895492E+000                  6.9999999996314966E-001                  2.8000000003685060E-001                  1.9999999999999796E-002                  2.3427656425041311E-026                  0.0000000000000000E+000                  0.0000000000000000E+000 
                                       4                  9.9999991185663706E-001                  2.7490034236893812E-001                  3.6359930266379705E+000                 -6.7954872736707292E+000                  4.6422874165523371E+000                  6.9999999996314966E-001                  2.8000000003685060E-001                  1.9999999999999796E-002                  2.3500391943762869E-026                  0.0000000000000000E+000                  0.0000000000000000E+000 
                                       5                  9.9999991185413706E-001                  2.7489986534378502E-001                  3.6363289832243910E+000                 -6.7931943183654742E+000                  4.6449245315385772E+000                  6.9999999996314966E-001                  2.8000000003685060E-001                  1.9999999999999796E-002                  2.3624843649526957E-026                  0.0000000000000000E+000                  0.0000000000000000E+000 
                                       6                  9.9999991184913706E-001                  2.7489891631265356E-001                  3.6368366835753929E+000                 -6.7897886899559792E+000                  4.6488504546645917E+000                  6.9999999996314966E-001                  2.8000000003685060E-001                  1.9999999999999796E-002                  2.3810904100303443E-026                  0.0000000000000000E+000                  0.0000000000000000E+000 
                                       7                  9.9999991184288706E-001                  2.7489773928129596E-001                  3.6374060241144752E+000                 -6.7860514568287043E+000                  4.6531714145651639E+000                  6.9999999996314966E-001                  2.8000000003685060E-001                  1.9999999999999796E-002                  2.4016768250916350E-026                  0.0000000000000000E+000                  0.0000000000000000E+000 
                                       8                  9.9999991183663706E-001                  2.7489657232573939E-001                  3.6382675619543705E+000                 -6.7805331961517554E+000                  4.6595733687960079E+000                  6.9999999996314966E-001                  2.8000000003685060E-001                  1.9999999999999796E-002                  2.4323999063731810E-026                  0.0000000000000000E+000                  0.0000000000000000E+000 
                                       9                  9.9999991182413706E-001                  2.7489426785467985E-001                  3.6400214203744445E+000                 -6.7698056977099252E+000                  4.6721011962234789E+000                  6.9999999996314966E-001                  2.8000000003685055E-001                  1.9999999999999796E-002                  2.4932549794302609E-026                  0.0000000000000000E+000                  0.0000000000000000E+000 
                                      10                  9.9999991179913716E-001                  2.7488977125777819E-001                  3.6436524607719498E+000                 -6.7495152118544199E+000                  4.6961231619726433E+000                  6.9999999996314966E-001                  2.8000000003685060E-001                  1.9999999999999796E-002                  2.6125541648838139E-026                  0.0000000000000000E+000                  0.0000000000000000E+000 
                                      11                  9.9999991174913694E-001                  2.7488118817924523E-001                  3.6494728762474811E+000                 -6.7217888956052461E+000                  4.7298373253170096E+000                  6.9999999996314966E-001                  2.8000000003685060E-001                  1.9999999999999796E-002                  2.7848578233350364E-026                  0.0000000000000000E+000                  0.0000000000000000E+000 
                                      12                  9.9999991168663704E-001                  2.7487112222953047E-001                  3.6546909975573998E+000                 -6.7009300384739747E+000                  4.7560640475583051E+000                  6.9999999996314966E-001                  2.8000000003685060E-001                  1.9999999999999796E-002                  2.9219360685554699E-026                  0.0000000000000000E+000                  0.0000000000000000E+000 
                                      13                  9.9999991165538704E-001                  2.7486632502540442E-001                  3.6582676477155522E+000                 -6.6879604866028393E+000                  4.7727087352966127E+000                  6.9999999996314966E-001                  2.8000000003685060E-001                  1.9999999999999796E-002                  3.0105500748996524E-026                  0.0000000000000000E+000                  0.0000000000000000E+000 
                                      14                  9.9999991162413704E-001                  2.7486166881253449E-001                  3.6637628732604441E+000                 -6.6697695518850502E+000                  4.7965385350143013E+000                  6.9999999996314966E-001                  2.8000000003685060E-001                  1.9999999999999796E-002                  3.1393864341935844E-026                  0.0000000000000000E+000                  0.0000000000000000E+000 
                                      15                  9.9999991156163703E-001                  2.7485273797336879E-001                  3.6695209230007668E+000                 -6.6530766274543334E+000                  4.8191303347355205E+000                  6.9999999996314966E-001                  2.8000000003685055E-001                  1.9999999999999796E-002                  3.2624598748782325E-026                  0.0000000000000000E+000                  0.0000000000000000E+000 
                                      16                  9.9999991153038714E-001                  2.7484844073751907E-001                  3.6734166444721827E+000                 -6.6426262878477997E+000                  4.8335645353299173E+000                  6.9999999996314966E-001                  2.8000000003685060E-001                  1.9999999999999796E-002                  3.3419524995718338E-026                  0.0000000000000000E+000                  0.0000000000000000E+000 
                                      17                  9.9999991149913703E-001                  2.7484424554795600E-001                  3.6793336060837998E+000                 -6.6278758672219293E+000                  4.8543551293557323E+000                  6.9999999996314966E-001                  2.8000000003685060E-001                  1.9999999999999796E-002                  3.4574626830909179E-026                  0.0000000000000000E+000                  0.0000000000000000E+000 
                                      18                  9.9999991143663702E-001                  2.7483613501071108E-001                  3.6874263663665214E+000                 -6.6098588959693902E+000                  4.8806147403456750E+000                  6.9999999996314954E-001                  2.8000000003685060E-001                  1.9999999999999796E-002                  3.6039847585230817E-026                  0.0000000000000000E+000                  0.0000000000000000E+000 
                                      19                  9.9999991137413702E-001                  2.7482835363312780E-001                  3.6956322186660082E+000                 -6.5934319434799722E+000                  4.9053784152072479E+000                  6.9999999996314966E-001                  2.8000000003685060E-001                  1.9999999999999796E-002                  3.7429823315058876E-026                  0.0000000000000000E+000                  0.0000000000000000E+000 
                                      20                  9.9999991131163712E-001                  2.7482086068978723E-001                  3.7038651837238308E+000                 -6.5783481857078634E+000                  4.9288074753900668E+000                  6.9999999996314966E-001                  2.8000000003685055E-001                  1.9999999999999796E-002                  3.8753318801994157E-026                  0.0000000000000000E+000                  0.0000000000000000E+000 
                                      21                  9.9999991124913701E-001                  2.7481362315296110E-001                  3.7120408553697133E+000                 -6.5643881352284472E+000                  4.9510384772554055E+000                  6.9999999996314966E-001                  2.8000000003685055E-001                  1.9999999999999796E-002                  4.0019889314701590E-026                  0.0000000000000000E+000                  0.0000000000000000E+000 
                                      22                  9.9999991118663700E-001                  2.7480661421677754E-001                  3.7181004027466256E+000                 -6.5545512224788265E+000                  4.9669964179219912E+000                  6.9999999996235174E-001                  2.8000000003764841E-001                  1.9999999999999796E-002                  4.0937163466784530E-026                  0.0000000000000000E+000                  0.0000000000000000E+000 
                                      23                  9.9999991115538711E-001                  2.7480318811034771E-001                  3.7220961983306800E+000                 -6.5482616347623690E+000                  4.9773186451873146E+000                  6.9999999996235174E-001                  2.8000000003764841E-001                  1.9999999999999796E-002                  4.1534647587374898E-026                  0.0000000000000000E+000                  0.0000000000000000E+000 
                                      24                  9.9999991112413711E-001                  2.7479981118494728E-001                  3.7280239481439974E+000                 -6.5392014117422921E+000                  4.9923565266023804E+000                  6.9999999996235174E-001                  2.8000000003764841E-001                  1.9999999999999796E-002                  4.2410695643893370E-026                  0.0000000000000000E+000                  0.0000000000000000E+000 
                                      25                  9.9999991106163699E-001                  2.7479319654473411E-001                  3.7358210075053968E+000                 -6.5277822103095033E+000                  5.0116309655207179E+000                  6.9999999996235174E-001                  2.8000000003764841E-001                  1.9999999999999796E-002                  4.3541212470964183E-026                  0.0000000000000000E+000                  0.0000000000000000E+000 
                                      26                  9.9999991099913699E-001                  2.7478675327055557E-001                  3.7435395288497624E+000                 -6.5170952746837356E+000                  5.0300872850257656E+000                  6.9999999996235174E-001                  2.8000000003764841E-001                  1.9999999999999796E-002                  4.4626524541501994E-026                  0.0000000000000000E+000                  0.0000000000000000E+000 
                                      27                  9.9999991093663709E-001                  2.7478046633842740E-001                  3.7512635848490783E+000                 -6.5071603233262030E+000                  5.0477921357508890E+000                  6.9999999996235174E-001                  2.8000000003764841E-001                  1.9999999999999796E-002                  4.5659725468596323E-026                  0.0000000000000000E+000                  0.0000000000000000E+000 
                                      28                  9.9999991087413698E-001                  2.7477432133020502E-001                  3.7591047745082093E+000                 -6.4980321765705895E+000                  5.0648043415647388E+000                  6.9999999996235174E-001                  2.8000000003764841E-001                  1.9999999999999796E-002                  4.6630099902100784E-026                  0.0000000000000000E+000                  0.0000000000000000E+000 
                                      29                  9.9999991081163708E-001                  2.7476830387916362E-001                  3.7671643452781058E+000                 -6.4897617292205467E+000                  5.0811760792468865E+000                  6.9999999996235174E-001                  2.8000000003764841E-001                  1.9999999999999796E-002                  4.7527096141544131E-026                  0.0000000000000000E+000                  0.0000000000000000E+000 
                                      30                  9.9999991074913708E-001                  2.7476239969357513E-001                  3.7739295961205594E+000                 -6.4836984120436210E+000                  5.0940388448020313E+000                  6.9999999996235174E-001                  2.8000000003764841E-001                  1.9999999999999796E-002                  4.8195657990995051E-026                  0.0000000000000000E+000                  0.0000000000000000E+000 
                                      31                  9.9999991071007455E-001                  2.7475876061849619E-001                  3.7792126221150308E+000                 -6.4793662661132432E+000                  5.1036806911492256E+000                  6.9999999996235174E-001                  2.8000000003764841E-001                  1.9999999999999796E-002                  4.8679089161168231E-026                  0.0000000000000000E+000                  0.0000000000000000E+000 
                                      32                  9.9999991067101202E-001                  2.7475515757311236E-001                  3.7872226713805173E+000                 -6.4733442825235548E+000                  5.1177540637257257E+000                  6.9999999996235174E-001                  2.8000000003764841E-001                  1.9999999999999796E-002                  4.9359160012210263E-026                  0.0000000000000000E+000                  0.0000000000000000E+000 
                                      33                  9.9999991059288706E-001                  2.7474805045046397E-001                  3.7980452720397238E+000                 -6.4661437222196687E+000                  5.1358372395762801E+000                  6.9999999996235174E-001                  2.8000000003764841E-001                  1.9999999999999796E-002                  5.0184816030562784E-026                  0.0000000000000000E+000                  0.0000000000000000E+000 
                                      34                  9.9999991051476222E-001                  2.7474105985136987E-001                  3.8060681333923090E+000                 -6.4611305384134479E+000                  5.1489228647174485E+000                  6.9999999996235174E-001                  2.8000000003764841E-001                  1.9999999999999796E-002                  5.0767799048565716E-026                  0.0000000000000000E+000                  0.0000000000000000E+000 
                                      35                  9.9999991047569969E-001                  2.7473760454241503E-001                  3.8113219775393761E+000                 -6.4579102061848399E+000                  5.1574328481219647E+000                  6.9999999996235174E-001                  2.8000000003764841E-001                  1.9999999999999796E-002                  5.1145859945648509E-026                  0.0000000000000000E+000                  0.0000000000000000E+000 
                                      36                  9.9999991043663716E-001                  2.7473417467855954E-001                  3.8190321972134886E+000                 -6.4532185151532993E+000                  5.1698934904560225E+000                  6.9999999996235174E-001                  2.8000000003764841E-001                  1.9999999999999796E-002                  5.1701701440099280E-026                  0.0000000000000000E+000                  0.0000000000000000E+000 
                                      37                  9.9999991035851210E-001                  2.7472738841832028E-001                  3.8288638821589127E+000                 -6.4470606941637030E+000                  5.1859713109987302E+000                  6.9999999996235174E-001                  2.8000000003764841E-001                  1.9999999999999796E-002                  5.2440420866285559E-026                  0.0000000000000000E+000                  0.0000000000000000E+000 
                                      38                  9.9999991028038715E-001                  2.7472069738942989E-001                  3.8381671179063770E+000                 -6.4409607574517986E+000                  5.2014760478131929E+000                  6.9999999996235174E-001                  2.8000000003764841E-001                  1.9999999999999796E-002                  5.3182605311460566E-026                  0.0000000000000000E+000                  0.0000000000000000E+000 
                                      39                  9.9999991020226220E-001                  2.7471409938045571E-001                  3.8447600017332548E+000                 -6.4363622419169868E+000                  5.2127524959203537E+000                  6.9999999996235174E-001                  2.8000000003764841E-001                  1.9999999999999796E-002                  5.3749048644009030E-026                  0.0000000000000000E+000                  0.0000000000000000E+000 
                                      40                  9.9999991016319967E-001                  2.7471083501191107E-001                  3.8490124367991001E+000                 -6.4333179466635766E+000                  5.2201109011723883E+000                  6.9999999996235174E-001                  2.8000000003764841E-001                  1.9999999999999796E-002                  5.4127359806678540E-026                  0.0000000000000000E+000                  0.0000000000000000E+000 
                                      41                  9.9999991012413714E-001                  2.7470759337291512E-001                  3.8551818574607144E+000                 -6.4287784278338176E+000                  5.2309202132138592E+000                  6.9999999996235174E-001                  2.8000000003764841E-001                  1.9999999999999796E-002                  5.4696433492852192E-026                  0.0000000000000000E+000                  0.0000000000000000E+000 
                                      42                  9.9999991004601230E-001                  2.7470117729526294E-001                  3.8629250936875930E+000                 -6.4226611942594687E+000                  5.2449272626328156E+000                  6.9999999996235174E-001                  2.8000000003764841E-001                  1.9999999999999796E-002                  5.5472767122836817E-026                  0.0000000000000000E+000                  0.0000000000000000E+000 
                                      43                  9.9999990996788735E-001                  2.7469485067902133E-001                  3.8701929219369768E+000                 -6.4165207269581988E+000                  5.2584974087971714E+000                  6.9999999996235174E-001                  2.8000000003764841E-001                  1.9999999999999796E-002                  5.6263134549596912E-026                  0.0000000000000000E+000                  0.0000000000000000E+000 
                                      44                  9.9999990988976228E-001                  2.7468861261436789E-001                  3.8770141131010130E+000                 -6.4103590157559118E+000                  5.2716570974063224E+000                  6.9999999996235174E-001                  2.8000000003764841E-001                  1.9999999999999796E-002                  5.7067559473265771E-026                  0.0000000000000000E+000                  0.0000000000000000E+000 
                                      45                  9.9999990981163733E-001                  2.7468246216648079E-001                  3.8834186468118861E+000                 -6.4041810739692542E+000                  5.2844304428914777E+000                  6.9999999996235174E-001                  2.8000000003764841E-001                  1.9999999999999796E-002                  5.7885653733049248E-026                  0.0000000000000000E+000                  0.0000000000000000E+000 
                                      46                  9.9999990973351238E-001                  2.7467639833500518E-001                  3.8894365581519090E+000                 -6.3979940269906734E+000                  5.2968394946395616E+000                  6.9999999996235174E-001                  2.8000000003764841E-001                  1.9999999999999796E-002                  5.8716711116015069E-026                  0.0000000000000000E+000                  0.0000000000000000E+000 
                                      47                  9.9999990965538754E-001                  2.7467042002902892E-001                  3.8950970515723200E+000                 -6.3918059868083237E+000                  5.3089044662705840E+000                  6.9999999996235174E-001                  2.8000000003764841E-001                  1.9999999999999796E-002                  5.9559839813768459E-026                  0.0000000000000000E+000                  0.0000000000000000E+000 
                                      48                  9.9999990957726259E-001                  2.7466452605921399E-001                  3.9004278893999289E+000                 -6.3856250102744934E+000                  5.3206439339542797E+000                  6.9999999996235174E-001                  2.8000000003764841E-001                  1.9999999999999796E-002                  6.0414095703295801E-026                  0.0000000000000000E+000                  0.0000000000000000E+000 
                                      49                  9.9999990949913764E-001                  2.7465871514467866E-001                  3.9079463566209967E+000                 -6.3764726890623189E+000                  5.3376796616054403E+000                  6.9999999996235174E-001                  2.8000000003764841E-001                  1.9999999999999796E-002                  6.1701574893686652E-026                  0.0000000000000000E+000                  0.0000000000000000E+000 
                                      50                  9.9999990934288752E-001                  2.7464733499565869E-001                  3.9146985407651989E+000                 -6.3672054106904366E+000                  5.3540739754730717E+000                  6.9999999996235174E-001                  2.8000000003764841E-001                  1.9999999999999796E-002                  6.3033193100371681E-026                  0.0000000000000000E+000                  0.0000000000000000E+000 
                                      51                  9.9999990926476268E-001                  2.7464176472753216E-001                  3.9189515351324395E+000                 -6.3611243444383954E+000                  5.3646700279005382E+000                  6.9999999996235174E-001                  2.8000000003764841E-001                  1.9999999999999796E-002                  6.3922566041306425E-026                  0.0000000000000000E+000                  0.0000000000000000E+000 
                                      52                  9.9999990918663773E-001                  2.7463627170185051E-001                  3.9229860870444275E+000                 -6.3550827512687720E+000                  5.3750142171077089E+000                  6.9999999996235174E-001                  2.8000000003764841E-001                  1.9999999999999796E-002                  6.4818596272753352E-026                  0.0000000000000000E+000                  0.0000000000000000E+000 
                                      53                  9.9999990910851277E-001                  2.7463085435800338E-001                  3.9268191517330053E+000                 -6.3490850608891618E+000                  5.3851182438779839E+000                  6.9999999996235174E-001                  2.8000000003764841E-001                  1.9999999999999796E-002                  6.5720542286202702E-026                  0.0000000000000000E+000                  0.0000000000000000E+000 
                                      54                  9.9999990903038793E-001                  2.7462551111590539E-001                  3.9322781531051541E+000                 -6.3402379919183769E+000                  5.3998474548189499E+000                  6.9999999996235174E-001                  2.8000000003764841E-001                  1.9999999999999796E-002                  6.7073952577687847E-026                  0.0000000000000000E+000                  0.0000000000000000E+000 
                                      55                  9.9999990887413781E-001                  2.7461503955311534E-001                  3.9389094204610631E+000                 -6.3285441267867881E+000                  5.4187419296561572E+000                  6.9999999996235174E-001                  2.8000000003764841E-001                  1.9999999999999796E-002                  6.8905736215519226E-026                  0.0000000000000000E+000                  0.0000000000000000E+000 
                                      56                  9.9999990871788780E-001                  2.7460484545910313E-001                  3.9434638353632145E+000                 -6.3198751917213940E+000                  5.4323934257893765E+000                  6.9999999996235174E-001                  2.8000000003764841E-001                  1.9999999999999796E-002                  7.0295904231723412E-026                  0.0000000000000000E+000                  0.0000000000000000E+000 
                                      57                  9.9999990863976285E-001                  2.7459984888319100E-001                  3.9463674323658542E+000                 -6.3142003852800350E+000                  5.4412621106059147E+000                  6.9999999996235174E-001                  2.8000000003764841E-001                  1.9999999999999796E-002                  7.1221086774755290E-026                  0.0000000000000000E+000                  0.0000000000000000E+000 
                                      58                  9.9999990856163801E-001                  2.7459491700233918E-001                  3.9505382822501041E+000                 -6.3058399406861261E+000                  5.4542351207976765E+000                  6.9999999996235174E-001                  2.8000000003764841E-001                  1.9999999999999796E-002                  7.2606355400352607E-026                  0.0000000000000000E+000                  0.0000000000000000E+000 
                                      59                  9.9999990840538799E-001                  2.7458524082009916E-001                  3.9569568073501493E+000                 -6.2921983093278477E+000                  5.4750329235666868E+000                  6.9999999996235174E-001                  2.8000000003764841E-001                  1.9999999999999796E-002                  7.4924786701190300E-026                  0.0000000000000000E+000                  0.0000000000000000E+000 
                                      60                  9.9999990817101292E-001                  2.7457117421546984E-001                  3.9638547354637783E+000                 -6.2762564010040460E+000                  5.4987459563254264E+000                  6.9999999996235174E-001                  2.8000000003764841E-001                  1.9999999999999796E-002                  7.7728164748120670E-026                  0.0000000000000000E+000                  0.0000000000000000E+000 
                                      61                  9.9999990793663807E-001                  2.7455761330608647E-001                  3.9690461479655785E+000                 -6.2633424443496608E+000                  5.5175656988738462E+000                  6.9999999996235174E-001                  2.8000000003764841E-001                  1.9999999999999796E-002                  8.0075824811789735E-026                  0.0000000000000000E+000                  0.0000000000000000E+000 
                                      62                  9.9999990778038805E-001                  2.7454883689203002E-001                  3.9729357075682246E+000                 -6.2533111830122676E+000                  5.5320566620094098E+000                  6.9999999996235174E-001                  2.8000000003764841E-001                  1.9999999999999796E-002                  8.1948272885619187E-026                  0.0000000000000000E+000                  0.0000000000000000E+000 
                                      63                  9.9999990762413804E-001                  2.7454026035687079E-001                  3.9765943163234136E+000                 -6.2435092484283325E+000                  5.5460807716522780E+000                  6.9999999996235174E-001                  2.8000000003764841E-001                  1.9999999999999796E-002                  8.3820216608889806E-026                  0.0000000000000000E+000                  0.0000000000000000E+000 
                                      64                  9.9999990746788814E-001                  2.7453187473295293E-001                  3.9817612355143930E+000                 -6.2292972635855195E+000                  5.5663042537564857E+000                  6.9999999996235174E-001                  2.8000000003764841E-001                  1.9999999999999796E-002                  8.6610612703373573E-026                  0.0000000000000000E+000                  0.0000000000000000E+000 
                                      65                  9.9999990715538800E-001                  2.7451564204952189E-001                  3.9864125978552840E+000                 -6.2154243709294379E+000                  5.5856305825713983E+000                  6.9999999996235174E-001                  2.8000000003764841E-001                  1.9999999999999796E-002                  8.9424036006776084E-026                  0.0000000000000000E+000                  0.0000000000000000E+000 
                                      66                  9.9999990699913799E-001                  2.7450778022089539E-001                  3.9893543028592107E+000                 -6.2064748318411800E+000                  5.5980538485073055E+000                  6.9999999996235174E-001                  2.8000000003764841E-001                  1.9999999999999796E-002                  9.1287331941587895E-026                  0.0000000000000000E+000                  0.0000000000000000E+000 
                                      67                  9.9999990684288809E-001                  2.7450007832969459E-001                  3.9921559524695138E+000                 -6.1977214390151492E+000                  5.6101324448719145E+000                  6.9999999996235174E-001                  2.8000000003764841E-001                  1.9999999999999796E-002                  9.3147356543689608E-026                  0.0000000000000000E+000                  0.0000000000000000E+000 
                                      68                  9.9999990668663807E-001                  2.7449252972188248E-001                  3.9961601294858200E+000                 -6.1849934145458496E+000                  5.6276441069856924E+000                  6.9999999996235174E-001                  2.8000000003764841E-001                  1.9999999999999796E-002                  9.5919811056418222E-026                  0.0000000000000000E+000                  0.0000000000000000E+000 
                                      69                  9.9999990637413816E-001                  2.7447786742024782E-001                  4.0010554296666552E+000                 -6.1685800332263430E+000                  5.6499489010219435E+000                  6.9999999996235174E-001                  2.8000000003764841E-001                  1.9999999999999796E-002                  9.9617235961447007E-026                  0.0000000000000000E+000                  0.0000000000000000E+000 
                                      70                  9.9999990606163802E-001                  2.7446374750982411E-001                  4.0044423444829853E+000                 -6.1566739522726452E+000                  5.6659585524820306E+000                  6.9999999996235174E-001                  2.8000000003764841E-001                  1.9999999999999796E-002                  1.0238822123024626E-025                  0.0000000000000000E+000                  0.0000000000000000E+000 
                                      71                  9.9999990590538801E-001                  2.7445687797468682E-001                  4.0066114611861545E+000                 -6.1489611348463473E+000                  5.6763135517790539E+000                  6.9999999996235174E-001                  2.8000000003764841E-001                  1.9999999999999796E-002                  1.0422430144685560E-025                  0.0000000000000000E+000                  0.0000000000000000E+000 
                                      72                  9.9999990574913811E-001                  2.7445012904412697E-001                  4.0097416097238057E+000                 -6.1377088022121038E+000                  5.6913982605751396E+000                  6.9999999996235174E-001                  2.8000000003764841E-001                  1.9999999999999796E-002                  1.0696222686327846E-025                  0.0000000000000000E+000                  0.0000000000000000E+000 
                                      73                  9.9999990543663808E-001                  2.7443697550938589E-001                  4.0136321351890416E+000                 -6.1231649651178213E+000                  5.7107315282672637E+000                  6.9999999996235174E-001                  2.8000000003764841E-001                  1.9999999999999796E-002                  1.1060791937910075E-025                  0.0000000000000000E+000                  0.0000000000000000E+000 
                                      74                  9.9999990512413817E-001                  2.7442425403489007E-001                  4.0172702365763442E+000                 -6.1091608316696036E+000                  5.7292428254040706E+000                  6.9999999996235174E-001                  2.8000000003764841E-001                  1.9999999999999796E-002                  1.1423575379045977E-025                  0.0000000000000000E+000                  0.0000000000000000E+000 
                                      75                  9.9999990481163803E-001                  2.7441193516470291E-001                  4.0206855516085565E+000                 -6.0956603804802079E+000                  5.7469992248259354E+000                  6.9999999996235174E-001                  2.8000000003764841E-001                  1.9999999999999796E-002                  1.1784575844995388E-025                  0.0000000000000000E+000                  0.0000000000000000E+000 
                                      76                  9.9999990449913811E-001                  2.7439999234653839E-001                  4.0239029283219185E+000                 -6.0826306715656280E+000                  5.7640599095980525E+000                  6.9999999996235174E-001                  2.8000000003764841E-001                  1.9999999999999796E-002                  1.2143807849465728E-025                  0.0000000000000000E+000                  0.0000000000000000E+000 
                                      77                  9.9999990418663809E-001                  2.7438840157324196E-001                  4.0269433810086275E+000                 -6.0700415725167938E+000                  5.7804773639714417E+000                  6.9999999996235174E-001                  2.8000000003764841E-001                  1.9999999999999796E-002                  1.2501294549350573E-025                  0.0000000000000000E+000                  0.0000000000000000E+000 
                                      78                  9.9999990387413806E-001                  2.7437714107545907E-001                  4.0298248229138620E+000                 -6.0578655391424530E+000                  5.7962983477627059E+000                  6.9999999996235174E-001                  2.8000000003764841E-001                  1.9999999999999796E-002                  1.2857064235321848E-025                  0.0000000000000000E+000                  0.0000000000000000E+000 
                                      79                  9.9999990356163804E-001                  2.7436619105648175E-001                  4.0325626370263548E+000                 -6.0460773714763674E+000                  5.8115646997637764E+000                  6.9999999996235174E-001                  2.8000000003764841E-001                  1.9999999999999796E-002                  1.3211148481438594E-025                  0.0000000000000000E+000                  0.0000000000000000E+000 
                                      80                  9.9999990324913812E-001                  2.7435553346386371E-001                  4.0351701235408628E+000                 -6.0346539839061215E+000                  5.8263140049648712E+000                  6.9999999996235174E-001                  2.8000000003764841E-001                  1.9999999999999796E-002                  1.3563580912318607E-025                  0.0000000000000000E+000                  0.0000000000000000E+000 
                                      81                  9.9999990293663821E-001                  2.7434515179226104E-001                  4.0376588539315401E+000                 -6.0235741963427536E+000                  5.8405801523877692E+000                  6.9999999996235174E-001                  2.8000000003764841E-001                  1.9999999999999796E-002                  1.3914396305728682E-025                  0.0000000000000000E+000                  0.0000000000000000E+000 
                                      82                  9.9999990262413807E-001                  2.7433503091278588E-001                  4.0400389538070351E+000                 -6.0128185459413217E+000                  5.8543938043695558E+000                  6.9999999996235174E-001                  2.8000000003764841E-001                  1.9999999999999796E-002                  1.4263629942395671E-025                  0.0000000000000000E+000                  0.0000000000000000E+000 
                                      83                  9.9999990231163816E-001                  2.7432515692478598E-001                  4.0434550618307377E+000                 -5.9972986649257978E+000                  5.8743256138348494E+000                  6.9999999996235174E-001                  2.8000000003764841E-001                  1.9999999999999796E-002                  1.4783070753296773E-025                  0.0000000000000000E+000                  0.0000000000000000E+000 
                                      84                  9.9999990168663810E-001                  2.7430610029462937E-001                  4.0476623948173849E+000                 -5.9775224880161977E+000                  5.8995579041856052E+000                  6.9999999996235174E-001                  2.8000000003764841E-001                  1.9999999999999796E-002                  1.5472481052947003E-025                  0.0000000000000000E+000                  0.0000000000000000E+000 
                                      85                  9.9999990106163816E-001                  2.7428788962861483E-001                  4.0505936373906097E+000                 -5.9633280675736140E+000                  5.9175673307494305E+000                  6.9999999996235174E-001                  2.8000000003764841E-001                  1.9999999999999796E-002                  1.5987051600277874E-025                  0.0000000000000000E+000                  0.0000000000000000E+000 
                                      86                  9.9999990074913803E-001                  2.7427907625969378E-001                  4.0528335544192648E+000                 -5.9524879878360037E+000                  5.9313365415641055E+000                  6.9999999996235174E-001                  2.8000000003764841E-001                  1.9999999999999796E-002                  1.6391522682485397E-025                  0.0000000000000000E+000                  0.0000000000000000E+000 
                                      87                  9.9999990031823982E-001                  2.7426722245805146E-001                  4.0559294979984184E+000                 -5.9373405375902184E+000                  5.9505472129399068E+000                  6.9999999996235174E-001                  2.8000000003764841E-001                  1.9999999999999796E-002                  1.6973919033200849E-025                  0.0000000000000000E+000                  0.0000000000000000E+000 
                                      88                  9.9999989967189240E-001                  2.7425004950413556E-001                  4.0594075324073691E+000                 -5.9199320897376806E+000                  5.9725350371428947E+000                  6.9999999996235174E-001                  2.8000000003764841E-001                  1.9999999999999796E-002                  1.7668861932299680E-025                  0.0000000000000000E+000                  0.0000000000000000E+000 
                                      89                  9.9999989902554487E-001                  2.7423354938552091E-001                  4.0621318148376915E+000                 -5.9060175018117507E+000                  5.9900469703829069E+000                  6.9999999996235174E-001                  2.8000000003764841E-001                  1.9999999999999796E-002                  1.8244745670810170E-025                  0.0000000000000000E+000                  0.0000000000000000E+000 
                                      90                  9.9999989859464655E-001                  2.7422289515839038E-001                  4.0642251761811004E+000                 -5.8952715663263744E+000                  6.0035665389127555E+000                  6.9999999996235174E-001                  2.8000000003764841E-001                  1.9999999999999796E-002                  1.8702308736686179E-025                  0.0000000000000000E+000                  0.0000000000000000E+000 
                                      91                  9.9999989816374835E-001                  2.7421250056300983E-001                  4.0672441305478353E+000                 -5.8797647124346799E+000                  6.0230899257027852E+000                  6.9999999996235174E-001                  2.8000000003764841E-001                  1.9999999999999796E-002                  1.9382905620753549E-025                  0.0000000000000000E+000                  0.0000000000000000E+000 
                                      92                  9.9999989730195171E-001                  2.7419243846188007E-001                  4.0700588887571687E+000                 -5.8648240223138703E+000                  6.0417766601026832E+000                  6.9999999996235174E-001                  2.8000000003764841E-001                  1.9999999999999796E-002                  2.0062084066069228E-025                  0.0000000000000000E+000                  0.0000000000000000E+000 
                                      93                  9.9999989687105351E-001                  2.7418274563709766E-001                  4.0718702134566653E+000                 -5.8552168417696047E+000                  6.0538032878459909E+000                  6.9999999996235174E-001                  2.8000000003764841E-001                  1.9999999999999796E-002                  2.0511336947479589E-025                  0.0000000000000000E+000                  0.0000000000000000E+000 
                                      94                  9.9999989644015519E-001                  2.7417326424858157E-001                  4.0744959791432267E+000                 -5.8412971740457120E+000                  6.0712424201404218E+000                  6.9999999996235174E-001                  2.8000000003764841E-001                  1.9999999999999796E-002                  2.1180168522718987E-025                  0.0000000000000000E+000                  0.0000000000000000E+000 
                                      95                  9.9999989557835856E-001                  2.7415489784842256E-001                  4.0777859716693605E+000                 -5.8234961537039585E+000                  6.0934596902112865E+000                  6.9999999996235174E-001                  2.8000000003764841E-001                  1.9999999999999796E-002                  2.2067390100233793E-025                  0.0000000000000000E+000                  0.0000000000000000E+000 
                                      96                  9.9999989471656203E-001                  2.7413726684547113E-001                  4.0801132102616267E+000                 -5.8106741284648731E+000                  6.1094097301542636E+000                  6.9999999996235174E-001                  2.8000000003764841E-001                  1.9999999999999796E-002                  2.2729404262235264E-025                  0.0000000000000000E+000                  0.0000000000000000E+000 
                                      97                  9.9999989428566383E-001                  2.7412870703234277E-001                  4.0816198741540513E+000                 -5.8023874408131633E+000                  6.1197274814076676E+000                  6.9999999996235174E-001                  2.8000000003764841E-001                  1.9999999999999796E-002                  2.3167788948374031E-025                  0.0000000000000000E+000                  0.0000000000000000E+000 
                                      98                  9.9999989385476562E-001                  2.7412030850706876E-001                  4.0838164063042113E+000                 -5.7903245304082827E+000                  6.1347597126933717E+000                  6.9999999996235174E-001                  2.8000000003764841E-001                  1.9999999999999796E-002                  2.3821110336299078E-025                  0.0000000000000000E+000                  0.0000000000000000E+000 
                                      99                  9.9999989299296899E-001                  2.7410397019361554E-001                  4.0865960581411365E+000                 -5.7748160224142104E+000                  6.1540288777783863E+000                  6.9999999996235174E-001                  2.8000000003764841E-001                  1.9999999999999796E-002                  2.4688201188393706E-025                  0.0000000000000000E+000                  0.0000000000000000E+000 
                                     100                  9.9999989213117246E-001                  2.7408820327326572E-001                  4.0898974002324682E+000                 -5.7563519087991999E+000                  6.1769752130561928E+000                  6.9999999996235174E-001                  2.8000000003764841E-001                  1.9999999999999796E-002                  2.5761820513243749E-025                  0.0000000000000000E+000                  0.0000000000000000E+000 
                                     101                  9.9999989083847751E-001                  2.7406553430926761E-001                  4.0935900482104586E+000                 -5.7353419772545653E+000                  6.2030057035761450E+000                  6.9999999996235174E-001                  2.8000000003764841E-001                  1.9999999999999796E-002                  2.7040407606284068E-025                  0.0000000000000000E+000                  0.0000000000000000E+000 
                                     102                  9.9999988954578267E-001                  2.7404393259847992E-001                  4.0970458824165332E+000                 -5.7154894407247410E+000                  6.2275685786218631E+000                  6.9999999996235174E-001                  2.8000000003764841E-001                  1.9999999999999796E-002                  2.8306856478130891E-025                  0.0000000000000000E+000                  0.0000000000000000E+000 
                                     103                  9.9999988825308794E-001                  2.7402329310796447E-001                  4.0997540686227252E+000                 -5.6997223715937180E+000                  6.2470306727833114E+000                  6.9999999996235174E-001                  2.8000000003764841E-001                  1.9999999999999796E-002                  2.9354837488320645E-025                  0.0000000000000000E+000                  0.0000000000000000E+000 
                                     104                  9.9999988739129131E-001                  2.7401002247891065E-001                  4.1022622507605213E+000                 -5.6851778486727369E+000                  6.2650096263073891E+000                  6.9999999996235174E-001                  2.8000000003764841E-001                  1.9999999999999796E-002                  3.0355953710612714E-025                  0.0000000000000000E+000                  0.0000000000000000E+000 
                                     105                  9.9999988617539326E-001                  2.7399191381234572E-001                  4.1045556759703423E+000                 -5.6716761752813509E+000                  6.2816504419213812E+000                  6.9999999996235174E-001                  2.8000000003764841E-001                  1.9999999999999796E-002                  3.1315843667244727E-025                  0.0000000000000000E+000                  0.0000000000000000E+000 
                                     106                  9.9999988539039353E-001                  2.7398057933921766E-001                  4.1071640402448644E+000                 -5.6564571692859147E+000                  6.3004546883917598E+000                  6.9999999996235174E-001                  2.8000000003764841E-001                  1.9999999999999796E-002                  3.2434289479311709E-025                  0.0000000000000000E+000                  0.0000000000000000E+000 
                                     107                  9.9999988382039395E-001                  2.7395868851243715E-001                  4.1104351060101338E+000                 -5.6370784769465230E+000                  6.3243285366806754E+000                  6.9999999996235174E-001                  2.8000000003764841E-001                  1.9999999999999796E-002                  3.3916474086872015E-025                  0.0000000000000000E+000                  0.0000000000000000E+000 
                                     108                  9.9999988225039416E-001                  2.7393774990878306E-001                  4.1127510023633826E+000                 -5.6231752721665469E+000                  6.3414135257348478E+000                  6.9999999996235174E-001                  2.8000000003764841E-001                  1.9999999999999796E-002                  3.5021447576818596E-025                  0.0000000000000000E+000                  0.0000000000000000E+000 
                                     109                  9.9999988146539442E-001                  2.7392760936755955E-001                  4.1142509853054854E+000                 -5.6142128203768813E+000                  6.3524422050455120E+000                  6.9999999996235174E-001                  2.8000000003764841E-001                  1.9999999999999796E-002                  3.5752772958685116E-025                  0.0000000000000000E+000                  0.0000000000000000E+000 
                                     110                  9.9999988068039469E-001                  2.7391767526143818E-001                  4.1164387214133127E+000                 -5.6011974378034131E+000                  6.3684786804694795E+000                  6.9999999996235174E-001                  2.8000000003764841E-001                  1.9999999999999796E-002                  3.6842110684044450E-025                  0.0000000000000000E+000                  0.0000000000000000E+000 
                                     111                  9.9999987911039501E-001                  2.7389839170051006E-001                  4.1192095676249307E+000                 -5.5845178648131402E+000                  6.3889826943433032E+000                  6.9999999996235174E-001                  2.8000000003764841E-001                  1.9999999999999796E-002                  3.8286824417484490E-025                  0.0000000000000000E+000                  0.0000000000000000E+000 
                                     112                  9.9999987754039532E-001                  2.7387983227940049E-001                  4.1218464567855291E+000                 -5.5685790580595897E+000                  6.4085654269511814E+000                  6.9999999996235174E-001                  2.8000000003764841E-001                  1.9999999999999796E-002                  3.9720321314380184E-025                  0.0000000000000000E+000                  0.0000000000000000E+000 
                                     113                  9.9999987597039564E-001                  2.7386193939741021E-001                  4.1249885219230116E+000                 -5.5496304232020446E+000                  6.4318676365195753E+000                  6.9999999996235174E-001                  2.8000000003764841E-001                  1.9999999999999796E-002                  4.1494565169153078E-025                  0.0000000000000000E+000                  0.0000000000000000E+000 
                                     114                  9.9999987361539633E-001                  2.7383624204935159E-001                  4.1285184286014749E+000                 -5.5281077517443444E+000                  6.4582801034214743E+000                  6.9999999996235174E-001                  2.8000000003764841E-001                  1.9999999999999796E-002                  4.3606231779834501E-025                  0.0000000000000000E+000                  0.0000000000000000E+000 
                                     115                  9.9999987126039680E-001                  2.7381178292696279E-001                  4.1312840612770527E+000                 -5.5110871981472140E+000                  6.4791307354770575E+000                  6.9999999996235174E-001                  2.8000000003764841E-001                  1.9999999999999796E-002                  4.5352072233154867E-025                  0.0000000000000000E+000                  0.0000000000000000E+000 
                                     116                  9.9999986969039723E-001                  2.7379610136679283E-001                  4.1334097293581289E+000                 -5.4980466280236087E+000                  6.4951214706438831E+000                  6.9999999996235174E-001                  2.8000000003764841E-001                  1.9999999999999796E-002                  4.6736861535769886E-025                  0.0000000000000000E+000                  0.0000000000000000E+000 
                                     117                  9.9999986812039754E-001                  2.7378088205374751E-001                  4.1354564414522086E+000                 -5.4854640866636082E+000                  6.5105463998824691E+000                  6.9999999996235174E-001                  2.8000000003764841E-001                  1.9999999999999796E-002                  4.8113114138568852E-025                  0.0000000000000000E+000                  0.0000000000000000E+000 
                                     118                  9.9999986655039785E-001                  2.7376609582171818E-001                  4.1374299698860773E+000                 -5.4733086449287667E+000                  6.5254442118150360E+000                  6.9999999996235174E-001                  2.8000000003764841E-001                  1.9999999999999796E-002                  4.9481158180375407E-025                  0.0000000000000000E+000                  0.0000000000000000E+000 
                                     119                  9.9999986498039817E-001                  2.7375171625421268E-001                  4.1398105377762970E+000                 -5.4586892046107343E+000                  6.5433777014279340E+000                  6.9999999996235174E-001                  2.8000000003764841E-001                  1.9999999999999796E-002                  5.1178184456814465E-025                  0.0000000000000000E+000                  0.0000000000000000E+000 
                                     120                  9.9999986262539864E-001                  2.7373085835816224E-001                  4.1425365134711205E+000                 -5.4418327867472644E+000                  6.5640270586688869E+000                  6.9999999996235174E-001                  2.8000000003764841E-001                  1.9999999999999796E-002                  5.3207311684836247E-025                  0.0000000000000000E+000                  0.0000000000000000E+000 
                                     121                  9.9999986025651311E-001                  2.7371067334874782E-001                  4.1447115773693950E+000                 -5.4282998089445655E+000                  6.5805847864582372E+000                  6.9999999996235174E-001                  2.8000000003764841E-001                  1.9999999999999796E-002                  5.4894497898703701E-025                  0.0000000000000000E+000                  0.0000000000000000E+000 
                                     122                  9.9999985867262697E-001                  2.7369758979657172E-001                  4.1464009223210558E+000                 -5.4178229747158406E+000                  6.5934146476400270E+000                  6.9999999996235174E-001                  2.8000000003764841E-001                  1.9999999999999796E-002                  5.6237356249218257E-025                  0.0000000000000000E+000                  0.0000000000000000E+000 
                                     123                  9.9999985708874095E-001                  2.7368481695218810E-001                  4.1488580465950928E+000                 -5.4026912286746596E+000                  6.6119777499363837E+000                  6.9999999996235174E-001                  2.8000000003764841E-001                  1.9999999999999796E-002                  5.8235102445678850E-025                  0.0000000000000000E+000                  0.0000000000000000E+000 
                                     124                  9.9999985392096924E-001                  2.7366014281126794E-001                  4.1519554081129657E+000                 -5.3834265469559179E+000                  6.6355605168656870E+000                  6.9999999996235174E-001                  2.8000000003764841E-001                  1.9999999999999796E-002                  6.0881611125005230E-025                  0.0000000000000000E+000                  0.0000000000000000E+000 
                                     125                  9.9999985075319731E-001                  2.7363653532305227E-001                  4.1548904868629366E+000                 -5.3651478804050816E+000                  6.6579331360155924E+000                  6.9999999996235174E-001                  2.8000000003764841E-001                  1.9999999999999796E-002                  6.3503883844911958E-025                  0.0000000000000000E+000                  0.0000000000000000E+000 
                                     126                  9.9999984758542537E-001                  2.7361389719649681E-001                  4.1583743694902804E+000                 -5.3435772864901843E+000                  6.6843749426334833E+000                  6.9999999996235174E-001                  2.8000000003764841E-001                  1.9999999999999796E-002                  6.6744227590367651E-025                  0.0000000000000000E+000                  0.0000000000000000E+000 
                                     127                  9.9999984283376753E-001                  2.7358157926305354E-001                  4.1616226124729812E+000                 -5.3231729564052346E+000                  6.7093060396126223E+000                  6.9999999996235174E-001                  2.8000000003764841E-001                  1.9999999999999796E-002                  6.9961567341671774E-025                  0.0000000000000000E+000                  0.0000000000000000E+000 
                                     128                  9.9999983966599559E-001                  2.7356101906419583E-001                  4.1634860031325429E+000                 -5.3114689012901550E+000                  6.7236080902407700E+000                  6.9999999996235174E-001                  2.8000000003764841E-001                  1.9999999999999796E-002                  7.1876648732559373E-025                  0.0000000000000000E+000                  0.0000000000000000E+000 
                                     129                  9.9999983808210968E-001                  2.7355101125279657E-001                  4.1653122501228275E+000                 -5.3001372139364555E+000                  6.7374955604490845E+000                  6.9999999996235174E-001                  2.8000000003764841E-001                  1.9999999999999796E-002                  7.3780786135669270E-025                  0.0000000000000000E+000                  0.0000000000000000E+000 
                                     130                  9.9999983490032951E-001                  2.7353142289343158E-001                  4.1682426809711117E+000                 -5.2819435225377145E+000                  6.7597908536562059E+000                  6.9999999996235174E-001                  2.8000000003764841E-001                  1.9999999999999796E-002                  7.6944180597801416E-025                  0.0000000000000000E+000                  0.0000000000000000E+000 
                                     131                  9.9999983010664728E-001                  2.7350311710203340E-001                  4.1715624301985734E+000                 -5.2612071852563025E+000                  6.7851666766025414E+000                  6.9999999996235174E-001                  2.8000000003764841E-001                  1.9999999999999796E-002                  8.0715573078799062E-025                  0.0000000000000000E+000                  0.0000000000000000E+000 
                                     132                  9.9999982531296505E-001                  2.7347612591963616E-001                  4.1752208507527202E+000                 -5.2384772824548103E+000                  6.8130181762667048E+000                  6.9999999996235174E-001                  2.8000000003764841E-001                  1.9999999999999796E-002                  8.5062479238606864E-025                  0.0000000000000000E+000                  0.0000000000000000E+000 
                                     133                  9.9999981892138878E-001                  2.7344196555712791E-001                  4.1781488941040719E+000                 -5.2200230169452002E+000                  6.8355538498468693E+000                  6.9999999996235174E-001                  2.8000000003764841E-001                  1.9999999999999796E-002                  8.8763520101084992E-025                  0.0000000000000000E+000                  0.0000000000000000E+000 
                                     134                  9.9999981572560070E-001                  2.7342559309443210E-001                  4.1805052101650277E+000                 -5.2053939299336385E+000                  6.8534822135085118E+000                  6.9999999996235174E-001                  2.8000000003764841E-001                  1.9999999999999796E-002                  9.1811630389642148E-025                  0.0000000000000000E+000                  0.0000000000000000E+000 
                                     135                  9.9999981093191848E-001                  2.7340184458465105E-001                  4.1827659580216432E+000                 -5.1912398579673997E+000                  6.8707932493177255E+000                  6.9999999996235174E-001                  2.8000000003764841E-001                  1.9999999999999796E-002                  9.4860476386499543E-025                  0.0000000000000000E+000                  0.0000000000000000E+000 
                                     136                  9.9999980769361330E-001                  2.7338631393117746E-001                  4.1845325093644661E+000                 -5.1802351314218926E+000                  6.8842682327438727E+000                  6.9999999996235174E-001                  2.8000000003764841E-001                  1.9999999999999796E-002                  9.7300813253141440E-025                  0.0000000000000000E+000                  0.0000000000000000E+000 
                                     137                  9.9999980445530823E-001                  2.7337117026545299E-001                  4.1866745113730142E+000                 -5.1669557883544677E+000                  6.9005467216216250E+000                  6.9999999996235174E-001                  2.8000000003764841E-001                  1.9999999999999796E-002                  1.0032938770633130E-024                  0.0000000000000000E+000                  0.0000000000000000E+000 
                                     138                  9.9999979959785046E-001                  2.7334913599390798E-001                  4.1891375113728024E+000                 -5.1516344787598705E+000                  6.9193119244044849E+000                  6.9999999996235174E-001                  2.8000000003764841E-001                  1.9999999999999796E-002                  1.0394112238575721E-024                  0.0000000000000000E+000                  0.0000000000000000E+000 
                                     139                  9.9999979474039269E-001                  2.7332786232726342E-001                  4.1918936217580018E+000                 -5.1345738502922940E+000                  6.9402306386198731E+000                  6.9999999996235174E-001                  2.8000000003764841E-001                  1.9999999999999796E-002                  1.0811626818131598E-024                  0.0000000000000000E+000                  0.0000000000000000E+000 
                                     140                  9.9999978826378266E-001                  2.7330058553581760E-001                  4.1948843090238785E+000                 -5.1160142160356141E+000                  6.9629710769437283E+000                  6.9999999996235174E-001                  2.8000000003764841E-001                  1.9999999999999796E-002                  1.1284918516562147E-024                  0.0000000000000000E+000                  0.0000000000000000E+000 
                                     141                  9.9999978178717264E-001                  2.7327444504275772E-001                  4.1977305561286142E+000                 -5.0983787582634905E+000                  6.9845848738899088E+000                  6.9999999996235174E-001                  2.8000000003764841E-001                  1.9999999999999796E-002                  1.1753851257026385E-024                  0.0000000000000000E+000                  0.0000000000000000E+000 
                                     142                  9.9999977531056239E-001                  2.7324934033414289E-001                  4.1997688648885703E+000                 -5.0856853855926278E+000                  7.0001208843349492E+000                  6.9999999996235174E-001                  2.8000000003764841E-001                  1.9999999999999796E-002                  1.2103402246166795E-024                  0.0000000000000000E+000                  0.0000000000000000E+000 
                                     143                  9.9999977207225721E-001                  2.7323714797455750E-001                  4.2017584946236344E+000                 -5.0734705753101910E+000                  7.0151219224866113E+000                  6.9999999996235174E-001                  2.8000000003764841E-001                  1.9999999999999796E-002                  1.2449599037424438E-024                  0.0000000000000000E+000                  0.0000000000000000E+000 
                                     144                  9.9999976559564718E-001                  2.7321343659604974E-001                  4.2042999471504929E+000                 -5.0577894960099128E+000                  7.0343539237812278E+000                  6.9999999996235174E-001                  2.8000000003764841E-001                  1.9999999999999796E-002                  1.2908613391193384E-024                  0.0000000000000000E+000                  0.0000000000000000E+000 
                                     145                  9.9999975911903716E-001                  2.7319056241246342E-001                  4.2067592416411843E+000                 -5.0426448675322337E+000                  7.0529342055377899E+000                  6.9999999996235174E-001                  2.8000000003764841E-001                  1.9999999999999796E-002                  1.3368005861583992E-024                  0.0000000000000000E+000                  0.0000000000000000E+000 
                                     146                  9.9999975252738460E-001                  2.7316807623904471E-001                  4.2091416195754823E+000                 -5.0279968872955179E+000                  7.0709093783404402E+000                  6.9999999996235174E-001                  2.8000000003764841E-001                  1.9999999999999796E-002                  1.3827902745372142E-024                  0.0000000000000000E+000                  0.0000000000000000E+000 
                                     147                  9.9999974593573215E-001                  2.7314633251536768E-001                  4.2114332182677163E+000                 -5.0139324420990645E+000                  7.0881734343333784E+000                  6.9999999996235174E-001                  2.8000000003764841E-001                  1.9999999999999796E-002                  1.4284382210050628E-024                  0.0000000000000000E+000                  0.0000000000000000E+000 
                                     148                  9.9999973934407982E-001                  2.7312527856127056E-001                  4.2133656252209244E+000                 -5.0020619093515641E+000                  7.1027390387845557E+000                  6.9999999996235174E-001                  2.8000000003764841E-001                  1.9999999999999796E-002                  1.4681379071294823E-024                  0.0000000000000000E+000                  0.0000000000000000E+000 
                                     149                  9.9999973440034051E-001                  2.7310991191715167E-001                  4.2155132648669431E+000                 -4.9889926118027326E+000                  7.1188106307789001E+000                  6.9999999996235174E-001                  2.8000000003764841E-001                  1.9999999999999796E-002                  1.5131259181352310E-024                  0.0000000000000000E+000                  0.0000000000000000E+000 
                                     150                  9.9999972616077504E-001                  2.7308505662810217E-001                  4.2178291122532041E+000                 -4.9748200163856371E+000                  7.1362114762870537E+000                  6.9999999996235174E-001                  2.8000000003764841E-001                  1.9999999999999796E-002                  1.5634734998908954E-024                  0.0000000000000000E+000                  0.0000000000000000E+000 
                                     151                  9.9999971956912259E-001                  2.7306580788546392E-001                  4.2193229928745817E+000                 -4.9656734932391817E+000                  7.1474383587819492E+000                  6.9999999996235174E-001                  2.8000000003764841E-001                  1.9999999999999796E-002                  1.5968534937893186E-024                  0.0000000000000000E+000                  0.0000000000000000E+000 
                                     152                  9.9999971627329631E-001                  2.7305638315676267E-001                  4.2207912492049546E+000                 -4.9567794016698565E+000                  7.1583832534390632E+000                  6.9999999996235174E-001                  2.8000000003764841E-001                  1.9999999999999796E-002                  1.6299965841572548E-024                  0.0000000000000000E+000                  0.0000000000000000E+000 
                                     153                  9.9999970968164398E-001                  2.7303791401978761E-001                  4.2236603674805853E+000                 -4.9395097831898322E+000                  7.1796651189636149E+000                  6.9999999996235174E-001                  2.8000000003764841E-001                  1.9999999999999796E-002                  1.6963308532318673E-024                  0.0000000000000000E+000                  0.0000000000000000E+000 
                                     154                  9.9999969632273433E-001                  2.7300193615685386E-001                  4.2268355916738880E+000                 -4.9201972684709299E+000                  7.2033955480006755E+000                  6.9999999996235174E-001                  2.8000000003764841E-001                  1.9999999999999796E-002                  1.7737197580929947E-024                  0.0000000000000000E+000                  0.0000000000000000E+000 
                                     155                  9.9999968625965097E-001                  2.7297600775387593E-001                  4.2294473850275001E+000                 -4.9044262630687596E+000                  7.2228041778025576E+000                  6.9999999996235174E-001                  2.8000000003764841E-001                  1.9999999999999796E-002                  1.8395330231009860E-024                  0.0000000000000000E+000                  0.0000000000000000E+000 
                                     156                  9.9999967619656760E-001                  2.7295099962681196E-001                  4.2315370059304422E+000                 -4.8917914884867857E+000                  7.2383442235090634E+000                  6.9999999996235174E-001                  2.8000000003764841E-001                  1.9999999999999796E-002                  1.8940190851820058E-024                  0.0000000000000000E+000                  0.0000000000000000E+000 
                                     157                  9.9999966948784536E-001                  2.7293480328473885E-001                  4.2335701041364793E+000                 -4.8796193415736990E+000                  7.2533495671766586E+000                  6.9999999996235174E-001                  2.8000000003764841E-001                  1.9999999999999796E-002                  1.9480384123913638E-024                  0.0000000000000000E+000                  0.0000000000000000E+000 
                                     158                  9.9999965942476210E-001                  2.7291117698080491E-001                  4.2361274283774737E+000                 -4.8643182138512184E+000                  7.2722105189054274E+000                  6.9999999996235174E-001                  2.8000000003764841E-001                  1.9999999999999796E-002                  2.0181386952934830E-024                  0.0000000000000000E+000                  0.0000000000000000E+000 
                                     159                  9.9999964757248327E-001                  2.7288430861902191E-001                  4.2386029105785585E+000                 -4.8494969697987678E+000                  7.2904717128776770E+000                  6.9999999996235174E-001                  2.8000000003764841E-001                  1.9999999999999796E-002                  2.0884488492072526E-024                  0.0000000000000000E+000                  0.0000000000000000E+000 
                                     160                  9.9999963728537034E-001                  2.7286176696846431E-001                  4.2408219465736474E+000                 -4.8362693017338980E+000                  7.3067833372033810E+000                  6.9999999996235174E-001                  2.8000000003764841E-001                  1.9999999999999796E-002                  2.1532689835678394E-024                  0.0000000000000000E+000                  0.0000000000000000E+000 
                                     161                  9.9999962699825728E-001                  2.7283989818317628E-001                  4.2435000927041706E+000                 -4.8204279544656723E+000                  7.3263512153089616E+000                  6.9999999996235174E-001                  2.8000000003764841E-001                  1.9999999999999796E-002                  2.2335545842928220E-024                  0.0000000000000000E+000                  0.0000000000000000E+000 
                                     162                  9.9999961156758777E-001                  2.7280826413102599E-001                  4.2460523346500327E+000                 -4.8052358985784807E+000                  7.3450806507907567E+000                  6.9999999996235174E-001                  2.8000000003764841E-001                  1.9999999999999796E-002                  2.3133651610473158E-024                  0.0000000000000000E+000                  0.0000000000000000E+000 
                                     163                  9.9999960128047483E-001                  2.7278789607809584E-001                  4.2485226699743315E+000                 -4.7907107262149715E+000                  7.3630389418594255E+000                  6.9999999996235174E-001                  2.8000000003764841E-001                  1.9999999999999796E-002                  2.3923426486030946E-024                  0.0000000000000000E+000                  0.0000000000000000E+000 
                                     164                  9.9999958584980519E-001                  2.7275834383288428E-001                  4.2513576178287158E+000                 -4.7740228906483964E+000                  7.3836578659632544E+000                  6.9999999996235174E-001                  2.8000000003764841E-001                  1.9999999999999796E-002                  2.4864193536597351E-024                  0.0000000000000000E+000                  0.0000000000000000E+000 
                                     165                  9.9999957041913579E-001                  2.7272989990031293E-001                  4.2539494500676591E+000                 -4.7588040603379760E+000                  7.4024669604870716E+000                  6.9999999996235174E-001                  2.8000000003764841E-001                  1.9999999999999796E-002                  2.5754424392800397E-024                  0.0000000000000000E+000                  0.0000000000000000E+000 
                                     166                  9.9999955639812699E-001                  2.7270493985269706E-001                  4.2575098497265706E+000                 -4.7382221792053034E+000                  7.4279974880626636E+000                  6.9999999996235174E-001                  2.8000000003764841E-001                  1.9999999999999796E-002                  2.7009381745066501E-024                  0.0000000000000000E+000                  0.0000000000000000E+000 
                                     167                  9.9999952835610939E-001                  2.7265731842682689E-001                  4.2614037875170441E+000                 -4.7154793147104108E+000                  7.4561175990549096E+000                  6.9999999996235174E-001                  2.8000000003764841E-001                  1.9999999999999796E-002                  2.8467486045462718E-024                  0.0000000000000000E+000                  0.0000000000000000E+000 
                                     168                  9.9999950713681984E-001                  2.7262311230367692E-001                  4.2640822273583865E+000                 -4.6999161896051538E+000                  7.4753769560498284E+000                  6.9999999996235174E-001                  2.8000000003764841E-001                  1.9999999999999796E-002                  2.9510481108069402E-024                  0.0000000000000000E+000                  0.0000000000000000E+000 
                                     169                  9.9999949274025834E-001                  2.7260071717450507E-001                  4.2661775656082197E+000                 -4.6878389143001238E+000                  7.4903487997632352E+000                  6.9999999996235174E-001                  2.8000000003764841E-001                  1.9999999999999796E-002                  3.0346180966101142E-024                  0.0000000000000000E+000                  0.0000000000000000E+000 
                                     170                  9.9999947834369673E-001                  2.7257893292685631E-001                  4.2682086509412978E+000                 -4.6761674436721830E+000                  7.5048245152209114E+000                  6.9999999996235174E-001                  2.8000000003764841E-001                  1.9999999999999796E-002                  3.1176327100735573E-024                  0.0000000000000000E+000                  0.0000000000000000E+000 
                                     171                  9.9999946394713513E-001                  2.7255772317507709E-001                  4.2711616224846995E+000                 -4.6594029622766877E+000                  7.5256757156944181E+000                  6.9999999996235174E-001                  2.8000000003764841E-001                  1.9999999999999796E-002                  3.2408697598168068E-024                  0.0000000000000000E+000                  0.0000000000000000E+000 
                                     172                  9.9999943515401202E-001                  2.7251690118744859E-001                  4.2739563688953153E+000                 -4.6433411136339080E+000                  7.5455788233506222E+000                  6.9999999996235174E-001                  2.8000000003764841E-001                  1.9999999999999796E-002                  3.3635185950217006E-024                  0.0000000000000000E+000                  0.0000000000000000E+000 
                                     173                  9.9999942075745052E-001                  2.7249722717021202E-001                  4.2762189843467864E+000                 -4.6305432520603107E+000                  7.5614980102016816E+000                  6.9999999996235174E-001                  2.8000000003764841E-001                  1.9999999999999796E-002                  3.4645649403440690E-024                  0.0000000000000000E+000                  0.0000000000000000E+000 
                                     174                  9.9999939916260805E-001                  2.7246856830802785E-001                  4.2788771026718591E+000                 -4.6155127395536999E+000                  7.5801880582255254E+000                  6.9999999996235174E-001                  2.8000000003764841E-001                  1.9999999999999796E-002                  3.5871309187268682E-024                  0.0000000000000000E+000                  0.0000000000000000E+000 
                                     175                  9.9999937679443074E-001                  2.7243988726093782E-001                  4.2810459920340849E+000                 -4.6032460040731911E+000                  7.5954342044205259E+000                  6.9999999996235174E-001                  2.8000000003764841E-001                  1.9999999999999796E-002                  3.6903734734032754E-024                  0.0000000000000000E+000                  0.0000000000000000E+000 
                                     176                  9.9999936188231242E-001                  2.7242129603979393E-001                  4.2827372193745381E+000                 -4.5937461784139151E+000                  7.6072591127763634E+000                  6.9999999996235174E-001                  2.8000000003764841E-001                  1.9999999999999796E-002                  3.7723703694332908E-024                  0.0000000000000000E+000                  0.0000000000000000E+000 
                                     177                  9.9999934697019399E-001                  2.7240310475952484E-001                  4.2847992727743502E+000                 -4.5822383834926379E+000                  7.6216037463218669E+000                  6.9999999996235174E-001                  2.8000000003764841E-001                  1.9999999999999796E-002                  3.8741485556761266E-024                  0.0000000000000000E+000                  0.0000000000000000E+000 
                                     178                  9.9999932460201657E-001                  2.7237652727451334E-001                  4.2875857744387185E+000                 -4.5667456916868652E+000                  7.6409267177328646E+000                  6.9999999996235174E-001                  2.8000000003764841E-001                  1.9999999999999796E-002                  4.0155308943183281E-024                  0.0000000000000000E+000                  0.0000000000000000E+000 
                                     179                  9.9999929477778005E-001                  2.7234232530657787E-001                  4.2902619570044029E+000                 -4.5518379430583877E+000                  7.6595012434595739E+000                  6.9999999996235174E-001                  2.8000000003764841E-001                  1.9999999999999796E-002                  4.1564556969479836E-024                  0.0000000000000000E+000                  0.0000000000000000E+000 
                                     180                  9.9999927221056406E-001                  2.7231731374449469E-001                  4.2936425726673928E+000                 -4.5333365973376765E+000                  7.6826513675981554E+000                  6.9999999996235174E-001                  2.8000000003764841E-001                  1.9999999999999796E-002                  4.3382651487260870E-024                  0.0000000000000000E+000                  0.0000000000000000E+000 
                                     181                  9.9999922627997817E-001                  2.7226851887297132E-001                  4.2975898274401088E+000                 -4.5116028588256203E+000                  7.7097821719874604E+000                  6.9999999996235174E-001                  2.8000000003764841E-001                  1.9999999999999796E-002                  4.5620481838903477E-024                  0.0000000000000000E+000                  0.0000000000000000E+000 
                                     182                  9.9999918718481096E-001                  2.7222900096005059E-001                  4.3007042091451044E+000                 -4.4945604407986224E+000                  7.7310777907703230E+000                  6.9999999996235174E-001                  2.8000000003764841E-001                  1.9999999999999796E-002                  4.7455926658900609E-024                  0.0000000000000000E+000                  0.0000000000000000E+000 
                                     183                  9.9999915574474141E-001                  2.7219843647175518E-001                  4.3033750931656050E+000                 -4.4800609177303450E+000                  7.7492250215580096E+000                  6.9999999996235174E-001                  2.8000000003764841E-001                  1.9999999999999796E-002                  4.9075680302066655E-024                  0.0000000000000000E+000                  0.0000000000000000E+000 
                                     184                  9.9999912430467175E-001                  2.7216886943483415E-001                  4.3059496592671138E+000                 -4.4661499939440441E+000                  7.7666489274598796E+000                  6.9999999996235174E-001                  2.8000000003764841E-001                  1.9999999999999796E-002                  5.0681757927429899E-024                  0.0000000000000000E+000                  0.0000000000000000E+000 
                                     185                  9.9999909286460231E-001                  2.7214022869768767E-001                  4.3087916937270538E+000                 -4.4509125505165450E+000                  7.7857646715491713E+000                  6.9999999996235174E-001                  2.8000000003764841E-001                  1.9999999999999796E-002                  5.2501530432261685E-024                  0.0000000000000000E+000                  0.0000000000000000E+000 
                                     186                  9.9999905237296083E-001                  2.7210460614580229E-001                  4.3118568311978800E+000                 -4.4345199021015000E+000                  7.8063312470860353E+000                  6.9999999996235174E-001                  2.8000000003764841E-001                  1.9999999999999796E-002                  5.4532489927212934E-024                  0.0000000000000000E+000                  0.0000000000000000E+000 
                                     187                  9.9999901188131946E-001                  2.7207029483734557E-001                  4.3151237603658847E+000                 -4.4171950748266706E+000                  7.8281038929382811E+000                  6.9999999996235174E-001                  2.8000000003764841E-001                  1.9999999999999796E-002                  5.6764634741560835E-024                  0.0000000000000000E+000                  0.0000000000000000E+000 
                                     188                  9.9999896238552355E-001                  2.7202998348988616E-001                  4.3177743654687273E+000                 -4.4030945657952527E+000                  7.8457977756557389E+000                  6.9999999996235174E-001                  2.8000000003764841E-001                  1.9999999999999796E-002                  5.8648818960249036E-024                  0.0000000000000000E+000                  0.0000000000000000E+000 
                                     189                  9.9999893538326023E-001                  2.7200868979283932E-001                  4.3197495008277036E+000                 -4.3927111133688781E+000                  7.8588638713291399E+000                  6.9999999996235174E-001                  2.8000000003764841E-001                  1.9999999999999796E-002                  6.0076292762255454E-024                  0.0000000000000000E+000                  0.0000000000000000E+000 
                                     190                  9.9999890387226620E-001                  2.7198442380955984E-001                  4.3221614642502644E+000                 -4.3801026255574032E+000                  7.8747473234794221E+000                  6.9999999996235174E-001                  2.8000000003764841E-001                  1.9999999999999796E-002                  6.1856579692852521E-024                  0.0000000000000000E+000                  0.0000000000000000E+000 
                                     191                  9.9999886185760745E-001                  2.7195298893774339E-001                  4.3255538576843309E+000                 -4.3625188078090185E+000                  7.8969370819284519E+000                  6.9999999996235174E-001                  2.8000000003764841E-001                  1.9999999999999796E-002                  6.4428063801296378E-024                  0.0000000000000000E+000                  0.0000000000000000E+000 
                                     192                  9.9999879657701940E-001                  2.7190607211204426E-001                  4.3288193267304447E+000                 -4.3455206180255708E+000                  7.9183460839861226E+000                  6.9999999996235174E-001                  2.8000000003764841E-001                  1.9999999999999796E-002                  6.7015783317545134E-024                  0.0000000000000000E+000                  0.0000000000000000E+000 
                                     193                  9.9999875305662711E-001                  2.7187598678919050E-001                  4.3325592625520057E+000                 -4.3264618499196583E+000                  7.9424759080889995E+000                  6.9999999996235174E-001                  2.8000000003764841E-001                  1.9999999999999796E-002                  7.0041370956843845E-024                  0.0000000000000000E+000                  0.0000000000000000E+000 
                                     194                  9.9999866738029031E-001                  2.7181928533773203E-001                  4.3371114482943343E+000                 -4.3032158939144045E+000                  7.9718615411239586E+000                  6.9999999996235174E-001                  2.8000000003764841E-001                  1.9999999999999796E-002                  7.3917778496648162E-024                  0.0000000000000000E+000                  0.0000000000000000E+000 
                                     195                  9.9999858579729595E-001                  2.7176808782982376E-001                  4.3402636584740408E+000                 -4.2871347372503212E+000                  7.9921772931995232E+000                  6.9999999996235174E-001                  2.8000000003764841E-001                  1.9999999999999796E-002                  7.6724651803779885E-024                  0.0000000000000000E+000                  0.0000000000000000E+000 
                                     196                  9.9999854500579866E-001                  2.7174341315264494E-001                  4.3427298635791729E+000                 -4.2747644444803790E+000                  8.0078702022333150E+000                  6.9999999996235174E-001                  2.8000000003764841E-001                  1.9999999999999796E-002                  7.8956368899213508E-024                  0.0000000000000000E+000                  0.0000000000000000E+000 
                                     197                  9.9999848729391572E-001                  2.7170947683625907E-001                  4.3461700464585036E+000                 -4.2576401780287263E+000                  8.0296263575814155E+000                  6.9999999996235174E-001                  2.8000000003764841E-001                  1.9999999999999796E-002                  8.2153628168627122E-024                  0.0000000000000000E+000                  0.0000000000000000E+000 
                                     198                  9.9999840246459437E-001                  2.7166150967288283E-001                  4.3497750887400288E+000                 -4.2397006690883670E+000                  8.0524008054723755E+000                  6.9999999996235174E-001                  2.8000000003764841E-001                  1.9999999999999796E-002                  8.5642519040060851E-024                  0.0000000000000000E+000                  0.0000000000000000E+000 
                                     199                  9.9999833029959206E-001                  2.7162234307352123E-001                  4.3524530056866988E+000                 -4.2264436573216955E+000                  8.0692430088036726E+000                  6.9999999996235174E-001                  2.8000000003764841E-001                  1.9999999999999796E-002                  8.8315932047817154E-024                  0.0000000000000000E+000                  0.0000000000000000E+000 
                                     200                  9.9999828099596177E-001                  2.7159638282689513E-001                  4.3545679907629609E+000                 -4.2160653362175964E+000                  8.0824538785637401E+000                  6.9999999996235174E-001                  2.8000000003764841E-001                  1.9999999999999796E-002                  9.0467134598241394E-024                  0.0000000000000000E+000                  0.0000000000000000E+000 
                                     201                  9.9999823169233126E-001                  2.7157103110506531E-001                  4.3579374958133723E+000                 -4.1997795186083904E+000                  8.1032620050485313E+000                  6.9999999996235174E-001                  2.8000000003764841E-001                  1.9999999999999796E-002                  9.3949319463873256E-024                  0.0000000000000000E+000                  0.0000000000000000E+000 
                                     202                  9.9999811950680362E-001                  2.7151545335364075E-001                  4.3616661896079876E+000                 -4.1816312151278057E+000                  8.1263818561195045E+000                  6.9999999996235174E-001                  2.8000000003764841E-001                  1.9999999999999796E-002                  9.7988433830468495E-024                  0.0000000000000000E+000                  0.0000000000000000E+000 
                                     203                  9.9999804304663920E-001                  2.7147911301754307E-001                  4.3645018428385782E+000                 -4.1679904417317086E+000                  8.1438044130655598E+000                  6.9999999996235174E-001                  2.8000000003764841E-001                  1.9999999999999796E-002                  1.0113866885505652E-023                  0.0000000000000000E+000                  0.0000000000000000E+000 
                                     204                  9.9999797061271045E-001                  2.7144574276098205E-001                  4.3670967825546958E+000                 -4.1555816054509425E+000                  8.1596701308405120E+000                  6.9999999996235174E-001                  2.8000000003764841E-001                  1.9999999999999796E-002                  1.0409260453111957E-023                  0.0000000000000000E+000                  0.0000000000000000E+000 
                                     205                  9.9999790220501750E-001                  2.7141510834402061E-001                  4.3700857913688402E+000                 -4.1414361341590871E+000                  8.1777986951502903E+000                  6.9999999996235174E-001                  2.8000000003764841E-001                  1.9999999999999796E-002                  1.0756571350131947E-023                  0.0000000000000000E+000                  0.0000000000000000E+000 
                                     206                  9.9999780330470700E-001                  2.7137222712410003E-001                  4.3744245981097594E+000                 -4.1211198088945329E+000                  8.2038929657576869E+000                  6.9999999996235174E-001                  2.8000000003764841E-001                  1.9999999999999796E-002                  1.1275843535410834E-023                  0.0000000000000000E+000                  0.0000000000000000E+000 
                                     207                  9.9999764888343190E-001                  2.7130830952079843E-001                  4.3780111625413349E+000                 -4.1042011533101359E+000                  8.2255533648324466E+000                  6.9999999996235174E-001                  2.8000000003764841E-001                  1.9999999999999796E-002                  1.1727426818969726E-023                  0.0000000000000000E+000                  0.0000000000000000E+000 
                                     208                  9.9999758128327076E-001                  2.7128138929590284E-001                  4.3801368731275456E+000                 -4.0943347664324170E+000                  8.2382361579597365E+000                  6.9999999996235174E-001                  2.8000000003764841E-001                  1.9999999999999796E-002                  1.1999110111302102E-023                  0.0000000000000000E+000                  0.0000000000000000E+000 
                                     209                  9.9999751368310963E-001                  2.7125506891573925E-001                  4.3827829735271768E+000                 -4.0821650612936384E+000                  8.2539126296756855E+000                  6.9999999996235174E-001                  2.8000000003764841E-001                  1.9999999999999796E-002                  1.2342937445869828E-023                  0.0000000000000000E+000                  0.0000000000000000E+000 
                                     210                  9.9999740866225528E-001                  2.7121529948249434E-001                  4.3864399604644406E+000                 -4.0654595884166884E+000                  8.2754573841839765E+000                  6.9999999996235174E-001                  2.8000000003764841E-001                  1.9999999999999796E-002                  1.2831078908955213E-023                  0.0000000000000000E+000                  0.0000000000000000E+000 
                                     211                  9.9999726613510498E-001                  2.7116334732766040E-001                  4.3895623136096535E+000                 -4.0511668911822625E+000                  8.2938623553686845E+000                  6.9999999996235174E-001                  2.8000000003764841E-001                  1.9999999999999796E-002                  1.3264075928083136E-023                  0.0000000000000000E+000                  0.0000000000000000E+000 
                                     212                  9.9999718734865439E-001                  2.7113555119180816E-001                  4.3918251378565003E+000                 -4.0409409432974179E+000                  8.3070718292958610E+000                  6.9999999996235174E-001                  2.8000000003764841E-001                  1.9999999999999796E-002                  1.3582846337447593E-023                  0.0000000000000000E+000                  0.0000000000000000E+000 
                                     213                  9.9999710145588594E-001                  2.7110594724307635E-001                  4.3943857308677607E+000                 -4.0294445224177942E+000                  8.3219420028827500E+000                  6.9999999996235174E-001                  2.8000000003764841E-001                  1.9999999999999796E-002                  1.3950415770556960E-023                  0.0000000000000000E+000                  0.0000000000000000E+000 
                                     214                  9.9999699592516245E-001                  2.7107051708520991E-001                  4.3975718369270886E+000                 -4.0152490766785229E+000                  8.3403316225275326E+000                  6.9999999996235174E-001                  2.8000000003764841E-001                  1.9999999999999796E-002                  1.4418091009878268E-023                  0.0000000000000000E+000                  0.0000000000000000E+000 
                                     215                  9.9999685555992524E-001                  2.7102489450229056E-001                  4.4014451646025998E+000                 -3.9981196774886714E+000                  8.3625507937488557E+000                  6.9999999996235174E-001                  2.8000000003764841E-001                  1.9999999999999796E-002                  1.5003439265761161E-023                  0.0000000000000000E+000                  0.0000000000000000E+000 
                                     216                  9.9999668472243908E-001                  2.7097149679527566E-001                  4.4045849529734582E+000                 -3.9842293074633521E+000                  8.3805492433517284E+000                  6.9999999996235174E-001                  2.8000000003764841E-001                  1.9999999999999796E-002                  1.5495583885168298E-023                  0.0000000000000000E+000                  0.0000000000000000E+000 
                                     217                  9.9999659166585098E-001                  2.7094331825076712E-001                  4.4072424621426434E+000                 -3.9726576036966299E+000                  8.3956040243336059E+000                  6.9999999996235174E-001                  2.8000000003764841E-001                  1.9999999999999796E-002                  1.5917935137086505E-023                  0.0000000000000000E+000                  0.0000000000000000E+000 
                                     218                  9.9999645549131144E-001                  2.7090315783955266E-001                  4.4100164282810024E+000                 -3.9605935586734446E+000                  8.4112935243297819E+000                  6.9999999996235174E-001                  2.8000000003764841E-001                  1.9999999999999796E-002                  1.6370572717588545E-023                  0.0000000000000000E+000                  0.0000000000000000E+000 
                                     219                  9.9999634425332551E-001                  2.7087124250345651E-001                  4.4134039862325887E+000                 -3.9460784196192145E+000                  8.4302411020788188E+000                  6.9999999996235174E-001                  2.8000000003764841E-001                  1.9999999999999796E-002                  1.6932344300470900E-023                  0.0000000000000000E+000                  0.0000000000000000E+000 
                                     220                  9.9999614462903041E-001                  2.7081583411168070E-001                  4.4182429463682933E+000                 -3.9254976334811600E+000                  8.4571377024457615E+000                  6.9999999996235174E-001                  2.8000000003764841E-001                  1.9999999999999796E-002                  1.7762229147028783E-023                  0.0000000000000000E+000                  0.0000000000000000E+000 
                                     221                  9.9999587925945832E-001                  2.7074555584916837E-001                  4.4231092070799152E+000                 -3.9048971222220454E+000                  8.4840628905237558E+000                  6.9999999996235174E-001                  2.8000000003764841E-001                  1.9999999999999796E-002                  1.8633838607752813E-023                  0.0000000000000000E+000                  0.0000000000000000E+000 
                                     222                  9.9999564970490495E-001                  2.7068755321531485E-001                  4.4270372782084362E+000                 -3.8884354527616707E+000                  8.5056200678668006E+000                  6.9999999996235174E-001                  2.8000000003764841E-001                  1.9999999999999796E-002                  1.9361127512184457E-023                  0.0000000000000000E+000                  0.0000000000000000E+000 
                                     223                  9.9999546050824595E-001                  2.7064150957345728E-001                  4.4306459083380005E+000                 -3.8734955271311056E+000                  8.5252387186009440E+000                  6.9999999996235174E-001                  2.8000000003764841E-001                  1.9999999999999796E-002                  2.0045848204591984E-023                  0.0000000000000000E+000                  0.0000000000000000E+000 
                                     224                  9.9999525028520397E-001                  2.7059206258675883E-001                  4.4336265172035558E+000                 -3.8611850653369459E+000                  8.5414020767086338E+000                  6.9999999996235174E-001                  2.8000000003764841E-001                  1.9999999999999796E-002                  2.0628307248386496E-023                  0.0000000000000000E+000                  0.0000000000000000E+000 
                                     225                  9.9999511776146244E-001                  2.7056175423106094E-001                  4.4364758310955326E+000                 -3.8495850622009149E+000                  8.5566894608519508E+000                  6.9999999996235174E-001                  2.8000000003764841E-001                  1.9999999999999796E-002                  2.1192708169818291E-023                  0.0000000000000000E+000                  0.0000000000000000E+000 
                                     226                  9.9999491425638620E-001                  2.7051642718863828E-001                  4.4398489868166555E+000                 -3.8359028964631174E+000                  8.5747265702186546E+000                  6.9999999996235174E-001                  2.8000000003764841E-001                  1.9999999999999796E-002                  2.1878400095297403E-023                  0.0000000000000000E+000                  0.0000000000000000E+000 
                                     227                  9.9999470594841533E-001                  2.7047145528130284E-001                  4.4426235740030657E+000                 -3.8246906205651450E+000                  8.5895127439786094E+000                  6.9999999996235174E-001                  2.8000000003764841E-001                  1.9999999999999796E-002                  2.2456904835700927E-023                  0.0000000000000000E+000                  0.0000000000000000E+000 
                                     228                  9.9999456381888430E-001                  2.7044154504873796E-001                  4.4448416080096926E+000                 -3.8158073612960623E+000                  8.6012528301738183E+000                  6.9999999996235174E-001                  2.8000000003764841E-001                  1.9999999999999796E-002                  2.2926139679543786E-023                  0.0000000000000000E+000                  0.0000000000000000E+000 
                                     229                  9.9999441915983456E-001                  2.7041171270125824E-001                  4.4476030209094608E+000                 -3.8048456312440031E+000                  8.6157709684749229E+000                  6.9999999996235174E-001                  2.8000000003764841E-001                  1.9999999999999796E-002                  2.3518771565714321E-023                  0.0000000000000000E+000                  0.0000000000000000E+000 
                                     230                  9.9999419837698222E-001                  2.7036730515365981E-001                  4.4514444316716002E+000                 -3.7897120066175018E+000                  8.6358452601980655E+000                  6.9999999996235174E-001                  2.8000000003764841E-001                  1.9999999999999796E-002                  2.4362343804091722E-023                  0.0000000000000000E+000                  0.0000000000000000E+000 
                                     231                  9.9999389352424284E-001                  2.7030806674335839E-001                  4.4557870411048475E+000                 -3.7727072492482763E+000                  8.6584206262518677E+000                  6.9999999996235174E-001                  2.8000000003764841E-001                  1.9999999999999796E-002                  2.5346567380936499E-023                  0.0000000000000000E+000                  0.0000000000000000E+000 
                                     232                  9.9999357782584553E-001                  2.7024905230306845E-001                  4.4590023411352133E+000                 -3.7601464735753805E+000                  8.6750921101912262E+000                  6.9999999996235174E-001                  2.8000000003764841E-001                  1.9999999999999796E-002                  2.6099161520410653E-023                  0.0000000000000000E+000                  0.0000000000000000E+000 
                                     233                  9.9999341436231037E-001                  2.7021935759279975E-001                  4.4611468135853274E+000                 -3.7518686961196472E+000                  8.6861133434457631E+000                  6.9999999996235174E-001                  2.8000000003764841E-001                  1.9999999999999796E-002                  2.6607377228114292E-023                  0.0000000000000000E+000                  0.0000000000000000E+000 
                                     234                  9.9999325089877533E-001                  2.7019021759149792E-001                  4.4643671469663593E+000                 -3.7395898012941475E+000                  8.7025149921313858E+000                  6.9999999996235174E-001                  2.8000000003764841E-001                  1.9999999999999796E-002                  2.7379629784824629E-023                  0.0000000000000000E+000                  0.0000000000000000E+000 
                                     235                  9.9999291234660825E-001                  2.7013152988704253E-001                  4.4686115102096791E+000                 -3.7234428472718903E+000                  8.7240780788111731E+000                  6.9999999996235174E-001                  2.8000000003764841E-001                  1.9999999999999796E-002                  2.8429572639242067E-023                  0.0000000000000000E+000                  0.0000000000000000E+000 
                                     236                  9.9999256175904627E-001                  2.7007295020959116E-001                  4.4728288476911322E+000                 -3.7075487492329002E+000                  8.7453447918715810E+000                  6.9999999996235174E-001                  2.8000000003764841E-001                  1.9999999999999796E-002                  2.9502618433913404E-023                  0.0000000000000000E+000                  0.0000000000000000E+000 
                                     237                  9.9999219871143674E-001                  2.7001444485946124E-001                  4.4770216481290710E+000                 -3.6918931786046172E+000                  8.7663328896215020E+000                  6.9999999996235174E-001                  2.8000000003764841E-001                  1.9999999999999796E-002                  3.0599382996040175E-023                  0.0000000000000000E+000                  0.0000000000000000E+000 
                                     238                  9.9999182276427567E-001                  2.6995598218321326E-001                  4.4811922089935230E+000                 -3.6764628961119912E+000                  8.7870587279847356E+000                  6.9999999996235174E-001                  2.8000000003764841E-001                  1.9999999999999796E-002                  3.1720495594349733E-023                  0.0000000000000000E+000                  0.0000000000000000E+000 
                                     239                  9.9999143346269381E-001                  2.6989753236868519E-001                  4.4853426575165249E+000                 -3.6612456972818976E+000                  8.8075374022621595E+000                  6.9999999996235174E-001                  2.8000000003764841E-001                  1.9999999999999796E-002                  3.2866595427840972E-023                  0.0000000000000000E+000                  0.0000000000000000E+000 
                                     240                  9.9999103033592385E-001                  2.6983906725734064E-001                  4.4894749723506848E+000                 -3.6462303657580217E+000                  8.8277828714034481E+000                  6.9999999996235174E-001                  2.8000000003764841E-001                  1.9999999999999796E-002                  3.4038327644608898E-023                  0.0000000000000000E+000                  0.0000000000000000E+000 
                                     241                  9.9999061289675195E-001                  2.6978056017116825E-001                  4.4935910010933675E+000                 -3.6314065099736843E+000                  8.8478080673200736E+000                  6.9999999996235174E-001                  2.8000000003764841E-001                  1.9999999999999796E-002                  3.5236349008121405E-023                  0.0000000000000000E+000                  0.0000000000000000E+000 
                                     242                  9.9999018064094780E-001                  2.6972198576839668E-001                  4.4976924715164657E+000                 -3.6167644747012528E+000                  8.8676249913499898E+000                  6.9999999996235174E-001                  2.8000000003764841E-001                  1.9999999999999796E-002                  3.6461329287913384E-023                  0.0000000000000000E+000                  0.0000000000000000E+000 
                                     243                  9.9998973304667738E-001                  2.6966331991678516E-001                  4.5017809993239970E+000                 -3.6022952681986919E+000                  8.8872447996458881E+000                  6.9999999996235174E-001                  2.8000000003764841E-001                  1.9999999999999796E-002                  3.7713952241902605E-023                  0.0000000000000000E+000                  0.0000000000000000E+000 
                                     244                  9.9998926957389445E-001                  2.6960453958146807E-001                  4.5058581030306613E+000                 -3.5879905409006065E+000                  8.9066778789802310E+000                  6.9999999996235174E-001                  2.8000000003764841E-001                  1.9999999999999796E-002                  3.8994912684261338E-023                  0.0000000000000000E+000                  0.0000000000000000E+000 
                                     245                  9.9998878966371207E-001                  2.6954562271960908E-001                  4.5099252153091482E+000                 -3.5738425463919619E+000                  8.9259339142313490E+000                  6.9999999996235174E-001                  2.8000000003764841E-001                  1.9999999999999796E-002                  4.0304915127297056E-023                  0.0000000000000000E+000                  0.0000000000000000E+000 
                                     246                  9.9998829273775236E-001                  2.6948654818354079E-001                  4.5139836959023452E+000                 -3.5598440704698748E+000                  8.9450219486244542E+000                  6.9999999996235174E-001                  2.8000000003764841E-001                  1.9999999999999796E-002                  4.1644675776218167E-023                  0.0000000000000000E+000                  0.0000000000000000E+000 
                                     247                  9.9998777819747453E-001                  2.6942729563618789E-001                  4.5180348352684376E+000                 -3.5459883794862757E+000                  8.9639504376419126E+000                  6.9999999996235174E-001                  2.8000000003764841E-001                  1.9999999999999796E-002                  4.3014923485392112E-023                  0.0000000000000000E+000                  0.0000000000000000E+000 
                                     248                  9.9998724542347905E-001                  2.6936784547571530E-001                  4.5220798597405469E+000                 -3.5322691793675247E+000                  8.9827272973856545E+000                  6.9999999996235174E-001                  2.8000000003764841E-001                  1.9999999999999796E-002                  4.4416400210394842E-023                  0.0000000000000000E+000                  0.0000000000000000E+000 
                                     249                  9.9998669377478988E-001                  2.6930817876759033E-001                  4.5261199385345288E+000                 -3.5186805879936638E+000                  9.0013599480641044E+000                  6.9999999996235174E-001                  2.8000000003764841E-001                  1.9999999999999796E-002                  4.5849860476903843E-023                  0.0000000000000000E+000                  0.0000000000000000E+000 
                                     250                  9.9998612258811115E-001                  2.6924827718192113E-001                  4.5301561943700950E+000                 -3.5052171178202434E+000                  9.0198553531831500E+000                  6.9999999996235174E-001                  2.8000000003764841E-001                  1.9999999999999796E-002                  4.7316069935522963E-023                  0.0000000000000000E+000                  0.0000000000000000E+000 
                                     251                  9.9998553117705857E-001                  2.6918812293438310E-001                  4.5341897079982107E+000                 -3.4918736445962661E+000                  9.0382200549470451E+000                  6.9999999996235174E-001                  2.8000000003764841E-001                  1.9999999999999796E-002                  4.8815805533632040E-023                  0.0000000000000000E+000                  0.0000000000000000E+000 
                                     252                  9.9998491883136553E-001                  2.6912769873232445E-001                  4.5382215219166229E+000                 -3.4786453796858523E+000                  9.0564602063050650E+000                  6.9999999996235174E-001                  2.8000000003764841E-001                  1.9999999999999796E-002                  5.0349855605500296E-023                  0.0000000000000000E+000                  0.0000000000000000E+000 
                                     253                  9.9998428481606150E-001                  2.6906698772545418E-001                  4.5422526433276866E+000                 -3.4655278436614010E+000                  9.0745816000148949E+000                  6.9999999996235174E-001                  2.8000000003764841E-001                  1.9999999999999796E-002                  5.1919020107554076E-023                  0.0000000000000000E+000                  0.0000000000000000E+000 
                                     254                  9.9998362837062171E-001                  2.6900597346073329E-001                  4.5462840474570259E+000                 -3.4525168330229303E+000                  9.0925896950478489E+000                  6.9999999996235174E-001                  2.8000000003764841E-001                  1.9999999999999796E-002                  5.3524112018181766E-023                  0.0000000000000000E+000                  0.0000000000000000E+000 
                                     255                  9.9998294870808946E-001                  2.6894463984236849E-001                  4.5503166825275159E+000                 -3.4396084088280845E+000                  9.1104896406236815E+000                  6.9999999996235174E-001                  2.8000000003764841E-001                  1.9999999999999796E-002                  5.5165956403713077E-023                  0.0000000000000000E+000                  0.0000000000000000E+000 
                                     256                  9.9998224501416832E-001                  2.6888297109372017E-001                  4.5543514737033437E+000                 -3.4267988917601677E+000                  9.1282862981266213E+000                  6.9999999996235174E-001                  2.8000000003764841E-001                  1.9999999999999796E-002                  5.6845388649947800E-023                  0.0000000000000000E+000                  0.0000000000000000E+000 
                                     257                  9.9998151644628341E-001                  2.6882095172011339E-001                  4.5583893259276644E+000                 -3.4140848456046688E+000                  9.1459842611237967E+000                  6.9999999996235174E-001                  2.8000000003764841E-001                  1.9999999999999796E-002                  5.8563254157640583E-023                  0.0000000000000000E+000                  0.0000000000000000E+000 
                                     258                  9.9998076213261022E-001                  2.6875856647402357E-001                  4.5624311241979063E+000                 -3.4014630566988200E+000                  9.1635878736805658E+000                  6.9999999996235174E-001                  2.8000000003764841E-001                  1.9999999999999796E-002                  6.0320408765776218E-023                  0.0000000000000000E+000                  0.0000000000000000E+000 
                                     259                  9.9997998117107267E-001                  2.6869580032319623E-001                  4.5664777361018842E+000                 -3.3889305038221296E+000                  9.1811012471441309E+000                  6.9999999996235174E-001                  2.8000000003764841E-001                  1.9999999999999796E-002                  6.2117720846895021E-023                  0.0000000000000000E+000                  0.0000000000000000E+000 
                                     260                  9.9997917262830482E-001                  2.6863263842305829E-001                  4.5705300127527151E+000                 -3.3764843490428866E+000                  9.1985282755467335E+000                  6.9999999996235174E-001                  2.8000000003764841E-001                  1.9999999999999796E-002                  6.3956070820348094E-023                  0.0000000000000000E+000                  0.0000000000000000E+000 
                                     261                  9.9997833553857995E-001                  2.6856906609038478E-001                  4.5745887911027197E+000                 -3.3641219402276259E+000                  9.2158726497630923E+000                  6.9999999996235174E-001                  2.8000000003764841E-001                  1.9999999999999796E-002                  6.5836348917138968E-023                  0.0000000000000000E+000                  0.0000000000000000E+000 
                                     262                  9.9997746890270223E-001                  2.6850506877645525E-001                  4.5786548939451057E+000                 -3.3518407971127591E+000                  9.2331378705417055E+000                  6.9999999996235174E-001                  2.8000000003764841E-001                  1.9999999999999796E-002                  6.7759455298883126E-023                  0.0000000000000000E+000                  0.0000000000000000E+000 
                                     263                  9.9997657168686105E-001                  2.6844063204203644E-001                  4.5827291337997815E+000                 -3.3396386033491940E+000                  9.2503272605161602E+000                  6.9999999996235174E-001                  2.8000000003764841E-001                  1.9999999999999796E-002                  6.9726299385333053E-023                  0.0000000000000000E+000                  0.0000000000000000E+000 
                                     264                  9.9997564282144735E-001                  2.6837574153328381E-001                  4.5868123119840467E+000                 -3.3275131815115064E+000                  9.2674439752924673E+000                  6.9999999996235174E-001                  2.8000000003764841E-001                  1.9999999999999796E-002                  7.1737802083760211E-023                  0.0000000000000000E+000                  0.0000000000000000E+000 
                                     265                  9.9997468119983035E-001                  2.6831038296107845E-001                  4.5909052148221958E+000                 -3.3154624806547224E+000                  9.2844910137003360E+000                  6.9999999996235174E-001                  2.8000000003764841E-001                  1.9999999999999796E-002                  7.3794896386198953E-023                  0.0000000000000000E+000                  0.0000000000000000E+000 
                                     266                  9.9997368567709177E-001                  2.6824454208195952E-001                  4.5950086165587223E+000                 -3.3034845820278154E+000                  9.3014712272838445E+000                  6.9999999996235174E-001                  2.8000000003764841E-001                  1.9999999999999796E-002                  7.5898524946632706E-023                  0.0000000000000000E+000                  0.0000000000000000E+000 
                                     267                  9.9997265506871835E-001                  2.6817820467793690E-001                  4.5991232800474107E+000                 -3.2915776886391450E+000                  9.3183873290955948E+000                  6.9999999996235174E-001                  2.8000000003764841E-001                  1.9999999999999796E-002                  7.8049640297472788E-023                  0.0000000000000000E+000                  0.0000000000000000E+000 
                                     268                  9.9997158814925002E-001                  2.6811135653753621E-001                  4.6032499582306885E+000                 -3.2797401163070590E+000                  9.3352419018544435E+000                  6.9999999996235174E-001                  2.8000000003764841E-001                  1.9999999999999796E-002                  8.0249204949762282E-023                  0.0000000000000000E+000                  0.0000000000000000E+000 
                                     269                  9.9997048365088237E-001                  2.6804398343790697E-001                  4.6073893928158141E+000                 -3.2679702838204925E+000                  9.3520374055219460E+000                  6.9999999996235174E-001                  2.8000000003764841E-001                  1.9999999999999796E-002                  8.2498191799363938E-023                  0.0000000000000000E+000                  0.0000000000000000E+000 
                                     270                  9.9996934026202333E-001                  2.6797607112809924E-001                  4.6115423084745428E+000                 -3.2562666943675729E+000                  9.3687761843465154E+000                  6.9999999996235174E-001                  2.8000000003764841E-001                  1.9999999999999796E-002                  8.4797586450025051E-023                  0.0000000000000000E+000                  0.0000000000000000E+000 
                                     271                  9.9996815662580008E-001                  2.6790760531491292E-001                  4.6157094143078110E+000                 -3.2446279302953225E+000                  9.3854604734195668E+000                  6.9999999996235174E-001                  2.8000000003764841E-001                  1.9999999999999796E-002                  8.7148387293918481E-023                  0.0000000000000000E+000                  0.0000000000000000E+000 
                                     272                  9.9996693133851744E-001                  2.6783857164934821E-001                  4.6198914063228091E+000                 -3.2330526510097126E+000                  9.4020924047837404E+000                  6.9999999996235174E-001                  2.8000000003764841E-001                  1.9999999999999796E-002                  8.9551605005008524E-023                  0.0000000000000000E+000                  0.0000000000000000E+000 
                                     273                  9.9996566294806311E-001                  2.6776895571309245E-001                  4.6240889664067417E+000                 -3.2215395899588994E+000                  9.4186740131297295E+000                  6.9999999996235174E-001                  2.8000000003764841E-001                  1.9999999999999796E-002                  9.2008262203313164E-023                  0.0000000000000000E+000                  0.0000000000000000E+000 
                                     274                  9.9996434995226091E-001                  2.6769874300519403E-001                  4.6283027596204409E+000                 -3.2100875579913235E+000                  9.4352072411144299E+000                  6.9999999996235174E-001                  2.8000000003764841E-001                  1.9999999999999796E-002                  9.4519391708081202E-023                  0.0000000000000000E+000                  0.0000000000000000E+000 
                                     275                  9.9996299079716811E-001                  2.6762791892791227E-001                  4.6325334297474399E+000                 -3.1986954166553052E+000                  9.4516939443308701E+000                  6.9999999996235174E-001                  2.8000000003764841E-001                  1.9999999999999796E-002                  9.7086041431078830E-023                  0.0000000000000000E+000                  0.0000000000000000E+000 
                                     276                  9.9996158387531675E-001                  2.6755646877656314E-001                  4.6367815997892565E+000                 -3.1873620685995689E+000                  9.4681358959561059E+000                  6.9999999996235174E-001                  2.8000000003764841E-001                  1.9999999999999796E-002                  9.9709276142819815E-023                  0.0000000000000000E+000                  0.0000000000000000E+000 
                                     277                  9.9996012752389618E-001                  2.6748437773077283E-001                  4.6410478728107591E+000                 -3.1760864537133551E+000                  9.4845347911020692E+000                  6.9999999996235174E-001                  2.8000000003764841E-001                  1.9999999999999796E-002                  1.0239017815925715E-022                  0.0000000000000000E+000                  0.0000000000000000E+000 
                                     278                  9.9995862002287439E-001                  2.6741163084621811E-001                  4.6453328316178917E+000                 -3.1648675579503620E+000                  9.5008922508939513E+000                  6.9999999996235174E-001                  2.8000000003764841E-001                  1.9999999999999796E-002                  1.0512984499403896E-022                  0.0000000000000000E+000                  0.0000000000000000E+000 
                                     279                  9.9995705959305703E-001                  2.6733821304471178E-001                  4.6496370348775784E+000                 -3.1537044176787559E+000                  9.5172098262979112E+000                  6.9999999996235174E-001                  2.8000000003764841E-001                  1.9999999999999796E-002                  1.0792938775474957E-022                  0.0000000000000000E+000                  0.0000000000000000E+000 
                                     280                  9.9995544439408190E-001                  2.6726410910330173E-001                  4.6539610126463105E+000                 -3.1425960857996085E+000                  9.5334890017151679E+000                  6.9999999996235174E-001                  2.8000000003764841E-001                  1.9999999999999796E-002                  1.1078993927494945E-022                  0.0000000000000000E+000                  0.0000000000000000E+000 
                                     281                  9.9995377252234596E-001                  2.6718930364892635E-001                  4.6583052673387240E+000                 -3.1315416285369304E+000                  9.5497311983578417E+000                  6.9999999996235174E-001                  2.8000000003764841E-001                  1.9999999999999796E-002                  1.1371265536787479E-022                  0.0000000000000000E+000                  0.0000000000000000E+000 
                                     282                  9.9995204200886423E-001                  2.6711378115359291E-001                  4.6626702741774961E+000                 -3.1205401270477067E+000                  9.5659377774226328E+000                  6.9999999996235174E-001                  2.8000000003764841E-001                  1.9999999999999796E-002                  1.1669871489005382E-022                  0.0000000000000000E+000                  0.0000000000000000E+000 
                                     283                  9.9995025081705713E-001                  2.6703752592925345E-001                  4.6670564794106317E+000                 -3.1095907005788721E+000                  9.5821100430768311E+000                  6.9999999996235174E-001                  2.8000000003764841E-001                  1.9999999999999796E-002                  1.1974931365851506E-022                  0.0000000000000000E+000                  0.0000000000000000E+000 
                                     284                  9.9994839684046410E-001                  2.6696052211854870E-001                  4.6714642964197060E+000                 -3.0986924894059635E+000                  9.5982492452703347E+000                  6.9999999996235174E-001                  2.8000000003764841E-001                  1.9999999999999796E-002                  1.2286566898850959E-022                  0.0000000000000000E+000                  0.0000000000000000E+000 
                                     285                  9.9994647790038149E-001                  2.6688275368836190E-001                  4.6758941049307143E+000                 -3.0878446286211338E+000                  9.6143565823852377E+000                  6.9999999996235174E-001                  2.8000000003764841E-001                  1.9999999999999796E-002                  1.2604902767256083E-022                  0.0000000000000000E+000                  0.0000000000000000E+000 
                                     286                  9.9994449174342304E-001                  2.6680420442802277E-001                  4.6803462497611035E+000                 -3.0770462430289656E+000                  9.6304332037335403E+000                  6.9999999996235174E-001                  2.8000000003764841E-001                  1.9999999999999796E-002                  1.2930066872441754E-022                  0.0000000000000000E+000                  0.0000000000000000E+000 
                                     287                  9.9994243603899802E-001                  2.6672485794854861E-001                  4.6848210405323645E+000                 -3.0662964536340680E+000                  9.6464802119129143E+000                  6.9999999996235174E-001                  2.8000000003764841E-001                  1.9999999999999796E-002                  1.3262190278739032E-022                  0.0000000000000000E+000                  0.0000000000000000E+000 
                                     288                  9.9994030837670778E-001                  2.6664469768090010E-001                  4.6893187497924700E+000                 -3.0555943940507877E+000                  9.6624986650301441E+000                  6.9999999996235174E-001                  2.8000000003764841E-001                  1.9999999999999796E-002                  1.3601406810674567E-022                  0.0000000000000000E+000                  0.0000000000000000E+000 
                                     289                  9.9993810626365465E-001                  2.6656370687128711E-001                  4.6938396114262622E+000                 -3.0449391859035764E+000                  9.6784895788013703E+000                  6.9999999996235174E-001                  2.8000000003764841E-001                  1.9999999999999796E-002                  1.3947853924197974E-022                  0.0000000000000000E+000                  0.0000000000000000E+000 
                                     290                  9.9993582712166296E-001                  2.6648186858109241E-001                  4.6983838194140350E+000                 -3.0343299313999474E+000                  9.6944539285365234E+000                  6.9999999996235174E-001                  2.8000000003764841E-001                  1.9999999999999796E-002                  1.4301673123340662E-022                  0.0000000000000000E+000                  0.0000000000000000E+000 
                                     291                  9.9993346828440832E-001                  2.6639916568843353E-001                  4.7029515257117707E+000                 -3.0237657123497739E+000                  9.7103926510160914E+000                  6.9999999996235174E-001                  2.8000000003764841E-001                  1.9999999999999796E-002                  1.4663010199523031E-022                  0.0000000000000000E+000                  0.0000000000000000E+000 
                                     292                  9.9993102699445191E-001                  2.6631558089020352E-001                  4.7075428409871316E+000                 -3.0132456161421235E+000                  9.7263066462670391E+000                  6.9999999996235174E-001                  2.8000000003764841E-001                  1.9999999999999796E-002                  1.5032014528403420E-022                  0.0000000000000000E+000                  0.0000000000000000E+000 
                                     293                  9.9992850040017756E-001                  2.6623109669938555E-001                  4.7121578341154251E+000                 -3.0027687291341429E+000                  9.7421967792437805E+000                  6.9999999996235174E-001                  2.8000000003764841E-001                  1.9999999999999796E-002                  1.5408839423733968E-022                  0.0000000000000000E+000                  0.0000000000000000E+000 
                                     294                  9.9992588555262774E-001                  2.6614569544376376E-001                  4.7167965319916139E+000                 -2.9923341196002968E+000                  9.7580638814206484E+000                  6.9999999996235174E-001                  2.8000000003764841E-001                  1.9999999999999796E-002                  1.5793642920954364E-022                  0.0000000000000000E+000                  0.0000000000000000E+000 
                                     295                  9.9992317940223563E-001                  2.6605935926812380E-001                  4.7214589172171113E+000                 -2.9819408340262434E+000                  9.7739087523014945E+000                  6.9999999996235174E-001                  2.8000000003764841E-001                  1.9999999999999796E-002                  1.6186588151619751E-022                  0.0000000000000000E+000                  0.0000000000000000E+000 
                                     296                  9.9992037879544948E-001                  2.6597207013756879E-001                  4.7261449279937224E+000                 -2.9715879007048929E+000                  9.7897321608513490E+000                  6.9999999996235174E-001                  2.8000000003764841E-001                  1.9999999999999796E-002                  1.6587843463530713E-022                  0.0000000000000000E+000                  0.0000000000000000E+000 
                                     297                  9.9991748047124718E-001                  2.6588380984047966E-001                  4.7308544602027789E+000                 -2.9612743341144645E+000                  9.8055348468546946E+000                  6.9999999996235174E-001                  2.8000000003764841E-001                  1.9999999999999796E-002                  1.6997582500754592E-022                  0.0000000000000000E+000                  0.0000000000000000E+000 
                                     298                  9.9991448105753489E-001                  2.6579455999093815E-001                  4.7355873670101172E+000                 -2.9509991279259267E+000                  9.8213175222048239E+000                  6.9999999996235174E-001                  2.8000000003764841E-001                  1.9999999999999796E-002                  1.7415984737975119E-022                  0.0000000000000000E+000                  0.0000000000000000E+000 
                                     299                  9.9991137706742883E-001                  2.6570430203295858E-001                  4.7403434583351256E+000                 -2.9407612541353467E+000                  9.8370808721278991E+000                  6.9999999996235174E-001                  2.8000000003764841E-001                  1.9999999999999796E-002                  1.7843235810066907E-022                  0.0000000000000000E+000                  0.0000000000000000E+000 
                                     300                  9.9990816489541490E-001                  2.6561301724531894E-001                  4.7451224993672323E+000                 -2.9305596621448604E+000                  9.8528255563454330E+000                  6.9999999996235174E-001                  2.8000000003764841E-001                  1.9999999999999796E-002                  1.8279527863171154E-022                  0.0000000000000000E+000                  0.0000000000000000E+000 
                                     301                  9.9990484081338282E-001                  2.6552068674707063E-001                  4.7499242142953237E+000                 -2.9203932863669482E+000                  9.8685522101784446E+000                  6.9999999996235174E-001                  2.8000000003764841E-001                  1.9999999999999796E-002                  1.8725059548324522E-022                  0.0000000000000000E+000                  0.0000000000000000E+000 
                                     302                  9.9990140096653057E-001                  2.6542729150189576E-001                  4.7547482881422338E+000                 -2.9102610486407245E+000                  9.8842614455968114E+000                  6.9999999996235174E-001                  2.8000000003764841E-001                  1.9999999999999796E-002                  1.9180036216856702E-022                  0.0000000000000000E+000                  0.0000000000000000E+000 
                                     303                  9.9989784136913529E-001                  2.6533281232238404E-001                  4.7595943664734923E+000                 -2.9001618579969803E+000                  9.8999538522167683E+000                  6.9999999996235174E-001                  2.8000000003764841E-001                  1.9999999999999796E-002                  1.9644670236892063E-022                  0.0000000000000000E+000                  0.0000000000000000E+000 
                                     304                  9.9989415790018665E-001                  2.6523722987475568E-001                  4.7644620554122090E+000                 -2.8900946126138112E+000                  9.9156299982487965E+000                  6.9999999996235174E-001                  2.8000000003764841E-001                  1.9999999999999796E-002                  2.0119181220525213E-022                  0.0000000000000000E+000                  0.0000000000000000E+000 
                                     305                  9.9989034629887774E-001                  2.6514052468361365E-001                  4.7693509240464831E+000                 -2.8800582101541643E+000                  9.9312904313966932E+000                  6.9999999996235174E-001                  2.8000000003764841E-001                  1.9999999999999796E-002                  2.0603795842002300E-022                  0.0000000000000000E+000                  0.0000000000000000E+000 
                                     306                  9.9988640215995117E-001                  2.6504267713478563E-001                  4.7742605081031666E+000                 -2.8700515482199069E+000                  9.9469356797119044E+000                  6.9999999996235174E-001                  2.8000000003764841E-001                  1.9999999999999796E-002                  2.1098748091110356E-022                  0.0000000000000000E+000                  0.0000000000000000E+000 
                                     307                  9.9988232092889318E-001                  2.6494366747837922E-001                  4.7791903107985760E+000                 -2.8600735227930354E+000                  9.9625662524077132E+000                  6.9999999996235174E-001                  2.8000000003764841E-001                  1.9999999999999796E-002                  2.1604279637322463E-022                  0.0000000000000000E+000                  0.0000000000000000E+000 
                                     308                  9.9987809789697157E-001                  2.6484347583249707E-001                  4.7841398016535965E+000                 -2.8501230231261818E+000                  9.9781826406358842E+000                  6.9999999996235174E-001                  2.8000000003764841E-001                  1.9999999999999796E-002                  2.2120640403180406E-022                  0.0000000000000000E+000                  0.0000000000000000E+000 
                                     309                  9.9987372819611375E-001                  2.6474208218845052E-001                  4.7891084191056290E+000                 -2.8401989175355165E+000                  9.9937853182274754E+000                  6.9999999996235174E-001                  2.8000000003764841E-001                  1.9999999999999796E-002                  2.2648089678180034E-022                  0.0000000000000000E+000                  0.0000000000000000E+000 
                                     310                  9.9986920679361790E-001                  2.6463946641975017E-001                  4.7940955713607067E+000                 -2.8303000660673736E+000                  1.0009374742399068E+001                  6.9999999996235174E-001                  2.8000000003764841E-001                  1.9999999999999796E-002                  2.3186895877910781E-022                  0.0000000000000000E+000                  0.0000000000000000E+000 
                                     311                  9.9986452848669172E-001                  2.6453560828870354E-001                  4.7991006377522067E+000                 -2.8204253305041487E+000                  1.0024951354426358E+001                  6.9999999996235174E-001                  2.8000000003764841E-001                  1.9999999999999796E-002                  2.3737336374311899E-022                  0.0000000000000000E+000                  0.0000000000000000E+000 
                                     312                  9.9985968789681734E-001                  2.6443048745104375E-001                  4.8041229679935391E+000                 -2.8105735717809495E+000                  1.0040515580287225E+001                  6.9999999996235174E-001                  2.8000000003764841E-001                  1.9999999999999796E-002                  2.4299697989082702E-022                  0.0000000000000000E+000                  0.0000000000000000E+000 
                                     313                  9.9985467946393070E-001                  2.6432408346151326E-001                  4.8091618837053121E+000                 -2.8007436424051457E+000                  1.0056067831275337E+001                  6.9999999996235174E-001                  2.8000000003764841E-001                  1.9999999999999796E-002                  2.4874277817754557E-022                  0.0000000000000000E+000                  0.0000000000000000E+000 
                                     314                  9.9984949744041574E-001                  2.6421637578173784E-001                  4.8142166802800954E+000                 -2.7909343945663339E+000                  1.0071608504585518E+001                  6.9999999996235174E-001                  2.8000000003764841E-001                  1.9999999999999796E-002                  2.5461383183335273E-022                  0.0000000000000000E+000                  0.0000000000000000E+000 
                                     315                  9.9984413588490384E-001                  2.6410734378653483E-001                  4.8192866273363393E+000                 -2.7811446847868178E+000                  1.0087137983872262E+001                  6.9999999996235174E-001                  2.8000000003764841E-001                  1.9999999999999796E-002                  2.6061331753812875E-022                  0.0000000000000000E+000                  0.0000000000000000E+000 
                                     316                  9.9983858865587327E-001                  2.6399696676946077E-001                  4.8243709697617616E+000                 -2.7713733732938164E+000                  1.0102656639780571E+001                  6.9999999996235174E-001                  2.8000000003764841E-001                  1.9999999999999796E-002                  2.6674451970279861E-022                  0.0000000000000000E+000                  0.0000000000000000E+000 
                                     317                  9.9983284940504524E-001                  2.6388522394886982E-001                  4.8294689301291154E+000                 -2.7616193186636626E+000                  1.0118164830447038E+001                  6.9999999996235174E-001                  2.8000000003764841E-001                  1.9999999999999796E-002                  2.7301083803349404E-022                  0.0000000000000000E+000                  0.0000000000000000E+000 
                                     318                  9.9982691157057102E-001                  2.6377209447577543E-001                  4.8345797128757422E+000                 -2.7518813875674328E+000                  1.0133662901974402E+001                  6.9999999996235174E-001                  2.8000000003764841E-001                  1.9999999999999796E-002                  2.7941578570561572E-022                  0.0000000000000000E+000                  0.0000000000000000E+000 
                                     319                  9.9982076836999878E-001                  2.6365755743957425E-001                  4.8397025059555236E+000                 -2.7421584592501405E+000                  1.0149151188885146E+001                  6.9999999996235174E-001                  2.8000000003764841E-001                  1.9999999999999796E-002                  2.8596299039919346E-022                  0.0000000000000000E+000                  0.0000000000000000E+000 
                                     320                  9.9981441279301864E-001                  2.6354159187288806E-001                  4.8448364821925152E+000                 -2.7324494225995672E+000                  1.0164630014561467E+001                  6.9999999996235174E-001                  2.8000000003764841E-001                  1.9999999999999796E-002                  2.9265620022334821E-022                  0.0000000000000000E+000                  0.0000000000000000E+000 
                                     321                  9.9980783759396841E-001                  2.6342417675728774E-001                  4.8499808030917126E+000                 -2.7227531666466285E+000                  1.0180099691656293E+001                  6.9999999996235174E-001                  2.8000000003764841E-001                  1.9999999999999796E-002                  2.9949929475927844E-022                  0.0000000000000000E+000                  0.0000000000000000E+000 
                                     322                  9.9980103528411379E-001                  2.6330529103214861E-001                  4.8551346243356992E+000                 -2.7130685993634440E+000                  1.0195560522482259E+001                  6.9999999996235174E-001                  2.8000000003764841E-001                  1.9999999999999796E-002                  3.0649627654247863E-022                  0.0000000000000000E+000                  0.0000000000000000E+000 
                                     323                  9.9979399812367309E-001                  2.6318491359854407E-001                  4.8602970973552466E+000                 -2.7033946537746356E+000                  1.0211012799405037E+001                  6.9999999996235174E-001                  2.8000000003764841E-001                  1.9999999999999796E-002                  3.1365127030659784E-022                  0.0000000000000000E+000                  0.0000000000000000E+000 
                                     324                  9.9978671811357933E-001                  2.6306302332137388E-001                  4.8654673711973224E+000                 -2.6937302834674384E+000                  1.0226456805215355E+001                  6.9999999996235174E-001                  2.8000000003764841E-001                  1.9999999999999796E-002                  3.2096852981763929E-022                  0.0000000000000000E+000                  0.0000000000000000E+000 
                                     325                  9.9977918698699142E-001                  2.6293959903299591E-001                  4.8706445976814861E+000                 -2.6840744544969346E+000                  1.0241892813476090E+001                  6.9999999996235174E-001                  2.8000000003764841E-001                  1.9999999999999796E-002                  3.2845244810908222E-022                  0.0000000000000000E+000                  0.0000000000000000E+000 
                                     326                  9.9977139620053224E-001                  2.6281461953915425E-001                  4.8758279365763828E+000                 -2.6744261658438200E+000                  1.0257321088859836E+001                  6.9999999996235174E-001                  2.8000000003764841E-001                  1.9999999999999796E-002                  3.3610754581403173E-022                  0.0000000000000000E+000                  0.0000000000000000E+000 
                                     327                  9.9976333692524733E-001                  2.6268806361915026E-001                  4.8810165572134787E+000                 -2.6647844539603880E+000                  1.0272741887471934E+001                  6.9999999996235174E-001                  2.8000000003764841E-001                  1.9999999999999796E-002                  3.4393847041271204E-022                  0.0000000000000000E+000                  0.0000000000000000E+000 
                                     328                  9.9975500003727757E-001                  2.6255991002451423E-001                  4.8862096410304217E+000                 -2.6551483866548491E+000                  1.0288155457154037E+001                  6.9999999996235174E-001                  2.8000000003764841E-001                  1.9999999999999796E-002                  3.5195000395928755E-022                  0.0000000000000000E+000                  0.0000000000000000E+000 
                                     329                  9.9974637610824413E-001                  2.6243013747930777E-001                  4.8914063874224576E+000                 -2.6455170583310412E+000                  1.0303562037766866E+001                  6.9999999996235174E-001                  2.8000000003764841E-001                  1.9999999999999796E-002                  3.6014707038011064E-022                  0.0000000000000000E+000                  0.0000000000000000E+000 
                                     330                  9.9973745539533121E-001                  2.6229872468173621E-001                  4.8966060184428812E+000                 -2.6358896088812602E+000                  1.0318961861458567E+001                  6.9999999996235174E-001                  2.8000000003764841E-001                  1.9999999999999796E-002                  3.6853472255231080E-022                  0.0000000000000000E+000                  0.0000000000000000E+000 
                                     331                  9.9972822783105875E-001                  2.6216565029987005E-001                  4.9018077802033480E+000                 -2.6262652262991040E+000                  1.0334355152924287E+001                  6.9999999996235174E-001                  2.8000000003764841E-001                  1.9999999999999796E-002                  3.7711814178755573E-022                  0.0000000000000000E+000                  0.0000000000000000E+000 
                                     332                  9.9971868301273126E-001                  2.6203089296604076E-001                  4.9070109466471488E+000                 -2.6166431380860975E+000                  1.0349742129657907E+001                  6.9999999996235174E-001                  2.8000000003764841E-001                  1.9999999999999796E-002                  3.8590264727093946E-022                  0.0000000000000000E+000                  0.0000000000000000E+000 
                                     333                  9.9970881019155555E-001                  2.6189443127335144E-001                  4.9122148255252203E+000                 -2.6070226115913626E+000                  1.0365123002195938E+001                  6.9999999996235174E-001                  2.8000000003764841E-001                  1.9999999999999796E-002                  3.9489369809099467E-022                  0.0000000000000000E+000                  0.0000000000000000E+000 
                                     334                  9.9969859826141405E-001                  2.6175624377164597E-001                  4.9174187634219404E+000                 -2.5974029760099224E+000                  1.0380497974354023E+001                  6.9999999996235174E-001                  2.8000000003764841E-001                  1.9999999999999796E-002                  4.0409687422629828E-022                  0.0000000000000000E+000                  0.0000000000000000E+000 
                                     335                  9.9968803574728848E-001                  2.6161630895588639E-001                  4.9226221470877540E+000                 -2.5877836227989039E+000                  1.0395867243457285E+001                  6.9999999996235174E-001                  2.8000000003764841E-001                  1.9999999999999796E-002                  4.1351787584580557E-022                  0.0000000000000000E+000                  0.0000000000000000E+000 
                                     336                  9.9967711079331745E-001                  2.6147460525346561E-001                  4.9278244084576945E+000                 -2.5781639847390725E+000                  1.0411231000565081E+001                  6.9999999996235174E-001                  2.8000000003764841E-001                  1.9999999999999796E-002                  4.2316254397713581E-022                  0.0000000000000000E+000                  0.0000000000000000E+000 
                                     337                  9.9966581115048025E-001                  2.6133111101740586E-001                  4.9330250336072279E+000                 -2.5685435464429456E+000                  1.0426589430689353E+001                  6.9999999996235174E-001                  2.8000000003764841E-001                  1.9999999999999796E-002                  4.3303685128305923E-022                  0.0000000000000000E+000                  0.0000000000000000E+000 
                                     338                  9.9965412416389665E-001                  2.6118580451542439E-001                  4.9382235677675688E+000                 -2.5589218751384073E+000                  1.0441942713005654E+001                  6.9999999996235174E-001                  2.8000000003764841E-001                  1.9999999999999796E-002                  4.4314686963019528E-022                  0.0000000000000000E+000                  0.0000000000000000E+000 
                                     339                  9.9964203675972929E-001                  2.6103866390776298E-001                  4.9434196164454658E+000                 -2.5492986189861844E+000                  1.0457291021050915E+001                  6.9999999996235174E-001                  2.8000000003764841E-001                  1.9999999999999796E-002                  4.5349876812315143E-022                  0.0000000000000000E+000                  0.0000000000000000E+000 
                                     340                  9.9962953543169275E-001                  2.6088966722414264E-001                  4.9486128518189849E+000                 -2.5396734812788169E+000                  1.0472634522905098E+001                  6.9999999996235174E-001                  2.8000000003764841E-001                  1.9999999999999796E-002                  4.6409883776592890E-022                  0.0000000000000000E+000                  0.0000000000000000E+000 
                                     341                  9.9961660622715043E-001                  2.6073879234821762E-001                  4.9538030225067562E+000                 -2.5300462436984037E+000                  1.0487973381364220E+001                  6.9999999996235174E-001                  2.8000000003764841E-001                  1.9999999999999796E-002                  4.7495346373209849E-022                  0.0000000000000000E+000                  0.0000000000000000E+000 
                                     342                  9.9960323473278379E-001                  2.6058601699277845E-001                  4.9589899571449179E+000                 -2.5204167929895869E+000                  1.0503307754112003E+001                  6.9999999996235174E-001                  2.8000000003764841E-001                  1.9999999999999796E-002                  4.8606908953824474E-022                  0.0000000000000000E+000                  0.0000000000000000E+000 
                                     343                  9.9958940605981583E-001                  2.6043131866378866E-001                  4.9641735644737190E+000                 -2.5107851149355622E+000                  1.0518637793892262E+001                  6.9999999996235174E-001                  2.8000000003764841E-001                  1.9999999999999796E-002                  4.9745221528709301E-022                  0.0000000000000000E+000                  0.0000000000000000E+000 
                                     344                  9.9957510482877987E-001                  2.6027467462428555E-001                  4.9693538334143916E+000                 -2.5011512576275092E+000                  1.0533963648682187E+001                  6.9999999996235174E-001                  2.8000000003764841E-001                  1.9999999999999796E-002                  5.0910943364850215E-022                  0.0000000000000000E+000                  0.0000000000000000E+000 
                                     345                  9.9956031515381660E-001                  2.6011606186942454E-001                  4.9745308331837368E+000                 -2.4915153536910077E+000                  1.0549285461864942E+001                  6.9999999996235174E-001                  2.8000000003764841E-001                  1.9999999999999796E-002                  5.2104739749232251E-022                  0.0000000000000000E+000                  0.0000000000000000E+000 
                                     346                  9.9954502062648753E-001                  2.5995545709180562E-001                  4.9797047129185286E+000                 -2.4818776374496099E+000                  1.0564603372402992E+001                  6.9999999996235174E-001                  2.8000000003764841E-001                  1.9999999999999796E-002                  5.3327278948303361E-022                  0.0000000000000000E+000                  0.0000000000000000E+000 
                                     347                  9.9952920429908887E-001                  2.5979283663828440E-001                  4.9848756990453973E+000                 -2.4722384301295475E+000                  1.0579917515013388E+001                  6.9999999996235174E-001                  2.8000000003764841E-001                  1.9999999999999796E-002                  5.4579232969096984E-022                  0.0000000000000000E+000                  0.0000000000000000E+000 
                                     348                  9.9951284866745271E-001                  2.5962817646983422E-001                  4.9900440817189686E+000                 -2.4625980813683159E+000                  1.0595228020343976E+001                  6.9999999996235174E-001                  2.8000000003764841E-001                  1.9999999999999796E-002                  5.5861284372619634E-022                  0.0000000000000000E+000                  0.0000000000000000E+000 
                                     349                  9.9949593565322015E-001                  2.5946145214155608E-001                  4.9952102002960652E+000                 -2.4529569888204295E+000                  1.0610535015141163E+001                  6.9999999996235174E-001                  2.8000000003764841E-001                  1.9999999999999796E-002                  5.7174123360990723E-022                  0.0000000000000000E+000                  0.0000000000000000E+000 
                                     350                  9.9947844658558438E-001                  2.5929263877427972E-001                  5.0003744389559355E+000                 -2.4433156110382597E+000                  1.0625838619638039E+001                  6.9999999996235174E-001                  2.8000000003764841E-001                  1.9999999999999796E-002                  5.8518445392876031E-022                  0.0000000000000000E+000                  0.0000000000000000E+000 
                                     351                  9.9946036218903700E-001                  2.5912171108164478E-001                  5.0055372031544945E+000                 -2.4336744827021022E+000                  1.0641138891401372E+001                  6.9999999996235174E-001                  2.8000000003764841E-001                  1.9999999999999796E-002                  5.9894948140120587E-022                  0.0000000000000000E+000                  0.0000000000000000E+000 
                                     352                  9.9944166269632173E-001                  2.5894864454770539E-001                  5.0106989247613560E+000                 -2.4240341211306120E+000                  1.0656435890226433E+001                  6.9999999996235174E-001                  2.8000000003764841E-001                  1.9999999999999796E-002                  6.1304344134024171E-022                  0.0000000000000000E+000                  0.0000000000000000E+000 
                                     353                  9.9942232755690963E-001                  2.5877341285188998E-001                  5.0158600773063009E+000                 -2.4143949822852959E+000                  1.0671729773026488E+001                  6.9999999996235174E-001                  2.8000000003764841E-001                  1.9999999999999796E-002                  6.2747367804075408E-022                  0.0000000000000000E+000                  0.0000000000000000E+000 
                                     354                  9.9940233543976675E-001                  2.5859598818890545E-001                  5.0210211458819449E+000                 -2.4047575170523765E+000                  1.0687020713312261E+001                  6.9999999996235174E-001                  2.8000000003764841E-001                  1.9999999999999796E-002                  6.4224767936313390E-022                  0.0000000000000000E+000                  0.0000000000000000E+000 
                                     355                  9.9938166436391818E-001                  2.5841634265658459E-001                  5.0261826051740277E+000                 -2.3951221951723478E+000                  1.0702308838818061E+001                  6.9999999996235174E-001                  2.8000000003764841E-001                  1.9999999999999796E-002                  6.5737304087164527E-022                  0.0000000000000000E+000                  0.0000000000000000E+000 
                                     356                  9.9936029168928098E-001                  2.5823444830955511E-001                  5.0313449225798461E+000                 -2.3854894676785108E+000                  1.0717594252630535E+001                  6.9999999996235174E-001                  2.8000000003764841E-001                  1.9999999999999796E-002                  6.7285752453426487E-022                  0.0000000000000000E+000                  0.0000000000000000E+000 
                                     357                  9.9933819403928315E-001                  2.5805027665527791E-001                  5.0365085623446610E+000                 -2.3758597752898236E+000                  1.0732877055062888E+001                  6.9999999996235174E-001                  2.8000000003764841E-001                  1.9999999999999796E-002                  6.8870904936724029E-022                  0.0000000000000000E+000                  0.0000000000000000E+000 
                                     358                  9.9931534727772542E-001                  2.5786379864395570E-001                  5.0416739858245396E+000                 -2.3662335527815737E+000                  1.0748157343789392E+001                  6.9999999996235174E-001                  2.8000000003764841E-001                  1.9999999999999796E-002                  7.0493568712458752E-022                  0.0000000000000000E+000                  0.0000000000000000E+000 
                                     359                  9.9929172648495046E-001                  2.5767498465639999E-001                  5.0468416499997124E+000                 -2.3566112145978271E+000                  1.0763435213969943E+001                  6.9999999996235174E-001                  2.8000000003764841E-001                  1.9999999999999796E-002                  7.2154568976649522E-022                  0.0000000000000000E+000                  0.0000000000000000E+000 
                                     360                  9.9926730593332502E-001                  2.5748380449818470E-001                  5.0520120020009829E+000                 -2.3469931412460006E+000                  1.0778710758353750E+001                  6.9999999996235174E-001                  2.8000000003764841E-001                  1.9999999999999796E-002                  7.3854751918113996E-022                  0.0000000000000000E+000                  0.0000000000000000E+000 
                                     361                  9.9924205906202768E-001                  2.5729022740024804E-001                  5.0571854751855039E+000                 -2.3373796933560578E+000                  1.0793984067368900E+001                  6.9999999996235174E-001                  2.8000000003764841E-001                  1.9999999999999796E-002                  7.5594982998857015E-022                  0.0000000000000000E+000                  0.0000000000000000E+000 
                                     362                  9.9921595845109956E-001                  2.5709422201377752E-001                  5.0623624886550811E+000                 -2.3277712120938823E+000                  1.0809255229210271E+001                  6.9999999996235174E-001                  2.8000000003764841E-001                  1.9999999999999796E-002                  7.7376147469650162E-022                  0.0000000000000000E+000                  0.0000000000000000E+000 
                                     363                  9.9918897579472821E-001                  2.5689575640502277E-001                  5.0675434484147459E+000                 -2.3181680037909187E+000                  1.0824524329928344E+001                  6.9999999996235174E-001                  2.8000000003764841E-001                  1.9999999999999796E-002                  7.9199153933523639E-022                  0.0000000000000000E+000                  0.0000000000000000E+000 
                                     364                  9.9916108187374386E-001                  2.5669479805738477E-001                  5.0727287503611178E+000                 -2.3085703416139012E+000                  1.0839791453518208E+001                  6.9999999996235174E-001                  2.8000000003764841E-001                  1.9999999999999796E-002                  8.1064935011037785E-022                  0.0000000000000000E+000                  0.0000000000000000E+000 
                                     365                  9.9913224652730703E-001                  2.5649131387332103E-001                  5.0779187818049420E+000                 -2.2989784856627673E+000                  1.0855056682008694E+001                  6.9999999996235174E-001                  2.8000000003764841E-001                  1.9999999999999796E-002                  8.2974444300500930E-022                  0.0000000000000000E+000                  0.0000000000000000E+000 
                                     366                  9.9910243862376136E-001                  2.5628527016730240E-001                  5.0831139213007788E+000                 -2.2893926830239235E+000                  1.0870320095553218E+001                  6.9999999996235174E-001                  2.8000000003764841E-001                  1.9999999999999796E-002                  8.4928656943653409E-022                  0.0000000000000000E+000                  0.0000000000000000E+000 
                                     367                  9.9907162603063282E-001                  2.5607663265872199E-001                  5.0883145375688201E+000                 -2.2798131590092536E+000                  1.0885581772522009E+001                  6.9999999996235174E-001                  2.8000000003764841E-001                  1.9999999999999796E-002                  8.6928572074217850E-022                  0.0000000000000000E+000                  0.0000000000000000E+000 
                                     368                  9.9903977558374690E-001                  2.5586536646907398E-001                  5.0935209878141867E+000                 -2.2702401168361610E+000                  1.0900841789588789E+001                  6.9999999996235174E-001                  2.8000000003764841E-001                  1.9999999999999796E-002                  8.8975213730692109E-022                  0.0000000000000000E+000                  0.0000000000000000E+000 
                                     369                  9.9900685305547055E-001                  2.5565143611973890E-001                  5.0987336168385822E+000                 -2.2606737421841636E+000                  1.0916100221797549E+001                  6.9999999996235174E-001                  2.8000000003764841E-001                  1.9999999999999796E-002                  9.1069630739086169E-022                  0.0000000000000000E+000                  0.0000000000000000E+000 
                                     370                  9.9897282312209390E-001                  2.5543480552820902E-001                  5.1039527571862644E+000                 -2.2511142047651318E+000                  1.0931357142612212E+001                  6.9999999996235174E-001                  2.8000000003764841E-001                  1.9999999999999796E-002                  9.3212897170403801E-022                  0.0000000000000000E+000                  0.0000000000000000E+000 
                                     371                  9.9893764933029394E-001                  2.5521543800386692E-001                  5.1091787311508030E+000                 -2.2415616715124784E+000                  1.0946612623963997E+001                  6.9999999996235174E-001                  2.8000000003764841E-001                  1.9999999999999796E-002                  9.5406110083486791E-022                  0.0000000000000000E+000                  0.0000000000000000E+000 
                                     372                  9.9890129406263972E-001                  2.5499329623719008E-001                  5.1144118537896333E+000                 -2.2320163026501922E+000                  1.0961866736302156E+001                  6.9999999996235174E-001                  2.8000000003764841E-001                  1.9999999999999796E-002                  9.7650390933814581E-022                  0.0000000000000000E+000                  0.0000000000000000E+000 
                                     373                  9.9886371850210809E-001                  2.5476834229071665E-001                  5.1196524339982572E+000                 -2.2224782459126295E+000                  1.0977119548648362E+001                  6.9999999996235174E-001                  2.8000000003764841E-001                  1.9999999999999796E-002                  9.9946887577837729E-022                  0.0000000000000000E+000                  0.0000000000000000E+000 
                                     374                  9.9882488259558821E-001                  2.5454053759290951E-001                  5.1249007749828985E+000                 -2.2129476425415429E+000                  1.0992371128654124E+001                  6.9999999996235174E-001                  2.8000000003764841E-001                  1.9999999999999796E-002                  1.0229677356039491E-021                  0.0000000000000000E+000                  0.0000000000000000E+000 
                                     375                  9.9878474501634229E-001                  2.5430984292888281E-001                  5.1301571767203642E+000                 -2.2034246532937209E+000                  1.1007621542662045E+001                  6.9999999996235174E-001                  2.8000000003764841E-001                  1.9999999999999796E-002                  1.0470124210470115E-021                  0.0000000000000000E+000                  0.0000000000000000E+000 
                                     376                  9.9874326312539863E-001                  2.5407621841694417E-001                  5.1354219384934678E+000                 -2.1939094420042404E+000                  1.1022870855771686E+001                  6.9999999996235185E-001                  2.8000000003764841E-001                  1.9999999999999796E-002                  1.0716151026885546E-021                  0.0000000000000000E+000                  0.0000000000000000E+000 
                                     377                  9.9870039293184931E-001                  2.5383962349307526E-001                  5.1406953592307163E+000                 -2.1844021669735518E+000                  1.1038119131898121E+001                  6.9999999996235185E-001                  2.8000000003764841E-001                  1.9999999999999796E-002                  1.0967882158948520E-021                  0.0000000000000000E+000                  0.0000000000000000E+000 
                                     378                  9.9865608905208625E-001                  2.5360001689994333E-001                  5.1459777356831040E+000                 -2.1749029908386119E+000                  1.1053366433810842E+001                  6.9999999996235185E-001                  2.8000000003764841E-001                  1.9999999999999796E-002                  1.1225444398447447E-021                  0.0000000000000000E+000                  0.0000000000000000E+000 
                                     379                  9.9861030466796741E-001                  2.5335735667059256E-001                  5.1512693563600367E+000                 -2.1654120951737945E+000                  1.1068612823162766E+001                  6.9999999996235185E-001                  2.8000000003764841E-001                  1.9999999999999796E-002                  1.1488966595354014E-021                  0.0000000000000000E+000                  0.0000000000000000E+000 
                                     380                  9.9856299148383632E-001                  2.5311160010338241E-001                  5.1565704963475403E+000                 -2.1559296469764435E+000                  1.1083858360524049E+001                  6.9999999996235185E-001                  2.8000000003764841E-001                  1.9999999999999796E-002                  1.1758580602570454E-021                  0.0000000000000000E+000                  0.0000000000000000E+000 
                                     381                  9.9851409968234972E-001                  2.5286270375500536E-001                  5.1618814162677698E+000                 -2.1464557918671909E+000                  1.1099103105420513E+001                  6.9999999996235185E-001                  2.8000000003764841E-001                  1.9999999999999796E-002                  1.2034421568435117E-021                  0.0000000000000000E+000                  0.0000000000000000E+000 
                                     382                  9.9846357787908235E-001                  2.5261062343752083E-001                  5.1672023590225731E+000                 -2.1369906570640280E+000                  1.1114347116376354E+001                  6.9999999996235185E-001                  2.8000000003764841E-001                  1.9999999999999796E-002                  1.2316627967110938E-021                  0.0000000000000000E+000                  0.0000000000000000E+000 
                                     383                  9.9841137307587857E-001                  2.5235531421398161E-001                  5.1725335420846035E+000                 -2.1275343466767280E+000                  1.1129590450961100E+001                  6.9999999996235185E-001                  2.8000000003764841E-001                  1.9999999999999796E-002                  1.2605341859099994E-021                  0.0000000000000000E+000                  0.0000000000000000E+000 
                                     384                  9.9835743061291626E-001                  2.5209673039711511E-001                  5.1778751524939004E+000                 -2.1180869272875684E+000                  1.1144833165839866E+001                  6.9999999996235185E-001                  2.8000000003764841E-001                  1.9999999999999796E-002                  1.2900709485309820E-021                  0.0000000000000000E+000                  0.0000000000000000E+000 
                                     385                  9.9830169411945668E-001                  2.5183482555712888E-001                  5.1832273466815728E+000                 -2.1086484256615168E+000                  1.1160075316817062E+001                  6.9999999996235185E-001                  2.8000000003764841E-001                  1.9999999999999796E-002                  1.3202881540664108E-021                  0.0000000000000000E+000                  0.0000000000000000E+000 
                                     386                  9.9824410546330511E-001                  2.5156955253227375E-001                  5.1885902511100408E+000                 -2.0992188084449110E+000                  1.1175316958860014E+001                  6.9999999996235185E-001                  2.8000000003764841E-001                  1.9999999999999796E-002                  1.3512014066932529E-021                  0.0000000000000000E+000                  0.0000000000000000E+000 
                                     387                  9.9818460469900572E-001                  2.5130086345365676E-001                  5.1939639633357224E+000                 -2.0897979907731896E+000                  1.1190558146107564E+001                  6.9999999996235185E-001                  2.8000000003764841E-001                  1.9999999999999796E-002                  1.3828268472719417E-021                  0.0000000000000000E+000                  0.0000000000000000E+000 
                                     388                  9.9812313001466302E-001                  2.5102870976685593E-001                  5.1993485523419096E+000                 -2.0803858551100594E+000                  1.1205798931878812E+001                  6.9999999996235185E-001                  2.8000000003764841E-001                  1.9999999999999796E-002                  1.4151811174112857E-021                  0.0000000000000000E+000                  0.0000000000000000E+000 
                                     389                  9.9805961767733564E-001                  2.5075304224342027E-001                  5.2047440590293093E+000                 -2.0709822432527978E+000                  1.1221039368686734E+001                  6.9999999996235185E-001                  2.8000000003764841E-001                  1.9999999999999796E-002                  1.4482814113936984E-021                  0.0000000000000000E+000                  0.0000000000000000E+000 
                                     390                  9.9799400197696420E-001                  2.5047381099860955E-001                  5.2101505006927367E+000                 -2.0615869169670367E+000                  1.1236279508255862E+001                  6.9999999996235185E-001                  2.8000000003764841E-001                  1.9999999999999796E-002                  1.4821456478548440E-021                  0.0000000000000000E+000                  0.0000000000000000E+000 
                                     391                  9.9792621516879643E-001                  2.5019096553632325E-001                  5.2155678761037398E+000                 -2.0521996016203881E+000                  1.1251519401540129E+001                  6.9999999996235185E-001                  2.8000000003764841E-001                  1.9999999999999796E-002                  1.5167923536920531E-021                  0.0000000000000000E+000                  0.0000000000000000E+000 
                                     392                  9.9785618741427173E-001                  2.4990445476848874E-001                  5.2209961662145110E+000                 -2.0428200077618253E+000                  1.1266759098742741E+001                  6.9999999996235185E-001                  2.8000000003764841E-001                  1.9999999999999796E-002                  1.5522406117361912E-021                  0.0000000000000000E+000                  0.0000000000000000E+000 
                                     393                  9.9778384672034470E-001                  2.4961422702159261E-001                  5.2264353366646388E+000                 -2.0334478101346347E+000                  1.1281998649328566E+001                  6.9999999996235185E-001                  2.8000000003764841E-001                  1.9999999999999796E-002                  1.5885101648611745E-021                  0.0000000000000000E+000                  0.0000000000000000E+000 
                                     394                  9.9770911887730040E-001                  2.4932023005846637E-001                  5.2318853480118648E+000                 -2.0240826280076005E+000                  1.1297238102020660E+001                  6.9999999996235185E-001                  2.8000000003764841E-001                  1.9999999999999796E-002                  1.6256215276257446E-021                  0.0000000000000000E+000                  0.0000000000000000E+000 
                                     395                  9.9763192739501971E-001                  2.4902241111552545E-001                  5.2373461632959177E+000                 -2.0147240856631532E+000                  1.1312477504790570E+001                  6.9999999996235185E-001                  2.8000000003764841E-001                  1.9999999999999796E-002                  1.6635957818925426E-021                  0.0000000000000000E+000                  0.0000000000000000E+000 
                                     396                  9.9755219343757850E-001                  2.4872071690054545E-001                  5.2428177475490827E+000                 -2.0053718204463609E+000                  1.1327716904857542E+001                  6.9999999996235185E-001                  2.8000000003764841E-001                  1.9999999999999796E-002                  1.7024545597193703E-021                  0.0000000000000000E+000                  0.0000000000000000E+000 
                                     397                  9.9746983575612813E-001                  2.4841509358460367E-001                  5.2483000754505076E+000                 -1.9960254827982751E+000                  1.1342956348698195E+001                  6.9999999996235185E-001                  2.8000000003764841E-001                  1.9999999999999796E-002                  1.7422200564041727E-021                  0.0000000000000000E+000                  0.0000000000000000E+000 
                                     398                  9.9738477062001629E-001                  2.4810548679344013E-001                  5.2537931473822530E+000                 -1.9866847544071506E+000                  1.1358195882066958E+001                  6.9999999996235185E-001                  2.8000000003764841E-001                  1.9999999999999796E-002                  1.7829149638715778E-021                  0.0000000000000000E+000                  0.0000000000000000E+000 
                                     399                  9.9729691174609292E-001                  2.4779184158505449E-001                  5.2592969958223357E+000                 -1.9773493643084588E+000                  1.1373435550028741E+001                  6.9999999996235185E-001                  2.8000000003764847E-001                  1.9999999999999685E-002                  1.8245624020326110E-021                  0.0000000000000000E+000                  0.0000000000000000E+000 
                                     400                  9.9720617022616276E-001                  2.4747410241400714E-001                  5.2648116823315174E+000                 -1.9680191068511814E+000                  1.1388675397000316E+001                  6.9999999996235185E-001                  2.8000000003764847E-001                  1.9999999999999685E-002                  1.8671858305840758E-021                  0.0000000000000000E+000                  0.0000000000000000E+000 
                                     401                  9.9711245445258900E-001                  2.4715221308015436E-001                  5.2703372955562111E+000                 -1.9586939379370987E+000                  1.1403915466794233E+001                  6.9999999996235185E-001                  2.8000000003764847E-001                  1.9999999999999685E-002                  1.9108085771792528E-021                  0.0000000000000000E+000                  0.0000000000000000E+000 
                                     402                  9.9701567004205627E-001                  2.4682611660196938E-001                  5.2758739508166084E+000                 -1.9493738864062882E+000                  1.1419155802677702E+001                  6.9999999996235185E-001                  2.8000000003764847E-001                  1.9999999999999685E-002                  1.9554541940518417E-021                  0.0000000000000000E+000                  0.0000000000000000E+000 
                                     403                  9.9691571975738791E-001                  2.4649575514903632E-001                  5.2814217897543827E+000                 -1.9400590079732594E+000                  1.1434396447445323E+001                  6.9999999996235185E-001                  2.8000000003764847E-001                  1.9999999999999685E-002                  2.0011466592575172E-021                  0.0000000000000000E+000                  0.0000000000000000E+000 
                                     404                  9.9681250342734362E-001                  2.4616107000579962E-001                  5.2869809681112026E+000                 -1.9307494849341436E+000                  1.1449637443503924E+001                  6.9999999996235185E-001                  2.8000000003764847E-001                  1.9999999999999685E-002                  2.0479098672376837E-021                  0.0000000000000000E+000                  0.0000000000000000E+000 
                                     405                  9.9670591786433138E-001                  2.4582200145534269E-001                  5.2925516225828906E+000                 -1.9214456851181476E+000                  1.1464878832981398E+001                  6.9999999996235185E-001                  2.8000000003764847E-001                  1.9999999999999685E-002                  2.0957672576053824E-021                  0.0000000000000000E+000                  0.0000000000000000E+000 
                                     406                  9.9659585677997320E-001                  2.4547848860899713E-001                  5.2981338497848620E+000                 -1.9121479343627574E+000                  1.1480120657868788E+001                  6.9999999996235185E-001                  2.8000000003764847E-001                  1.9999999999999685E-002                  2.1447429213496209E-021                  0.0000000000000000E+000                  0.0000000000000000E+000 
                                     407                  9.9648221069843146E-001                  2.4513046940736702E-001                  5.3037277085193972E+000                 -1.9028565024743802E+000                  1.1495362960175008E+001                  6.9999999996235185E-001                  2.8000000003764847E-001                  1.9999999999999685E-002                  2.4598035399557110E-021                  0.0000000000000000E+000                  0.0000000000000000E+000 
                                     408                  9.9636486686739556E-001                  2.4477788063353167E-001                  5.3093332088138334E+000                 -1.8935716883282694E+000                  1.1510605782081395E+001                  6.9999999996235185E-001                  2.8000000003764847E-001                  1.9999999999999685E-002                  3.1873334291893423E-021                  0.0000000000000000E+000                  0.0000000000000000E+000 
                                     409                  9.9624370916685312E-001                  2.4442065785824263E-001                  5.3149502908150232E+000                 -1.8842937664244035E+000                  1.1525849166093002E+001                  6.9999999996235185E-001                  2.8000000003764847E-001                  1.9999999999999685E-002                  4.1276232402482999E-021                  0.0000000000000000E+000                  0.0000000000000000E+000 
                                     410                  9.9611861801560475E-001                  2.4405873542719464E-001                  5.3205788186907403E+000                 -1.8750229151835858E+000                  1.1541093155183928E+001                  6.9999999996235185E-001                  2.8000000003764847E-001                  1.9999999999999685E-002                  5.3421318706040749E-021                  0.0000000000000000E+000                  0.0000000000000000E+000 
                                     411                  9.9598947027542895E-001                  2.4369204650915530E-001                  5.3262185888207281E+000                 -1.8657591932529145E+000                  1.1556337792932732E+001                  6.9999999996235185E-001                  2.8000000003764847E-001                  1.9999999999999685E-002                  6.9098187296498443E-021                  0.0000000000000000E+000                  0.0000000000000000E+000 
                                     412                  9.9585613915282034E-001                  2.4332052316874039E-001                  5.3318693481514794E+000                 -1.8565025083888587E+000                  1.1571583123648031E+001                  6.9999999996235185E-001                  2.8000000003764847E-001                  1.9999999999999685E-002                  8.9320478589184242E-021                  0.0000000000000000E+000                  0.0000000000000000E+000 
                                     413                  9.9571849409820679E-001                  2.4294409647206255E-001                  5.3375308078356944E+000                 -1.8472527206231086E+000                  1.1586829192495564E+001                  6.9999999996235185E-001                  2.8000000003764847E-001                  1.9999999999999685E-002                  1.1538838905914337E-020                  0.0000000000000000E+000                  0.0000000000000000E+000 
                                     414                  9.9557640070232856E-001                  2.4256269650898940E-001                  5.3432026442617566E+000                 -1.8380096544678648E+000                  1.1602076045643519E+001                  6.9999999996235185E-001                  2.8000000003764847E-001                  1.9999999999999685E-002                  1.4896825362730863E-020                  0.0000000000000000E+000                  0.0000000000000000E+000 
                                     415                  9.9542972058980617E-001                  2.4217625240629684E-001                  5.3488845110541288E+000                 -1.8287730055907605E+000                  1.1617323730397041E+001                  6.9999999996235185E-001                  2.8000000003764847E-001                  1.9999999999999685E-002                  1.9219390201382555E-020                  0.0000000000000000E+000                  0.0000000000000000E+000 
                                     416                  9.9527831131024491E-001                  2.4178469242732989E-001                  5.3545760615268341E+000                 -1.8195423867337728E+000                  1.1632572295290975E+001                  6.9999999996235185E-001                  2.8000000003764847E-001                  1.9999999999999685E-002                  2.4779563808943939E-020                  0.0000000000000000E+000                  0.0000000000000000E+000 
                                     417                  9.9512202622681156E-001                  2.4138794403773872E-001                  5.3602769577890470E+000                 -1.8103174324422899E+000                  1.1647821790150628E+001                  6.9999999996235185E-001                  2.8000000003764847E-001                  1.9999999999999685E-002                  3.1926407122255327E-020                  0.0000000000000000E+000                  0.0000000000000000E+000 
                                     418                  9.9496071440222711E-001                  2.4098593387965161E-001                  5.3659869265198203E+000                 -1.8010976888436994E+000                  1.1663072415581908E+001                  6.9999999996235185E-001                  2.8000000003764847E-001                  1.9999999999999685E-002                  4.1105910425490578E-020                  0.0000000000000000E+000                  0.0000000000000000E+000 
                                     419                  9.9479421721310834E-001                  2.4057857983904979E-001                  5.3717056470217619E+000                 -1.7918827446311265E+000                  1.1678324215384364E+001                  6.9999999996235185E-001                  2.8000000003764847E-001                  1.9999999999999685E-002                  5.2887257706260290E-020                  0.0000000000000000E+000                  0.0000000000000000E+000 
                                     420                  9.9462237793240971E-001                  2.4016581490132435E-001                  5.3774327667715482E+000                 -1.7826722893342846E+000                  1.1693577093893547E+001                  6.9999999996235185E-001                  2.8000000003764847E-001                  1.9999999999999685E-002                  6.7996185011859955E-020                  0.0000000000000000E+000                  0.0000000000000000E+000 
                                     421                  9.9444503200590972E-001                  2.3974756327716534E-001                  5.3831680085167841E+000                 -1.7734659512123609E+000                  1.1708831106918417E+001                  6.9999999996235185E-001                  2.8000000003764847E-001                  1.9999999999999685E-002                  8.7357542909482052E-020                  0.0000000000000000E+000                  0.0000000000000000E+000 
                                     422                  9.9426201009365744E-001                  2.3932374833438977E-001                  5.3889111133268139E+000                 -1.7642633702702162E+000                  1.1724086311812561E+001                  6.9999999996235185E-001                  2.8000000003764847E-001                  1.9999999999999685E-002                  1.1214881157767067E-019                  0.0000000000000000E+000                  0.0000000000000000E+000 
                                     423                  9.9407313794158014E-001                  2.3889429258027195E-001                  5.3946618392537067E+000                 -1.7550641958247006E+000                  1.1739342767473440E+001                  6.9999999996235185E-001                  2.8000000003764847E-001                  1.9999999999999685E-002                  1.4386784723817738E-019                  0.0000000000000000E+000                  0.0000000000000000E+000 
                                     424                  9.9387823625053240E-001                  2.3845911764661426E-001                  5.4004199608918286E+000                 -1.7458680992694855E+000                  1.1754600534303885E+001                  6.9999999996235185E-001                  2.8000000003764847E-001                  1.9999999999999685E-002                  1.8441844510611424E-019                  0.0000000000000000E+000                  0.0000000000000000E+000 
                                     425                  9.9367712054279989E-001                  2.3801814426231974E-001                  5.4061852688675192E+000                 -1.7366747730195695E+000                  1.1769859674153546E+001                  6.9999999996235185E-001                  2.8000000003764847E-001                  1.9999999999999685E-002                  2.3621831543580273E-019                  0.0000000000000000E+000                  0.0000000000000000E+000 
                                     426                  9.9346960102571991E-001                  2.3757129222583306E-001                  5.4119575676167200E+000                 -1.7274839249441174E+000                  1.1785120250276476E+001                  6.9999999996235174E-001                  2.8000000003764847E-001                  1.9999999999999796E-002                  3.0233520767737892E-019                  0.0000000000000000E+000                  0.0000000000000000E+000 
                                     427                  9.9325548245177542E-001                  2.3711848038095304E-001                  5.4177366734397419E+000                 -1.7182952779499925E+000                  1.1800382327301710E+001                  6.9999999996235174E-001                  2.8000000003764847E-001                  1.9999999999999796E-002                  3.8665836929659212E-019                  0.0000000000000000E+000                  0.0000000000000000E+000 
                                     428                  9.9303456397570833E-001                  2.3665962659224496E-001                  5.4235224143308409E+000                 -1.7091085704229880E+000                  1.1815645971177357E+001                  6.9999999996235174E-001                  2.8000000003764847E-001                  1.9999999999999796E-002                  4.9411434885280610E-019                  0.0000000000000000E+000                  0.0000000000000000E+000 
                                     429                  9.9280663900912169E-001                  2.3619464772019763E-001                  5.4293146290007916E+000                 -1.6999235549931013E+000                  1.1830911249071143E+001                  6.9999999996235174E-001                  2.8000000003764847E-001                  1.9999999999999796E-002                  6.3093834304808228E-019                  0.0000000000000000E+000                  0.0000000000000000E+000 
                                     430                  9.9257149507271469E-001                  2.3572345959807239E-001                  5.4351131650662179E+000                 -1.6907399959096012E+000                  1.1846178229225959E+001                  6.9999999996235174E-001                  2.8000000003764847E-001                  1.9999999999999796E-002                  8.0501507151585750E-019                  0.0000000000000000E+000                  0.0000000000000000E+000 
                                     431                  9.9232891364627729E-001                  2.3524597701220376E-001                  5.4409178783757453E+000                 -1.6815576682677911E+000                  1.1861446980782297E+001                  6.9999999996235174E-001                  2.8000000003764847E-001                  1.9999999999999796E-002                  1.0263066410242409E-018                  0.0000000000000000E+000                  0.0000000000000000E+000 
                                     432                  9.9207867001619410E-001                  2.3476211368326769E-001                  5.4467286328277904E+000                 -1.6723763584720470E+000                  1.1876717573605033E+001                  6.9999999996235174E-001                  2.8000000003764847E-001                  1.9999999999999796E-002                  1.3073891368816467E-018                  0.0000000000000000E+000                  0.0000000000000000E+000 
                                     433                  9.9182053311966090E-001                  2.3427178224563031E-001                  5.4525452991778494E+000                 -1.6631958633036856E+000                  1.1891990078123563E+001                  6.9999999996235174E-001                  2.8000000003764847E-001                  1.9999999999999796E-002                  1.6641249090648873E-018                  0.0000000000000000E+000                  0.0000000000000000E+000 
                                     434                  9.9155426538609637E-001                  2.3377489422722414E-001                  5.4583677540547280E+000                 -1.6540159874510365E+000                  1.1907264565153346E+001                  6.9999999996235174E-001                  2.8000000003764847E-001                  1.9999999999999796E-002                  2.1165041499127119E-018                  0.0000000000000000E+000                  0.0000000000000000E+000 
                                     435                  9.9127962257633240E-001                  2.3327136003290561E-001                  5.4641958799708279E+000                 -1.6448365436404890E+000                  1.1922541105681219E+001                  6.9999999996235174E-001                  2.8000000003764847E-001                  1.9999999999999796E-002                  2.6896975300957759E-018                  0.0000000000000000E+000                  0.0000000000000000E+000 
                                     436                  9.9099635361981309E-001                  2.3276108892868078E-001                  5.4700295651630562E+000                 -1.6356573535620271E+000                  1.1937819770610206E+001                  6.9999999996235174E-001                  2.8000000003764847E-001                  1.9999999999999796E-002                  3.4153715928712971E-018                  0.0000000000000000E+000                  0.0000000000000000E+000 
                                     437                  9.9070420045008134E-001                  2.3224398902618304E-001                  5.4758687032148732E+000                 -1.6264782469755543E+000                  1.1953100630470630E+001                  6.9999999996235174E-001                  2.8000000003764847E-001                  1.9999999999999796E-002                  4.3333310561891712E-018                  0.0000000000000000E+000                  0.0000000000000000E+000 
                                     438                  9.9040289783842983E-001                  2.3171996726901067E-001                  5.4817131929268372E+000                 -1.6172990611842712E+000                  1.1968383755129143E+001                  6.9999999996235174E-001                  2.8000000003764847E-001                  1.9999999999999796E-002                  5.4935675153758053E-018                  0.0000000000000000E+000                  0.0000000000000000E+000 
                                     439                  9.9009217322496756E-001                  2.3118892941913072E-001                  5.4875629386251719E+000                 -1.6081196419883248E+000                  1.1983669213505598E+001                  6.9999999996235174E-001                  2.8000000003764847E-001                  1.9999999999999796E-002                  6.9588129207476948E-018                  0.0000000000000000E+000                  0.0000000000000000E+000 
                                     440                  9.8977174654762567E-001                  2.3065078004230899E-001                  5.4934178509040157E+000                 -1.5989398450032759E+000                  1.1998957073278405E+001                  6.9999999996235174E-001                  2.8000000003764847E-001                  1.9999999999999796E-002                  8.8077195789618969E-018                  0.0000000000000000E+000                  0.0000000000000000E+000 
                                     441                  9.8944133006953916E-001                  2.3010542249261462E-001                  5.4992778470701857E+000                 -1.5897595358151531E+000                  1.2014247400568767E+001                  6.9999999996235174E-001                  2.8000000003764847E-001                  1.9999999999999796E-002                  1.1138816945278384E-017                  0.0000000000000000E+000                  0.0000000000000000E+000 
                                     442                  9.8910062820512479E-001                  2.2955275889762630E-001                  5.5051428512138356E+000                 -1.5805785906130521E+000                  1.2029540259591425E+001                  6.9999999996235174E-001                  2.8000000003764847E-001                  1.9999999999999796E-002                  1.4075430616730503E-017                  0.0000000000000000E+000                  0.0000000000000000E+000 
                                     443                  9.8874933734554782E-001                  2.2899269014449222E-001                  5.5110127950793224E+000                 -1.5713968990481355E+000                  1.2044835712274550E+001                  6.9999999996235174E-001                  2.8000000003764847E-001                  1.9999999999999796E-002                  1.7771792835863516E-017                  0.0000000000000000E+000                  0.0000000000000000E+000 
                                     444                  9.8838714568338326E-001                  2.2842511586323092E-001                  5.5168876190510234E+000                 -1.5622143642402122E+000                  1.2060133817877499E+001                  6.9999999996235174E-001                  2.8000000003764847E-001                  1.9999999999999796E-002                  2.2420627012657809E-017                  0.0000000000000000E+000                  0.0000000000000000E+000 
                                     445                  9.8801373303593931E-001                  2.2784993440952755E-001                  5.5227672721975027E+000                 -1.5530309026043385E+000                  1.2075434632617897E+001                  6.9999999996235174E-001                  2.8000000003764847E-001                  1.9999999999999796E-002                  2.8262553311186136E-017                  0.0000000000000000E+000                  0.0000000000000000E+000 
                                     446                  9.8762877066762811E-001                  2.2726704284764607E-001                  5.5286517119843088E+000                 -1.5438464490500099E+000                  1.2090738209300941E+001                  6.9999999996235174E-001                  2.8000000003764847E-001                  1.9999999999999796E-002                  3.5597742449768618E-017                  0.0000000000000000E+000                  0.0000000000000000E+000 
                                     447                  9.8723192111170777E-001                  2.2667633692630740E-001                  5.5345409039992104E+000                 -1.5346609565702767E+000                  1.2106044596937201E+001                  6.9999999996235174E-001                  2.8000000003764847E-001                  1.9999999999999796E-002                  4.4800344040134587E-017                  0.0000000000000000E+000                  0.0000000000000000E+000 
                                     448                  9.8682283799229742E-001                  2.2607771105567465E-001                  5.5404348217095230E+000                 -1.5254743902613206E+000                  1.2121353840327552E+001                  6.9999999996235174E-001                  2.8000000003764847E-001                  1.9999999999999796E-002                  5.6336335972248929E-017                  0.0000000000000000E+000                  0.0000000000000000E+000 
                                     449                  9.8640116584758752E-001                  2.2547105829415393E-001                  5.5463334454244020E+000                 -1.5162867317849056E+000                  1.2136665979631397E+001                  6.9999999996235174E-001                  2.8000000003764847E-001                  1.9999999999999796E-002                  7.0785584305857889E-017                  0.0000000000000000E+000                  0.0000000000000000E+000 
                                     450                  9.8596653995328865E-001                  2.2485627032895475E-001                  5.5522367587649128E+000                 -1.5070979869163590E+000                  1.2151981049951901E+001                  6.9999999996235174E-001                  2.8000000003764847E-001                  1.9999999999999796E-002                  8.8869076779594591E-017                  0.0000000000000000E+000                  0.0000000000000000E+000 
                                     451                  9.8551858614618171E-001                  2.2423323744487536E-001                  5.5581447456842508E+000                 -1.4979081673797292E+000                  1.2167299080946151E+001                  6.9999999996235174E-001                  2.8000000003764847E-001                  1.9999999999999796E-002                  1.1148252347839009E-016                  0.0000000000000000E+000                  0.0000000000000000E+000 
                                     452                  9.8505692064802308E-001                  2.2360184851779130E-001                  5.5640573900160941E+000                 -1.4887172887302600E+000                  1.2182620096442825E+001                  6.9999999996235174E-001                  2.8000000003764847E-001                  1.9999999999999796E-002                  1.3973777942927162E-016                  0.0000000000000000E+000                  0.0000000000000000E+000 
                                     453                  9.8458114989083234E-001                  2.2296199101239986E-001                  5.5699746721581000E+000                 -1.4795253811899087E+000                  1.2197944114040260E+001                  6.9999999996235174E-001                  2.8000000003764847E-001                  1.9999999999999796E-002                  1.7501384112754032E-016                  0.0000000000000000E+000                  0.0000000000000000E+000 
                                     454                  9.8409087034488774E-001                  2.2231355096637270E-001                  5.5758965640087172E+000                 -1.4703324782314051E+000                  1.2213271144697288E+001                  6.9999999996235174E-001                  2.8000000003764847E-001                  1.9999999999999796E-002                  2.1901957463700263E-016                  0.0000000000000000E+000                  0.0000000000000000E+000 
                                     455                  9.8358566834845307E-001                  2.2165641299141725E-001                  5.5818230274350720E+000                 -1.4611386059607072E+000                  1.2228601192350235E+001                  6.9999999996235174E-001                  2.8000000003764847E-001                  1.9999999999999796E-002                  2.7387082645204024E-016                  0.0000000000000000E+000                  0.0000000000000000E+000 
                                     456                  9.8306511993875378E-001                  2.2099046029042341E-001                  5.5877540142697253E+000                 -1.4519437847484837E+000                  1.2243934253566495E+001                  6.9999999996235174E-001                  2.8000000003764847E-001                  1.9999999999999796E-002                  3.4218512015331392E-016                  0.0000000000000000E+000                  0.0000000000000000E+000 
                                     457                  9.8252879068432231E-001                  2.2031557467278465E-001                  5.5936894650858973E+000                 -1.4427480305033882E+000                  1.2259270317224200E+001                  6.9999999996235174E-001                  2.8000000003764847E-001                  1.9999999999999796E-002                  4.2719782108463623E-016                  0.0000000000000000E+000                  0.0000000000000000E+000 
                                     458                  9.8197623551971525E-001                  2.1963163656923018E-001                  5.5996293081656496E+000                 -1.4335513530298813E+000                  1.2274609364198481E+001                  6.9999999996235174E-001                  2.8000000003764847E-001                  1.9999999999999796E-002                  5.3290450944167020E-016                  0.0000000000000000E+000                  0.0000000000000000E+000 
                                     459                  9.8140699858356761E-001                  2.1893852505144629E-001                  5.6055734598001772E+000                 -1.4243537537488091E+000                  1.2289951367063667E+001                  6.9999999996235174E-001                  2.8000000003764847E-001                  1.9999999999999796E-002                  6.6423532981356996E-016                  0.0000000000000000E+000                  0.0000000000000000E+000 
                                     460                  9.8082061305906798E-001                  2.1823611785617075E-001                  5.6115218264492324E+000                 -1.4151552191540213E+000                  1.2305296289837736E+001                  6.9999999996235174E-001                  2.8000000003764847E-001                  1.9999999999999796E-002                  8.2726834348933071E-016                  0.0000000000000000E+000                  0.0000000000000000E+000 
                                     461                  9.8021660101635733E-001                  2.1752429142018920E-001                  5.6174743068344011E+000                 -1.4059557339017112E+000                  1.2320644087780948E+001                  6.9999999996235174E-001                  2.8000000003764847E-001                  1.9999999999999796E-002                  1.0294903078679044E-015                  0.0000000000000000E+000                  0.0000000000000000E+000 
                                     462                  9.7959447325651727E-001                  2.1680292089382822E-001                  5.6234307920853368E+000                 -1.3967552842914399E+000                  1.2335994707244820E+001                  6.9999999996235174E-001                  2.8000000003764847E-001                  1.9999999999999796E-002                  1.2801151026099752E-015                  0.0000000000000000E+000                  0.0000000000000000E+000 
                                     463                  9.7895372915806589E-001                  2.1607188014821782E-001                  5.6293911670363093E+000                 -1.3875538481296281E+000                  1.2351348085554699E+001                  6.9999999996235174E-001                  2.8000000003764847E-001                  1.9999999999999796E-002                  1.5904723045440490E-015                  0.0000000000000000E+000                  0.0000000000000000E+000 
                                     464                  9.7829385652661516E-001                  2.1533104179955551E-001                  5.6353553128772491E+000                 -1.3783514005836373E+000                  1.2366704150929221E+001                  6.9999999996235174E-001                  2.8000000003764847E-001                  1.9999999999999796E-002                  1.9744809136900061E-015                  0.0000000000000000E+000                  0.0000000000000000E+000 
                                     465                  9.7761433144686538E-001                  2.1458027722286438E-001                  5.6413231081525002E+000                 -1.3691479253308367E+000                  1.2382062822461840E+001                  6.9999999996235174E-001                  2.8000000003764847E-001                  1.9999999999999796E-002                  2.4492262254373986E-015                  0.0000000000000000E+000                  0.0000000000000000E+000 
                                     466                  9.7691461813578651E-001                  2.1381945654365517E-001                  5.6472944288938889E+000                 -1.3599434101507055E+000                  1.2397424010179387E+001                  6.9999999996235174E-001                  2.8000000003764847E-001                  1.9999999999999796E-002                  3.0356617461005704E-015                  0.0000000000000000E+000                  0.0000000000000000E+000 
                                     467                  9.7619416879669940E-001                  2.1304844863308953E-001                  5.6532691499343253E+000                 -1.3507378428488039E+000                  1.2412787615152885E+001                  6.9999999996235174E-001                  2.8000000003764847E-001                  1.9999999999999796E-002                  3.7594625960186002E-015                  0.0000000000000000E+000                  0.0000000000000000E+000 
                                     468                  9.7545242347623873E-001                  2.1226712110869245E-001                  5.6592471459745468E+000                 -1.3415312207274384E+000                  1.2428153529640845E+001                  6.9999999996235174E-001                  2.8000000003764847E-001                  1.9999999999999796E-002                  4.6520619433746331E-015                  0.0000000000000000E+000                  0.0000000000000000E+000 
                                     469                  9.7468880992379670E-001                  2.1147534031578943E-001                  5.6652282916384298E+000                 -1.3323235509167528E+000                  1.2443521637287541E+001                  6.9999999996235174E-001                  2.8000000003764847E-001                  1.9999999999999796E-002                  5.7519085877851936E-015                  0.0000000000000000E+000                  0.0000000000000000E+000 
                                     470                  9.7390274345182093E-001                  2.1067297130324580E-001                  5.6712124618347373E+000                 -1.3231148466658997E+000                  1.2458891813395544E+001                  6.9999999996235174E-001                  2.8000000003764847E-001                  1.9999999999999796E-002                  7.1059916266387345E-015                  0.0000000000000000E+000                  0.0000000000000000E+000 
                                     471                  9.7309362679613076E-001                  2.0985987780008183E-001                  5.6771995323237254E+000                 -1.3139051298956030E+000                  1.2474263925249611E+001                  6.9999999996235174E-001                  2.8000000003764847E-001                  1.9999999999999796E-002                  8.7716871251633400E-015                  0.0000000000000000E+000                  0.0000000000000000E+000 
                                     472                  9.7226084997853190E-001                  2.0903592218391390E-001                  5.6831893799676099E+000                 -1.3046944325688243E+000                  1.2489637832466435E+001                  6.9999999996235174E-001                  2.8000000003764847E-001                  1.9999999999999796E-002                  1.0818992712453362E-014                  0.0000000000000000E+000                  0.0000000000000000E+000 
                                     473                  9.7140379017172540E-001                  2.0820096544282893E-001                  5.6891818828044638E+000                 -1.2954827957907595E+000                  1.2505013387385203E+001                  6.9999999996235174E-001                  2.8000000003764847E-001                  1.9999999999999796E-002                  1.3333229141771306E-014                  0.0000000000000000E+000                  0.0000000000000000E+000 
                                     474                  9.7052181156470319E-001                  2.0735486713298781E-001                  5.6951769201410247E+000                 -1.2862702691270040E+000                  1.2520390435515710E+001                  6.9999999996235174E-001                  2.8000000003764847E-001                  1.9999999999999796E-002                  1.6418303401337060E-014                  0.0000000000000000E+000                  0.0000000000000000E+000 
                                     475                  9.6961426522789362E-001                  2.0649748533084264E-001                  5.7011743727755837E+000                 -1.2770569106717462E+000                  1.2535768816027257E+001                  6.9999999996235174E-001                  2.8000000003764847E-001                  1.9999999999999796E-002                  2.0200646531675819E-014                  0.0000000000000000E+000                  0.0000000000000000E+000 
                                     476                  9.6868048897977388E-001                  2.0562867658024375E-001                  5.7071741231492590E+000                 -1.2678427867292696E+000                  1.2551148362258733E+001                  6.9999999996235185E-001                  2.8000000003764847E-001                  1.9999999999999685E-002                  2.4833961271963511E-014                  0.0000000000000000E+000                  0.0000000000000000E+000 
                                     477                  9.6771980725489970E-001                  2.0474829583494089E-001                  5.7131760551837667E+000                 -1.2586279710081285E+000                  1.2566528902262039E+001                  6.9999999996235185E-001                  2.8000000003764847E-001                  1.9999999999999685E-002                  3.0504940618313081E-014                  0.0000000000000000E+000                  0.0000000000000000E+000 
                                     478                  9.6673153097140663E-001                  2.0385619639566030E-001                  5.7191800542512530E+000                 -1.2494125438405914E+000                  1.2581910259393563E+001                  6.9999999996235185E-001                  2.8000000003764847E-001                  1.9999999999999685E-002                  3.7440149750949204E-014                  0.0000000000000000E+000                  0.0000000000000000E+000 
                                     479                  9.6571495739716839E-001                  2.0295222984108111E-001                  5.7251860074984995E+000                 -1.2401965917517159E+000                  1.2597292252943143E+001                  6.9999999996235174E-001                  2.8000000003764847E-001                  1.9999999999999796E-002                  4.5914300798004029E-014                  0.0000000000000000E+000                  0.0000000000000000E+000 
                                     480                  9.6466937001554698E-001                  2.0203624595302450E-001                  5.7311938041574226E+000                 -1.2309802065214743E+000                  1.2612674698789363E+001                  6.9999999996235174E-001                  2.8000000003764847E-001                  1.9999999999999796E-002                  5.6260193223318111E-014                  0.0000000000000000E+000                  0.0000000000000000E+000 
                                     481                  9.6359403839015667E-001                  2.0110809263640617E-001                  5.7372033357889354E+000                 -1.2217634851512125E+000                  1.2628057410095419E+001                  6.9999999996235174E-001                  2.8000000003764847E-001                  1.9999999999999796E-002                  6.8880644119563624E-014                  0.0000000000000000E+000                  0.0000000000000000E+000 
                                     482                  9.6248821802614049E-001                  2.0016761583006482E-001                  5.7432144965643968E+000                 -1.2125465296696856E+000                  1.2643440198057721E+001                  6.9999999996235174E-001                  2.8000000003764847E-001                  1.9999999999999796E-002                  8.4262794159445779E-014                  0.0000000000000000E+000                  0.0000000000000000E+000 
                                     483                  9.6135115022713025E-001                  1.9921465940829128E-001                  5.7492271840111142E+000                 -1.2033294474237231E+000                  1.2658822872699171E+001                  6.9999999996235174E-001                  2.8000000003764847E-001                  1.9999999999999796E-002                  1.0299524822916918E-013                  0.0000000000000000E+000                  0.0000000000000000E+000 
                                     484                  9.6018206194790856E-001                  1.9824906507212767E-001                  5.7552413001071745E+000                 -1.1941123510511564E+000                  1.2674205243704492E+001                  6.9999999996235174E-001                  2.8000000003764847E-001                  1.9999999999999796E-002                  1.2578859549043767E-013                  0.0000000000000000E+000                  0.0000000000000000E+000 
                                     485                  9.5898016564117461E-001                  1.9727067223001979E-001                  5.7612567518991353E+000                 -1.1848953577825327E+000                  1.2689587121311904E+001                  6.9999999996235174E-001                  2.8000000003764847E-001                  1.9999999999999796E-002                  1.5349995209102163E-013                  0.0000000000000000E+000                  0.0000000000000000E+000 
                                     486                  9.5774465909563244E-001                  1.9627931786726174E-001                  5.7672734513957034E+000                 -1.1756785905317368E+000                  1.2704968317266969E+001                  6.9999999996235174E-001                  2.8000000003764847E-001                  1.9999999999999796E-002                  1.8716228640578067E-013                  0.0000000000000000E+000                  0.0000000000000000E+000 
                                     487                  9.5647472526442590E-001                  1.9527483639981222E-001                  5.7732913148568175E+000                 -1.1664621782006150E+000                  1.2720348645833079E+001                  6.9999999996235174E-001                  2.8000000003764847E-001                  1.9999999999999796E-002                  2.2801942649485551E-013                  0.0000000000000000E+000                  0.0000000000000000E+000 
                                     488                  9.5516953208276656E-001                  1.9425705951353101E-001                  5.7793102624976482E+000                 -1.1572462496662106E+000                  1.2735727924858072E+001                  6.9999999996235174E-001                  2.8000000003764847E-001                  1.9999999999999796E-002                  2.7756782215679197E-013                  0.0000000000000000E+000                  0.0000000000000000E+000 
                                     489                  9.5382823227276947E-001                  1.9322581600265767E-001                  5.7868734762561527E+000                 -1.1457215809279651E+000                  1.2754995639389477E+001                  6.9999999996235174E-001                  2.8000000003764847E-001                  1.9999999999999796E-002                  3.5489289595841701E-013                  0.0000000000000000E+000                  0.0000000000000000E+000 
                                     490                  9.5174669119770006E-001                  1.9165328168474188E-001                  5.7951322164796935E+000                 -1.1330560422411105E+000                  1.2776112243930214E+001                  6.9999999996235174E-001                  2.8000000003764847E-001                  1.9999999999999796E-002                  4.6351666415585183E-013                  0.0000000000000000E+000                  0.0000000000000000E+000 
                                     491                  9.4994638381314145E-001                  1.9031897046715759E-001                  5.8018904909692202E+000                 -1.1226940364072224E+000                  1.2793387720746578E+001                  6.9999999996235174E-001                  2.8000000003764847E-001                  1.9999999999999796E-002                  5.7603961888270253E-013                  0.0000000000000000E+000                  0.0000000000000000E+000 
                                     492                  9.4846187205198262E-001                  1.8923564465625356E-001                  5.8079135558754329E+000                 -1.1134820641429497E+000                  1.2808759721472883E+001                  6.9999999996235174E-001                  2.8000000003764847E-001                  1.9999999999999796E-002                  6.9849527329752609E-013                  0.0000000000000000E+000                  0.0000000000000000E+000 
                                     493                  9.4693701436963351E-001                  1.8813799378662549E-001                  5.8139372574654029E+000                 -1.1042712103090264E+000                  1.2824129754386457E+001                  6.9999999996235174E-001                  2.8000000003764847E-001                  1.9999999999999796E-002                  8.4629325098891005E-013                  0.0000000000000000E+000                  0.0000000000000000E+000 
                                     494                  9.4537087137715303E-001                  1.8702582635996473E-001                  5.8199615092645614E+000                 -1.0950615387317055E+000                  1.2839497693452618E+001                  6.9999999996235174E-001                  2.8000000003764847E-001                  1.9999999999999796E-002                  1.0245307480530514E-012                  0.0000000000000000E+000                  0.0000000000000000E+000 
                                     495                  9.4376248668815388E-001                  1.8589894664682441E-001                  5.8259862219480993E+000                 -1.0858530938276798E+000                  1.2854863426008368E+001                  6.9999999996235174E-001                  2.8000000003764847E-001                  1.9999999999999796E-002                  1.2392994423170074E-012                  0.0000000000000000E+000                  0.0000000000000000E+000 
                                     496                  9.4211088657852071E-001                  1.8475715445940752E-001                  5.8320113055526734E+000                 -1.0766458938641073E+000                  1.2870226854033563E+001                  6.9999999996235174E-001                  2.8000000003764847E-001                  1.9999999999999796E-002                  1.4978733973682699E-012                  0.0000000000000000E+000                  0.0000000000000000E+000 
                                     497                  9.4041507962366999E-001                  1.8360024492904550E-001                  5.8380366714897489E+000                 -1.0674399412435045E+000                  1.2885587895396542E+001                  6.9999999996235174E-001                  2.8000000003764847E-001                  1.9999999999999796E-002                  1.8089312537210784E-012                  0.0000000000000000E+000                  0.0000000000000000E+000 
                                     498                  9.3867405631320455E-001                  1.8242800824411229E-001                  5.8440622334021137E+000                 -1.0582352239744879E+000                  1.2900946485008813E+001                  6.9999999996235174E-001                  2.8000000003764847E-001                  1.9999999999999796E-002                  2.1828187654659832E-012                  0.0000000000000000E+000                  0.0000000000000000E+000 
                                     499                  9.3688678865638764E-001                  1.8124022937948817E-001                  5.8500879107056392E+000                 -1.0490317070788306E+000                  1.2916302575837465E+001                  6.9999999996235174E-001                  2.8000000003764847E-001                  1.9999999999999796E-002                  2.6318590240714101E-012                  0.0000000000000000E+000                  0.0000000000000000E+000 
                                     500                  9.3505222977744196E-001                  1.8003668784416182E-001                  5.8561136334989916E+000                 -1.0398293421817477E+000                  1.2931656139809951E+001                  6.9999999996235174E-001                  2.8000000003764847E-001                  1.9999999999999796E-002                  3.1707186775718940E-012                  0.0000000000000000E+000                  0.0000000000000000E+000 
                                     501                  9.3316931349491494E-001                  1.7881715739363124E-001                  5.8621393440103171E+000                 -1.0306280761560365E+000                  1.2947007168606209E+001                  6.9999999996235174E-001                  2.8000000003764847E-001                  1.9999999999999796E-002                  3.8168396693092922E-012                  0.0000000000000000E+000                  0.0000000000000000E+000 
                                     502                  9.3123695389442318E-001                  1.7758140571332179E-001                  5.8681649994675267E+000                 -1.0214278537746504E+000                  1.2962355674262323E+001                  6.9999999996235174E-001                  2.8000000003764847E-001                  1.9999999999999796E-002                  4.5909482635724879E-012                  0.0000000000000000E+000                  0.0000000000000000E+000 
                                     503                  9.2925404490799535E-001                  1.7632919409588049E-001                  5.8741905799743064E+000                 -1.0122286237964850E+000                  1.2977701689566409E+001                  6.9999999996235174E-001                  2.8000000003764847E-001                  1.9999999999999796E-002                  5.5176554360484692E-012                  0.0000000000000000E+000                  0.0000000000000000E+000 
                                     504                  9.2721945989828347E-001                  1.7506027709913147E-001                  5.8802160929828133E+000                 -1.0030303416399025E+000                  1.2993045268302410E+001                  6.9999999996235163E-001                  2.8000000003764847E-001                  1.9999999999999907E-002                  6.6261639766017347E-012                  0.0000000000000000E+000                  0.0000000000000000E+000 
                                     505                  9.2513205124280395E-001                  1.7377440218898457E-001                  5.8862415713060958E+000                 -9.9383297634430379E-001                  1.3008386485346088E+001                  6.9999999996235163E-001                  2.8000000003764847E-001                  1.9999999999999907E-002                  7.9510998008773759E-012                  0.0000000000000000E+000                  0.0000000000000000E+000 
                                     506                  9.2299064992839053E-001                  1.7247130935864521E-001                  5.8922670678276425E+000                 -9.8463652632306409E-001                  1.3023725436564883E+001                  6.9999999996235163E-001                  2.8000000003764847E-001                  1.9999999999999907E-002                  9.5334882656680034E-012                  0.0000000000000000E+000                  0.0000000000000000E+000 
                                     507                  9.2079406516704132E-001                  1.7115073070051579E-001                  5.8982926519946819E+000                 -9.7544098764793585E-001                  1.3039062238517504E+001                  6.9999999996235174E-001                  2.8000000003764847E-001                  1.9999999999999796E-002                  1.1421902009681918E-011                  0.0000000000000000E+000                  0.0000000000000000E+000 
                                     508                  9.1854108403521284E-001                  1.6981239007239518E-001                  5.9043184098146231E+000                 -9.6624634890684014E-001                  1.3054397027998627E+001                  6.9999999996235174E-001                  2.8000000003764847E-001                  1.9999999999999796E-002                  1.3673809178255730E-011                  0.0000000000000000E+000                  0.0000000000000000E+000 
                                     509                  9.1623047112841083E-001                  1.6845600277629430E-001                  5.9103444344664862E+000                 -9.5705259765259598E-001                  1.3069729961478386E+001                  6.9999999996235174E-001                  2.8000000003764847E-001                  1.9999999999999796E-002                  1.6357151528523148E-011                  0.0000000000000000E+000                  0.0000000000000000E+000 
                                     510                  9.1386096823269314E-001                  1.6708127521363136E-001                  5.9163708119586955E+000                 -9.4785970133654684E-001                  1.3085061214407679E+001                  6.9999999996235174E-001                  2.8000000003764852E-001                  1.9999999999999796E-002                  1.9552190253328916E-011                  0.0000000000000000E+000                  0.0000000000000000E+000 
                                     511                  9.1143129402906653E-001                  1.6568790460477553E-001                  5.9223976169536128E+000                 -9.3866759473527239E-001                  1.3100390980342743E+001                  6.9999999996235174E-001                  2.8000000003764852E-001                  1.9999999999999796E-002                  2.3353668305979388E-011                  0.0000000000000000E+000                  0.0000000000000000E+000 
                                     512                  9.0894014383698873E-001                  1.6427557875855978E-001                  5.9284249162094893E+000                 -9.2947617059934651E-001                  1.3115719469943674E+001                  6.9999999996235174E-001                  2.8000000003764852E-001                  1.9999999999999796E-002                  2.7873343609555624E-011                  0.0000000000000000E+000                  0.0000000000000000E+000 
                                     513                  9.0638618938337323E-001                  1.6284397587501107E-001                  5.9344527733531924E+000                 -9.2028528477709459E-001                  1.3131046909935181E+001                  6.9999999996235174E-001                  2.8000000003764852E-001                  1.9999999999999796E-002                  3.3242952762521349E-011                  0.0000000000000000E+000                  0.0000000000000000E+000 
                                     514                  9.0376807858919805E-001                  1.6139276432977792E-001                  5.9404812501698645E+000                 -9.1109477820292450E-001                  1.3146373542006614E+001                  6.9999999996235174E-001                  2.8000000003764852E-001                  1.9999999999999796E-002                  3.9617671733208023E-011                  0.0000000000000000E+000                  0.0000000000000000E+000 
                                     515                  9.0108443539596406E-001                  1.5992160239240319E-001                  5.9465104070456674E+000                 -9.0190447329982648E-001                  1.3161699621592039E+001                  6.9999999996235174E-001                  2.8000000003764852E-001                  1.9999999999999796E-002                  4.7180158214073282E-011                  0.0000000000000000E+000                  0.0000000000000000E+000 
                                     516                  8.9833385964183465E-001                  1.5843013796343799E-001                  5.9525403106942836E+000                 -8.9271416935114511E-001                  1.3177025416568164E+001                  6.9999999996235174E-001                  2.8000000003764852E-001                  1.9999999999999796E-002                  5.6145279994470825E-011                  0.0000000000000000E+000                  0.0000000000000000E+000 
                                     517                  8.9551492697502666E-001                  1.5691800832607203E-001                  5.9585710412668469E+000                 -8.8352366673079619E-001                  1.3192351205973544E+001                  6.9999999996235174E-001                  2.8000000003764852E-001                  1.9999999999999796E-002                  6.6765634323854618E-011                  0.0000000000000000E+000                  0.0000000000000000E+000 
                                     518                  8.9262618878737154E-001                  1.5538483980046347E-001                  5.9646026920780963E+000                 -8.7433277195298809E-001                  1.3207677278756085E+001                  6.9999999996235174E-001                  2.8000000003764852E-001                  1.9999999999999796E-002                  7.9337980547011209E-011                  0.0000000000000000E+000                  0.0000000000000000E+000 
                                     519                  8.8966617219132582E-001                  1.5383024737259329E-001                  5.9706353679842463E+000                 -8.6514129840771614E-001                  1.3223003932472533E+001                  6.9999999996235174E-001                  2.8000000003764852E-001                  1.9999999999999796E-002                  9.4210736148800346E-011                  0.0000000000000000E+000                  0.0000000000000000E+000 
                                     520                  8.8663338005302683E-001                  1.5225383431584424E-001                  5.9782102603170300E+000                 -8.5365347528428470E-001                  1.3242194377036636E+001                  6.9999999996235174E-001                  2.8000000003764852E-001                  1.9999999999999796E-002                  1.1675857554998221E-010                  0.0000000000000000E+000                  0.0000000000000000E+000 
                                     521                  8.8194440329687518E-001                  1.4984731597076356E-001                  5.9857227617254543E+000                 -8.4215942400940957E-001                  1.3261325057526149E+001                  6.9999999996235163E-001                  2.8000000003764852E-001                  1.9999999999999796E-002                  1.4431761207795892E-010                  0.0000000000000000E+000                  0.0000000000000000E+000 
                                     522                  8.7872296409913531E-001                  1.4821453234711091E-001                  5.9909940780895052E+000                 -8.3411288103421277E-001                  1.3274729246185142E+001                  6.9999999996235163E-001                  2.8000000003764852E-001                  1.9999999999999796E-002                  1.6733365087946567E-010                  0.0000000000000000E+000                  0.0000000000000000E+000 
                                     523                  8.7625565010685291E-001                  1.4697468993203541E-001                  5.9962888843323450E+000                 -8.2606736080138854E-001                  1.3288155849072750E+001                  6.9999999996235163E-001                  2.8000000003764852E-001                  1.9999999999999796E-002                  1.9402340133060115E-010                  0.0000000000000000E+000                  0.0000000000000000E+000 
                                     524                  8.7289630065800428E-001                  1.4530082194319821E-001                  6.0023289873037173E+000                 -8.1686994280559300E-001                  1.3303490680265812E+001                  6.9999999996235163E-001                  2.8000000003764852E-001                  1.9999999999999796E-002                  2.2956060047608614E-010                  4.4032393749729381E-036                  0.0000000000000000E+000 
                                     525                  8.6945592309442499E-001                  1.4360284256738748E-001                  6.0083708999555236E+000                 -8.0767083888345248E-001                  1.3318828065988836E+001                  6.9999999996235163E-001                  2.8000000003764852E-001                  1.9999999999999796E-002                  2.7142443365915448E-010                  8.3572043705033281E-036                  0.0000000000000000E+000 
                                     526                  8.6593287250858197E-001                  1.4188027276155396E-001                  6.0144147393168197E+000                 -7.9846986770222839E-001                  1.3334168327769804E+001                  6.9999999996235163E-001                  2.8000000003764852E-001                  1.9999999999999796E-002                  3.2070921919507469E-010                  1.5818991453142172E-035                  0.0000000000000000E+000 
                                     527                  8.6232548150536326E-001                  1.4013261874861194E-001                  6.0204606167455754E+000                 -7.8926684372966338E-001                  1.3349511785412414E+001                  6.9999999996235174E-001                  2.8000000003764852E-001                  1.9999999999999796E-002                  3.7869306167855124E-010                  2.9863129174235778E-035                  0.0000000000000000E+000 
                                     528                  8.5863206068857989E-001                  1.3835937154607578E-001                  6.0265086378637189E+000                 -7.8006157699518175E-001                  1.3364858755840567E+001                  6.9999999996235174E-001                  2.8000000003764852E-001                  1.9999999999999796E-002                  4.4686779200653343E-010                  5.6226356918061512E-035                  0.0000000000000000E+000 
                                     529                  8.5485089923216873E-001                  1.3656000648205896E-001                  6.0325589029385620E+000                 -7.7085387284351803E-001                  1.3380209551929077E+001                  6.9999999996235174E-001                  2.8000000003764852E-001                  1.9999999999999796E-002                  5.2697363720400853E-010                  1.0558487675891889E-034                  0.0000000000000000E+000 
                                     530                  8.5098026553222028E-001                  1.3473398269339137E-001                  6.0386115070746715E+000                 -7.6164353579784361E-001                  1.3395564481374148E+001                  6.9999999996235174E-001                  2.8000000003764852E-001                  1.9999999999999796E-002                  6.2103933199334684E-010                  1.9775585069886040E-034                  0.0000000000000000E+000 
                                     531                  8.4701840792685723E-001                  1.3288074257882568E-001                  6.0446665399950135E+000                 -7.5243037069487195E-001                  1.3410923845639172E+001                  6.9999999996235174E-001                  2.8000000003764852E-001                  1.9999999999999796E-002                  7.3142849914951354E-010                  3.6942918825745895E-034                  0.0000000000000000E+000 
                                     532                  8.4296355548640256E-001                  1.3099971121525056E-001                  6.0507240869266665E+000                 -7.4321418279708906E-001                  1.3426287938938387E+001                  6.9999999996235174E-001                  2.8000000003764852E-001                  1.9999999999999796E-002                  8.6089326952281708E-010                  6.8835967423521659E-034                  0.0000000000000000E+000 
                                     533                  8.3881391889636292E-001                  1.2909029574784867E-001                  6.0567842299061656E+000                 -7.3399478158670317E-001                  1.3441657047204870E+001                  6.9999999996235174E-001                  2.8000000003764852E-001                  1.9999999999999796E-002                  1.0126362261366814E-009                  1.2793514675880229E-033                  0.0000000000000000E+000 
                                     534                  8.3456769144770160E-001                  1.2715188474013303E-001                  6.0628470478805427E+000                 -7.2477198293065503E-001                  1.3457031447083713E+001                  6.9999999996235174E-001                  2.8000000003764852E-001                  1.9999999999999796E-002                  1.1903818967275893E-009                  2.3717135139406495E-033                  0.0000000000000000E+000 
                                     535                  8.3022305011034481E-001                  1.2518384747406838E-001                  6.0689126166835532E+000                 -7.1554560836891201E-001                  1.3472411405022941E+001                  6.9999999996235163E-001                  2.8000000003764852E-001                  1.9999999999999796E-002                  1.3984592367119478E-009                  4.3857103378226231E-033                  0.0000000000000000E+000 
                                     536                  8.2577815668224819E-001                  1.2318553320477049E-001                  6.0749810095400116E+000                 -7.0631548625620566E-001                  1.3487797176445925E+001                  6.9999999996235163E-001                  2.8000000003764852E-001                  1.9999999999999796E-002                  1.6418967455857727E-009                  8.0896602880468151E-033                  0.0000000000000000E+000 
                                     537                  8.2123115903453114E-001                  1.2115627036614547E-001                  6.0810522972361873E+000                 -6.9708145440751845E-001                  1.3503189004933873E+001                  6.9999999996235163E-001                  2.8000000003764852E-001                  1.9999999999999796E-002                  1.9265320615067794E-009                  1.4884708313047164E-032                  0.0000000000000000E+000 
                                     538                  8.1658019248017433E-001                  1.1909536572693422E-001                  6.0871265480891008E+000                 -6.8784336036474902E-001                  1.3518587121436576E+001                  6.9999999996235163E-001                  2.8000000003764852E-001                  1.9999999999999796E-002                  2.2591381756566866E-009                  2.7319766132153965E-032                  0.0000000000000000E+000 
                                     539                  8.1182338123963704E-001                  1.1700210348995420E-001                  6.0932038285077939E+000                 -6.7860106177193180E-001                  1.3533991743595335E+001                  6.9999999996235163E-001                  2.8000000003764852E-001                  1.9999999999999796E-002                  2.6475687337016743E-009                  5.0020379178497732E-032                  0.0000000000000000E+000 
                                     540                  8.0695883998716578E-001                  1.1487574432106543E-001                  6.0992842034554924E+000                 -6.6935442853695104E-001                  1.3549403075182031E+001                  6.9999999996235163E-001                  2.8000000003764852E-001                  1.9999999999999796E-002                  3.1009251807076588E-009                  9.1360180062293381E-032                  0.0000000000000000E+000 
                                     541                  8.0198467549408825E-001                  1.1271552430003587E-001                  6.1053677364274472E+000                 -6.6010334340911136E-001                  1.3564821305584081E+001                  6.9999999996235163E-001                  2.8000000003764852E-001                  1.9999999999999796E-002                  3.6297489090891882E-009                  1.6646132750471371E-031                  0.0000000000000000E+000 
                                     542                  7.9689898840176787E-001                  1.1052065380796706E-001                  6.1114544897823784E+000                 -6.5084770216829901E-001                  1.3580246609337198E+001                  6.9999999996235174E-001                  2.8000000003764852E-001                  1.9999999999999796E-002                  4.2462420708352716E-009                  3.0256769221676685E-031                  0.0000000000000000E+000 
                                     543                  7.9169987509882278E-001                  1.0829031633473550E-001                  6.1175445251700058E+000                 -6.4158741471028791E-001                  1.3595679145783967E+001                  6.9999999996235174E-001                  2.8000000003764858E-001                  1.9999999999999685E-002                  4.9645211695931547E-009                  5.4864419919338243E-031                  0.0000000000000000E+000 
                                     544                  7.8638542968300229E-001                  1.0602366718577397E-001                  6.1236379034884285E+000                 -6.3232240549428187E-001                  1.3611119058869161E+001                  6.9999999996235174E-001                  2.8000000003764858E-001                  1.9999999999999685E-002                  5.8009080869888144E-009                  9.9248560493834134E-031                  0.0000000000000000E+000 
                                     545                  7.8095374602137879E-001                  1.0371983208886236E-001                  6.1297346838483318E+000                 -6.2305261346799179E-001                  1.3626566477006445E+001                  6.9999999996235163E-001                  2.8000000003764858E-001                  1.9999999999999796E-002                  6.7742637646549146E-009                  1.7911371189341030E-030                  0.0000000000000000E+000 
                                     546                  7.7540291994202870E-001                  1.0137790570891358E-001                  6.1358349219676285E+000                 -6.1377799004740208E-001                  1.3642021513011683E+001                  6.9999999996235163E-001                  2.8000000003764858E-001                  1.9999999999999796E-002                  7.9063705558523405E-009                  3.2248568946753052E-030                  0.0000000000000000E+000 
                                     547                  7.6973105153358157E-001                  9.8996950061911004E-002                  6.1419386694964171E+000                 -6.0449849757923002E-001                  1.3657484264167083E+001                  6.9999999996235163E-001                  2.8000000003764858E-001                  1.9999999999999796E-002                  9.2223702512518629E-009                  5.7926145443004132E-030                  0.0000000000000000E+000 
                                     548                  7.6393624753396827E-001                  9.6575992808433014E-002                  6.1480459730916657E+000                 -5.9521410922807838E-001                  1.3672954812415851E+001                  6.9999999996235163E-001                  2.8000000003764858E-001                  1.9999999999999796E-002                  1.0751265379095437E-008                  1.0380701365107489E-029                  0.0000000000000000E+000 
                                     549                  7.5801662382676172E-001                  9.4114025416446950E-002                  6.1541568719534148E+000                 -5.8592480675754421E-001                  1.3688433224626618E+001                  6.9999999996235163E-001                  2.8000000003764858E-001                  1.9999999999999796E-002                  1.2526492231285467E-008                  1.8559728405705852E-029                  0.0000000000000000E+000 
                                     550                  7.5197030807391985E-001                  9.1610001205644637E-002                  6.1602713962796782E+000                 -5.7663057702356157E-001                  1.3703919552923082E+001                  6.9999999996235163E-001                  2.8000000003764858E-001                  1.9999999999999796E-002                  1.4586575873925972E-008                  3.3106553289271579E-029                  0.0000000000000000E+000 
                                     551                  7.4579544246455509E-001                  8.9062833260860216E-002                  6.1663895673652274E+000                 -5.6733141155935563E-001                  1.3719413835127620E+001                  6.9999999996235163E-001                  2.8000000003764858E-001                  1.9999999999999796E-002                  1.6975878610862606E-008                  5.8919350190691620E-029                  0.0000000000000000E+000 
                                     552                  7.3949018656532606E-001                  8.6471392178286560E-002                  6.1725113976422019E+000                 -5.5802730633600417E-001                  1.3734916095299285E+001                  6.9999999996235163E-001                  2.8000000003764858E-001                  1.9999999999999796E-002                  1.9745454395894969E-008                  1.0461823093849358E-028                  0.0000000000000000E+000 
                                     553                  7.3305272030461721E-001                  8.3834503641643160E-002                  6.1786368906922284E+000                 -5.4871826120031186E-001                  1.3750426344313432E+001                  6.9999999996235174E-001                  2.8000000003764858E-001                  1.9999999999999685E-002                  2.2954023570122212E-008                  1.8533851962857222E-028                  0.0000000000000000E+000 
                                     554                  7.2648124710682416E-001                  8.1150945820244930E-002                  6.1847660415804651E+000                 -5.3940427937323165E-001                  1.3765944580491842E+001                  6.9999999996235163E-001                  2.8000000003764858E-001                  1.9999999999999796E-002                  2.6669084308628656E-008                  3.2759406247108434E-028                  0.0000000000000000E+000 
                                     555                  7.1977399716247092E-001                  7.8419446564608364E-002                  6.1908988381834185E+000                 -5.3008536686065333E-001                  1.3781470790311817E+001                  6.9999999996235163E-001                  2.8000000003764858E-001                  1.9999999999999796E-002                  3.0968179685189307E-008                  5.7772505696224536E-028                  0.0000000000000000E+000 
                                     556                  7.1292923083361393E-001                  7.5638680379832984E-002                  6.1970352628267760E+000                 -5.2076153441606143E-001                  1.3797004949160989E+001                  6.9999999996235163E-001                  2.8000000003764858E-001                  1.9999999999999796E-002                  3.5940341011230852E-008                  1.0165385432452821E-027                  0.0000000000000000E+000 
                                     557                  7.0594524223214006E-001                  7.2807265153354936E-002                  6.2031752929774644E+000                 -5.1143279817973852E-001                  1.3812547022104338E+001                  6.9999999996235163E-001                  2.8000000003764858E-001                  1.9999999999999796E-002                  4.1687730391935759E-008                  1.7846225917395189E-027                  0.0000000000000000E+000 
                                     558                  6.9882036297816941E-001                  6.9923758622335963E-002                  6.2093189020783468E+000                 -5.0209917833608930E-001                  1.3828096964684574E+001                  6.9999999996235163E-001                  2.8000000003764858E-001                  1.9999999999999796E-002                  4.8327509619736222E-008                  3.1260153445444669E-027                  0.0000000000000000E+000 
                                     559                  6.9155296613012518E-001                  6.6986654562688902E-002                  6.2154660609401624E+000                 -4.9276069990220006E-001                  1.3843654723759244E+001                  6.9999999996235163E-001                  2.8000000003764858E-001                  1.9999999999999796E-002                  5.5993965553281647E-008                  5.4633648100557579E-027                  0.0000000000000000E+000 
                                     560                  6.8414147030807315E-001                  6.3994378664277402E-002                  6.2216167385775156E+000                 -4.8341739414631130E-001                  1.3859220238338997E+001                  6.9999999996235163E-001                  2.8000000003764858E-001                  1.9999999999999796E-002                  6.4840924904343256E-008                  9.5269919174215616E-027                  0.0000000000000000E+000 
                                     561                  6.7658434404229062E-001                  6.0945284066286839E-002                  6.2277709026737700E+000                 -4.7406929747609472E-001                  1.3874793440417207E+001                  6.9999999996235152E-001                  2.8000000003764858E-001                  1.9999999999999907E-002                  7.5044496633156631E-008                  1.6576009475186529E-026                  0.0000000000000000E+000 
                                     562                  6.6888011035082162E-001                  5.7837646533742480E-002                  6.2339285204054624E+000                 -4.6471645078019896E-001                  1.3890374255809339E+001                  6.9999999996235163E-001                  2.8000000003764858E-001                  1.9999999999999796E-002                  8.6806185233817237E-008                  2.8776293774260294E-026                  0.0000000000000000E+000 
                                     563                  6.6102735155142978E-001                  5.4669659233308431E-002                  6.2385356792024949E+000                 -4.5768709487835163E-001                  1.3902062814467547E+001                  6.9999999996235163E-001                  2.8000000003764863E-001                  1.9999999999999796E-002                  9.6764349420980855E-008                  4.3409782444897237E-026                  0.0000000000000000E+000 
                                     564                  6.5704484967180043E-001                  5.3062507237668151E-002                  6.2416170998487956E+000                 -4.5300700762583374E-001                  1.3909859056809772E+001                  6.9999999996235163E-001                  2.8000000003764863E-001                  1.9999999999999796E-002                  1.0402896293991010E-007                  5.7100935152986546E-026                  0.0000000000000000E+000 
                                     565                  6.5302471435200471E-001                  5.1439551541315118E-002                  6.2446993661160626E+000                 -4.4832576327332435E-001                  1.3917657154160514E+001                  6.9999999996235163E-001                  2.8000000003764863E-001                  1.9999999999999796E-002                  1.1182373193239277E-007                  7.5068492027692000E-026                  0.0000000000000000E+000 
                                     566                  6.4896678737658009E-001                  4.9800540494831735E-002                  6.2477824740977130E+000                 -4.4364336878341593E-001                  1.3925457095509918E+001                  6.9999999996235163E-001                  2.8000000003764863E-001                  1.9999999999999796E-002                  1.2018619445187358E-007                  9.8635055875585746E-026                  0.0000000000000000E+000 
                                     567                  6.4487091524519702E-001                  4.8145216138059388E-002                  6.2508664199612261E+000                 -4.3895983141678468E-001                  1.3933258869644474E+001                  6.9999999996235163E-001                  2.8000000003764863E-001                  1.9999999999999796E-002                  1.2915646190484014E-007                  1.2952819236740230E-025                  0.0000000000000000E+000 
                                     568                  6.4073694935853676E-001                  4.6473313978611965E-002                  6.2539511999549520E+000                 -4.3427515872104694E-001                  1.3941062465168871E+001                  6.9999999996235163E-001                  2.8000000003764863E-001                  1.9999999999999796E-002                  1.3877738946101799E-007                  1.7000316173160048E-025                  0.0000000000000000E+000 
                                     569                  6.3656474621016734E-001                  4.4784562761118765E-002                  6.2570368104141378E+000                 -4.2958935851613045E-001                  1.3948867870526207E+001                  6.9999999996235163E-001                  2.8000000003764863E-001                  1.9999999999999796E-002                  1.4909475733828346E-007                  2.2300246100602752E-025                  0.0000000000000000E+000 
                                     570                  6.3235416758471574E-001                  4.3078684226718150E-002                  6.2601232477663178E+000                 -4.2490243887990714E-001                  1.3956675074016591E+001                  6.9999999996235163E-001                  2.8000000003764863E-001                  1.9999999999999796E-002                  1.6015746362982769E-007                  2.9236310190675871E-025                  0.0000000000000000E+000 
                                     571                  6.2810508076261606E-001                  4.1355392862351771E-002                  6.2632105085304932E+000                 -4.2021440812144528E-001                  1.3964484063814055E+001                  6.9999999996235163E-001                  2.8000000003764863E-001                  1.9999999999999796E-002                  1.7201772936640511E-007                  3.8308575677048027E-025                  0.0000000000000000E+000 
                                     572                  6.2381735873168587E-001                  3.9614395639367396E-002                  6.2662985892960741E+000                 -4.1552527472145412E-001                  1.3972294827982155E+001                  6.9999999996235152E-001                  2.8000000003764863E-001                  1.9999999999999796E-002                  1.8473131650509861E-007                  5.0168403616694007E-025                  0.0000000000000000E+000 
                                     573                  6.1949088040531852E-001                  3.7855391740792284E-002                  6.2693874867029136E+000                 -4.1083504731823683E-001                  1.3980107354489348E+001                  6.9999999996235152E-001                  2.8000000003764863E-001                  1.9999999999999796E-002                  1.9835775965912394E-007                  6.5663750677887210E-025                  0.0000000000000000E+000 
                                     574                  6.1512553084692523E-001                  3.6078072276252031E-002                  6.2724771974411295E+000                 -4.0614373469884857E-001                  1.3987921631223724E+001                  6.9999999996235152E-001                  2.8000000003764863E-001                  1.9999999999999796E-002                  2.1296061248693223E-007                  8.5897893335585309E-025                  0.0000000000000000E+000 
                                     575                  6.1072120150172116E-001                  3.4282119984199402E-002                  6.2755677182547069E+000                 -4.0145134578913882E-001                  1.3995737646006258E+001                  6.9999999996235152E-001                  2.8000000003764863E-001                  1.9999999999999796E-002                  2.2860770958825354E-007                  1.1230550882999611E-024                  0.0000000000000000E+000 
                                     576                  6.0627779043644781E-001                  3.2467208920878461E-002                  6.2786590459443534E+000                 -3.9675788964501135E-001                  1.4003555386602113E+001                  6.9999999996235152E-001                  2.8000000003764863E-001                  1.9999999999999796E-002                  2.4537144483123481E-007                  1.4675118902151634E-024                  0.0000000000000000E+000 
                                     577                  6.0179520258739316E-001                  3.0633004135347468E-002                  6.2817511773680703E+000                 -3.9206337544652575E-001                  1.4011374840730010E+001                  6.9999999996235163E-001                  2.8000000003764863E-001                  1.9999999999999796E-002                  2.6332906708379138E-007                  1.9165692933947858E-024                  0.0000000000000000E+000 
                                     578                  5.9727335001700532E-001                  2.8779161329717549E-002                  6.2848441094151664E+000                 -3.8736781251640162E-001                  1.4019195996068783E+001                  6.9999999996235163E-001                  2.8000000003764863E-001                  1.9999999999999796E-002                  2.8256299423910498E-007                  2.5016702137993254E-024                  0.0000000000000000E+000 
                                     579                  5.9271215218056350E-001                  2.6905326504200584E-002                  6.2879378389596177E+000                 -3.8267121025651563E-001                  1.4027018840261819E+001                  6.9999999996235163E-001                  2.8000000003764863E-001                  1.9999999999999796E-002                  3.0316114668115404E-007                  3.2636120616240738E-024                  0.0000000000000000E+000 
                                     580                  5.8811153620132595E-001                  2.5011135585606619E-002                  6.2910323628389850E+000                 -3.7797357807481607E-001                  1.4034843360922073E+001                  6.9999999996235163E-001                  2.8000000003764863E-001                  1.9999999999999796E-002                  3.2521730154249146E-007                  4.2553005964356305E-024                  0.0000000000000000E+000 
                                     581                  5.8347143715326999E-001                  2.3096214037914568E-002                  6.2941276778551529E+000                 -3.7327492537924511E-001                  1.4042669545637287E+001                  6.9999999996235163E-001                  2.8000000003764863E-001                  1.9999999999999796E-002                  3.4883146896161741E-007                  5.5453058475280183E-024                  0.0000000000000000E+000 
                                     582                  5.7879179835323025E-001                  2.1160176454213309E-002                  6.2972237807752993E+000                 -3.6857526157442166E-001                  1.4050497381974150E+001                  6.9999999996235163E-001                  2.8000000003764863E-001                  1.9999999999999796E-002                  3.7411029158253246E-007                  7.2224511880255599E-024                  0.0000000000000000E+000 
                                     583                  5.7407257166292291E-001                  1.9202626128951607E-002                  6.3003206683323469E+000                 -3.6387459605909961E-001                  1.4058326857481251E+001                  6.9999999996235152E-001                  2.8000000003764863E-001                  1.9999999999999796E-002                  4.0116746864659696E-007                  9.4017323126361258E-024                  0.0000000000000000E+000 
                                     584                  5.6931371780118867E-001                  1.7223154609311658E-002                  6.3034183372174457E+000                 -3.5917293826090690E-001                  1.4066157959690480E+001                  6.9999999996235152E-001                  2.8000000003764863E-001                  1.9999999999999796E-002                  4.3012420604654727E-007                  1.2231947407459606E-023                  0.0000000000000000E+000 
                                     585                  5.6451520666737531E-001                  1.5221341224539638E-002                  6.3065167840498031E+000                 -3.5447029769058980E-001                  1.4073990676115608E+001                  6.9999999996235152E-001                  2.8000000003764863E-001                  1.9999999999999796E-002                  4.6110969371499685E-007                  1.5905527746323907E-023                  0.0000000000000000E+000 
                                     586                  5.5967701767728617E-001                  1.3196752592178451E-002                  6.3096160053499437E+000                 -3.4976668380855958E-001                  1.4081824994250509E+001                  6.9999999996235152E-001                  2.8000000003764863E-001                  1.9999999999999796E-002                  4.9426161233314161E-007                  2.0671196337262914E-023                  0.0000000000000000E+000 
                                     587                  5.5479914010829701E-001                  1.1148942099096641E-002                  6.3127159975356264E+000                 -3.4506210599678711E-001                  1.4089660901569223E+001                  6.9999999996235152E-001                  2.8000000003764863E-001                  1.9999999999999796E-002                  5.2972667099664137E-007                  2.6850259429553453E-023                  0.0000000000000000E+000 
                                     588                  5.4988157345499933E-001                  9.0774493556446505E-003                  6.3158167569219472E+000                 -3.4035657355875321E-001                  1.4097498385526515E+001                  6.9999999996235152E-001                  2.8000000003764863E-001                  1.9999999999999796E-002                  5.6766117754783589E-007                  3.4857561278049810E-023                  0.0000000000000000E+000 
                                     589                  5.4492432779645805E-001                  6.9817996214524974E-003                  6.3189182797214318E+000                 -3.3565009571921578E-001                  1.4105337433558393E+001                  6.9999999996235152E-001                  2.8000000003764863E-001                  1.9999999999999796E-002                  6.0823164348870441E-007                  4.5228422475417642E-023                  0.0000000000000000E+000 
                                     590                  5.3992742417549544E-001                  4.8615032010163959E-003                  6.3220205620434609E+000                 -3.3094268163350660E-001                  1.4113178033082683E+001                  6.9999999996235163E-001                  2.8000000003764863E-001                  1.9999999999999796E-002                  6.5161542545753902E-007                  5.8653251444428986E-023                  0.0000000000000000E+000 
                                     591                  5.3489089499045717E-001                  2.7160548071224247E-003                  6.3251235998854725E+000                 -3.2623434050269273E-001                  1.4121020171499227E+001                  6.9999999996235163E-001                  2.8000000003764869E-001                  1.9999999999999685E-002                  6.9800140511519536E-007                  7.6021990351626699E-023                  0.0000000000000000E+000 
                                     592                  5.2981478440051277E-001                  5.4493288973008792E-004                  6.3282273891194434E+000                 -3.2152508151199505E-001                  1.4128863836189939E+001                  6.9999999996235163E-001                  2.8000000003764869E-001                  1.9999999999999685E-002                  7.4759071008572547E-007                  9.8481159191114724E-023                  0.0000000000000000E+000 
                                     593                  5.2469914874429846E-001                 -1.6524010713807669E-003                  6.3313319254870155E+000                 -3.1681491373420340E-001                  1.4136709014519649E+001                  6.9999999996235152E-001                  2.8000000003764869E-001                  1.9999999999999796E-002                  8.0059747827801651E-007                  1.2750702640612693E-022                  0.0000000000000000E+000 
                                     594                  5.1954405697182582E-001                 -3.8765033126515794E-003                  6.3344372046005493E+000                 -3.1210384612737518E-001                  1.4144555693837983E+001                  6.9999999996235152E-001                  2.8000000003764869E-001                  1.9999999999999796E-002                  8.5724966788232827E-007                  1.6499941511301636E-022                  0.0000000000000000E+000 
                                     595                  5.1434959109067080E-001                 -6.1279485743589192E-003                  6.3375432219445047E+000                 -3.0739188753396279E-001                  1.4152403861481753E+001                  6.9999999996235152E-001                  2.8000000003764869E-001                  1.9999999999999796E-002                  9.1778991571940951E-007                  2.1340189878673454E-022                  0.0000000000000000E+000 
                                     596                  5.0911584662703335E-001                 -8.4073309325891892E-003                  6.3406499728770447E+000                 -3.0267904667997969E-001                  1.4160253504778016E+001                  6.9999999996235152E-001                  2.8000000003764869E-001                  1.9999999999999796E-002                  9.8247644670303271E-007                  2.7585572724189471E-022                  0.0000000000000000E+000 
                                     597                  5.0384293310232176E-001                 -1.0715264678642712E-002                  6.3437574526311522E+000                 -2.9796533224533545E-001                  1.4168104611047873E+001                  6.9999999996235152E-001                  2.8000000003764869E-001                  1.9999999999999796E-002                  1.0515840371313325E-006                  3.5639684152323589E-022                  0.0000000000000000E+000 
                                     598                  4.9853097452558820E-001                 -1.3052385249626403E-002                  6.3468656563146686E+000                 -2.9325075294212383E-001                  1.4175957167611770E+001                  6.9999999996235152E-001                  2.8000000003764869E-001                  1.9999999999999796E-002                  1.1254050348685238E-006                  4.6020789367748666E-022                  0.0000000000000000E+000 
                                     599                  4.9318010990218408E-001                 -1.5419350214047337E-002                  6.3499745789113771E+000                 -2.8853531736865118E-001                  1.4183811161795292E+001                  6.9999999996235152E-001                  2.8000000003764869E-001                  1.9999999999999796E-002                  1.2042504403628080E-006                  5.9394045975361733E-022                  0.0000000000000000E+000 
                                     600                  4.8779049376073819E-001                 -1.7816840314422110E-002                  6.3530842152838458E+000                 -2.8381903398583180E-001                  1.4191666580934816E+001                  6.9999999996235152E-001                  2.8000000003764869E-001                  1.9999999999999796E-002                  1.2884510511496110E-006                  7.6612677051706059E-022                  0.0000000000000000E+000 
                                     601                  4.8236229669904512E-001                 -2.0245560571789604E-002                  6.3561945601765757E+000                 -2.7910191111488009E-001                  1.4199523412383273E+001                  6.9999999996235152E-001                  2.8000000003764869E-001                  1.9999999999999796E-002                  1.3783586736054146E-006                  9.8770555280763082E-022                  0.0000000000000000E+000 
                                     602                  4.7689570594940617E-001                 -2.2706241456818304E-002                  6.3593056082192376E+000                 -2.7438395693478906E-001                  1.4207381643516310E+001                  6.9999999996235152E-001                  2.8000000003764869E-001                  1.9999999999999796E-002                  1.4743474057067712E-006                  1.2726932261421368E-021                  0.0000000000000000E+000 
                                     603                  4.7139092596442678E-001                 -2.5199640132365937E-002                  6.3624173539300646E+000                 -2.6966517949879570E-001                  1.4215241261738738E+001                  6.9999999996235152E-001                  2.8000000003764869E-001                  1.9999999999999796E-002                  1.5768149946819103E-006                  1.6390401600276453E-021                  0.0000000000000000E+000 
                                     604                  4.6584817902418080E-001                 -2.7726541772933957E-002                  6.3655297917198901E+000                 -2.6494558686381847E-001                  1.4223102254492130E+001                  6.9999999996235152E-001                  2.8000000003764869E-001                  1.9999999999999796E-002                  1.6861842734083284E-006                  2.1097224406324664E-021                  0.0000000000000000E+000 
                                     605                  4.6026770586466931E-001                 -3.0287760967929258E-002                  6.3686429158966469E+000                 -2.6022518700291575E-001                  1.4230964609263459E+001                  6.9999999996235152E-001                  2.8000000003764869E-001                  1.9999999999999796E-002                  1.8029046811205517E-006                  2.7141331726816740E-021                  0.0000000000000000E+000 
                                     606                  4.5464976633001547E-001                 -3.2884143213228821E-002                  6.3717567206693975E+000                 -2.5550398772798005E-001                  1.4238828313593254E+001                  6.9999999996235152E-001                  2.8000000003764869E-001                  1.9999999999999796E-002                  1.9274538724245081E-006                  3.4898545569796495E-021                  0.0000000000000000E+000 
                                     607                  4.4899464005024037E-001                 -3.5516566497507555E-002                  6.3748712001520014E+000                 -2.5078199668579865E-001                  1.4246693355083197E+001                  6.9999999996235152E-001                  2.8000000003764869E-001                  1.9999999999999796E-002                  2.0603394190588120E-006                  4.4849136321705458E-021                  0.0000000000000000E+000 
                                     608                  4.4330262714539470E-001                 -3.8185942991459408E-002                  6.3779863483666395E+000                 -2.4605922135485031E-001                  1.4254559721403455E+001                  6.9999999996235152E-001                  2.8000000003764869E-001                  1.9999999999999796E-002                  2.2021006098875419E-006                  5.7606522072443326E-021                  0.0000000000000000E+000 
                                     609                  4.3757404895742613E-001                 -4.0893220847954034E-002                  6.3811021592471553E+000                 -2.4133566904380055E-001                  1.4262427400299707E+001                  6.9999999996235140E-001                  2.8000000003764869E-001                  1.9999999999999907E-002                  2.3533103545086505E-006                  7.3953762433708205E-021                  0.0000000000000000E+000 
                                     610                  4.3180924881125393E-001                 -4.3639386122025801E-002                  6.3842186266393828E+000                 -2.3661134697169103E-001                  1.4270296379600081E+001                  6.9999999996235152E-001                  2.8000000003764869E-001                  1.9999999999999796E-002                  2.5145771956038667E-006                  9.4889939653897855E-021                  0.0000000000000000E+000 
                                     611                  4.2600859280629233E-001                 -4.6425464821056459E-002                  6.3873357442973786E+000                 -2.3188626229589510E-001                  1.4278166647222379E+001                  6.9999999996235152E-001                  2.8000000003764874E-001                  1.9999999999999796E-002                  2.6865474363542183E-006                  1.2168907175614024E-020                  0.0000000000000000E+000 
                                     612                  4.2017247063976704E-001                 -4.9252525095669075E-002                  6.3904535058822924E+000                 -2.2716042198258146E-001                  1.4286038191181367E+001                  6.9999999996235152E-001                  2.8000000003764874E-001                  1.9999999999999796E-002                  2.8699073902939312E-006                  1.5597490358222823E-020                  0.0000000000000000E+000 
                                     613                  4.1430129646427000E-001                 -5.2121679581628541E-002                  6.3935719049653654E+000                 -2.2243383279304979E-001                  1.4293910999595523E+001                  6.9999999996235152E-001                  2.8000000003764874E-001                  1.9999999999999796E-002                  3.0653857589302409E-006                  1.9981580522209715E-020                  0.0000000000000000E+000 
                                     614                  4.0839550978147854E-001                 -5.5034087906293924E-002                  6.3966909350309900E+000                 -2.1770650128110522E-001                  1.4301785060693248E+001                  6.9999999996235152E-001                  2.8000000003764874E-001                  1.9999999999999796E-002                  3.2737561444265413E-006                  2.5584512062613116E-020                  0.0000000000000000E+000 
                                     615                  4.0245557637411294E-001                 -5.7990959373666960E-002                  6.3998105894795057E+000                 -2.1297843379090078E-001                  1.4309660362818422E+001                  6.9999999996235152E-001                  2.8000000003764874E-001                  1.9999999999999796E-002                  3.4958397045897790E-006                  3.2741370710729428E-020                  0.0000000000000000E+000 
                                     616                  3.9648198927832423E-001                 -6.0993555843642848E-002                  6.4029308616294376E+000                 -2.0824963648097275E-001                  1.4317536894435216E+001                  6.9999999996235140E-001                  2.8000000003764874E-001                  1.9999999999999796E-002                  3.7325079574600374E-006                  4.1878316694603409E-020                  0.0000000000000000E+000 
                                     617                  3.9047526979891928E-001                 -6.4043194822617763E-002                  6.4060517447184271E+000                 -2.0352011542020704E-001                  1.4325414644132218E+001                  6.9999999996235140E-001                  2.8000000003764874E-001                  1.9999999999999796E-002                  3.9846857431653271E-006                  5.3537050136701654E-020                  0.0000000000000000E+000 
                                     618                  3.8443596856997886E-001                 -6.7141252784928732E-002                  6.4091732319042363E+000                 -1.9878987649575924E-001                  1.4333293600626293E+001                  6.9999999996235152E-001                  2.8000000003764874E-001                  1.9999999999999796E-002                  4.2533543538166343E-006                  6.8405770826868371E-020                  0.0000000000000000E+000 
                                     619                  3.7836466666255608E-001                 -7.0289168745185995E-002                  6.4122953162671266E+000                 -1.9405892537384578E-001                  1.4341173752766878E+001                  6.9999999996235152E-001                  2.8000000003764874E-001                  1.9999999999999796E-002                  4.5395548386395306E-006                  8.7358335279526351E-020                  0.0000000000000000E+000 
                                     620                  3.7226197674275247E-001                 -7.3488448104840329E-002                  6.4154179908124362E+000                 -1.8932726749905832E-001                  1.4349055089539689E+001                  6.9999999996235152E-001                  2.8000000003764874E-001                  1.9999999999999796E-002                  4.8443914933235370E-006                  1.1150375270509289E-019                  0.0000000000000000E+000 
                                     621                  3.6612854428362657E-001                 -7.6740666798714705E-002                  6.4185412484729216E+000                 -1.8459490809391491E-001                  1.4356937600070090E+001                  6.9999999996235152E-001                  2.8000000003764874E-001                  1.9999999999999796E-002                  5.1690355439697162E-006                  1.4224871835266626E-019                  0.0000000000000000E+000 
                                     622                  3.5996504883433633E-001                 -8.0047475770043314E-002                  6.4216650821114172E+000                 -1.7986185216187053E-001                  1.4364821273625820E+001                  6.9999999996235140E-001                  2.8000000003764874E-001                  1.9999999999999796E-002                  5.5147290359411860E-006                  1.8137657669973555E-019                  0.0000000000000000E+000 
                                     623                  3.5377220535012555E-001                 -8.3410605805814900E-002                  6.4247894845342408E+000                 -1.7512810454733740E-001                  1.4372706099618654E+001                  6.9999999996235140E-001                  2.8000000003764874E-001                  1.9999999999999796E-002                  5.8827889387423093E-006                  2.3114697883733340E-019                  0.0000000000000000E+000 
                                     624                  3.4755076558775932E-001                 -8.6831872767852675E-002                  6.4279144485140911E+000                 -1.7039366995408561E-001                  1.4380592067605642E+001                  6.9999999996235140E-001                  2.8000000003764874E-001                  1.9999999999999796E-002                  6.2746114792968239E-006                  2.9442158370013668E-019                  0.0000000000000000E+000 
                                     625                  3.4130151956948906E-001                 -9.0313183259562169E-002                  6.4310399668024250E+000                 -1.6565855291218920E-001                  1.4388479167290738E+001                  6.9999999996235152E-001                  2.8000000003764874E-001                  1.9999999999999796E-002                  6.6916767145795711E-006                  3.7482253025358331E-019                  0.0000000000000000E+000 
                                     626                  3.3502529711956935E-001                 -9.3856540772457003E-002                  6.4341660321317198E+000                 -1.6092275777689050E-001                  1.4396367388526880E+001                  6.9999999996235152E-001                  2.8000000003764880E-001                  1.9999999999999685E-002                  7.1355533547891712E-006                  4.7693211965938640E-019                  0.0000000000000000E+000 
                                     627                  3.2872296947911328E-001                 -9.7464052361897272E-002                  6.4372926372173476E+000                 -1.5618628872887130E-001                  1.4404256721317967E+001                  6.9999999996235140E-001                  2.8000000003764880E-001                  1.9999999999999796E-002                  7.6079038513542649E-006                  6.0654429232283859E-019                  0.0000000000000000E+000 
                                     628                  3.2239545100478717E-001                 -1.0113793590767772E-001                  6.4404197747594187E+000                 -1.5144914977475107E-001                  1.4412147155820779E+001                  6.9999999996235140E-001                  2.8000000003764880E-001                  1.9999999999999796E-002                  8.1104897630668808E-006                  7.7098114795073616E-019                  0.0000000000000000E+000 
                                     629                  3.1604370095728779E-001                 -1.0488052802202505E-001                  6.4435474374535708E+000                 -1.4671134475565262E-001                  1.4420038682346519E+001                  6.9999999996235140E-001                  2.8000000003764880E-001                  1.9999999999999796E-002                  8.6451774164999867E-006                  9.7949113587031546E-019                  0.0000000000000000E+000 
                                     630                  3.0966872538644041E-001                 -1.0869429267550267E-001                  6.4466756180259583E+000                 -1.4197287738015407E-001                  1.4427931291362055E+001                  6.9999999996235140E-001                  2.8000000003764880E-001                  1.9999999999999796E-002                  9.2139438784607081E-006                  1.2437497318082188E-018                  0.0000000000000000E+000 
                                     631                  3.0327157912000230E-001                 -1.1258183062064529E-001                  6.4498043092634720E+000                 -1.3723375125702075E-001                  1.4435824973491536E+001                  6.9999999996235140E-001                  2.8000000003764880E-001                  1.9999999999999796E-002                  9.8188832536473028E-006                  1.5784886475539528E-018                  0.0000000000000000E+000 
                                     632                  2.9685336786264360E-001                 -1.1654588970447860E-001                  6.4529335040199358E+000                 -1.3249396989967235E-001                  1.4443719719519049E+001                  6.9999999996235140E-001                  2.8000000003764880E-001                  1.9999999999999796E-002                  1.0462213320893721E-005                  2.0022861052881546E-018                  0.0000000000000000E+000 
                                     633                  2.9041525041426675E-001                 -1.2058937617164361E-001                  6.4560631952184897E+000                 -1.2775353672551717E-001                  1.4451615520391792E+001                  6.9999999996235140E-001                  2.8000000003764880E-001                  1.9999999999999796E-002                  1.1146282528199347E-005                  2.5385589239039723E-018                  0.0000000000000000E+000 
                                     634                  2.8395844101716766E-001                 -1.2471536707453970E-001                  6.4591933758542384E+000                 -1.2301245505501208E-001                  1.4459512367223915E+001                  6.9999999996235140E-001                  2.8000000003764880E-001                  1.9999999999999796E-002                  1.1873577365549389E-005                  3.2168073200539857E-018                  0.0000000000000000E+000 
                                     635                  2.7748421184243632E-001                 -1.2892712392310246E-001                  6.4623240389998360E+000                 -1.1827072810617847E-001                  1.4467410251300949E+001                  6.9999999996235140E-001                  2.8000000003764880E-001                  1.9999999999999796E-002                  1.2646730135350790E-005                  4.0741759603932942E-018                  0.0000000000000000E+000 
                                     636                  2.7099389562706433E-001                 -1.3322810772585242E-001                  6.4654551778351079E+000                 -1.1352835896549052E-001                  1.4475309164084807E+001                  6.9999999996235140E-001                  2.8000000003764880E-001                  1.9999999999999796E-002                  1.3468527145768362E-005                  5.1574104980907697E-018                  0.0000000000000000E+000 
                                     637                  2.6448888847469065E-001                 -1.3762199559552013E-001                  6.4685867856870196E+000                 -1.0878535065192892E-001                  1.4483209097219687E+001                  6.9999999996235129E-001                  2.8000000003764880E-001                  1.9999999999999907E-002                  1.4341917344696511E-005                  6.5253086108210681E-018                  0.0000000000000000E+000 
                                     638                  2.5797065283345583E-001                 -1.4211269912014904E-001                  6.4717188560465715E+000                 -1.0404170615886971E-001                  1.4491110042539294E+001                  6.9999999996235140E-001                  2.8000000003764886E-001                  1.9999999999999796E-002                  1.5270021412718103E-005                  8.2517889776887875E-018                  0.0000000000000000E+000 
                                     639                  2.5144072066659273E-001                 -1.4670438472952566E-001                  6.4748513825738048E+000                 -9.9297428450586075E-002                  1.4499011992075699E+001                  6.9999999996235140E-001                  2.8000000003764886E-001                  1.9999999999999796E-002                  1.6256141340055323E-005                  1.0429731850106942E-017                  0.0000000000000000E+000 
                                     640                  2.4490069683330926E-001                 -1.5140149632216929E-001                  6.4779843591033233E+000                 -9.4552520457406225E-002                  1.4506914938069661E+001                  6.9999999996235140E-001                  2.8000000003764886E-001                  1.9999999999999796E-002                  1.7303770513078329E-005                  1.3175782584519693E-017                  0.0000000000000000E+000 
                                     641                  2.3835226269939463E-001                 -1.5620878046076506E-001                  6.4811177796507442E+000                 -8.9806985068588654E-002                  1.4514818872982923E+001                  6.9999999996235129E-001                  2.8000000003764886E-001                  1.9999999999999796E-002                  1.8416604337456005E-005                  1.6636356704596874E-017                  0.0000000000000000E+000 
                                     642                  2.3179717999932686E-001                 -1.6113131449414078E-001                  6.4842516384299760E+000                 -8.5060825067098278E-002                  1.4522723789512622E+001                  6.9999999996235129E-001                  2.8000000003764886E-001                  1.9999999999999796E-002                  1.9598551431159237E-005                  2.0995143358024398E-017                  0.0000000000000000E+000 
                                     643                  2.2523729497428233E-001                 -1.6617453802276921E-001                  6.4873859298855496E+000                 -8.0314043113210276E-002                  1.4530629680608097E+001                  6.9999999996235140E-001                  2.8000000003764886E-001                  1.9999999999999796E-002                  2.0853745413372285E-005                  2.6482475641754770E-017                  0.0000000000000000E+000 
                                     644                  2.1867454281369256E-001                 -1.7134428819704575E-001                  6.4905206487167844E+000                 -7.5566641842364168E-002                  1.4538536539490345E+001                  6.9999999996235140E-001                  2.8000000003764886E-001                  1.9999999999999796E-002                  2.2186557309466826E-005                  3.3387026309304989E-017                  0.0000000000000000E+000 
                                     645                  2.1211095243151989E-001                 -1.7664683942411880E-001                  6.4936557898884271E+000                 -7.0818623861088684E-002                  1.4546444359674606E+001                  6.9999999996235129E-001                  2.8000000003764886E-001                  1.9999999999999796E-002                  2.3601608610879704E-005                  4.2070398906242581E-017                  0.0000000000000000E+000 
                                     646                  2.0554865161238439E-001                 -1.8208894815956431E-001                  6.4967913486415183E+000                 -6.6069991731403405E-002                  1.4554353134996793E+001                  6.9999999996235129E-001                  2.8000000003764886E-001                  1.9999999999999796E-002                  2.5103785023512873E-005                  5.2985322154531133E-017                  0.0000000000000000E+000 
                                     647                  1.9898987256756093E-001                 -1.8767790358583505E-001                  6.4999273205058650E+000                 -6.1320747952582598E-002                  1.4562262859644207E+001                  6.9999999996235129E-001                  2.8000000003764886E-001                  1.9999999999999796E-002                  2.6698250937664942E-005                  6.6698324005166659E-017                  0.0000000000000000E+000 
                                     648                  1.9243695794648222E-001                 -1.9342158513108157E-001                  6.5030637013127137E+000                 -5.6570894905924186E-002                  1.4570173528191601E+001                  6.9999999996235140E-001                  2.8000000003764891E-001                  1.9999999999999685E-002                  2.8390464659421035E-005                  8.3917975087708635E-017                  0.0000000000000000E+000 
                                     649                  1.8589236735562459E-001                 -1.9932852796694608E-001                  6.5062004872018964E+000                 -5.1820434712943127E-002                  1.4578085135643697E+001                  6.9999999996235129E-001                  2.8000000003764891E-001                  1.9999999999999796E-002                  3.0186194444112635E-005                  1.0553005266616924E-016                  0.0000000000000000E+000 
                                     650                  1.7935868444454445E-001                 -2.0540799785064126E-001                  6.5093376746299949E+000                 -4.7069369294943153E-002                  1.4585997677484370E+001                  6.9999999996235129E-001                  2.8000000003764891E-001                  1.9999999999999796E-002                  3.2091535354778644E-005                  1.3264129795790635E-016                  0.0000000000000000E+000 
                                     651                  1.7283862462947436E-001                 -2.1167007696012116E-001                  6.5124752603878155E+000                 -4.2317700370791619E-002                  1.4593911149733399E+001                  6.9999999996235129E-001                  2.8000000003764891E-001                  1.9999999999999796E-002                  3.4112927005563066E-005                  1.6663383632578575E-016                  0.0000000000000000E+000 
                                     652                  1.6633504353407330E-001                 -2.1812576271835313E-001                  6.5156132416231198E+000                 -3.7565429413599784E-002                  1.4601825549012405E+001                  6.9999999996235129E-001                  2.8000000003764891E-001                  1.9999999999999796E-002                  3.6257172236016690E-005                  2.0923282829655098E-016                  0.0000000000000000E+000 
                                     653                  1.5985094624021409E-001                 -2.2478708203886805E-001                  6.5187516158673953E+000                 -3.2812557600281345E-002                  1.4609740872622204E+001                  6.9999999996235129E-001                  2.8000000003764891E-001                  1.9999999999999796E-002                  3.8531456762053189E-005                  2.6259052845892940E-016                  0.0000000000000000E+000 
                                     654                  1.5338949745731625E-001                 -2.3166722397381409E-001                  6.5218903810655986E+000                 -2.8059085745684057E-002                  1.4617657118633652E+001                  6.9999999996235129E-001                  2.8000000003764891E-001                  1.9999999999999796E-002                  4.0943369851659950E-005                  3.2939067294060642E-016                  0.0000000000000000E+000 
                                     655                  1.4695403273741239E-001                 -2.3878069444078037E-001                  6.5250295355826058E+000                 -2.3305014135821072E-002                  1.4625574285996136E+001                  6.9999999996235118E-001                  2.8000000003764891E-001                  1.9999999999999907E-002                  4.3500926069706461E-005                  4.1297804661304248E-016                  0.0000000000000000E+000 
                                     656                  1.4054807088455670E-001                 -2.4614349759111520E-001                  6.5281690781956243E+000                 -1.8550342409142270E-002                  1.4633492374666488E+001                  6.9999999996235129E-001                  2.8000000003764897E-001                  1.9999999999999796E-002                  4.6212588136904240E-005                  5.1751923077085152E-016                  0.0000000000000000E+000 
                                     657                  1.3417532773916543E-001                 -2.5377334951985125E-001                  6.5313090081228022E+000                 -1.3795069485809497E-002                  1.4641411385760922E+001                  6.9999999996235129E-001                  2.8000000003764897E-001                  1.9999999999999796E-002                  4.9087290992035622E-005                  6.4820194038926539E-016                  0.0000000000000000E+000 
                                     658                  1.2783973155005685E-001                 -2.6168993149596764E-001                  6.5344493250844415E+000                 -9.0391934500504353E-003                  1.4649331321735575E+001                  6.9999999996235118E-001                  2.8000000003764897E-001                  1.9999999999999796E-002                  5.2134467130408064E-005                  8.1148207320078660E-016                  0.0000000000000000E+000 
                                     659                  1.2154544018852372E-001                 -2.6991519182189766E-001                  6.5375900293779390E+000                 -4.2827114088906035E-003                  1.4657252186603198E+001                  6.9999999996235129E-001                  2.8000000003764897E-001                  1.9999999999999796E-002                  5.5364073279255338E-005                  1.0153897580424073E-015                  0.0000000000000000E+000 
                                     660                  1.1529686051218983E-001                 -2.7847370797876270E-001                  6.5407311219691699E+000                  4.7438067783085188E-004                  1.4665173986195123E+001                  6.9999999996235129E-001                  2.8000000003764897E-001                  1.9999999999999796E-002                  5.8786618489416321E-005                  1.2699083240248475E-015                  0.0000000000000000E+000 
                                     661                  1.0909867025296750E-001                 -2.8739312411024559E-001                  6.5438726045869560E+000                  5.2320882137081451E-003                  1.4673096728481546E+001                  6.9999999996235118E-001                  2.8000000003764897E-001                  1.9999999999999796E-002                  6.2413193711884763E-005                  1.5874433194707209E-015                  0.0000000000000000E+000 
                                     662                  1.0295584288672810E-001                 -2.9670468347614831E-001                  6.5470144798083370E+000                  9.9904182635343983E-003                  1.4681020423966972E+001                  6.9999999996235118E-001                  2.8000000003764897E-001                  1.9999999999999796E-002                  6.6255502934111832E-005                  1.9834026825319691E-015                  0.0000000000000000E+000 
                                     663                  9.6873676051685370E-002                 -3.0644388174453518E-001                  6.5501567511931853E+000                  1.4749379922641042E-002                  1.4688945086181374E+001                  6.9999999996235129E-001                  2.8000000003764902E-001                  1.9999999999999685E-002                  7.0325896027789524E-005                  2.4769141183099033E-015                  0.0000000000000000E+000 
                                     664                  9.0857824223825101E-002                 -3.1665127560435030E-001                  6.5532994235015201E+000                  1.9508984715501568E-002                  1.4696870732295535E+001                  6.9999999996235118E-001                  2.8000000003764902E-001                  1.9999999999999796E-002                  7.4637403456011069E-005                  3.0917117539545400E-015                  0.0000000000000000E+000 
                                     665                  8.4914336539463980E-002                 -3.2737349324192927E-001                  6.5564425029757549E+000                  2.4269247090994137E-002                  1.4704797383900475E+001                  6.9999999996235118E-001                  2.8000000003764902E-001                  1.9999999999999796E-002                  7.9203772965764549E-005                  3.8572314288392199E-015                  0.0000000000000000E+000 
                                     666                  7.9049700897440484E-002                 -3.3866451035720435E-001                  6.5595859977040467E+000                  2.9030185056035079E-002                  1.4712725068006870E+001                  6.9999999996235129E-001                  2.8000000003764902E-001                  1.9999999999999685E-002                  8.4039508451842803E-005                  4.8099632036603264E-015                  0.0000000000000000E+000 
                                     667                  7.3270895798674893E-002                 -3.5058728013960389E-001                  6.5627299180916481E+000                  3.3791820983346071E-002                  1.4720653818343207E+001                  6.9999999996235118E-001                  2.8000000003764902E-001                  1.9999999999999796E-002                  8.9159911220258555E-005                  5.9951208940021502E-015                  0.0000000000000000E+000 
                                     668                  6.7585451823997417E-002                 -3.6321584200772483E-001                  6.5658742774719929E+000                  3.8554182627962619E-002                  1.4728583677066769E+001                  6.9999999996235118E-001                  2.8000000003764902E-001                  1.9999999999999796E-002                  9.4581123922306710E-005                  7.4687020693617094E-015                  0.0000000000000000E+000 
                                     669                  6.2001525261756368E-002                 -3.7663808849600211E-001                  6.5690190929325576E+000                  4.3317304647101415E-002                  1.4736514697058224E+001                  6.9999999996235107E-001                  2.8000000003764902E-001                  1.9999999999999907E-002                  1.0032017761179939E-004                  9.3000288787109666E-015                  0.0000000000000000E+000 
                                     670                  5.6527987255256290E-002                 -3.9095945335844462E-001                  6.5721643864645740E+000                  4.8081230607912487E-002                  1.4744446945052657E+001                  6.9999999996235118E-001                  2.8000000003764908E-001                  1.9999999999999796E-002                  1.0639504248779014E-004                  1.1574881262797509E-014                  0.0000000000000000E+000 
                                     671                  5.1174533081957643E-002                 -4.0630791547401368E-001                  6.5753101865700208E+000                  5.2846015721851665E-002                  1.4752380505991411E+001                  6.9999999996235118E-001                  2.8000000003764908E-001                  1.9999999999999796E-002                  1.1282468312591680E-004                  1.4399359948442265E-014                  0.0000000000000000E+000 
                                     672                  4.5951817989651339E-002                 -4.2284092565147446E-001                  6.5784565305465543E+000                  5.7611730725248424E-002                  1.4760315489202426E+001                  6.9999999996235107E-001                  2.8000000003764908E-001                  1.9999999999999796E-002                  1.1962911941844306E-004                  1.7904648280466205E-014                  0.0000000000000000E+000 
                                     673                  4.0871628744705603E-002                 -4.4075521777472809E-001                  6.5816034678176045E+000                  6.2378467520383070E-002                  1.4768252037395779E+001                  6.9999999996235118E-001                  2.8000000003764908E-001                  1.9999999999999796E-002                  1.2682949515520876E-004                  2.2252882831027236E-014                  0.0000000000000000E+000 
                                     674                  3.5947104274706737E-002                 -4.6030107821390254E-001                  6.5847510649367385E+000                  6.7146347550627289E-002                  1.4776190340130366E+001                  6.9999999996235118E-001                  2.8000000003764908E-001                  1.9999999999999796E-002                  1.3444815740810878E-004                  2.7644393874846350E-014                  0.0000000000000000E+000 
                                     675                  3.1193025551521422E-002                 -4.8180375110946261E-001                  6.5878694452160698E+000                  7.1945976181736190E-002                  1.4784130654652618E+001                  6.9999999989623751E-001                  2.8000000010376264E-001                  1.9999999999999796E-002                  1.4245503438940670E-004                  3.4262518796264105E-014                  0.0000000000000000E+000 
                                     676                  2.6626206093932726E-002                 -5.0569492456284348E-001                  6.5909423296249878E+000                  7.6794111221525907E-002                  1.4792073207427707E+001                  6.9999999979389405E-001                  2.8000000020610616E-001                  1.9999999999999796E-002                  1.5083504731838054E-004                  4.2324284273002149E-014                  0.0000000000000000E+000 
                                     677                  2.2266034024821416E-002                 -5.3256646982228251E-001                  6.5953461763636128E+000                  8.3882067367398935E-002                  1.4803595325143068E+001                  6.9999999965915316E-001                  2.8000000034084699E-001                  1.9999999999999796E-002                  1.6373104007898507E-004                  5.7266033995938502E-014                  0.0000000000000000E+000 
                                     678                  1.4261136048047360E-002                 -5.9908669844115947E-001                  6.6012093521032957E+000                  9.3815917154105588E-002                  1.4819430923324928E+001                  6.9999999953481862E-001                  2.8000000046518159E-001                  1.9999999999999796E-002                  1.8277042703050236E-004                  8.5623378497761528E-014                  0.0000000000000000E+000 
                                     679                  7.4273032024298061E-003                 -6.9562912828143897E-001                  6.6057653757035304E+000                  1.0191357229240093E-001                  1.4832113232280674E+001                  6.9999999949227387E-001                  2.8000000050772622E-001                  1.9999999999999907E-002                  1.9919770058552888E-004                  1.1701171219466666E-013                  0.0000000000000000E+000 
                                     680                  4.5702343369532121E-003                 -7.6696914645470626E-001                  6.6079859620474029E+000                  1.0592980989564475E-001                  1.4838363758083236E+001                  6.9999999947012148E-001                  2.8000000052987861E-001                  1.9999999999999907E-002                  2.0774574086579589E-004                  1.3622251318715794E-013                  0.0000000000000000E+000 
                                     681                  3.3151455294481353E-003                 -8.1396439620392103E-001                  6.6096807903698620E+000                  1.0901542107591627E-001                  1.4843154579410420E+001                  6.9999999945256497E-001                  2.8000000054743523E-001                  1.9999999999999796E-002                  2.1451722216842589E-004                  1.5296316876267925E-013                  0.0000000000000000E+000 
                                     682                  1.7156874578203468E-003                 -9.1011037530146888E-001                  6.6114742456167201E+000                  1.1233656620075264E-001                  1.4848279972703835E+001                  6.9999999943329883E-001                  2.8000000056670127E-001                  1.9999999999999907E-002                  2.2194360692423656E-004                  1.7292048698878659E-013                  0.0000000000000000E+000 
                                     683                  8.5311557527458003E-004                 -1.0117896374145916E+000                  6.6126067766876560E+000                  1.1445322374561723E-001                  1.4851535908881893E+001                  6.9999999942077029E-001                  2.8000000057922986E-001                  1.9999999999999796E-002                  2.2677071490546165E-004                  1.8683736148736388E-013                  0.0000000000000000E+000 
                                     684                  4.7075887521678457E-004                 -1.0981510788758393E+000                  6.6132822535732103E+000                  1.1572107420764415E-001                  1.4853483241515629E+001                  6.9999999941316293E-001                  2.8000000058683727E-001                  1.9999999999999796E-002                  2.2970075287551857E-004                  1.9566208913049919E-013                  0.0000000000000000E+000 
                                     685                  2.4037975982403435E-004                 -1.1956694867785924E+000                  6.6137568507741182E+000                  1.1661523505824939E-001                  1.4854854802080279E+001                  6.9999999940775481E-001                  2.8000000059224545E-001                  1.9999999999999796E-002                  2.3178307516567658E-004                  2.0210952226410153E-013                  0.0000000000000000E+000 
                                     686                  1.2519020212771475E-004                 -1.2902478289134034E+000                  6.6140509979954247E+000                  1.1717060971343657E-001                  1.4855706056754524E+001                  6.9999999940437740E-001                  2.8000000059562280E-001                  1.9999999999999796E-002                  2.3308344803799660E-004                  2.0621117786381352E-013                  0.0000000000000000E+000 
                                     687                  6.7595423279554953E-005                 -1.3795492098797093E+000                  6.6142313119104461E+000                  1.1751150537459085E-001                  1.4856228326983048E+001                  6.9999999940229674E-001                  2.8000000059770336E-001                  1.9999999999999907E-002                  2.3388430882093208E-004                  2.0876634718249716E-013                  0.0000000000000000E+000 
                                     688                  3.8798033855475041E-005                 -1.4599690692729226E+000                  6.6143396867564084E+000                  1.1771655820790122E-001                  1.4856542391582776E+001                  6.9999999940104296E-001                  2.8000000059895724E-001                  1.9999999999999796E-002                  2.3436702066617106E-004                  2.1031722096886814E-013                  0.0000000000000000E+000 
                                     689                  2.4399339143431625E-005                 -1.5271427947579790E+000                  6.6144028960151999E+000                  1.1783621062262618E-001                  1.4856725624542483E+001                  6.9999999940031044E-001                  2.8000000059968982E-001                  1.9999999999999796E-002                  2.3464903550619740E-004                  2.1122704906156709E-013                  0.0000000000000000E+000 
                                     690                  1.7199991787409915E-005                 -1.5777763620537260E+000                  6.6144502274177928E+000                  1.1792582731893109E-001                  1.4856862850589998E+001                  6.9999999939976110E-001                  2.8000000060023900E-001                  1.9999999999999907E-002                  2.3486043534780247E-004                  2.1191089197082792E-013                  0.0000000000000000E+000 
                                     691                  1.0000644431362187E-005                 -1.6562963160602129E+000                  6.6144982571473001E+000                  1.1801680016163546E-001                  1.4857002135095243E+001                  6.9999999939920332E-001                  2.8000000060079688E-001                  1.9999999999999796E-002                  2.3507516081760680E-004                  2.1260708104039185E-013                  0.0000000000000000E+000 
                                     692                  5.0003222320610698E-006                 -1.7566567913042330E+000                  6.6145354494978523E+000                  1.1808726742454954E-001                  1.4857110012952878E+001                  6.9999999939877056E-001                  2.8000000060122954E-001                  1.9999999999999907E-002                  2.3524157786305024E-004                  2.1314774802115791E-013                  0.0000000000000000E+000 
                                     693                  2.5001611324660225E-006                 -1.8570109195886346E+000                  6.6145588742318928E+000                  1.1813165705400062E-001                  1.4857177964746354E+001                  6.9999999939849844E-001                  2.8000000060150171E-001                  1.9999999999999796E-002                  2.3534645425213633E-004                  2.1348897631524067E-013                  0.0000000000000000E+000 
                                     694                  1.2500805826129882E-006                 -1.9573610472466056E+000                  6.6145736289136119E+000                  1.1815961998780707E-001                  1.4857220768915433E+001                  6.9999999939832702E-001                  2.8000000060167329E-001                  1.9999999999999685E-002                  2.3541253819752328E-004                  2.1370418679078684E-013                  0.0000000000000000E+000 
                                     695                  6.2504030774198195E-007                 -2.0577086494907206E+000                  6.6145829229952673E+000                  1.1817723522175522E-001                  1.4857247732747659E+001                  6.9999999939821900E-001                  2.8000000060178115E-001                  1.9999999999999796E-002                  2.3545417480383776E-004                  2.1383986022158421E-013                  0.0000000000000000E+000 
                                     696                  3.1252017030647889E-007                 -2.1580546502695466E+000                  6.6145887775864178E+000                  1.1818833199963004E-001                  1.4857264718456520E+001                  6.9999999939815027E-001                  2.8000000060184993E-001                  1.9999999999999796E-002                  2.3548040672759961E-004                  2.1392536854182661E-013                  0.0000000000000000E+000 
                                     697                  1.5626010158872733E-007                 -2.2583996209825976E+000                  6.6145924656211044E+000                  1.1819532248116328E-001                  1.4857275418604086E+001                  6.9999999939810764E-001                  2.8000000060189262E-001                  1.9999999999999796E-002                  2.3549693278991730E-004                  2.1397925102369723E-013                  0.0000000000000000E+000 
                                     698                  7.8130069019768820E-008                 -2.3587438970313142E+000                  6.6145955633032889E+000                  1.1820119406983916E-001                  1.4857284406043391E+001                  6.9999999939807156E-001                  2.8000000060192870E-001                  1.9999999999999796E-002                  2.3551081440120267E-004                  2.1402451883035402E-013                  0.0000000000000000E+000 
